PM2.5 (µg/m³),PM10 (µg/m³),NO2 (µg/m³),SO2 (µg/m³),CO (mg/m³),O3 (µg/m³),Temperature (°C),Humidity (%),Wind Speed (m/s),Wind Direction (°),Pressure (hPa),Precipitation (mm),Visibility (km),AQI,Season,City,Latitude,Longitude,Day of Week,Hour,Month,Year,Weather Condition,Station ID,Date
94.43733659950782,253.53316003729896,57.75923155194011,3.676371793407621,2.568403676405837,116.38365330258377,4.578448935992045,43.40608201452739,7.861799360135881,266.3388894075642,990.7806538716634,30.034918577008806,18.27002825094864,4,Spring,Shenzhen,36.26812184334398,112.19925058106232,Sunday,2,7,2016,Haze,58,2016-07-01
194.1747895640595,165.60502376895855,75.11740343127136,22.24319891175683,1.5288234811020855,178.42855969577374,37.33224995697968,27.446097018489127,9.742233348540369,27.266464519390603,994.6163340629508,47.45427695794551,2.0491261169021877,48,Spring,Shanghai,48.629079983871776,105.23830183770646,Monday,17,11,2017,Cloudy,18,2017-11-01
45.03766145475919,24.73252612211087,61.40065712577629,2.309529274611469,2.6296544019942405,156.35483220076273,30.325762308351685,48.36432246197445,1.7497024984176823,258.8316387327883,1009.0128496777178,4.030126382946259,0.8130232083690647,49,Autumn,Beijing,32.155184455494606,127.6483363826531,Sunday,6,7,2017,Fog,35,2017-07-01
76.13185664614909,78.790749921206,77.27404646016166,24.302388557852662,1.7329263009550238,81.61193936999527,7.405654016371358,60.58265767399675,8.791379007189441,306.4821631451157,985.2735510971808,29.051923128836588,14.372229518672889,271,Summer,Shanghai,45.40078529808085,119.6157927553337,Monday,17,3,2020,Snow,77,2020-03-01
204.12792850538224,62.68068553325633,99.51937161355752,48.842644499649744,2.6878273597681765,70.31427658192978,6.1253761275533165,79.89036359533094,2.395132339771165,154.21080107423282,1046.8653503079083,14.824943092284837,10.706314441071756,372,Spring,Beijing,40.35374022739551,99.195909627058,Tuesday,3,12,2020,Clear,47,2020-12-01
104.71706967366568,83.67454724530006,46.49988422165258,7.444260811758141,4.548936477260469,194.08828800443703,16.686103252319924,10.771097958688296,5.903046662149399,289.68548610783336,1034.3819204753538,31.140756967530947,14.112509683293524,219,Autumn,Beijing,20.244942764197205,105.52858445057556,Thursday,4,4,2024,Fog,28,2024-04-01
55.31843980081372,187.1069161455731,73.00447998583178,29.48647931273231,2.310993017999753,22.61437177718245,8.834784311413372,87.09408424368542,3.6082887135317296,20.02733643165904,1016.0586592301174,11.65230332397203,0.9213139603552672,86,Autumn,Shenzhen,24.244805503827592,110.00669816575862,Friday,23,3,2019,Clear,21,2019-03-01
37.53759095613524,108.60684917820998,95.97782320932215,19.14298273784373,0.7213977653104932,15.83242227371749,4.72215337569795,29.88227468435825,8.992637240568653,344.07406235436804,995.9449701831612,17.942761276234048,11.322675181033246,292,Autumn,Shenzhen,20.11589883475006,101.91456593033854,Wednesday,21,6,2023,Cloudy,3,2023-06-01
130.9501252735452,154.54265848418268,13.042880289850087,43.50469010502904,3.735446362890453,153.30269879084832,31.555380480040355,67.61949146686722,7.639077555990931,233.21930885529983,1005.0899603126112,34.95608875419864,9.412054652349854,208,Spring,Chengdu,48.5110114545888,127.42274549992902,Tuesday,9,9,2021,Snow,23,2021-09-01
83.7942463821962,87.95313597051161,12.103386962343338,34.484429578786084,1.9552639351440464,186.09870299374413,-3.625665352730464,83.67539556779434,2.579383109667379,43.541038949904575,991.7600861943132,21.79784239327188,2.110079645976456,139,Autumn,Guangzhou,30.43487262787327,128.01313834209697,Monday,15,10,2017,Haze,25,2017-10-01
60.57871620203076,232.9783992952648,78.64999118844396,25.210477438123597,4.982151371910006,123.2883529082353,-6.944591911673511,55.4062042536542,3.202632355110417,306.86667885206805,1046.755989400724,16.679069339426405,14.242956163059512,69,Winter,Shanghai,24.10527591385987,92.2703451338418,Monday,9,1,2018,Clear,94,2018-01-01
187.23478969579335,298.49816595933027,39.89221338690845,29.623075662777747,2.1667316167099004,89.38666205266848,-5.427461024333038,11.73432970366088,4.0770970302143725,2.973958683985529,1030.6518210728536,22.45740265868231,1.3421655473409695,139,Autumn,Chengdu,25.37284879493256,112.82186746893431,Friday,4,8,2021,Snow,39,2021-08-01
140.72530260110693,169.787355039788,72.5493076003205,8.207333672998654,1.0586091418357788,77.06325856884936,31.81548665985496,37.450961942669984,1.9076963018568367,254.6319764112427,991.5223778659948,29.07469945222288,2.9040765097312007,210,Winter,Beijing,38.45641335117847,104.0702422591113,Thursday,21,8,2024,Clear,36,2024-08-01
160.4409812087023,179.5031574367409,59.78441384350887,45.46490855784042,1.5089133816271232,91.7578839275257,4.251013564990577,64.34458110448583,4.5205049405693165,75.2460677172844,990.9764945105302,24.474197264603337,7.15331344648089,56,Spring,Chengdu,48.27309309831632,109.44260439419068,Friday,15,2,2022,Fog,17,2022-02-01
164.42763482585485,284.2457042462714,68.68776215031556,9.28742026235074,0.778130181815708,171.16365850258734,32.71112976472896,78.6792829859249,5.083520277490764,108.86669230368364,1039.729887280885,17.387627844213082,11.14417102158071,13,Summer,Shanghai,28.095013012670883,106.97246278943412,Thursday,20,8,2022,Snow,96,2022-08-01
219.3539940376757,222.3234639483168,92.46544423671772,44.96447263665936,2.9893060735839447,194.4149625612324,21.187473755599378,53.86173004855455,8.338029543313022,318.5328921704161,1047.4820605261937,16.992396810726802,10.818931427214476,323,Summer,Chengdu,43.59028410981889,98.31149456022476,Thursday,20,5,2015,Fog,12,2015-05-01
10.69616059353165,39.40547562555332,24.18705625349291,40.9948430283523,1.918514883367309,16.578172824681836,5.9779468815852255,12.403412862260843,9.843044363502043,177.66957053707765,1047.217203956504,35.00283052729913,2.7836891714431737,274,Summer,Guangzhou,24.332088590878985,123.17142660156368,Saturday,6,5,2021,Haze,94,2021-05-01
97.3786217964982,38.914586216698254,88.55655858177413,42.78025702037062,3.3635478438614217,155.8876331014384,31.848306361035128,60.103733946826445,5.878646613164627,345.5158746918792,983.2365750882716,9.418913067541244,12.92385151892436,17,Autumn,Beijing,21.01282782700269,117.78579625997584,Wednesday,7,6,2024,Fog,3,2024-06-01
116.83456477165451,258.7203559450967,56.37175480182878,45.17318363933433,1.013775276718956,92.63579640533122,-8.273460563494847,53.19194690926631,2.836324856778684,238.7587955456205,1048.0100637979788,36.01671632329915,5.55717160133862,206,Summer,Chengdu,34.72759393375662,98.74746841489376,Thursday,1,10,2023,Fog,91,2023-10-01
227.24072653687776,89.41443113477655,71.52294359260517,11.402984533059607,0.7046917010422414,22.00575024647292,22.595369743256228,66.09789520077106,8.928631537905874,14.77888405143483,1048.1012579645603,8.554426860131404,16.99444937291302,214,Winter,Chengdu,28.696484829769613,120.17655989051596,Sunday,17,12,2018,Rain,28,2018-12-01
205.86197831319865,262.82187252027506,36.29512275999777,46.104448789825575,3.853710282666521,92.7449612119247,24.07184424705561,96.63851153010512,6.75691634191974,323.3438055356724,1047.3111442072654,7.731536460274235,5.640487076594408,117,Summer,Chengdu,38.110244917529656,129.98928438486476,Thursday,19,7,2017,Cloudy,32,2017-07-01
190.40995388137725,195.61497386426777,74.29176283333386,35.702041891145186,1.255819330711594,42.83468041495736,8.961074145523842,55.99142819075848,0.0996075918852357,247.12294353078167,980.1399198867956,3.607058080818748,9.619741413181805,282,Summer,Shenzhen,45.06274390305784,95.43307925372804,Monday,22,12,2022,Fog,92,2022-12-01
53.673789012758455,193.2236016384565,25.79487989996208,10.662789526165456,3.102740182074589,137.36290451439442,-3.0346804332652875,75.68116618185574,5.673332814077815,128.90961550464144,1009.2448140308268,46.77222975238024,5.943752327464768,420,Winter,Shanghai,30.547377735089867,103.12540918081696,Monday,3,3,2018,Snow,73,2018-03-01
127.9464089372474,262.9649430546578,43.147154351564666,27.1674828575577,2.685059215775795,155.22369818523077,7.1831056017019215,96.50109203449914,0.2721366547752901,61.24459622304184,982.3230250177306,16.97392520086946,6.191649158537769,457,Spring,Shanghai,25.90964018724953,111.7885103315427,Tuesday,14,4,2018,Fog,43,2018-04-01
140.0161273080894,78.50875707819954,71.80258508133652,7.170958877142363,3.2633286529659715,86.41213454970715,8.551804941277261,16.63340814089281,7.089158222643835,179.9922966519385,1008.5625196768564,8.62906698385688,18.372609657124524,40,Winter,Chengdu,35.14914282394857,119.89073924861508,Thursday,6,3,2021,Cloudy,32,2021-03-01
116.35092978880095,124.08023264354428,74.75181124969384,45.43318879498341,2.2104114766192247,121.63806885590157,2.707149692244529,72.97629334883948,6.600074658327432,256.7209314065007,1008.2485276433208,8.188004014652044,16.846612328459656,50,Summer,Chengdu,48.5875920510925,126.16328602473187,Saturday,16,6,2020,Clear,13,2020-06-01
180.39649408582991,43.96900486140186,31.481406082934377,44.34564576045975,3.404502082104332,130.56585574437486,38.55200415241222,15.688971157673212,7.341191662313339,54.47505517641795,1017.1890803778756,39.40410644041033,5.398712840945592,13,Spring,Shanghai,30.89127140648756,115.52612235226084,Sunday,5,2,2017,Rain,27,2017-02-01
23.32948964797273,212.48805364910837,42.7877989910826,31.644025467766163,0.3772818413733051,115.11914864041292,-4.909954756390269,92.31264741080464,1.8165870435950504,12.168372882225595,1025.04795618841,9.824732049038538,9.368261532327436,345,Summer,Guangzhou,23.339494847697505,122.8809836416016,Thursday,11,5,2017,Snow,72,2017-05-01
142.35227874684705,229.5896159315856,62.31195383162565,4.774198513893994,1.1237573677309416,154.52160043740653,3.860647230283135,63.15968625224559,5.596877457912559,39.19063787460209,1029.0019180078464,13.587224737393983,0.4227547237883639,209,Autumn,Beijing,20.87263252404861,98.7935529767042,Monday,14,12,2021,Cloudy,49,2021-12-01
190.0756697691048,215.3578396314495,26.44845921284953,32.50024455813114,3.122485031231478,80.7617866837719,3.713894517565468,63.505945211746926,1.540932968766009,336.52007210479053,984.2295616512994,28.437921730314216,11.038463535839895,359,Summer,Shanghai,24.04561237489796,91.58944712840317,Saturday,8,6,2016,Snow,36,2016-06-01
53.000276285482045,213.67719736546348,45.93792733862821,16.431069340202654,4.542710476097884,61.704430838464255,2.470940204477559,90.86045954156496,8.457649984012551,52.74374290107694,1019.1101833628106,32.53434124742557,7.94906328913138,141,Winter,Chengdu,42.73108092888678,101.3933367706166,Wednesday,20,3,2016,Clear,77,2016-03-01
28.327265812872437,163.79483495444975,95.77608807113208,10.099808828865322,0.6339029655186152,177.03492600095356,37.51326955920997,98.88429286594106,3.687873484971478,264.63566430083773,1008.6445103496142,38.22959301006569,8.629102132778284,234,Spring,Shanghai,43.688656067867214,122.95182766610604,Monday,16,3,2017,Rain,94,2017-03-01
35.34586128375316,60.82862929060902,54.45205517478322,25.79757422791019,0.8623800109622778,121.4626192662189,13.712207984885382,46.08710948748753,4.470140753217361,240.0350943861573,1049.042999379263,13.456122786363462,13.262964174127134,53,Autumn,Shanghai,31.024547027135533,112.21011537663458,Tuesday,4,12,2018,Cloudy,31,2018-12-01
78.56151230108955,179.4356844443525,10.845770831198593,33.26115544192747,3.6160747676030023,71.46849842910962,35.149745162542985,88.25651645321086,0.2238811104241111,88.30975024064192,1044.4648175808195,33.12868290139453,15.535143922304927,422,Summer,Shanghai,38.36283762628069,105.51227190204308,Saturday,18,6,2023,Snow,38,2023-06-01
225.4191604776813,50.20991956845019,87.21107257161043,45.190727811366415,3.0914822014039136,116.20469771783934,35.07324243182112,10.717825177379018,1.4611617732833015,347.41978346304893,1036.1239727312568,24.872856947146754,19.43248360211016,476,Summer,Shanghai,39.98723436461303,96.9288476965019,Thursday,5,10,2024,Cloudy,87,2024-10-01
58.48951262589826,225.8404430649177,81.23060771778881,2.5856173607293917,1.05541832861928,150.7105653852501,26.48341044104979,43.05273718352615,9.165584914544295,193.8291637165706,1045.382606006436,33.071034686849785,4.598549561575813,421,Spring,Guangzhou,34.44520549370446,115.9772516012064,Tuesday,0,9,2017,Snow,21,2017-09-01
203.0638955844925,209.6814111711032,89.43091193948823,24.507006888622247,2.061852549453756,130.7216386625982,22.113980265651243,24.10607648475609,9.491154419732853,271.49149361521813,1035.3736913430891,45.84795854404017,3.604648720569538,284,Winter,Guangzhou,49.33192263357289,107.2439836438384,Friday,19,9,2022,Snow,38,2022-09-01
144.67981071725504,89.84187561570144,82.9663651289623,35.59827927704387,4.83039296955201,174.24499913696445,-3.306054756984169,93.43799770335148,0.8020115191844446,352.89896805294666,1013.1659846091133,19.279564094537623,2.2112798357830767,424,Spring,Shenzhen,41.0537029545943,114.95158896271488,Thursday,20,6,2015,Haze,35,2015-06-01
97.2331130238107,223.60057554988964,76.31594891031766,15.33507428174734,1.0228216245053008,20.31986008931974,5.203575294534566,89.72508374223221,9.529933999528431,201.97106810132985,1036.6933872159454,49.159436223401066,13.696978755091244,187,Winter,Chengdu,23.86248276309146,122.3114091840377,Friday,17,9,2015,Haze,85,2015-09-01
147.7075186171253,198.6928307041116,26.21685737380031,6.535475991848911,4.568044851624588,74.1534069520153,7.251663060348797,28.454514208596905,5.902722365411032,179.77046722164008,1026.68635560862,23.10977347554167,15.459927954012848,391,Autumn,Guangzhou,35.23427358446256,97.59376663162249,Monday,18,4,2020,Haze,81,2020-04-01
51.30128914826945,209.5316805997641,79.18637981242996,42.30963071313638,4.520858495354715,193.62449545772407,21.407950186004808,10.842743912698351,4.326643253028947,286.9764708550848,983.1560826114968,29.26694111148026,16.571477575253525,333,Autumn,Shanghai,44.12824598137732,127.61057826162694,Tuesday,18,3,2024,Rain,90,2024-03-01
76.96046572903886,68.7046327703309,96.22605271548912,39.10140685323212,3.9679912352904023,170.4394181589263,30.133700195329133,57.04869921818229,2.234132175642048,277.9785144734826,1041.7796726663134,28.050820066792514,12.140513422607658,455,Summer,Beijing,22.05364253302706,119.5916715655634,Wednesday,10,4,2017,Rain,91,2017-04-01
167.26447948943442,263.19662414335954,19.980971529251494,38.81862515887132,1.861582743518764,165.89621907618786,33.22900128085609,85.55454518579535,9.462252089850091,130.24090575661094,1038.518315133835,37.50186677362983,14.023979569920051,32,Spring,Chengdu,31.430294509344225,124.86994032115626,Friday,6,2,2024,Snow,17,2024-02-01
243.1505614719994,241.20407857027976,77.68187727646595,42.385719606390325,2.115710483261608,60.15885315994314,28.96550478617501,46.95224361327674,0.7698352078684012,282.7230712407244,985.6810701881764,25.40730042896719,15.9689987749228,300,Autumn,Shenzhen,49.99769403840985,93.25673395484662,Friday,0,4,2015,Rain,51,2015-04-01
246.35541950198208,279.2981614023602,14.426989477648275,16.57924166041034,1.31445000095954,65.81589599088574,35.30643297713486,46.96514297338084,5.355737877299881,2.949489242900647,1008.923373509714,24.60877672398336,7.566147721317935,180,Autumn,Beijing,34.1376353069701,97.67730401096613,Friday,16,9,2024,Fog,10,2024-09-01
28.9043462533996,100.61016049232096,94.2017628653944,33.82636708539299,1.2793379790903625,114.1267167662127,-9.277992945538111,96.52997333003192,6.288642816175072,85.635457502339,1031.3540976592385,27.535062751964528,10.421840690598437,197,Winter,Shanghai,41.737392696323205,94.09487911378164,Wednesday,20,11,2022,Rain,8,2022-11-01
116.92750750288928,41.26585143577944,63.44115757176608,36.13594336471801,1.993411696197466,92.22859881616132,4.962476182488032,39.752822203906526,4.24891204191958,171.49982360892284,1000.314147506964,33.165842753005364,9.638005363444666,183,Summer,Chengdu,49.121981972477855,108.82455337825375,Thursday,22,10,2018,Fog,5,2018-10-01
104.97315128943112,70.22784030077274,13.220512079129453,32.19507229732149,1.877189886423731,67.79466689553159,28.331572499890434,90.79994941637692,4.48319445817191,151.0833248214266,1009.7366468684346,3.701566640208287,17.064673522003794,343,Spring,Guangzhou,41.51448495610987,99.43799464726204,Friday,22,5,2016,Snow,94,2016-05-01
63.74668727163018,244.7481300786964,46.57413947171895,36.12415823578473,1.3207315516844131,13.324122467437796,25.67846331490638,74.93284170682333,0.0802719422577946,236.80506686044697,982.5623715672716,3.878986590737577,19.660358908302552,113,Autumn,Shanghai,44.41831408218043,114.8026736393708,Tuesday,19,3,2015,Cloudy,85,2015-03-01
199.166810733364,247.8065906159785,47.99964399339256,27.209313397457382,4.731703714931848,102.90247716713588,33.67819468358598,89.35962415964488,0.9896818915560446,7.381009383521433,1048.0145523830008,40.69490518574314,9.431804138686688,377,Winter,Beijing,22.296400855296703,107.53619888379367,Saturday,3,10,2020,Fog,42,2020-10-01
124.73452979502186,247.36907262585615,60.47249764214578,40.31532689594232,0.8776581685207688,80.42744265261148,3.5345680806937256,46.09289081835266,5.9405542827565005,281.4601307774629,1049.0705002791915,2.334203423379572,0.6578926241721279,7,Summer,Guangzhou,23.00506709711384,126.8320031694546,Thursday,10,5,2022,Clear,32,2022-05-01
248.47049148521535,273.89688233202924,74.87007787591718,41.32952071790759,2.3142017773267693,113.9631274822454,27.45247750541424,58.85058121043865,1.078116116558796,183.38232981565704,990.9175296499554,25.714958735693784,1.843136006989863,243,Autumn,Guangzhou,37.95869346472514,112.09564170935548,Friday,7,11,2018,Fog,56,2018-11-01
207.19204835359685,121.53199775510896,80.80126347952512,19.50690026996787,3.8245513336134778,109.71246028515978,0.7498680488631262,83.83370129833598,0.5525837934957634,261.48098070265485,1000.7695002182036,38.68008671372648,2.010018626057771,453,Winter,Beijing,21.12170438693412,99.99467561233766,Thursday,4,3,2019,Clear,70,2019-03-01
84.66237142149606,110.55894876513216,51.96008619523888,41.62858793245103,0.8774655108181711,110.69200536926546,25.28095764431736,45.887857439659015,8.920942153234973,149.45208370671568,982.6206855369388,2.189895321258956,3.417005898528948,83,Summer,Chengdu,48.74559132262304,121.98431631338288,Wednesday,14,6,2024,Clear,1,2024-06-01
187.33323492966517,67.25942089844557,73.4515744624379,24.065761133815023,1.9706302355612115,95.4437357916472,7.703032385623068,33.05891546784096,7.15943712961472,75.62003959317258,1036.4227568391575,25.135996813136213,3.4262307949611577,442,Autumn,Guangzhou,28.656509265583612,125.28817272643887,Sunday,22,7,2016,Haze,22,2016-07-01
90.71031029199452,45.12487901533225,19.978307607694298,34.47954506987186,3.7175928438269903,183.06411713516036,-6.2961288562519,36.99078201855188,1.3942554871563673,184.9422880503065,995.322177260418,7.522545454792978,6.881468157889583,163,Summer,Guangzhou,21.128625894279985,95.16873351690454,Wednesday,23,12,2016,Clear,87,2016-12-01
34.17860174155942,278.4395915641667,35.03900231640421,2.256917036478905,3.5491196133051504,118.81684259406856,-9.308240437292822,14.318493878577303,7.073750491270636,314.83636995211214,982.4114844090684,22.470972233727,13.033211447280513,237,Summer,Chengdu,22.7134392913518,94.14518077962028,Tuesday,2,6,2019,Snow,33,2019-06-01
107.88591612025884,54.923044589780325,35.75828302208096,9.06187566311998,2.028611988813078,147.15959309798416,35.34896202301442,25.241586377423364,4.950095976190215,11.129044582256771,1029.5165209049378,23.18035955921387,9.131466164503944,207,Spring,Guangzhou,43.25954140398201,106.66931888934488,Saturday,11,8,2017,Snow,90,2017-08-01
11.213214289737667,115.24756701608013,20.597340691906357,39.44440593500914,4.620693477740638,136.10352374588226,-9.503501516523476,42.8766047773488,6.881694394959909,326.93872154826124,988.0615591581414,41.575494563995306,14.18687903614738,71,Autumn,Shanghai,29.323812026897286,103.895324880373,Thursday,20,1,2017,Rain,99,2017-01-01
53.43745932042481,246.9098649614396,41.35894500961649,11.847588496997282,1.9357748818066256,30.897889283079166,33.60069044318962,62.84891977799698,3.455641005055222,15.16311790439946,1003.6486075107268,26.45097639490076,0.57993278794848,29,Winter,Beijing,20.109014268085375,96.75216638125865,Wednesday,10,4,2015,Snow,68,2015-04-01
19.32376331931283,81.28083060152753,38.16422093021326,34.06125397078193,1.386387762701892,60.37530876353319,7.646545728046586,52.04513068410805,3.119167235889939,31.89879013014045,986.1488692209148,35.611523031984646,17.149373871619247,120,Summer,Chengdu,40.11433335089754,102.1828595342817,Friday,6,12,2024,Fog,73,2024-12-01
78.7278078605724,143.32469800734242,28.686405089335427,3.672489256628309,2.276733172314981,136.72123937263677,5.545571781266881,46.97828568042381,7.582470157025138,172.12142903750583,1035.0693190612071,17.209270164815,7.384641993568995,416,Winter,Beijing,29.68367012703712,101.32641766527452,Wednesday,17,5,2019,Fog,17,2019-05-01
122.4362166291077,251.59778295882091,12.115189028702993,14.547072880846969,3.976570222639114,153.8484078197421,11.14260768925788,32.541433048458146,8.860041692959047,197.22193801328743,1017.2987687086044,6.4574707734178896,18.88633547001236,458,Spring,Guangzhou,44.891247470318376,110.10303207532186,Wednesday,4,3,2017,Haze,23,2017-03-01
235.01687231353588,228.8748728142291,20.521049920343785,36.07798149063469,3.991492721035312,14.691747611890731,39.92445331556242,21.351565436174614,9.311944807750772,78.31843365408253,1023.8122783674668,42.64513846993309,13.760059268698562,173,Summer,Shanghai,35.15420453121288,115.00911804021692,Monday,22,3,2024,Cloudy,94,2024-03-01
53.950607880339504,252.81272879480392,51.14303797991911,1.8503040872056664,0.9604617274353814,120.3852945836349,25.06848266446892,49.14785254197465,6.827489693248616,181.14055280702595,1044.7521480493288,42.13294563332852,1.8157302745469084,401,Summer,Chengdu,20.616662854366123,123.18272538635084,Saturday,8,3,2021,Haze,49,2021-03-01
141.7350403324519,153.41677893989575,34.379350553603416,30.35085918349163,3.069433554547813,13.10226998448218,4.102802656692104,14.785010037932848,3.2118693416583897,322.72384918526296,1007.517292208552,42.990052276392326,4.117360804852573,445,Summer,Shenzhen,29.724291158713235,128.07886813021875,Wednesday,11,9,2023,Cloudy,88,2023-09-01
101.67344770703804,187.8287339712536,25.995249987816297,17.474427867986243,1.636114065050684,76.99937336365979,37.98943241069659,52.124831728136286,1.112843403669539,183.75361103334973,985.1567082169778,16.751581405061295,13.18896135922851,57,Autumn,Shenzhen,37.401088646903055,104.09020105165057,Thursday,7,12,2019,Rain,29,2019-12-01
88.92628155856218,119.10349831534296,95.09852684276358,21.95370963766644,3.2205647036906457,132.09007992205983,8.648841148036961,98.42561073527123,4.346936003092625,121.08309873791724,1049.4123609363633,16.78677550290713,1.2924851735789042,367,Spring,Shanghai,20.72509027669884,91.59402461575904,Sunday,5,2,2016,Haze,18,2016-02-01
49.49204090685723,35.91623403548022,46.181164740013685,27.561859045383905,2.159902583676108,93.83840233617506,-4.719089280064633,97.6665920153006,0.6103700782752597,151.5307058924933,1012.6422750041162,5.767715496128146,14.930806700572258,250,Autumn,Shenzhen,37.707695092824274,94.18150412442203,Monday,17,9,2020,Cloudy,69,2020-09-01
36.66340901182376,111.42674985131563,33.437127838099954,6.406630020963183,0.6091129119950708,170.27696935316965,29.83401370113949,39.989475296657446,0.3833292085225004,157.1880302326684,1004.2085771934788,3.5081615747428074,11.450237380625806,239,Autumn,Guangzhou,32.195056299370364,116.65826589575502,Friday,4,5,2020,Snow,55,2020-05-01
81.51797246224915,271.30499627149425,44.10621430666235,42.45465735775758,0.1551469315942883,29.894160230140223,0.4452406773294264,34.357009042776994,5.891135382428194,16.459399918049627,997.804210719657,5.901897888786012,1.976721215636126,24,Summer,Chengdu,33.32253481608863,99.36366140842114,Monday,13,11,2018,Cloudy,45,2018-11-01
178.47723001196522,114.525463461469,48.63436348692564,8.791908611730843,1.9216327902472965,163.91537234052228,5.175493671919615,33.35267422893882,2.9573698421574948,359.79202409856777,1010.7212539893924,23.710452908843145,9.583764038608544,489,Autumn,Guangzhou,48.5914919157556,118.51397244337952,Saturday,5,7,2020,Clear,80,2020-07-01
46.89247257734058,291.654261980499,5.3002600217329645,18.26704567933312,0.575795261726183,183.65921063866247,26.215934856746657,80.57658445445774,7.656799333962672,325.99743368682573,1031.5662140951747,5.4852942155971975,13.297244281429634,55,Winter,Guangzhou,22.861389476634205,122.00440516491328,Sunday,20,1,2022,Rain,50,2022-01-01
49.2878570670775,189.24055444742208,54.002563571798206,12.553063147686933,4.585734580627071,45.51298097382555,26.218170439013,23.064357132453637,1.0828569990974923,73.69460153221996,991.8706055315688,24.13313593231725,8.42784109813407,440,Autumn,Beijing,43.98026304047977,92.91741457646113,Saturday,12,9,2017,Clear,26,2017-09-01
170.3825051825374,235.9790212894804,38.12884283532303,22.28345717137719,2.819803840563733,184.32905777405105,7.937580124361542,84.52279864112666,4.570216841326589,52.65424142585705,983.197494804835,5.413953969729524,15.25603641324284,484,Spring,Shanghai,27.609262680931085,120.29471250400712,Thursday,16,9,2015,Snow,12,2015-09-01
34.39230847054253,158.0815706669412,54.892798664514565,25.35689478384386,4.640394707975755,73.0473195584412,6.969150969783346,81.48432976053945,3.098179371048355,358.9625137289224,1045.4347725246528,34.26624755256612,15.174932310808362,423,Spring,Beijing,40.27391341602335,128.6145991639195,Wednesday,22,6,2021,Clear,46,2021-06-01
71.37473127368933,106.31242065552028,38.17149306971988,48.69455027957061,4.383212888010744,190.63269086263804,23.21642495664045,66.21576713641784,6.804028594086753,217.83986178731544,1045.985365466255,11.718175832361116,13.788519499539277,246,Autumn,Beijing,35.30614427473512,119.432461648849,Friday,2,4,2017,Fog,78,2017-04-01
158.83605315239876,181.33022305934185,59.955767128086336,36.89106213537383,0.1494416853845942,41.22098406082057,-8.16307647490728,69.41765862707325,7.664451293064519,18.831526271662437,1039.7342414038458,29.904918029759653,10.883747481548008,247,Summer,Chengdu,38.097940448760525,124.5474044389681,Wednesday,5,4,2023,Fog,28,2023-04-01
148.70555100105895,207.40166487464816,19.79052451379228,29.24220066231365,1.5986518409106365,159.441540290945,12.796263817285332,54.06302102536473,3.5437575323575654,254.8169354605122,1004.7746085472846,23.4356730675851,16.419209602378398,34,Winter,Shanghai,46.82464092774013,105.72795906366184,Tuesday,15,1,2015,Clear,31,2015-01-01
216.16815307873085,26.0135699049281,19.22171032609097,2.9695186702628757,4.696281699306657,54.135265492765306,37.89905658533699,31.99792986071112,1.1179082743232904,214.22528522403064,1007.982193973773,16.645168539204768,19.734846096701244,482,Autumn,Shenzhen,20.415410299068483,129.08455564506122,Thursday,8,1,2022,Clear,43,2022-01-01
216.4657599255573,114.02177646424964,84.4441185136975,32.557861197341126,3.812246630074682,73.21124232142844,11.904333226962862,66.41288440312437,4.237071955593611,74.51418122815392,1016.3792553548908,34.55776236468026,9.662024124084654,463,Winter,Chengdu,37.92729394056976,127.26844094666316,Friday,21,12,2017,Snow,27,2017-12-01
98.0187495444339,140.03104039562913,14.381255432457944,3.654667163927068,3.375114547301074,120.93679097689132,24.35517767964492,70.6410689124609,9.888617773370358,288.0174780917936,985.3646535513276,47.56051276403483,1.2760980659135774,365,Spring,Chengdu,34.11447911105428,93.18106366579292,Friday,17,8,2023,Rain,84,2023-08-01
146.78792600432988,42.83087262781267,98.57393815192326,1.7322796145252486,1.1984059044430684,42.16449713359186,-4.413416651294568,67.19588860443275,5.729301168955305,166.13935751444717,1035.5796344198611,33.84646240411902,9.000346232790218,67,Winter,Shanghai,32.922006129510166,106.8880010106584,Monday,0,12,2024,Snow,39,2024-12-01
17.609141293840437,208.9313304583257,54.57603517380578,17.23968983127633,1.6270841786325154,23.577537223756448,28.61978901324161,37.28429116887656,9.754758172384989,69.92448791924721,996.2401324663124,44.85150373299025,12.661972656858278,320,Summer,Shenzhen,25.735833072140696,102.08319562346058,Saturday,2,5,2022,Rain,32,2022-05-01
36.54944300056033,101.38311374813335,55.55888601828366,15.58266981406518,4.538629779437451,13.81576534304664,32.04298269815569,40.84827603915209,4.07448899378312,73.84508644701863,1033.831848329061,48.95133147282271,9.913890007551272,447,Summer,Shanghai,26.7247688585786,120.4576583466476,Thursday,15,8,2015,Fog,67,2015-08-01
119.93094671598128,284.68677945081146,84.32152842867397,7.832770971325401,3.760837334800577,60.84864049125348,17.502724216113826,64.5387399346045,3.9289918258883896,227.8896235928485,1037.625827405301,34.91866249322385,7.69638247285154,204,Autumn,Guangzhou,37.78201858578566,120.33210767407526,Monday,13,9,2022,Cloudy,54,2022-09-01
204.21898819146517,190.9279184934468,12.172942854170842,16.11910859335803,2.1397368886265165,149.472473525692,6.658466110665131,46.22157217123235,4.9186254102530444,99.5516944322626,1037.59195871849,7.274542362031733,1.550205056502707,82,Spring,Chengdu,30.699268355343097,116.05226240166718,Monday,15,12,2019,Clear,19,2019-12-01
183.6879725841295,278.2726921821332,98.86475498534747,41.08465353066191,2.323446555583054,66.77824692572327,29.32907638937601,38.36092218036837,1.7355917765366502,51.67267772630238,1035.858846396514,42.96365391394142,11.18501643046186,382,Summer,Beijing,22.178398049547138,118.8027719640865,Wednesday,1,1,2021,Fog,4,2021-01-01
103.96959494055312,141.35698421435666,32.37148401278159,18.72712778689529,3.160489884064036,187.97501496733776,-6.173193160781157,47.40328270171798,0.5957273183968148,257.7797373800274,1044.753297374173,10.77613392802092,8.868483111846034,164,Winter,Beijing,24.85254572046158,119.5374931312262,Saturday,2,1,2015,Cloudy,39,2015-01-01
218.4020042585645,198.3566050987639,73.98358169961357,38.12240632926405,1.4384216689822615,124.59984207609344,35.10164852952905,77.73070125816477,5.714267083183481,138.24406961583333,1040.7441210129462,11.398245090432674,10.5381779569077,218,Autumn,Chengdu,27.05507244698385,115.25312519569935,Monday,6,11,2022,Cloudy,72,2022-11-01
103.07295652881668,144.02785582302715,48.03642346783961,4.854064468749269,3.3251058943831207,71.82059515609807,8.114033859250384,29.327615352563143,6.228119483929505,344.97833993375696,1047.3096950683523,11.064806832278611,9.103217747149593,174,Summer,Beijing,35.359500207870056,117.01589829455716,Thursday,7,3,2021,Snow,60,2021-03-01
216.7564883062043,239.2946881263205,52.016522088959775,3.952300212437673,4.544474712811146,117.30541623029184,19.51488987704946,96.40453351997974,4.620493156329987,338.5043677501482,1008.946262941087,4.855305801164944,13.865170569532667,51,Autumn,Chengdu,43.482224442923936,112.9278390130966,Tuesday,18,11,2019,Clear,93,2019-11-01
88.46627720028806,58.501878308563285,52.955664435604966,44.56236571733492,4.137744401952991,142.66864549679102,32.031009987434715,18.4371550573258,8.979342391597768,216.88396125487407,1042.6223215410073,45.75498051253925,2.7372911061324285,250,Spring,Chengdu,43.70926121767529,94.74631664731892,Saturday,22,7,2021,Clear,8,2021-07-01
96.84841434836636,272.28703578941634,72.86704932300664,42.19747345238374,0.7611106486076529,179.63491791002403,7.430764564564388,12.788934892501231,1.109101282969982,234.7038589127097,996.9056023221752,23.84313825924136,6.344853874896729,228,Winter,Shenzhen,41.83878450597459,111.93386874758691,Saturday,5,9,2022,Cloudy,61,2022-09-01
46.86524400871976,169.7291935732478,56.38195201670864,16.821164580771605,3.4886691613171465,123.620145737741,23.833025165912765,59.24499748040658,4.189894905276059,150.83195024191804,1007.773387003376,38.65363992835154,5.021658813927351,373,Summer,Guangzhou,46.472553651065866,123.96028503567408,Thursday,0,5,2022,Fog,66,2022-05-01
49.65723453026413,87.53589025584073,33.81514066712727,44.80754307778358,3.9825511998935257,135.88319084587187,32.70576933485655,14.568721592517878,4.592969399810052,146.8604741498852,1006.5273480183424,47.37105264696112,17.291561422897086,324,Spring,Shenzhen,42.33779880029553,119.0691488835536,Sunday,3,9,2020,Clear,75,2020-09-01
237.6452908537273,144.7168654422593,39.977583216421706,16.53986897951383,2.8738714546404083,130.9894329374609,33.585486394395204,52.15963064143799,6.2699332685861,358.7341385082577,1040.0837398199176,20.144555103805335,4.386214902064975,18,Spring,Shenzhen,36.45506595802468,102.75265335129438,Monday,2,1,2020,Haze,99,2020-01-01
130.76179079455267,229.5106867856292,70.81745251123817,18.552040905227948,2.1472457960262035,78.45466907171343,23.008095691199514,37.00168636745447,3.39957670210151,354.3817610906579,982.4323209866304,49.44426935321829,19.25951357113298,441,Winter,Shanghai,37.94205803113287,90.41226180034616,Saturday,8,10,2019,Clear,13,2019-10-01
26.121245444263145,266.4396084262952,94.33369795563826,49.55452959617408,4.225266093820478,162.13849113578144,-1.3920114445176743,27.34948444825303,6.446646915408879,281.49931083712505,986.8882877703924,13.762209873366082,8.19130415709422,276,Spring,Shenzhen,39.76017395763127,104.6178352228687,Monday,20,10,2016,Rain,24,2016-10-01
184.8752032244357,132.6086489679412,28.1702065128205,39.63603257100392,3.788870938690536,24.794443457532346,8.495254771976377,72.9136874139522,3.895440641340482,81.19987349088663,1009.4511666782907,42.96632899317462,4.309714791470923,138,Summer,Shanghai,22.54278607734696,91.71431414349082,Friday,0,4,2018,Fog,50,2018-04-01
157.30886635600544,296.92141104877805,73.54236287805747,47.50453888172642,4.538059904472707,144.8010111809298,20.889507170869862,26.623325529063063,5.647207669785839,16.95499252511741,985.0773150399452,4.247348568796882,8.829110666171239,40,Winter,Shenzhen,24.040870506804787,114.71324105037966,Monday,19,3,2018,Clear,43,2018-03-01
61.32444337530913,110.53618352294124,71.35192518292378,17.930228995977878,1.829720387776552,113.2430739186708,27.077924371691736,97.36554127254222,8.82063553320293,100.06967842191978,1013.0017875619474,17.34148552052583,16.58739384872187,405,Summer,Shenzhen,26.3955870312128,95.18579346418218,Wednesday,14,12,2019,Haze,29,2019-12-01
27.709873594809693,124.9342926860936,6.9191879177604445,12.068968736017244,4.100730647023274,19.92320395864612,29.330395656687863,14.817306234727727,1.19459522723233,176.87908369439484,1015.7467307248075,23.12274393491068,9.047712466321904,232,Autumn,Chengdu,29.13221446256081,99.40014817627583,Tuesday,14,5,2024,Clear,35,2024-05-01
89.42467394189921,121.16940769068948,15.203491778843029,45.2777487295828,2.035658337926004,124.1724489968864,1.031564409568345,26.389311193186717,4.250297151980638,316.9852712920025,1039.711357137141,46.75558545822421,0.6496235999653637,477,Summer,Shanghai,23.74097253396288,122.6877641339133,Friday,8,8,2019,Cloudy,96,2019-08-01
151.17307467542037,212.076003708518,61.7372438410744,2.3269667420423104,3.337839461919217,55.00863306940813,22.666517360773675,83.62988616353603,9.204725297283044,215.24183377238307,1038.6669481151084,1.683072384299139,16.810619390712493,107,Spring,Shenzhen,27.87989899078632,109.92100597736618,Monday,11,5,2016,Fog,96,2016-05-01
147.56771118752877,140.10465054352306,33.29456140611839,13.026590375956983,3.236516007943968,39.29984298859175,32.075463166333904,75.42609977383377,5.565029638634606,42.96891466228252,1030.590485968658,37.51404262851811,13.276648191598474,147,Summer,Guangzhou,32.04778079872994,93.08894258526034,Thursday,3,3,2017,Cloudy,53,2017-03-01
217.15810783358424,262.0424459263948,27.84742989646231,5.523701895535125,3.4346285205377582,165.48759316815122,33.572076399539235,29.6733027586725,3.88602840111685,101.66240970738563,1044.4173594720007,10.377540371053234,14.53023492372278,46,Summer,Beijing,36.94297372696995,127.86369880760452,Tuesday,1,11,2018,Cloudy,88,2018-11-01
242.4212938708892,223.88419770507332,16.191791332295473,47.95602565390343,2.1968272302912584,175.67053301795275,25.96883239154627,12.87669632744495,5.9306143619444,43.40623667915814,1021.966907274876,4.819861096056977,12.585049782467438,181,Autumn,Chengdu,47.35900186124388,112.76424593009904,Tuesday,3,3,2019,Fog,64,2019-03-01
142.2608880145272,294.2570689822054,90.77405547214242,36.28429186069031,0.5195448170714223,129.21879484572264,-3.526609026131757,18.23108389168239,6.241479279369592,163.4824751366196,992.5808253924472,30.775895468951187,9.597541332437928,244,Winter,Beijing,20.38495803642345,101.02565508965964,Tuesday,16,11,2024,Haze,77,2024-11-01
41.090841312785706,33.165868670864256,85.46664016369597,11.056455848576478,0.4217048287085754,45.72313762744899,19.85688251458593,41.73993434087485,8.867557955508103,54.32047492298081,992.479167636739,31.64834691469119,17.2535394994961,291,Summer,Guangzhou,46.569496264035145,108.40906740675028,Monday,2,3,2015,Cloudy,88,2015-03-01
161.94054452473245,149.33260167462868,96.84155549525951,40.40999186661615,0.2291686989415927,86.0382053885906,-2.876146731538661,24.696444058388963,6.476105529325805,51.6299805269919,1030.314998382175,49.65898663338888,1.3399227916247096,388,Winter,Chengdu,22.4263561747255,99.90743500559456,Friday,7,5,2022,Snow,73,2022-05-01
150.22962238639232,24.98411293048253,34.56173318425421,40.58248381474893,3.2073556391442826,43.564700076887256,19.588012159885075,58.94708696093868,6.697516939984501,290.6697939826304,1030.9393428020703,47.05836198689735,3.3227852521186243,209,Summer,Shanghai,27.90393728347228,115.71683004773251,Thursday,11,8,2019,Rain,89,2019-08-01
112.33486504928804,268.4523310724343,75.12724982216923,15.46233849026986,0.847145999684153,66.34799500607564,36.57023217790402,97.38011129003128,3.796904701226597,270.7903664140158,1045.833254991693,5.2877969480610965,14.801101817063966,165,Spring,Chengdu,40.03925327419201,112.68858986044089,Sunday,18,8,2015,Clear,72,2015-08-01
105.36117226298067,268.5287985374201,23.11011238613317,16.285228365331676,3.0221637272631505,157.20604235997436,23.249680306108992,36.44629637599215,7.808232502037806,177.7977041106425,1027.0069176534105,41.59893417168112,3.959157261279288,356,Autumn,Beijing,26.985965473185413,128.2210845518001,Sunday,17,9,2021,Cloudy,1,2021-09-01
185.0073874610552,144.27175506246869,86.74515532809639,35.90206901185758,4.535205928462461,168.0929415924066,26.71262853920927,85.66184625231787,1.7632952103452648,207.33254508393296,1029.371604760673,32.18562443292636,10.02600609218725,124,Summer,Beijing,40.157702202814505,120.39005216060654,Sunday,22,1,2020,Haze,94,2020-01-01
163.3265240883065,232.06184036754055,77.03621143615246,30.282898453473237,4.9281382604541655,188.78645465218443,33.525437136389066,80.0239763791319,8.813797234378121,76.99242967649042,1029.9652920041565,40.02079747489871,0.8632804319713172,18,Summer,Chengdu,24.782734575913384,118.01991082859315,Wednesday,4,9,2018,Rain,94,2018-09-01
45.761681190026025,252.09983744965945,27.849152886333616,45.88073295525614,0.2515108164571826,173.8832456998826,29.20818927818217,50.87506884385569,7.853415202651792,89.52849581097614,993.8475824890028,38.305757131924906,15.96698104346436,225,Autumn,Beijing,26.030083353319725,124.14565519289948,Sunday,5,6,2018,Snow,99,2018-06-01
86.97950026533776,107.51519728227244,30.99846778545118,49.86892063146488,3.535559930586036,39.770778178796974,38.41388414689868,85.09798480140356,5.37171325444647,147.9083925996057,1035.7962261934404,13.66522729932848,1.407616181386233,83,Summer,Guangzhou,37.070138840185614,116.3895417996779,Friday,18,8,2019,Haze,94,2019-08-01
12.763623109331128,71.40140912472475,24.693318246623598,4.220118615693529,3.31250015981586,131.6669525177602,-1.591711449011454,33.1500460394536,4.312905469734507,125.7962392853265,1016.8478844217478,16.983470736458152,10.626470533044005,269,Autumn,Shenzhen,33.3946071009981,105.17248933539828,Sunday,10,8,2022,Clear,20,2022-08-01
12.153440842761478,39.53011210021782,52.648802907458006,32.3750721068386,4.464439381837709,186.72085621603856,3.466676736381784,13.14741973400025,0.6639629907448685,135.7844821324326,1044.2852679404384,30.486466190422423,2.490683589161672,362,Winter,Chengdu,46.69834084054912,124.93947252102171,Tuesday,13,11,2016,Cloudy,3,2016-11-01
145.6075914138737,254.5869868785892,9.168719214152928,2.8515571752836744,2.373098175155232,166.92451912862637,31.309517957706667,74.3673898135579,5.215741352351582,332.65623816747205,1045.9782507974649,12.971600781097942,7.294017453753301,447,Autumn,Chengdu,39.03973050492337,119.12360144173222,Sunday,20,11,2023,Haze,9,2023-11-01
237.2203053148448,266.55408684732026,64.96790141757936,48.09040605092588,0.36658261816626,76.31882915500724,3.620518218221866,17.590141483671005,0.3019811081082391,277.8451718442907,1030.123990512283,15.978878403513985,3.99541174893463,495,Winter,Guangzhou,25.881204022507287,127.1860424509778,Friday,21,1,2024,Snow,30,2024-01-01
163.50660909708415,222.9379935742109,71.82582663562398,38.36706720994141,0.3503234107192745,65.73201563414987,0.6662485209420019,61.20327170481002,0.4565298853293487,153.58723922644995,990.4383289118516,40.24935881625755,1.423851961422305,445,Summer,Guangzhou,28.98406308235213,126.44219998749293,Monday,0,3,2021,Fog,15,2021-03-01
111.29815357902976,218.7744997995516,42.19563518725578,25.443304340389997,1.2028540269011971,180.43556642603016,25.182629090989764,24.381327666162832,9.586627952862733,267.0161247201424,1044.2823964419197,11.568675266331702,16.603076915827977,169,Summer,Chengdu,38.89085389657341,106.5725359836455,Tuesday,2,7,2019,Clear,25,2019-07-01
67.37093759894721,97.53305962679832,62.923566062705625,41.15308699736375,1.6613965059601083,173.95545740946127,19.131165304491446,51.61493973824391,2.541563367779913,196.9377922791861,1009.132997822394,17.518843188456078,5.338324759361745,210,Summer,Shenzhen,32.76943633036622,122.14174978545364,Saturday,21,12,2024,Snow,63,2024-12-01
85.06490853746656,181.3517690540212,25.88096216602497,18.743373303210465,3.6406226332337095,45.64224184874909,26.9208648612613,94.1137152876168,2.908792946981753,198.3702635048057,1020.7784812659193,19.736676947621067,9.264787090414556,0,Autumn,Shanghai,44.77709680564483,121.68219295914088,Monday,21,3,2019,Snow,96,2019-03-01
24.24772562906627,32.955361413947315,45.64189992117706,43.61131027673565,3.3417272038529697,46.26289141258988,18.827039430838376,36.78468695629557,1.4778646246921656,80.66496073674847,994.9726640890426,3.804573705391573,17.642629104859363,376,Winter,Shenzhen,28.719019315563656,98.2811201051974,Tuesday,6,6,2016,Cloudy,2,2016-06-01
225.24157579490483,224.78822497599396,85.6412339895612,5.691505579864938,0.5393046064485904,77.93745294417074,-8.955919889549904,65.15332446794173,3.1139578257873115,295.1527526944564,980.8848668114388,9.508285634312962,5.784760985586777,184,Winter,Shanghai,31.81630614292483,95.7285647825741,Monday,23,5,2019,Clear,55,2019-05-01
164.35574329971607,177.88802498424118,48.89410266939455,4.198912404707158,4.339440478849546,131.45239808285402,38.92054968264395,80.90925735284709,4.804941909203373,158.2247937776362,984.3103714961536,33.64420754429274,9.18246746772586,493,Spring,Chengdu,23.83340594648749,91.51781738306371,Wednesday,13,3,2016,Haze,56,2016-03-01
209.81732147913047,77.15717501179128,13.432213114332225,49.61318099643187,2.3184732809358968,134.3165976101249,4.607164454052523,96.02709915535335,1.4077758903824378,261.5653062677628,996.0530922973156,28.60207147450759,10.69638083102529,173,Spring,Beijing,34.76273872980458,129.80478926817787,Sunday,13,6,2017,Cloudy,28,2017-06-01
211.2446311840292,147.60063767546632,5.490949941362902,32.79880842497722,1.4713990645587758,164.4145214175399,33.136953801615185,41.92519797682624,6.975929347347922,182.47493637419188,999.7007410612912,29.584514302214483,16.288019136196894,130,Winter,Beijing,31.79422439287096,122.04849888615004,Thursday,10,7,2017,Haze,10,2017-07-01
202.79213080616,146.912545635824,94.87479111559102,3.238096374383506,1.7489265284699516,20.52494189262829,22.972899445599147,93.1478863223322,4.002943438179534,331.4644850640742,1032.201278596072,32.49612030161379,15.675735910277266,217,Spring,Beijing,27.08729405574129,126.83087930532494,Tuesday,11,9,2020,Fog,49,2020-09-01
38.88647990655791,238.24608440663224,56.22254946575154,6.32010810684396,0.409065225012685,188.53798930079785,-4.887766515102196,37.78421045293371,1.4838207793766367,175.18748547582618,1041.3165307170352,29.20624030637179,11.99270866574286,461,Winter,Shanghai,42.134166110274094,108.02790194138176,Wednesday,0,9,2015,Clear,6,2015-09-01
58.91827674632874,36.161605674608666,74.68335437397755,28.55665609507477,1.7579875361468578,145.71788559025782,38.30627232132658,65.91858390136042,4.524937975198014,322.52081231887644,1049.7033236486727,1.1864334093843076,10.558330362912438,334,Winter,Beijing,32.5931532930334,121.98808723634971,Sunday,17,3,2024,Clear,27,2024-03-01
158.81951950143753,248.99163769485617,86.7454668063319,19.408374094062484,0.714132643717182,90.55754534728834,6.195716225060288,53.319438307261365,5.474599646818445,253.14792720930265,994.5572925728784,0.7193243621305245,0.2509395025255513,355,Summer,Shanghai,38.58692587235198,128.23452419899553,Friday,16,3,2017,Haze,26,2017-03-01
19.879274575481148,204.24201927203117,27.89357048027976,14.556045092555252,2.723213618215134,105.95650369386368,35.68316040043212,20.856453869488497,9.492121896243365,350.7137144978867,1047.8468628119872,35.79496326315332,10.45788728323076,391,Winter,Chengdu,26.309130422414437,99.72670026494843,Tuesday,15,10,2019,Clear,66,2019-10-01
107.21933909793098,201.6343339056405,34.94075105277528,6.569860796102029,3.0032501475636377,183.5110343956358,3.6016583008369665,53.4574899453941,9.51185292038442,317.5913436404375,1028.8493478921248,2.2002120518954174,14.870686009073276,105,Spring,Shanghai,28.456217024174176,122.52861327900324,Tuesday,0,5,2020,Haze,13,2020-05-01
190.41656180803645,189.2250561011085,68.06237298248936,32.25891486621692,3.380983920454684,29.218304462882447,35.36287351803981,46.96095766580744,1.720685542315208,358.44740429257075,1048.846428947475,39.92268150263754,15.423487695966555,426,Summer,Guangzhou,42.54455346418784,105.97183905158928,Monday,5,3,2024,Haze,40,2024-03-01
77.88871636187581,181.39685489168545,40.93216142099021,28.7889873790907,4.163071243474612,69.59078490872213,11.38908509408612,89.20840165847264,3.3358678631959515,272.57361009731795,1046.1744139290472,6.908383056520407,7.674504272219743,250,Autumn,Shenzhen,30.76234757355987,128.91141565958748,Tuesday,11,4,2020,Haze,42,2020-04-01
124.48330956486086,237.29773021229764,81.15795589936918,31.043042790277635,4.037860632116603,121.28833809510203,14.005474491010483,28.21999862403363,1.1047190409044516,139.41656867528545,1018.0561661654334,28.00311553369308,10.42390219609549,327,Spring,Chengdu,40.79505383342988,123.68039962915056,Friday,1,9,2020,Haze,34,2020-09-01
99.9608980486824,63.59890024756916,87.96436575638599,21.84655725582297,3.6637987117932136,39.50308439627011,-4.804299515042145,97.01995761217565,7.462589091429022,251.7920154867288,1047.0128815576663,6.977173937954722,16.23525425707457,352,Spring,Chengdu,29.649117531158037,114.27933657014532,Friday,3,5,2015,Fog,15,2015-05-01
101.71847347804304,189.17924772604235,52.19836422239764,19.20039471158481,1.4364514340450016,193.4364158585928,29.503200775580325,72.28974313872604,8.644397431993102,100.6977813175626,985.0301513799768,14.149337231520558,16.08142433194806,306,Autumn,Beijing,36.0168197011377,105.1593820714274,Tuesday,15,4,2015,Cloudy,83,2015-04-01
69.5839701299268,232.95220859596188,20.25034464558031,48.738547485895744,3.6770775511997127,161.1836481773046,12.421499251850747,50.88515673374357,3.971284268051364,98.03126861242664,1030.1129144905196,17.36182016408695,6.324033889487959,398,Spring,Guangzhou,38.89941815568366,109.26997944235453,Thursday,14,11,2020,Clear,75,2020-11-01
103.41298665204856,148.8287199320428,57.09579988486944,25.206878145207025,2.5368239448708225,66.70539320486694,37.8631373277651,55.79244159039813,7.84454929472297,71.86432063980716,1038.1658042892666,31.15706746452976,19.99389802963095,382,Winter,Beijing,48.516204581258826,92.17166831286248,Friday,23,7,2017,Clear,23,2017-07-01
223.35716552857764,191.6384951278112,21.11365248754017,18.77566443872202,4.946197610432214,198.3182837255784,6.475835366849395,45.45420777368208,3.1536940339653654,40.0427628130005,1018.1649501545515,48.513114706988375,1.884729078362117,221,Winter,Shanghai,48.51476763870254,107.31595072633893,Thursday,0,9,2016,Clear,66,2016-09-01
87.20494099864479,147.4931027006753,61.22172049083797,8.38560983737399,4.251002645927817,49.54771413270712,-3.76826658795005,42.99442046505649,6.34331076031237,9.904658864270235,1035.2730293424604,41.53750173409836,17.71655954266969,178,Summer,Guangzhou,32.89476033778537,99.19466990899993,Tuesday,8,6,2023,Clear,45,2023-06-01
72.9280339845461,59.74087831201551,98.26204472315176,17.636075256457865,4.628401350554381,127.81258396568988,11.747188849920402,99.2223693496523,6.489966099970582,213.28396230977955,1033.0508988608933,36.49187217992012,18.5913581523336,146,Winter,Guangzhou,44.84853923435436,119.34353679647606,Monday,0,2,2024,Clear,69,2024-02-01
228.3474735479857,189.37688391665287,11.805822985896228,18.10518719162932,3.921486008810855,31.042104066561865,33.17323866232767,10.049686239039405,6.470003494469073,140.88709687262732,1044.8763291517278,37.55816065951629,1.0773997986444512,209,Spring,Guangzhou,45.031042032363146,116.21070959291517,Friday,16,7,2016,Cloudy,3,2016-07-01
76.49109148317261,183.36983051679644,73.26802522056178,39.326929441473794,2.733935776856683,135.63699122412035,33.23938332000097,56.46578545643264,9.310725719004129,325.675081973197,1044.3705410006569,31.053375557671146,2.394089993388084,198,Autumn,Guangzhou,26.58053024692596,112.72674254121692,Monday,18,12,2016,Clear,37,2016-12-01
93.2712002663086,275.13699370372467,68.32520253733023,25.33947372128479,4.895965143213951,40.37270597344632,19.7128425692378,84.58660248492309,8.091880145557347,96.70594372630138,992.253816459056,28.42369507941711,6.92586384859857,97,Winter,Chengdu,26.558606362934267,97.08786340223725,Tuesday,13,4,2020,Clear,69,2020-04-01
95.54768616393436,212.6436600621781,77.71666057559597,38.50324445926152,1.7388228057275712,84.26879610521962,30.14449071210245,12.124553613816964,3.6141654839119273,168.2736680364545,1019.8949114935688,39.70123068705844,12.378256125185535,88,Winter,Shenzhen,48.44671264052185,93.39902602535442,Sunday,13,5,2015,Snow,66,2015-05-01
249.8474730741296,102.0718654374662,73.32511762220764,42.43000545917924,0.1936640461302017,196.4341979621397,-7.569886417426504,92.46360472530895,3.8811398796888783,163.73783568305404,1018.822627780242,10.133759666411024,11.399979197831088,458,Winter,Beijing,28.94430501110595,116.57019190604032,Friday,17,2,2023,Snow,18,2023-02-01
78.98771697849683,201.5273892327375,9.283061533661424,25.23442159915793,2.489687832011348,157.421025352711,16.564873182486714,85.6615277078381,6.519348610419432,243.3832608428791,1004.0061283024164,19.792827328423453,2.4830549171006573,316,Spring,Beijing,27.5621395352082,94.97359058696308,Wednesday,12,11,2016,Snow,48,2016-11-01
145.73862883440736,83.01101392838709,27.141416807278382,43.27468983393297,4.650053568151035,51.17817958827971,-5.744372528857519,25.205977591621757,6.3077975398090205,319.63941563454813,1010.5678901426088,14.93949917851794,13.898389313245127,388,Spring,Guangzhou,20.74404922719133,103.93205764468682,Wednesday,6,4,2021,Clear,46,2021-04-01
200.27792232636824,209.1914994293749,60.23825049147285,47.55290556185397,2.744024242681827,199.63985082048515,0.6747828996233078,65.7542760388841,3.9351822846988247,14.408088348424322,986.5092142587704,47.44468392489727,14.835290405501908,275,Summer,Shenzhen,25.248378347179056,125.91333616331312,Wednesday,19,10,2020,Fog,91,2020-10-01
246.96384163459047,140.31195587676007,15.328566367984928,12.61432215100374,0.9678114607356204,29.19181474919893,2.684516280586683,37.438286720821424,9.038810648607438,43.93883748313696,1023.8983124375256,37.97174716328736,8.41249553443705,482,Autumn,Shanghai,42.36764803622084,100.41387190888692,Thursday,14,10,2022,Rain,8,2022-10-01
230.6455838937148,29.85223125403771,88.82060769121964,30.78594120880096,1.9899734228191757,138.07753377001438,28.476352510617083,86.90279877192539,1.5020695561874542,109.3045869656373,1015.6748047317676,7.240011577389682,2.947415892583831,3,Spring,Beijing,23.53479454261129,116.48417225412068,Saturday,22,4,2020,Rain,84,2020-04-01
65.94848918344611,37.72441724521562,43.68673141505501,11.188688810053366,4.404569109055878,64.74643544527274,-2.0728937609445683,84.44470857245318,6.8773282902980215,315.496948933354,1040.3939253514193,22.979823520040934,15.460105093834253,67,Autumn,Beijing,36.7725537089409,108.82419429648355,Wednesday,21,1,2018,Clear,40,2018-01-01
191.64818787359349,252.4704735622049,80.55902178401266,26.01704976891668,3.350584327592085,176.99695577988282,25.700340829841224,11.892300341649376,7.182578081336333,161.50567628528444,1018.0325753397116,15.374740432643309,15.625436727078974,323,Spring,Guangzhou,37.371034619546734,126.95241517277002,Saturday,10,5,2018,Cloudy,34,2018-05-01
106.57897549341988,64.80659537489322,85.55537867562006,18.775752934914127,2.160678642792116,54.13967424952481,32.56644695846437,65.29460144775344,9.457698544117733,167.539389096033,1002.8125905585258,39.69266984841487,6.893998624260109,301,Winter,Chengdu,37.00064590391436,107.28892913777372,Wednesday,19,6,2023,Clear,83,2023-06-01
223.04912626019356,264.7378082642927,27.38196414880024,14.53007839098129,2.3028631267826563,46.31233371722824,24.53600592131938,69.16696391610739,3.985457260769572,278.87147363441727,1037.064868092097,21.482292432207284,17.144409389063863,249,Summer,Chengdu,33.232106223136185,117.95204179664232,Saturday,21,11,2021,Haze,12,2021-11-01
164.0072404322418,70.77645792370879,34.599654398339084,3.0828701388956823,0.4425882351567188,109.00613713036438,-8.433603981939088,57.21380306380416,4.025350968519774,317.3906508256261,1038.641139881167,20.507155083341093,7.967616164910082,385,Winter,Shenzhen,31.880326742403795,127.6645211509989,Sunday,10,11,2024,Clear,72,2024-11-01
170.74058379228765,25.92002949427013,83.72597477854609,7.766050701084987,2.5508093451912344,131.017017302831,39.19989986130945,50.12817979572315,2.110279724600297,234.86447196506563,1032.098510709994,39.83855993847829,16.37259899410357,246,Winter,Beijing,43.26371864086636,113.62745721455572,Monday,17,10,2024,Fog,98,2024-10-01
242.5604545074412,271.56603548297767,90.2984655870019,15.012583882529585,3.2180735663013924,59.02138296415846,1.6853300036454275,58.5182638042325,5.383292701954135,236.14661452052263,1004.0252489267948,6.875267134914681,17.260385197553934,110,Spring,Shanghai,36.03484454705823,116.43576788210844,Saturday,20,9,2019,Rain,94,2019-09-01
14.909897521863682,117.89759537678982,80.36604764938329,5.323617651644272,4.415704745770527,62.98849235796489,29.911511908636943,78.38938766554756,4.909347292064129,171.15874998258894,1030.2371977448245,29.82975993007941,4.996702361795017,341,Autumn,Chengdu,30.29148692740696,116.84779462364864,Thursday,4,1,2015,Haze,14,2015-01-01
22.579906144043047,42.47683886849404,17.332352328797995,49.3839617829525,3.026154450930005,97.8584352118004,11.471259653237212,72.80774160933407,5.159777152197935,355.7474667760951,1006.5714762224824,14.25822020688829,18.737060179041546,435,Summer,Guangzhou,20.07156162396958,107.54259283281222,Monday,8,12,2021,Clear,29,2021-12-01
92.74981741816924,246.86712915233656,74.53838751197331,39.417055061225696,4.875877566617318,141.20336213136164,38.60109517733475,63.4185317818116,0.3126120873098403,155.41729921995247,1039.006738533314,35.26706212116014,14.484434543869677,210,Autumn,Shanghai,37.027673531190295,111.00655720795685,Tuesday,23,4,2016,Clear,47,2016-04-01
17.303597603693426,136.9075362103186,95.91567931083046,11.835411129164177,1.0992158928921634,11.374781172915462,-2.441565132582692,43.68022312103644,5.70285398056912,53.36193607781808,983.536137522788,21.26500015362953,6.191364876474784,177,Autumn,Guangzhou,44.635805286748734,122.65849717583149,Friday,16,9,2024,Snow,60,2024-09-01
120.03738240360045,264.7610656799643,99.70481582331576,20.90736073645854,0.6080591648163404,49.41093811009038,-7.317902919711269,61.7819794392292,5.290362280651745,136.6993028686254,990.1586494964332,40.61627207978679,15.049571525986003,104,Summer,Guangzhou,49.43813310448986,114.73265722327513,Thursday,20,11,2016,Fog,48,2016-11-01
99.37369883200884,136.1172603985687,77.85151777094994,24.611374472621957,0.6913813296421539,180.7432574616275,-8.65777459907995,10.987918753737013,5.881832578781008,158.72057770038865,1023.8080948860808,35.51220277255773,9.83361375867599,69,Spring,Shanghai,38.70180803222019,92.84496040788775,Tuesday,12,11,2015,Haze,19,2015-11-01
135.48613644736932,77.970273272399,37.31907470848807,11.87530693037196,1.6465222681163156,109.97282544163497,20.925205654226428,85.9000538390075,7.126662600804159,214.27452192236848,992.1430845168692,3.0500963675108017,10.82469355921281,35,Spring,Shanghai,33.247238987518216,121.4107752474028,Tuesday,20,8,2017,Clear,94,2017-08-01
168.84668724561325,67.30430573645224,45.439634322830216,32.60260138301628,2.5054777180279157,12.42811278298334,7.947476598696436,89.18278772437303,5.90753976437917,160.59963388559228,992.3310399085002,10.216615079249603,6.936752562261925,140,Summer,Beijing,42.351397484030414,125.70559212669043,Tuesday,3,12,2017,Fog,36,2017-12-01
15.904558276694967,244.3024364774109,90.52107288581183,2.4372338986647724,3.0964181088968754,118.1451659761532,10.880453081960422,78.88330749665279,0.1065810456598514,52.60735857108722,1007.3517907872877,43.36755605174653,11.006958877490527,199,Summer,Chengdu,29.35933254091745,103.68038810238748,Wednesday,20,9,2016,Snow,55,2016-09-01
212.4222526639141,187.7980853213032,76.66411516208449,12.266351727437122,4.505211901811981,19.161211341185663,0.5320015209110114,84.76099982514863,7.602380903666131,64.64884558381927,1029.912387028826,3.304959839416682,8.160956485437536,360,Winter,Shanghai,39.46883436246283,94.83455988124804,Thursday,9,10,2024,Clear,59,2024-10-01
136.89706464396448,71.84276690983535,86.77851964840691,17.70808545494209,3.6039399836465664,82.25377637553957,13.013968224554716,82.64070729125321,2.6760253826211367,270.2153863410106,1003.7271746082704,32.62907871707725,6.286184216999034,136,Summer,Shenzhen,36.15577826069287,90.67748204302116,Thursday,21,6,2020,Haze,15,2020-06-01
127.96054209180464,77.12636443718404,71.23160609305857,45.9967078281141,1.8379410700775536,46.723717948497935,24.156228515045903,29.63828813553191,1.0116631072214233,240.10037176974515,1024.1830686381456,48.86394131985426,11.800112969645392,62,Winter,Shanghai,21.968773658409223,117.40590519405576,Saturday,3,8,2022,Clear,6,2022-08-01
124.4954552039741,246.66681590464452,9.52061235674746,18.579095843658767,0.2421908150467925,132.41053626092634,-5.076827088508842,81.58305409168486,5.156875360001456,176.2518208186334,1003.4331090205576,17.366982152852948,2.6322535653569448,344,Spring,Beijing,20.80581753454656,103.24962736423232,Friday,2,12,2024,Cloudy,98,2024-12-01
23.31569683131992,262.350797169011,16.302622060462113,47.44448401995483,3.6229591808494863,38.97605778368805,27.182024358890597,61.62084234351559,7.835218767505143,111.85580711244648,1047.918758609669,0.2753959749711321,10.979090654285892,391,Autumn,Chengdu,35.391359825712335,109.16094243474298,Wednesday,20,2,2024,Snow,17,2024-02-01
162.34242513917184,223.99004163225777,5.870044286076442,4.9049882361252735,3.4124115274542066,76.23032338969816,1.5191141650508635,16.566984830042337,9.622475518313475,332.3109358921721,997.6929906685735,0.9782125831165388,17.843331532353925,308,Summer,Shanghai,32.12516826839737,95.60383691109028,Thursday,22,7,2020,Haze,6,2020-07-01
248.87089076409683,262.3560119323771,22.113562826090277,7.414630118580954,1.708639985090065,143.9793871271246,-2.264337769486576,96.55740794834804,6.985827189230806,265.3671185132106,991.9637065491077,1.974101577721288,1.1157244281825,360,Summer,Guangzhou,20.168807971358635,107.2573603084262,Saturday,10,3,2016,Rain,36,2016-03-01
10.821045694314035,233.57305024626788,69.11982159111598,12.89251789956944,3.413229543119693,173.94459075059086,27.166831119624877,31.715460504014317,4.737872470667519,250.9323595636335,985.8396936306287,19.394980738235784,7.264793848033334,467,Summer,Guangzhou,24.82866743765232,115.64670492772905,Friday,11,12,2021,Rain,18,2021-12-01
224.51663981982827,235.02481280941976,48.91963664780801,19.986541017338,2.436485739009674,117.05183338035586,22.93243995764506,10.943754650104498,8.784966563369984,44.46714664821452,994.8664968976168,33.799269942660935,12.523321374999318,246,Winter,Shenzhen,20.925385156958143,113.379628434597,Sunday,20,9,2021,Rain,94,2021-09-01
132.27554196350212,182.6004392299127,75.72667230816124,13.468829009281144,2.883874473622022,94.64065478877976,-7.717223548895326,19.78819172419908,6.5985229197986826,226.14158383484428,1041.1521326523966,33.38088123440513,7.473494472587402,208,Winter,Chengdu,42.0577900988137,98.36305225304736,Saturday,15,7,2015,Cloudy,58,2015-07-01
37.78634783995624,273.45427636659525,47.69621750755309,6.961679970030798,0.2220597743272903,51.009644389432346,3.532389643978677,99.317341280599,4.079296296930311,145.4226266420115,1009.5498678824335,0.1616092196518648,5.415523286149616,411,Spring,Chengdu,31.379120743610898,119.39162944526808,Tuesday,10,7,2018,Snow,76,2018-07-01
86.94265634271616,263.2486393962671,42.69034052067253,32.01965286628128,4.1907328423003145,121.19461902735183,17.19836540439879,17.817686110424386,1.9083270261918173,242.67139306933885,993.2088958611248,14.731324032963494,5.192882162287591,485,Spring,Guangzhou,45.96803652472836,126.19403123925724,Saturday,16,2,2018,Fog,24,2018-02-01
102.24278753788342,98.60107398893452,54.18993318190532,10.797001106372749,0.9989008669174106,172.18124516261815,24.776996717767027,99.48423788731289,6.5943533377384265,311.7710077195416,1035.3162099161873,22.018836857127173,6.3791556446446736,410,Winter,Chengdu,25.0665504010569,94.52682556392588,Thursday,20,12,2023,Haze,9,2023-12-01
76.91862425617485,251.30879082518487,16.83306686147973,11.750486490031626,0.393677057997234,150.06084190434328,33.278269703392624,54.85797057866224,4.700303124508495,344.1766035948193,1029.8468845005766,10.734474762034871,10.938459063681377,150,Summer,Guangzhou,47.204212615257,98.11476151836672,Tuesday,10,6,2024,Rain,5,2024-06-01
93.86660835037824,103.36898751011988,8.62939466765719,47.85024620127186,2.496974433322182,180.1524332151163,37.12725948478671,90.83014843233848,2.601924434016208,297.2027660519368,1049.1340827609622,43.84791227001023,3.067960587337197,306,Spring,Shanghai,32.28201093008551,99.56840371757032,Saturday,23,4,2024,Cloudy,30,2024-04-01
166.72035800330838,40.46963065166199,29.480947831959,15.267286417059376,0.9783221602266148,75.99808352237858,-7.342291466857289,70.75454318483101,3.693617912048598,8.197215204376702,1001.816672584364,35.49958719116822,10.020078579340616,198,Summer,Beijing,30.886465037403784,92.45866624887876,Thursday,19,7,2022,Fog,30,2022-07-01
117.708638310109,70.11742706713636,57.98523018585704,7.272397413707272,1.735284481614965,160.81672385032675,36.072859440484734,93.13157851916874,6.054607677318819,317.5393306302176,1010.7123290290278,25.37454853558144,19.83909848207476,440,Winter,Guangzhou,45.50530098191271,105.22715455535604,Wednesday,13,9,2020,Fog,67,2020-09-01
115.31954269599372,84.58342918442152,35.95354498407572,44.350308010376494,3.9979027774351534,175.2800560111332,-0.561420048914604,97.78130496439395,6.567165548266956,286.2998233997443,1037.8440229872156,5.893145704983249,19.04515052258735,335,Summer,Guangzhou,21.30030515814497,106.05996905316113,Wednesday,0,12,2018,Clear,42,2018-12-01
98.54077159021844,76.24822138223809,41.26770105697389,12.829746362010946,1.0048179395854426,14.092376406966109,-6.2373247929175,62.050015077197095,2.723729332015843,174.53946149996167,980.247934911973,18.368009792688504,12.658691781794824,416,Winter,Shanghai,45.59043663361547,96.69344815343923,Friday,20,7,2019,Snow,68,2019-07-01
59.76515915025467,118.5777419194678,31.843194659373893,3.572313753962268,0.5254077410641557,189.8904830562246,7.3228291683698785,58.36872755107427,8.328636217502313,15.611982202810758,1011.9831503946748,18.95632745605057,15.082163289657656,70,Summer,Chengdu,46.230299261352506,99.3675572138442,Monday,16,12,2020,Cloudy,44,2020-12-01
238.28780393400464,268.5002399357962,6.629261639801078,28.60927039398403,2.3627736014676373,37.11191394958692,39.44497306731117,48.38728267872673,2.2177229054019176,72.67911286562983,1039.407328782877,38.17713356070436,15.958241767697851,28,Summer,Guangzhou,47.42306885114955,104.91522232035972,Wednesday,20,12,2016,Rain,52,2016-12-01
83.78647281138488,97.17846136058874,51.67936334871592,40.12330592881569,3.678455544054456,27.16168697209997,38.08641834627649,90.78387351383948,9.450194102098438,99.44906423339135,1013.963031914762,4.803929420833509,11.356465618503558,294,Summer,Chengdu,35.825664015632256,100.68967759070004,Wednesday,1,4,2019,Snow,76,2019-04-01
221.75682090400144,202.88956311969835,38.02167797814634,9.631253736619488,3.3718634124852267,69.53678046889195,28.142044775820096,79.6378752802352,3.503137574407652,69.29282683376445,994.2910580209452,30.15863422073312,9.135429712217812,436,Winter,Shenzhen,29.87393407708436,102.35784258169852,Wednesday,7,11,2017,Cloudy,47,2017-11-01
73.42203016872688,129.11687273523367,92.14689499117756,32.552023657421586,3.347799122721349,76.48295734168875,16.716795942996907,60.82618030313706,0.495301611758423,142.531553806076,1007.3655022393184,15.057448489537483,5.805570019649895,83,Winter,Shenzhen,42.61229818450202,119.7096164032822,Tuesday,9,7,2024,Snow,45,2024-07-01
156.08877118432457,69.41574112704548,60.336393812011366,48.98448861293988,3.452562956487935,161.67745774712563,38.57518438080983,14.958652500588018,1.3259164817282398,265.7285479182428,1030.8080627613504,44.85393989472073,9.466186007111856,205,Autumn,Beijing,26.24761930142823,108.65175777311488,Thursday,7,5,2023,Haze,52,2023-05-01
246.81327157325,30.24019096136358,12.16782015044548,35.554927766085584,4.747035494881778,77.50930393164134,-1.819696470805635,27.8728733335183,6.190942281518504,132.6988584718,990.1439187198088,25.109781508309236,18.12538771982792,122,Winter,Shenzhen,43.83097572980671,97.70642849736652,Tuesday,1,4,2020,Fog,1,2020-04-01
155.7518470073778,246.01940075991143,75.25171015458059,20.838017786009843,4.706372540471685,163.8313849606298,38.85463767596829,54.39713734035989,6.5658214799396895,81.5881212835142,1006.8899137023049,1.4622350156967778,6.177095743371314,426,Summer,Beijing,31.794732769070627,115.74779797108954,Friday,6,4,2017,Rain,62,2017-04-01
38.79555248994205,59.55607940832894,94.21451652414372,28.958613804763527,0.6013486994688728,103.03574944588247,36.29380904808653,76.33257587801293,9.085518000193549,22.36936690174553,1016.1413050438456,30.738792361509663,5.813686373588148,134,Winter,Guangzhou,30.92998671654334,93.34596512852713,Monday,4,2,2016,Clear,33,2016-02-01
232.28945636488712,180.6545249526569,91.02554585889274,42.63133122833965,2.981555362513993,117.59439209392826,-9.059066118756396,30.110344571050003,8.421648883402547,188.84226422363665,987.5737875396848,10.09047581056714,8.426514295957936,428,Autumn,Chengdu,29.16201950937772,114.52502893727724,Wednesday,15,11,2015,Haze,15,2015-11-01
190.31717932056037,117.90151796872745,16.262942991091982,7.15515527864927,0.3532022761038389,106.46056559954684,16.961421971890083,50.78710247929287,6.338262591094065,351.70615081151675,987.4051707949636,6.3375167704179445,7.714637623528216,115,Winter,Chengdu,25.02919070793017,93.3420956890063,Wednesday,13,9,2020,Haze,73,2020-09-01
137.90487658896285,167.92820179071597,89.59183251571937,15.9094169435686,4.672062802332148,81.69265443958143,1.2094206019251743,29.777377323219834,8.649212780295217,189.62415945466572,994.5869147042308,24.78045399538263,19.736020537286617,341,Winter,Chengdu,24.507301412356508,126.92861402813256,Monday,22,3,2017,Fog,85,2017-03-01
245.25127757881415,201.29952972979447,21.00776307202817,20.725300468432295,0.3339536155281872,58.44589583264953,22.94954627501133,56.6421032675097,6.739887231567118,218.29387524443533,1032.1468508175194,23.00142073367843,10.62180719637884,386,Autumn,Shanghai,32.36842398447098,92.08679916348837,Monday,19,5,2022,Clear,97,2022-05-01
39.07860029843601,127.95486546546532,33.070701140624124,34.21336494691396,2.6163455810587566,14.58442602172682,20.40763459642841,55.80542571720084,1.908547195008925,327.5923737714449,1043.0035559971775,30.348826596851666,13.274266436773289,75,Summer,Shenzhen,23.66209914363082,106.26594746260238,Tuesday,14,12,2023,Rain,93,2023-12-01
80.98658384583099,286.20979897673186,65.75601377372337,26.47432589166593,3.411960765435972,145.31430065103586,-5.106090568731183,28.70017526593267,5.147753562424798,161.1729088560755,1045.6571011386775,27.571336578496787,5.783751988875986,183,Spring,Guangzhou,31.7636418943261,93.13596666738783,Monday,0,7,2023,Snow,19,2023-07-01
209.61249673746624,48.66017117244766,48.60442543721821,22.18739107914294,1.4420114175590046,196.62566642180795,15.307727640135337,57.477030624660166,1.0693702790081372,148.90322867648152,1038.191338548629,26.87393827410745,5.520214648666531,276,Winter,Chengdu,22.20623285340604,95.60446640740392,Friday,0,6,2018,Cloudy,99,2018-06-01
129.33450220402213,147.13932263293208,85.32021147608332,24.08366758430154,0.3902187919784396,97.28805461282104,21.081082101521037,40.29874513365256,6.034906681605657,0.0172172661224845,1042.7838600518382,43.68593139573175,14.130305113572923,136,Autumn,Shanghai,32.95559967027229,111.26775929568385,Monday,1,3,2023,Haze,32,2023-03-01
228.02784913624149,83.55547498525645,35.4708066170657,11.14666965855372,0.9012187350793208,74.97609974519924,-2.86756578553793,68.1798443252718,8.05814392805745,103.59966238407917,1034.6853563146956,13.877018586466384,11.0388014607227,450,Summer,Shanghai,48.16758135696064,105.29650124314044,Monday,8,8,2024,Fog,33,2024-08-01
202.9458013895126,20.676368173373167,13.764224844798957,36.0593027805941,3.644799452411303,146.0147389942528,14.48722057204235,99.25179764235956,1.955433602634996,283.3145249116565,996.554124222428,22.391795297911948,1.2531083664670493,282,Spring,Chengdu,44.73015018418347,129.2993198771314,Monday,8,11,2024,Snow,5,2024-11-01
30.99428046779192,231.12250962435812,61.32978098443275,18.83512349168344,2.4684200415448228,180.84424391107632,32.98355006907048,41.165739505141794,3.8306225453327225,118.68021721394187,1004.9134112931968,28.236545268136144,14.803433002920263,179,Autumn,Shenzhen,45.25003508190615,128.07189014442235,Monday,5,10,2016,Cloudy,87,2016-10-01
196.59548168673368,24.05108538052143,16.628538165479796,32.05755619561167,4.723960798665145,80.54376209180813,17.525246159540107,75.15721409003139,8.012027217138955,273.1652451574627,1048.627275465383,48.39308992424198,11.464360750637072,316,Spring,Chengdu,48.79217935301828,122.61530580211031,Monday,15,7,2017,Clear,95,2017-07-01
178.86160435966522,210.3707326386247,82.33311426978317,30.07889163370137,2.939425993004273,154.38490149622098,24.00490852687785,81.73589894204837,9.41862851481578,151.25390987701633,1015.8119708892166,23.0506354033694,17.938762814962782,74,Spring,Shenzhen,45.62938497044016,98.34460666016425,Friday,4,7,2021,Fog,67,2021-07-01
124.62990386426448,63.09730842362809,77.40192664508405,19.87029881792772,0.803554965550526,51.59847202638616,-0.7199210815194217,68.45668126254196,2.8546389781062187,69.45953557543217,1004.2980412652296,47.38523877818232,4.116221472480743,435,Autumn,Shanghai,45.411980321941485,111.16227592054508,Tuesday,10,12,2022,Cloudy,85,2022-12-01
31.848013933045696,274.2710543441954,56.86398380237718,7.409297671347987,0.168276567227202,166.96891675761137,-2.9942133222903973,95.81477565510988,9.197274367400944,227.29608459392165,982.090016019666,11.698575186256,7.542943332086531,270,Winter,Guangzhou,32.58053212430134,102.73981496879648,Monday,23,9,2017,Fog,28,2017-09-01
236.4829965233995,209.22253844534055,67.52501954538451,7.510347974524559,3.7076633559415457,83.53173292406431,2.1255510078489,96.7583704267288,9.63489142440922,87.73967684940966,1049.5783837856227,20.06585783224341,1.3116112930579265,486,Summer,Beijing,39.532973648147184,124.51964396243925,Sunday,15,10,2023,Haze,61,2023-10-01
191.439087452762,97.97013078402796,30.629519808567263,7.964233583566957,1.299133351135553,124.56011398357984,-5.807407483010326,32.168680338500565,8.980252350138093,232.9964125740634,992.9307632060984,1.7597823967196058,0.8113082447118757,283,Spring,Guangzhou,21.401307593825543,90.2567264993762,Wednesday,1,6,2024,Rain,33,2024-06-01
226.68177587534765,65.50909477027756,28.744096065747808,8.500268719719095,4.975305808408124,50.98454655768221,5.000602489354664,23.53302112413843,9.434790690674332,8.797997609452084,1018.070777608168,26.97057070741591,8.556177624964503,404,Autumn,Beijing,37.59266315592572,121.63844086193586,Sunday,18,8,2017,Rain,23,2017-08-01
43.20289561040582,205.60454039176688,13.735867597988523,47.61883799625279,2.17571850255717,129.89274973023544,12.984154021551582,88.85253085047043,7.124749061231759,349.0819724384847,998.876740363692,16.58927986075102,18.82391669372214,91,Autumn,Guangzhou,35.41045356678289,123.40234201590124,Thursday,9,4,2015,Clear,34,2015-04-01
201.2228989464594,276.6808842357272,46.49931080689673,14.216677709961813,1.8610402469796563,105.06933762559976,-2.7461193234330628,19.355795950534777,2.142177140391828,294.5989634141131,1008.7901461381928,20.531148990755582,12.814843014411878,443,Winter,Beijing,49.99887261652939,124.7101264297036,Thursday,7,1,2022,Haze,96,2022-01-01
84.10781679512485,155.2962001877815,14.95674343705648,10.15206386444323,4.199741603731539,185.45839268716665,35.01952541834239,10.742469452416035,9.270170188415424,92.16930904325112,1014.7817957107068,34.83818816229278,6.37321454990582,239,Winter,Chengdu,26.93906841632439,120.382583597976,Wednesday,15,1,2019,Haze,70,2019-01-01
105.02031682437818,99.16682658018271,36.78570443698303,8.67079303824144,4.490785921684919,175.6260886524421,23.52518067263784,33.751458425405886,6.985309854871354,109.10858694961436,1030.4358679653044,11.300499413028092,4.690324328909497,33,Winter,Chengdu,39.42517811057663,94.85806653438743,Thursday,5,9,2020,Rain,95,2020-09-01
155.0746814043786,237.54866004322344,78.56905373062705,16.227027871589705,1.4931516407698242,121.48974979382692,27.671556197319,22.181704112046774,5.134540162146008,57.09178282536784,1014.9232882662462,38.31674907102601,19.03206302514536,145,Summer,Chengdu,28.0505428435016,102.2662490742274,Friday,8,9,2015,Cloudy,77,2015-09-01
204.2055364433193,268.2028767572108,58.46075561287324,16.202360184613966,2.719828399935782,21.923044487934924,23.059347988930902,61.68047991214098,7.784108901646278,256.74501156106663,1036.911375902059,44.84992580367649,19.33460586289692,353,Summer,Shanghai,37.67078085879524,128.18368850388532,Sunday,9,8,2018,Clear,85,2018-08-01
221.12606766490623,251.67577057532037,32.54971812249801,33.696783511204735,0.6643787129997829,62.855264692586026,37.15428014412593,20.76986368573233,1.7024952593095832,341.94028331601857,1009.7155638828604,45.564872158167965,15.291781938894427,224,Winter,Shenzhen,32.10083772746647,106.79906286879276,Tuesday,2,10,2022,Clear,27,2022-10-01
24.75121851442833,163.8491825432805,66.26476064797566,5.1347653505908175,1.7741889159276416,95.75003867283522,0.5704312377473748,34.91034481360439,9.372745100982376,46.95608461419895,987.9533325992658,22.903597408720167,8.680705595038082,423,Winter,Beijing,42.34556899564452,101.68242556172348,Tuesday,15,3,2024,Rain,85,2024-03-01
146.44594126956943,232.6912544398784,85.94478998643258,44.068548058336425,3.41810991314752,13.91469499737016,10.34222951436654,27.130427368483797,1.5889747608470073,0.2645599736174064,1009.2899997753876,36.40580420820925,0.1743046585998011,191,Summer,Beijing,39.74710129078856,99.08362905094845,Wednesday,21,11,2015,Fog,49,2015-11-01
245.5588086301127,113.4017633930673,68.35041245478683,22.009930250332523,1.3463348114614373,12.308211265809089,20.068686738717805,61.4344284594155,6.40385374250651,270.0538725191543,1011.1695599922516,35.68413396339772,2.1567882473705366,411,Spring,Guangzhou,35.99407641044536,102.5735981953528,Saturday,14,11,2019,Clear,73,2019-11-01
131.9233493168743,213.00488327632155,91.71094344952512,46.69070472424386,1.6334111496037502,70.013726095511,21.85325543673521,49.18127333436353,2.00790114035432,162.38524766529207,993.2331695481608,24.36867588673708,16.03287808531575,7,Summer,Guangzhou,45.42575911447402,90.99831777373112,Monday,3,5,2023,Rain,78,2023-05-01
86.61752594223559,288.41195281518964,30.179856850401634,13.693671343640094,4.279041007968615,69.45234678109163,-9.951035077206177,31.72091666558289,8.742073390615893,350.49343720283366,1017.453016936972,27.2557764891852,12.583479197521957,70,Winter,Beijing,31.26888877762001,115.2417272980153,Thursday,5,10,2021,Cloudy,53,2021-10-01
178.04333852636415,27.954941500554824,34.11062363398324,26.84614372700965,1.4375315227458756,172.3832140270858,23.01091682619731,45.21428118257053,5.215822559574862,10.7563820281458,1048.5759681414845,23.426925987143843,0.6315717293885943,117,Autumn,Shenzhen,35.204260984339186,104.08442465873618,Wednesday,3,10,2017,Fog,2,2017-10-01
204.8197474651104,224.54653056477656,61.49346747064576,34.602931481533574,2.1278042308348595,22.80732074713504,36.53330902708645,58.2426717909674,7.574047880168141,178.21741177328778,1023.3262998081412,21.349535720062292,16.147249108369277,110,Spring,Shanghai,24.025038999437133,115.56727420330849,Sunday,3,11,2020,Snow,86,2020-11-01
71.95756933287029,124.43168170185842,60.318413169569006,33.23307183946259,4.55528805645401,86.55388253261714,3.60278474244852,63.555003053272905,1.6031336242133989,239.86740304280715,1033.4497082460753,46.74477294090337,0.1161339183307372,106,Winter,Beijing,21.591619035266284,96.98866158193746,Wednesday,12,10,2018,Rain,69,2018-10-01
132.18838153077235,190.691645334152,75.42537547556168,36.84693133034229,1.2313866839509318,157.55112332676563,23.285062839161935,58.12619443077491,7.989084305500944,174.00976619436744,1003.1027928596882,25.73823886269557,5.634355820445545,184,Winter,Shenzhen,26.0754109681666,94.07463323220604,Sunday,11,5,2018,Cloudy,13,2018-05-01
200.18189342115076,212.58055136495344,60.74955041323321,9.17489433221934,2.7312645337663763,120.54493836515908,12.258148003692597,72.74613285574011,0.9412168246496287,305.54059233443763,986.4655165177916,37.90650900217234,13.805892232252024,399,Winter,Chengdu,41.28944396749856,114.1837809518858,Monday,10,4,2016,Snow,16,2016-04-01
232.05997510618351,262.3361766457164,22.52514840888197,9.977859180054873,2.022201775321605,129.506996220895,27.579709084221317,73.66498999531419,5.142072140228474,242.18970212952848,1042.8450169952623,35.783364735101074,11.128309684711075,132,Spring,Guangzhou,29.65459940987529,124.9760811897764,Sunday,19,4,2024,Cloudy,79,2024-04-01
249.08974692983,189.31131081842605,61.77790727800612,28.24949991768732,2.3948522721580874,147.36288196309897,13.94684488812918,68.70602104212207,7.425199158128799,69.96364382838435,1024.448689223291,16.38138580485835,2.7510995510537097,209,Spring,Chengdu,24.629279761478514,102.3209604720104,Saturday,11,3,2024,Rain,51,2024-03-01
71.13063780610132,275.26717119700544,21.44052883990746,37.70323631095027,4.911845870503515,197.3871877807981,37.59660582598836,62.71213937736186,8.669980020770765,261.02449372984927,1003.4239525161856,15.580305458799351,0.5135287535380074,171,Spring,Shanghai,28.21311310133393,122.62551077393726,Wednesday,4,7,2021,Haze,49,2021-07-01
176.6986450528571,143.00749713647815,77.33480849988185,23.273520957324624,1.8307715732793493,44.48764696797827,23.687058374587224,57.1528326676908,1.0540495198111977,1.5337338924131716,984.613679351526,38.84018452002301,6.0670294033157175,149,Autumn,Chengdu,37.61752353801133,107.2511811159029,Sunday,12,12,2019,Snow,28,2019-12-01
12.745160536639712,75.42245388992283,23.78191962533916,28.952164608603542,0.7559179189827658,178.5676869752886,3.172663497785491,20.22381881109895,4.749246895785484,175.26172805579466,999.3820064660038,19.881388673766303,3.007137953202073,447,Winter,Shanghai,29.195824622574072,92.25507424829284,Saturday,8,5,2018,Snow,26,2018-05-01
19.714688589559596,243.45538370077236,83.53218263614848,20.77215723161334,2.754694869316929,137.06870495206937,-4.3083614290185945,42.64704587634204,5.320871987675458,265.43959767472967,1010.8734953113736,43.43863549293437,18.449129710914853,214,Winter,Beijing,37.65913896737228,122.76088512052016,Thursday,13,4,2023,Snow,1,2023-04-01
245.20481256018263,68.70155147923799,52.53993252225612,21.20986924232723,2.978217662716479,93.37336857545208,-4.37170960996334,27.48676655400147,1.4400392022884312,92.2101751253786,995.4420373886716,4.106734066270046,17.965964455388256,91,Autumn,Chengdu,20.11341360718204,105.70761772231404,Saturday,9,10,2023,Clear,36,2023-10-01
17.335867789109727,220.1532136668006,41.952984514649486,10.247386334077932,3.2871808250069887,190.0808939536425,27.84428663850082,25.67731969008632,9.058020074859302,241.8722314368842,1004.6847350284272,10.435835645743497,19.7071708216687,206,Spring,Guangzhou,23.4506599346902,106.32970422829612,Friday,23,3,2018,Clear,72,2018-03-01
237.3495481374001,186.37833519513293,81.32669629807471,3.4124666473594907,4.321412117812353,17.98338794145338,37.30794868575752,95.0811959151816,9.51235117711372,14.03436183519242,990.3938857096108,6.292481102427322,0.9233684239781266,317,Winter,Chengdu,40.02099164429741,119.28098409326093,Thursday,11,4,2017,Cloudy,34,2017-04-01
121.04298553717044,188.8575239271977,49.509744624517936,19.255442598314687,0.4077961140357533,97.38492195439704,18.267030965324043,22.782389822194567,9.94492302774917,119.4197668258958,1027.8655615283112,27.13467883818048,3.1810209281606987,301,Winter,Beijing,43.55503820044914,118.25165539167382,Wednesday,7,8,2022,Rain,7,2022-08-01
164.39857871657807,85.4582120121002,37.782334530342006,35.48940617987146,1.2886488302809,16.401290776828503,6.235942928514348,91.11952262192972,1.6985701727414704,26.901874182160917,989.142191474725,46.75149687354507,7.272653863977166,87,Spring,Shenzhen,41.1713407089004,100.405998173483,Monday,9,6,2021,Fog,26,2021-06-01
209.7173043934029,64.47467714545297,96.64163098966648,27.294902978852484,1.0091267050796549,74.97255244773537,9.913982327588888,71.25750616767439,9.450672837779596,222.54709219793853,990.6176409109044,11.028077547223914,6.619670608045615,351,Autumn,Guangzhou,37.94299059584394,90.37025730810808,Sunday,8,10,2018,Snow,34,2018-10-01
235.50375791926763,288.0139589818289,45.70651926451576,1.8547382662901295,3.2927827728036894,159.6937863743128,38.12772335781517,33.41380997559338,9.735260931671096,315.7392882164688,1022.3344425291402,41.75613921284921,3.3070920956070244,55,Autumn,Shanghai,40.60379491320357,94.4769657666835,Saturday,8,3,2018,Haze,7,2018-03-01
163.79106982413543,103.63670560497438,51.58390776463115,38.04679393940148,1.3770145106317715,104.58486117061116,8.66000897783901,49.959576071452986,0.3042074972618935,234.0773137072636,1026.1036022502783,10.056249050335236,17.23880647743767,140,Autumn,Beijing,44.43764026406161,94.68153465884303,Tuesday,11,8,2016,Rain,56,2016-08-01
96.75224188384352,108.9042416521465,68.8125373851214,23.61711228474283,1.717812450562264,86.753408606227,-5.932330514265052,11.072789953847574,3.851262977502702,41.08951158627842,992.58911642779,6.078753822627819,10.825208463816058,245,Summer,Beijing,35.28616683054564,105.80241668923652,Friday,18,5,2020,Clear,65,2020-05-01
123.00991981622984,203.63383172770645,63.26646946732648,10.409989351177025,2.28308839102927,144.14271797772048,31.042149607549213,84.64176026282715,7.906006951330453,188.2139094267741,1039.2240644709989,32.91308591459774,9.300650557293402,178,Spring,Chengdu,31.169200636011738,92.09504258619876,Saturday,2,3,2024,Rain,83,2024-03-01
204.19645007295,258.32514636317273,79.17030995486223,6.364638332975094,0.3047820239636366,140.0802405804129,-9.607619062388448,66.3543851784269,3.937631269704208,124.39333769956916,1021.0041675693258,19.748271924555038,2.8922542647495817,354,Winter,Shanghai,47.09092874085807,103.60889669607587,Thursday,11,2,2022,Rain,5,2022-02-01
224.45481909395025,284.94802862997545,88.2439138106621,27.241464925669103,4.555283050104483,166.6660574871319,18.95454191772704,34.02104279547655,3.3910828601750542,197.17012165133625,1001.8821612412144,30.951100816229264,8.015740280720442,326,Autumn,Chengdu,31.27294165635116,126.46677103344408,Thursday,15,7,2019,Snow,79,2019-07-01
119.6280519165156,227.83787702225055,86.14373494173493,19.840692729054368,1.722898362643757,139.8042501933385,26.74980401514774,74.83138890305757,2.824032208217717,282.6059257515708,1003.088373303966,20.970780391267517,9.115338230957828,238,Spring,Guangzhou,40.99238327073061,129.52380814072708,Friday,8,1,2021,Cloudy,97,2021-01-01
107.2326641380897,77.8470601781352,81.66732801189289,33.46659226266486,3.2949878716629355,33.121063548690415,19.62314946880132,92.85081966196778,2.2256141346418223,114.643779779068,1034.0250306943476,36.404034936311966,13.049182470509011,30,Spring,Shenzhen,29.4467465366894,112.64022788705356,Thursday,4,4,2020,Rain,68,2020-04-01
53.39032283235032,262.38932267306336,79.80380669615985,46.53339272834323,2.2707684032569477,175.5509232876694,20.36325597402104,53.38472785013788,3.2726466675130137,300.96639072664414,1029.9444961702004,17.826781139808467,17.28413663120023,4,Autumn,Shenzhen,39.91881824678727,90.26225983525184,Wednesday,1,4,2020,Clear,86,2020-04-01
120.31177114221823,189.2864625986226,30.26690931650371,8.895230768883106,2.5278301923567263,87.14681132472361,39.798754783277616,38.88986327880531,9.915720165928704,151.0004375401698,1016.6129515754866,16.193722491495254,4.829848215311239,456,Winter,Beijing,28.766018161515326,125.22978179723358,Tuesday,19,10,2017,Clear,18,2017-10-01
89.3839183994633,284.5333501431284,60.75656098586988,10.749731987087848,1.6734518303698764,56.93005664523307,24.160659068099832,84.14972148886528,1.6542313893633442,207.7263466858741,1037.8063261789268,44.69080709083772,17.596167443947607,304,Summer,Beijing,31.51563280397756,116.62957616803368,Friday,5,3,2019,Rain,19,2019-03-01
189.9168704804908,193.8965750527649,79.42705801565207,10.795499794554324,1.313106977022226,54.43680663438553,33.410771326043225,19.40931316617671,2.267295895020771,191.20402282797855,1046.2133237474104,7.315811962674134,1.144073101985596,11,Autumn,Shenzhen,37.7718333369632,98.1599596254518,Tuesday,2,3,2024,Cloudy,1,2024-03-01
231.80088780122557,71.08775284743743,7.345709742102247,38.55065412438145,2.15511933347234,125.94016504493148,29.89720651747757,47.40451378682312,0.3222637833067532,247.2831166556614,1013.8333242195864,20.806469579281774,11.028967373832634,21,Autumn,Shenzhen,48.51800419659413,100.66479929341271,Friday,11,7,2023,Fog,21,2023-07-01
74.26079799703265,162.25826533638644,40.61166095847092,49.75133810607409,1.0508289836318678,163.8645983958557,-3.758852116706192,24.655699028240285,4.052612466564327,340.9566086062687,1040.083027802388,44.62655041880312,18.355793624984187,156,Spring,Shenzhen,20.536264716060103,91.66214681200184,Tuesday,21,9,2024,Cloudy,45,2024-09-01
92.66937114309388,234.79614039304505,76.02988951825918,38.202640560472325,3.951059754903629,64.75153572996118,-1.961303078797624,81.8237932937883,4.772931679433425,202.25052301533185,1018.8290876393532,38.35326573363802,3.0918182697072893,219,Autumn,Shanghai,38.11714322409476,100.33985898447484,Wednesday,2,7,2018,Haze,67,2018-07-01
189.8305754146615,110.1261532797153,88.13927199680036,36.10053144248391,1.5219617960284766,144.83627565267145,15.219468948098108,65.43217792629352,7.187834728845171,305.5423875348602,1011.1024182917604,14.62159142695692,19.41281836770575,144,Spring,Guangzhou,23.89060022713713,116.72527845104833,Tuesday,7,9,2015,Haze,41,2015-09-01
10.210351810788492,144.75207859642683,88.8960432714743,19.675828317560967,2.429216553619471,57.45339164726342,11.31684094481388,73.42297016401236,0.210201199083716,150.64127599028788,1028.1112094409025,16.752297637682208,12.261923752316706,332,Autumn,Guangzhou,46.470322563294175,101.84672393068053,Saturday,4,7,2021,Snow,54,2021-07-01
60.68844544808321,142.3843273695726,71.36645039349082,47.67690208541629,3.693988415523709,43.60709483178192,29.45296554829117,87.99942481531858,5.201912665299485,29.193494005404943,987.0122162544566,9.92656380850802,19.80117750733512,263,Spring,Chengdu,30.09931404693677,90.92752823555917,Tuesday,21,3,2017,Fog,78,2017-03-01
190.0699273223749,100.32650548614984,73.90436168743938,30.614313359487884,2.6913227465863234,188.3153612788995,10.4789336023069,83.95616966521025,8.492650253300306,131.6741460363164,995.1116826019204,1.0691847891717232,16.277982386122464,125,Autumn,Shenzhen,45.35970549753503,100.5450037248585,Friday,16,8,2021,Snow,18,2021-08-01
84.12842803868803,204.01716881374605,87.90670776583163,20.08929289974301,2.73407594596868,173.96537774837182,-1.5138639619706602,22.822174409875977,5.199343216842384,277.45135445581485,1017.556170903708,17.388463480391326,14.120443153068988,27,Summer,Guangzhou,48.39593383048796,100.32350541658016,Wednesday,12,2,2018,Haze,18,2018-02-01
49.99888728765799,97.58995143097547,93.2110145412616,37.227699348973445,2.51027603674846,105.5668607157506,4.513878948431236,83.06252993148996,9.215699985578391,320.3758514721559,1049.8948336179908,29.74892210019365,1.1361940850425736,172,Summer,Shanghai,30.184174260691112,121.32460916391427,Friday,2,7,2020,Clear,14,2020-07-01
247.76434576664585,194.9234931518286,46.02483509582905,16.021072680822865,0.6080208865397224,90.27410624640495,-1.7118960759436828,73.40030997245546,6.642029126488428,195.2511766254414,995.3626047131348,31.745112294569257,9.43885363174038,223,Spring,Shenzhen,34.44105751680415,95.11089773097852,Tuesday,17,4,2019,Fog,90,2019-04-01
121.18594904493943,160.19315068999796,84.72686167766969,11.233068154285776,4.734229828336312,126.5410702692642,22.488466792064614,17.368785633448045,6.250367321304758,342.289732716735,1009.7735899714012,40.72789718750086,6.771191555447814,159,Spring,Beijing,48.27459883650464,90.7025599333501,Friday,19,10,2016,Fog,1,2016-10-01
130.65905027597586,197.32826937556064,50.68133103678736,21.937817610852544,1.6557127430315168,11.37845502007865,24.0739860904054,66.77202835600193,6.191678885526327,278.8728370604591,1001.3109610358256,42.67620850730399,4.795308802924068,89,Summer,Shenzhen,49.52159797298205,119.81071136066382,Friday,4,5,2020,Clear,83,2020-05-01
206.19833265281727,155.60497061434324,75.66969841553126,44.30936547661825,2.788409169194443,105.58401747690802,-0.9048601011715522,83.48426274128796,9.23832087432663,345.44104288127073,1011.22273714082,42.448230837858205,3.3724872200074327,490,Summer,Chengdu,34.911527205333144,116.23402834582026,Tuesday,16,7,2024,Clear,81,2024-07-01
54.21943442307772,254.88970413598065,50.32202366222606,33.54647425857526,3.149712225748413,194.9666739795215,32.65200323813309,91.20262158154924,7.124385365191055,46.16751662448176,987.198314223178,48.36454819346045,16.6470921623203,486,Spring,Guangzhou,31.8171863609364,92.13828007972086,Saturday,16,7,2021,Haze,66,2021-07-01
237.3219994079684,63.930028071335336,20.54732448363349,18.61411761541124,1.442646900273528,105.79702022393914,20.1708899583036,66.80922273833545,1.771376659678913,239.5679724176199,1036.3847610726018,15.727301751331806,4.463966115580955,474,Summer,Chengdu,40.526294368124425,95.05771982961204,Sunday,21,2,2019,Fog,65,2019-02-01
214.38876188182616,107.36358133763386,74.0217303662359,34.55231262156183,2.6924492115337637,180.37162803103092,24.023205358654536,40.09457877521871,6.070720142144337,6.78707486841057,994.6798871985882,29.42990323581406,11.271008090262612,326,Summer,Shenzhen,31.648546253447165,99.33899220035416,Tuesday,3,10,2022,Haze,73,2022-10-01
88.837567190883,281.94553774258617,56.92538176794498,43.69757565475387,3.800961661291166,98.2955596710389,-7.119542645240747,98.00031039921164,8.322301687339198,117.11863933428336,1003.0980247945944,37.1356255392438,13.305265188336884,201,Autumn,Beijing,39.33767110628576,92.42026621685508,Thursday,20,11,2019,Cloudy,50,2019-11-01
131.9058290966393,50.95166663477609,6.928386917515402,27.17849657097194,4.062176338074214,51.5848925237558,27.219341433651,64.42505216501155,0.7972917391732448,175.74931645461055,1037.7511083790043,32.95585499923989,2.5671144017497025,314,Summer,Beijing,33.269426853794,102.11409597514836,Monday,8,3,2016,Snow,5,2016-03-01
220.52740702100292,291.9552997124625,91.95612086239754,1.5083389717080822,3.473172412029594,33.200545876149135,33.62827198506046,44.72614395376109,8.759794822998694,169.24664561434994,985.0052117673235,30.250966322046185,0.1483761438989108,33,Summer,Shenzhen,41.113786974032976,104.3009209781938,Saturday,5,4,2018,Clear,28,2018-04-01
99.87539245430104,201.63804355209285,30.567741423281976,7.938455907539269,2.935620340164563,115.0411320296589,21.346044330992545,34.40893865420691,4.71031613493155,1.8317193731664805,982.0171367085264,33.83683069992169,8.639095363262848,42,Winter,Chengdu,38.02364856157151,129.70064588911282,Friday,7,10,2015,Clear,95,2015-10-01
189.3684543618052,161.82649904327408,45.37616814041156,24.43421263084688,1.0078465735688449,52.17613909946133,31.64342359571964,16.52753074244533,2.443260965845766,99.44039720917009,994.4856485153276,1.2710815369031847,14.8951954279148,261,Autumn,Guangzhou,34.43157967291455,99.70613039272573,Monday,0,9,2018,Fog,19,2018-09-01
157.90287760892843,28.269931900337827,88.32117936577893,30.36201934706035,4.435584579005914,87.67544414811113,28.87629576536564,65.45913960441922,7.843776764195855,59.49545894363645,1034.3099568625084,0.050928175749404,6.49755786827863,175,Spring,Shenzhen,39.82257995325253,118.69123955955092,Sunday,20,5,2018,Cloudy,94,2018-05-01
211.4048285987357,118.48996338129028,59.812564937434665,33.18520175394447,1.021495544925775,118.80385543498844,29.806569021106235,81.95285908918663,2.450778010842095,193.7131319569158,994.4581135593538,10.038684108163215,11.34434154003909,298,Summer,Chengdu,44.8819750352922,120.59130025798896,Tuesday,17,11,2016,Fog,85,2016-11-01
154.5060508021827,215.09996186872337,56.96787685008947,30.30572491889329,2.3281536349621264,125.64427690276996,24.96090820555375,49.06447559109284,8.03498466416407,130.48903820780012,1040.2374447569127,36.28408690348381,6.763450988773376,267,Spring,Chengdu,29.79487439545153,101.92315698090972,Saturday,9,10,2018,Snow,99,2018-10-01
69.68084317884782,94.0760501416664,39.650603114268506,23.82144326939795,0.8951623109318618,30.87140145636431,-5.334027584154557,62.24934773389504,8.19235105372748,273.5188450559561,981.8380393101304,46.22772735172514,12.774992576777777,121,Summer,Beijing,22.854478991066788,93.50316026995276,Sunday,14,5,2024,Rain,23,2024-05-01
243.6313856842068,65.29147519086122,67.18431110620412,38.21161287773245,3.937030869877773,165.5241612918721,-8.384798037904108,81.8110094238768,9.281070227521042,163.82628523263895,1028.9635090853312,26.435937199860348,13.02933286875436,4,Autumn,Shenzhen,26.64817032191471,101.5386120070186,Tuesday,13,7,2017,Clear,66,2017-07-01
181.9151249293917,89.11944501828141,57.05766136978547,49.93475231726197,1.9367532369481304,189.85306721270592,11.795056456861396,38.73152004400012,3.0365657091582223,192.0267585680353,986.2984227632712,0.1625892763852998,2.548973762789288,11,Summer,Shanghai,48.45279578460767,126.33851540063849,Friday,19,9,2022,Cloudy,39,2022-09-01
62.33416804826148,249.497672635122,56.12223721309679,27.67743678764761,2.4894807050358154,32.77873335513743,-2.645422590398785,90.48296627222584,8.013533640685605,332.19853792106807,1012.5239859386976,35.24719311956857,18.184986091449225,480,Spring,Shenzhen,32.73672127774988,121.37689703103013,Thursday,22,8,2017,Haze,60,2017-08-01
67.52408725556971,111.6760810816305,53.19929293915407,39.14808086218458,0.6957319115147695,43.62770425271772,-5.001811960310273,74.50662286519818,6.698696034525233,183.27636444465008,1003.2234255737374,49.74468524337778,1.3126856324853955,204,Spring,Guangzhou,45.61458982132383,125.9364780048235,Sunday,2,12,2017,Cloudy,48,2017-12-01
44.18540748893358,121.42877637728569,83.58416587939554,15.348770670613744,4.12672791617192,161.13437880782715,36.64705936842947,88.15342277771485,9.920319331885906,236.6185046534515,1041.8993185763286,19.77735166647835,6.2738676593352105,432,Winter,Shanghai,41.40445573634052,107.18046627590611,Tuesday,6,8,2017,Cloudy,25,2017-08-01
48.162719476374846,215.040800018651,21.231468059555567,11.887513760510398,0.1982266616348006,36.9246408399424,38.86388417928581,93.0967258927384,3.3364596118006173,336.1696573276529,1038.5000387908483,26.811440979761,7.041607080242584,143,Winter,Chengdu,46.54632339430421,98.19196048700924,Thursday,13,4,2016,Clear,98,2016-04-01
138.8188995190518,280.44219276917664,83.71540162455871,4.609798738742075,1.3904151142365762,28.850671276983363,39.18838664846491,52.36516891338534,6.563986928403132,122.68374896025746,1000.9509202221524,1.0608319115724465,12.62738212396884,191,Spring,Shenzhen,31.839891384956807,90.26948527626828,Sunday,20,9,2022,Cloudy,83,2022-09-01
33.19040406307608,190.8153065054221,56.96896120668723,36.48813262304807,4.269826773530795,195.84565183954587,22.69612179529261,51.42205776604468,5.454555180238357,183.7256087853138,998.166910535972,9.898825683929855,7.854718639866337,31,Autumn,Shanghai,35.99068597196593,100.7258063913084,Monday,0,12,2023,Haze,66,2023-12-01
97.31906730957212,250.52384969436457,59.64952346098881,18.470643209553764,2.236195227606616,77.2571121026249,28.25318778450328,10.9522861577724,8.814734474708947,58.51014215555735,985.50724675684,4.549019796787951,1.1851277708180208,121,Winter,Chengdu,49.591084748102304,121.08124173476334,Friday,0,5,2018,Snow,35,2018-05-01
89.22148359836856,114.27735610162225,25.59124940672033,10.15568465890139,0.6898852687850592,192.85919077557773,14.596933299387068,28.71990045053412,0.2995766768032137,238.28149798684336,1011.1599488336336,27.080947271652903,0.2207396235645346,4,Spring,Beijing,33.86561986406157,122.72703736249568,Wednesday,6,11,2016,Rain,4,2016-11-01
227.2790913732568,116.99506825158328,8.854646375805071,23.57049949304231,3.8956166547135487,39.94849956782348,16.12372932118589,39.477613877838046,3.609477746432908,192.55572890351465,1026.9741672998418,29.62054190066125,0.1435930701867519,342,Winter,Shanghai,42.44980208295744,109.9780987929949,Saturday,9,9,2015,Haze,24,2015-09-01
138.98626280745347,36.44648594025366,44.175729885429824,4.770943314053179,1.5050189436758314,71.89758840888462,11.796114147909222,41.71905670437408,2.073239677534282,173.32238851425427,1006.7932680628048,24.788549695544663,9.386472452184616,53,Winter,Beijing,41.49901310530571,124.24013187495166,Saturday,2,4,2021,Clear,57,2021-04-01
89.297549244697,162.1589790769799,28.815490102522684,24.999269440359857,3.4832257516211533,76.51517849476497,9.232103930401152,11.041605750601114,2.8205111498263555,336.8414364367351,1025.3245007265723,14.585916437927851,18.664260987404447,20,Summer,Chengdu,40.59093464148904,128.6804540206227,Wednesday,16,7,2019,Cloudy,31,2019-07-01
222.8064035208862,230.7812813271637,54.71372730649052,8.85020118713858,4.21107812169364,53.35727375783761,34.29881986761265,18.040375078636693,7.44861138942674,186.4152396785302,1027.6405990651997,0.643957142725976,18.240376272576345,304,Summer,Beijing,37.25613659452905,106.03931252207916,Thursday,7,2,2021,Fog,75,2021-02-01
141.98964481392963,271.3976563056541,79.97940931876808,33.5023168768973,4.326110053006933,71.9406396899164,29.06603814361943,58.27076865783917,0.1571266294673934,190.942851258992,1003.9471710824434,38.88382718722539,18.200910112467653,140,Spring,Beijing,46.402121411879534,94.28489488631844,Tuesday,4,5,2019,Haze,83,2019-05-01
134.8099302450641,29.10159329082845,6.39564434813402,45.0448511565488,4.96814635915668,108.27182408940249,24.218228572466764,71.88556195967755,6.721030432378015,220.7966890432367,1036.043521420604,40.4391693654705,1.9063673685890548,427,Autumn,Beijing,45.64942215243934,124.61032769385082,Tuesday,9,5,2017,Clear,75,2017-05-01
127.72261515550096,133.65114404150594,12.94821326632134,6.60487623387198,3.617284724762576,30.454708437260567,15.45854892256991,73.93640788209558,5.081263651185084,349.9168289397316,1038.7548224003729,32.84977617073434,11.71047532133663,443,Winter,Chengdu,32.65583037512361,129.00329453408756,Tuesday,12,12,2016,Fog,86,2016-12-01
55.07663058377774,26.943768824841992,54.11146089668853,39.61978408487988,0.827263972221359,67.51825445698654,35.08379314245883,99.07925224703358,8.7395435827018,178.29936729026258,1013.7321099398508,24.87697632720362,8.602175770047975,294,Summer,Beijing,26.606689551218803,122.08056680073248,Sunday,19,11,2020,Haze,46,2020-11-01
159.95070821093557,158.64026365859914,85.27152839677109,46.60087911897571,3.3822669092957454,78.2486254543451,30.53323774853282,39.4691955973754,4.941822591017217,271.3993709346913,1012.6961968832204,5.938930780722868,7.724443143207361,405,Autumn,Shanghai,45.466087094222914,108.93979818489986,Monday,23,9,2024,Fog,41,2024-09-01
179.70238823385793,145.0583852246401,93.85517837043912,24.13198149110199,3.2205611709861377,175.83437187066357,0.1976584521853492,14.1705266891695,7.35998796836879,309.92049799601955,1016.3909249971726,35.66933841782357,1.7587892928759952,92,Spring,Beijing,46.45932943456373,115.11210839966328,Thursday,3,10,2021,Cloudy,9,2021-10-01
36.96974550871697,121.78243585315626,76.25964626209358,5.615743055811789,4.163916937568063,180.4648069666084,-9.925700788365384,23.082790595268985,0.2439618467520521,175.60742544106756,1028.739950832943,0.131591241836193,2.815466901947046,249,Spring,Shenzhen,44.78886645136112,126.5830442534943,Monday,11,11,2017,Clear,36,2017-11-01
60.04178364048918,235.6255487318268,17.071990800233667,8.507946791147035,2.081228443372721,107.82171965008914,25.328473800806385,63.43106299255948,8.689907936212164,216.59576526480453,990.141411627772,12.170836602143954,3.479150688407441,105,Spring,Beijing,42.98623346280624,96.92628742942868,Thursday,6,11,2018,Rain,67,2018-11-01
161.4475415911185,120.59970164236027,41.8057035826646,15.550948937054002,3.617041456411053,152.24672234642577,-2.482191678519637,39.511704554308366,5.291060240998219,278.5517407027008,990.4929677060854,44.65726973190958,12.760141025163476,159,Summer,Guangzhou,36.40379802017843,117.08832814903894,Wednesday,3,6,2016,Fog,74,2016-06-01
27.73179390023354,46.04682696531179,25.00386876114317,36.23269200354387,2.517539364089308,144.32864979351518,4.59709759708705,17.806723049456497,7.599658221573474,126.7598437277163,1035.633288650879,49.66006687419778,15.14705615178752,198,Spring,Beijing,28.975350196817818,129.7011717538182,Saturday,9,2,2023,Cloudy,10,2023-02-01
198.7603969326117,132.01605994731642,22.27727594491841,39.83682999153859,2.94463637309886,69.34975221983947,-5.592869963174731,96.78171476522864,4.306366463390798,271.3465922244362,1034.8620659739886,45.564357883807496,15.406734071308602,77,Spring,Shanghai,35.8928356908203,116.19758235197304,Wednesday,22,7,2023,Fog,54,2023-07-01
126.22691552456196,27.303049204592227,80.15430565767748,44.77858129940754,4.8045618508103685,22.777724018715,25.118765418289527,29.474677465002657,5.491823447445862,109.78977051301526,1033.9625660048505,30.42436352137005,7.723605368475649,484,Summer,Shanghai,32.09616618189899,104.1018471282797,Saturday,10,11,2024,Fog,91,2024-11-01
239.593392381682,38.76030750103034,10.719832877793095,12.288620623145617,4.176729175332653,66.60629263691177,14.245575809119885,36.55629916079394,8.083472995537369,58.06278222745848,999.0483512562708,22.827854667771422,6.628101508645503,279,Spring,Shenzhen,47.84713135233718,120.48568347094198,Friday,2,9,2021,Snow,45,2021-09-01
153.7515809173505,196.24373704612225,66.49026653681138,38.76527399599654,4.979558033077731,175.1053233583083,3.5546535531258563,26.412000923070465,8.153238307934194,157.8580202364637,1020.9692199701404,0.0766029697175318,12.15038878911121,90,Winter,Guangzhou,32.016494107733,120.81676255137432,Thursday,1,11,2015,Clear,68,2015-11-01
16.410249217024216,116.39107744142898,76.56347867470554,34.494901761727355,2.149627442809749,11.60898594010441,-9.293817573332472,94.53455144082844,5.992292028458497,197.30906281991915,988.2080351895528,31.76411347879664,18.83069547743983,267,Spring,Guangzhou,32.75762960830642,108.15324382900351,Saturday,5,8,2024,Snow,99,2024-08-01
207.08838824248772,26.22254091703372,91.87774227103404,5.121038487548919,0.6023394514505557,140.92767388387065,29.05112996131648,94.97637527411555,7.100585858236909,46.45952909570625,1010.0820960488356,8.67104277161605,9.497125765257692,124,Spring,Shenzhen,25.74303038187012,93.08274511093065,Wednesday,9,2,2017,Clear,29,2017-02-01
67.43283719137298,38.25200581333762,81.4059556836601,15.349877794551304,2.417555785852729,68.76312623464025,-7.092376580172369,26.767419967291303,9.34790472298773,120.57313689109117,1041.0199829339272,20.21156402587216,6.100890018998081,173,Winter,Chengdu,20.83870615587563,125.47913244606733,Saturday,9,2,2021,Haze,53,2021-02-01
85.30700822110296,287.4689343330378,83.35994921343641,43.88093357603637,1.7614013726684303,155.50031398179482,4.934272407756433,60.80937533762557,6.948048413447625,139.43520657901874,1010.6816847778437,31.655370811994803,9.846095922163585,351,Spring,Shanghai,27.47608994124611,113.92330524113288,Saturday,9,10,2021,Rain,91,2021-10-01
204.48435384454,256.56824494777453,70.48833779087187,10.872419633712584,0.6549028462253393,154.42214478874837,21.503254037908285,35.48417896019214,2.110348390568664,192.25018287020356,1028.0221907738553,48.024729020533904,10.992827050780374,392,Spring,Chengdu,39.64760841700932,95.1859043375273,Monday,19,4,2024,Haze,96,2024-04-01
132.24960408127595,264.00470721314707,89.93482242142134,22.091399078548715,1.1818398135290251,25.00579958745395,7.365108837444087,19.960268586483046,3.271945286425145,204.37142512064435,1014.6984418588244,43.110326522875525,7.335250545603312,462,Winter,Guangzhou,36.07730435399654,116.5260137723604,Wednesday,14,4,2018,Clear,33,2018-04-01
91.96732844174224,99.47021982206144,20.430375540368303,14.089467582398756,0.6062356595661831,107.36305475180716,39.3764308547098,51.47003917127918,9.870217071647373,278.026132440357,985.82909492283,22.15597161605839,0.3048206719245474,301,Winter,Beijing,26.4835835091769,92.10563150312962,Monday,12,10,2023,Fog,97,2023-10-01
76.06444995414091,142.47932667159748,68.67093510744381,37.47339685938145,0.6124061469752823,199.1430436094234,8.115075698776412,98.41393128004825,4.058921429807556,297.2941065011776,1008.8692193239416,15.451484206648392,19.5130164006533,453,Summer,Shenzhen,26.93648099702517,116.5721598003224,Friday,19,3,2016,Rain,9,2016-03-01
184.1218707226948,133.27416974088203,91.54975658475182,16.3084064557343,3.7675034384657895,49.50340128327099,-8.744273033488117,17.286046098166384,5.542028030214922,237.20046524286343,1022.5680311151588,37.0408175200592,2.288212699760032,129,Summer,Chengdu,45.51691521537336,108.62323446248055,Saturday,21,6,2020,Rain,50,2020-06-01
212.02103515824228,116.66241213113815,78.64158633347245,38.3040203835485,4.624399731750238,24.97885697366088,33.66638968614869,15.585738504645104,8.63826661383604,294.03216008120995,1048.7059712334012,16.597899019637463,6.013810039240586,340,Winter,Beijing,30.695639879142945,129.05837707489005,Tuesday,17,6,2016,Fog,79,2016-06-01
31.630048949738267,176.46969891476496,51.04161162913713,12.94758630271958,2.284944169872435,188.93708325931792,0.2262617712781676,10.15771095155147,8.686296847297827,98.71837323210512,998.489171737548,16.67395060935907,19.292700669367107,402,Summer,Guangzhou,25.87955154320582,124.52436569853896,Friday,3,7,2016,Cloudy,93,2016-07-01
233.7049921566201,232.104669482488,30.0422209316046,27.20195544744473,1.2071160731641697,158.14770543215968,22.687949490145197,35.755745964111696,3.538398288424547,279.5787237622089,1029.894422961656,32.635698933748955,5.92210363831661,374,Summer,Beijing,33.01406488425601,111.59144408639918,Saturday,19,1,2021,Clear,92,2021-01-01
81.89099927390566,106.12741876598716,44.13810020110768,35.582432755546975,2.002521852944436,197.9992145975766,15.761338526946272,52.00550935681024,4.712181223815865,130.52069666578578,1040.5663584137749,45.63836939583725,16.73813989527623,207,Summer,Shanghai,32.67541444498211,123.55362793049396,Wednesday,15,1,2019,Haze,9,2019-01-01
206.32142086385755,282.22902823764605,85.35980773644432,26.04365368349001,0.5735732011308678,135.15627937451504,19.363762531785103,60.07096497099322,1.3876294436141112,154.70015029635113,1035.90370521,41.53695424355605,13.701645293820665,495,Summer,Shenzhen,34.02758425613678,128.0978174019852,Saturday,16,11,2024,Cloudy,55,2024-11-01
38.40696034456926,240.13391921517825,93.1381807594136,22.054341160586244,4.349175734617092,10.916190693973608,35.91315036852992,53.82334100792381,9.369453103455784,76.33558347782554,986.0173463650424,19.45762158861509,12.02485367888558,105,Winter,Beijing,45.00755740873868,107.03343353778904,Tuesday,15,11,2018,Fog,28,2018-11-01
221.04931400204995,252.59109354956928,99.00368146444336,26.89747285308082,0.8810891145804651,196.5025464546316,-4.84908420829376,46.76048136650476,9.32253902260616,71.35065010523348,981.741025312458,34.451135521137985,10.200712820926114,398,Winter,Guangzhou,43.63102565496662,129.04915112373294,Friday,7,8,2023,Cloudy,75,2023-08-01
78.63501095225656,143.22603508405348,28.42372204329514,9.491804292009542,1.4593602572296636,109.26113916711948,7.7679830307480096,24.565852132313797,9.449511744511934,25.86603950913927,1038.6519161126848,20.879612822849342,10.859275705042275,207,Spring,Shenzhen,20.743902627173963,123.49864266852174,Tuesday,2,8,2018,Rain,36,2018-08-01
132.10692500914706,105.16308665958422,65.16217470649384,45.34602734761222,4.885104825314791,150.10078786528211,29.085190307655267,57.640581452108094,2.4789089177335697,134.2229947118755,1035.6984276397402,42.96357067810925,15.36548214215878,457,Spring,Shanghai,38.21795289290928,129.07483224210063,Sunday,7,10,2019,Snow,91,2019-10-01
102.77134132975668,59.34726550211765,30.338333268976545,17.375179994142716,2.7999811989934105,165.16518088976818,-5.150991712086203,99.98028854468323,4.126583793909841,18.79221733859541,1012.0519563489196,33.05077510430608,5.05966725090149,62,Autumn,Shenzhen,29.53706476946024,108.4445167310579,Sunday,13,11,2017,Rain,98,2017-11-01
215.9644131667724,199.5052905425458,24.34521823895744,15.30829426614411,4.044539156279511,52.0090923087788,8.980188230367784,83.72666960216738,3.625055641321109,268.82731800229806,1026.1405759450638,17.937957978156938,19.780060972390817,272,Spring,Guangzhou,47.30935430742666,117.60509712515758,Friday,19,10,2016,Rain,31,2016-10-01
206.17502909907336,97.86877349332408,20.80760664528672,18.28169674892375,4.82499174048862,122.24022855070253,24.9548447825251,64.10202193177017,1.8952368978327885,79.59643004986727,1046.5811598121286,33.97773660077689,16.41796314937398,409,Summer,Shanghai,42.47982221810497,102.62246067052104,Sunday,0,1,2015,Rain,93,2015-01-01
204.14844657953267,123.44255733185616,36.42956503997089,5.026249071423049,0.9271887732191588,112.78939356659548,-0.1810899312417859,27.104503220907457,7.944293923931715,327.73969788239725,1017.1616831866604,40.53472337053295,1.89175956611348,108,Winter,Shanghai,32.26833781472898,106.59149367837774,Thursday,20,11,2018,Rain,12,2018-11-01
16.909651631054654,278.7929615555803,34.42902632638104,16.74444216171601,4.529800594358258,121.68771410873936,-7.472562810999791,52.32739549165019,5.575890345767249,54.426531689491874,998.374666372842,10.515189793422902,18.53794064399645,0,Autumn,Shenzhen,43.506118213260095,101.69622192667934,Saturday,13,6,2022,Rain,32,2022-06-01
76.33180230376576,218.2279103759195,8.52208408528207,31.77260230822813,2.3507213508392297,83.29882959666097,36.919794719909966,13.803006133268855,7.287335357391338,241.0836400851341,1023.2260599614784,15.284448111238865,8.588760976484417,364,Summer,Shenzhen,45.969418702598034,123.85194166342362,Friday,22,3,2021,Haze,94,2021-03-01
131.05086819658476,114.29543953697764,91.4115592010104,8.3355513978746,4.358409071657166,186.17909405947503,18.10164048001455,46.843991965503385,6.6866617036091816,25.420411336773427,995.9026763585232,12.690690655668224,13.46048174507932,489,Spring,Guangzhou,37.06183433748678,120.13725569955712,Thursday,17,5,2016,Haze,60,2016-05-01
66.88289154962683,138.79012980793186,94.77570156786864,42.89304262358598,2.8788097886507007,71.42503841486081,-8.316602933302399,86.76937972617587,9.03549789108436,271.3921397457541,1048.9527604870427,14.697216369700604,13.6240063490663,465,Spring,Chengdu,41.73725311184356,114.24351409519458,Tuesday,22,4,2020,Rain,28,2020-04-01
115.2311003050331,98.64447407224756,74.84846856968817,8.039431132290819,3.262976086025223,90.37897211718202,-1.4738373884537044,27.777360630097387,7.285465618706045,210.21847289164967,1033.92356138616,11.088689794025768,12.029919378830355,33,Summer,Shenzhen,26.264575217632007,103.07202883258172,Thursday,1,9,2022,Clear,57,2022-09-01
176.0034318587778,249.7581632712079,20.827138120719763,33.246235995087325,0.1305277782794638,98.6224897565738,19.212504405766254,29.943833704341817,1.79482047923039,260.7494478277118,1045.5115498812488,43.98845699059077,10.610914834682251,199,Summer,Chengdu,22.08593890933192,124.06396950434724,Sunday,12,6,2019,Cloudy,83,2019-06-01
81.50781022740368,242.71963887849608,91.3215042358226,22.11290295355224,0.7623919784420808,177.64853840479444,2.6415911379776755,63.76441067673944,5.314523449307305,49.41983830670255,1047.2912960022456,47.77124378088902,19.74721158087681,291,Winter,Shenzhen,24.187182563549698,111.7649587875818,Saturday,13,8,2024,Fog,82,2024-08-01
152.13799383987816,207.977533003998,37.98535229253935,33.0380861779902,2.333096762033563,107.20327476388265,14.0084276240998,47.28596438214383,7.282202657736088,270.0585583305468,1030.5636925461497,23.301559410274407,12.490475181859033,356,Autumn,Beijing,47.57742523960823,96.95498571468964,Sunday,20,8,2016,Rain,95,2016-08-01
156.4597728813791,141.76716287017027,63.40954886555223,30.085602185219795,4.0368910986247615,34.98018593220324,-1.6757095727345757,16.025144205174236,1.8743662294155028,268.1087944488515,1011.5942939553324,1.1770520737904244,13.315462374598193,121,Autumn,Shanghai,21.853090864061212,109.97903509038932,Tuesday,9,12,2015,Snow,7,2015-12-01
78.94913390876337,69.91424336210333,83.69567399607341,25.24852532700379,1.1076084708415377,12.809451413247386,25.768137333383063,96.75554063111731,9.323805206312652,216.5609617378023,1012.800920180753,25.797647865206912,7.728298348573044,29,Summer,Shenzhen,25.63164678198109,106.77552022463544,Wednesday,23,11,2016,Cloudy,49,2016-11-01
228.310729409934,106.62465579398496,51.87492356640812,27.815823448656868,3.462616079669248,56.04084941007152,24.415874686336736,75.47822216131239,5.772710857659364,270.1371157502168,988.9299138486874,21.16568710064268,17.86018744931555,203,Summer,Beijing,25.379505614807123,98.45867152596696,Sunday,18,6,2018,Haze,30,2018-06-01
128.86242063923743,235.86328572435343,35.63494794484882,36.09492126066076,3.061852093828152,118.66237093842356,27.42172245199068,17.29604624979713,8.817308340638913,56.23397167091166,982.4293247347962,34.79061034627358,4.928506988535267,81,Winter,Chengdu,38.99527327057105,98.5692825939408,Friday,4,10,2020,Cloudy,11,2020-10-01
61.67563639971941,224.82531670773048,66.40505852957813,15.86699897087107,0.1095026288948489,72.5338855082648,-6.346841778037751,35.65601952763454,3.2870552750435413,149.22050641810137,1012.6295073629398,20.872275241108667,13.620752263062736,108,Summer,Shenzhen,22.16410374506182,92.1825161317388,Saturday,14,7,2022,Rain,71,2022-07-01
21.43702707672244,68.39646389610208,19.44117971397685,45.47521951006417,1.984517763970372,50.1730489846325,-5.846849466700706,65.62269821860981,3.5135143103512534,320.8761781190415,1026.4078910749572,39.49208068431828,16.611531473457344,454,Spring,Shenzhen,49.52368074867109,107.16619080564092,Saturday,15,7,2018,Rain,12,2018-07-01
111.78195829796196,273.68601796351504,14.478439651438444,45.208760220821446,0.9992826764355536,36.99289101212816,39.54451675907671,51.79904963640075,5.695318754347203,270.878436016044,1012.836399716876,19.05967407019716,10.595408164840368,63,Summer,Guangzhou,29.728872833889472,102.06242710556889,Friday,20,4,2017,Rain,24,2017-04-01
241.23884139590524,85.41545657237421,62.87681635698052,1.79268352328104,1.6296947552040897,46.513982956294605,-4.704233129073173,92.5452472031018,3.804559325679463,286.3121083826721,1027.5040115447553,45.83208093686923,19.65764483751526,9,Autumn,Beijing,22.81958528699056,93.1555320506068,Tuesday,19,3,2017,Rain,11,2017-03-01
112.47076200959089,126.51854025560544,64.95135897193708,32.74780172937123,2.0531830914632745,32.58714485052293,16.78303417753189,80.12202159093322,8.243615335468885,288.027322032215,1010.5765274654638,38.56247043315868,0.9962955982330572,354,Winter,Guangzhou,26.15758295836256,111.31194012320717,Friday,2,9,2015,Fog,62,2015-09-01
180.42577630671877,164.63771135849532,71.27190245953675,20.0982774891092,0.2958323317920858,129.76204490623468,31.93324023367918,36.97924480650805,0.0661102355451725,91.8924464315815,1042.8391726944749,22.546976046965597,14.832296115277936,116,Autumn,Chengdu,27.76519693436972,99.1885978112457,Friday,0,7,2017,Haze,31,2017-07-01
201.959948697641,111.5503854370492,80.81239086487784,48.33330978351865,0.4949808550550286,128.48244796347387,32.78475628124729,18.06774631081086,7.007563718400913,284.98159308092835,990.1716917393954,33.289702277891145,14.5873693304193,215,Spring,Shanghai,43.497377550393125,91.81474091829892,Tuesday,16,6,2018,Rain,37,2018-06-01
49.564766279663445,153.32476730678871,12.542187169653484,7.438422421508132,1.8564649673895528,129.2012673178049,35.50105124439137,78.70207847560465,3.480546602381871,284.45309484462604,1012.5993225154124,13.569679302784992,15.290569723278086,121,Autumn,Guangzhou,48.3252920291179,119.97160610467908,Thursday,7,1,2015,Clear,17,2015-01-01
236.0915864893692,264.8425839705602,14.094062654127224,26.99761916477647,3.526164115632301,17.0341354238652,29.094301484303717,33.63899367404551,5.419309183443589,68.89643188711023,1040.521689420928,45.98800504859737,11.843832001166444,446,Spring,Guangzhou,22.56689361786296,98.34305361399268,Thursday,15,10,2018,Clear,84,2018-10-01
150.0343810109814,229.79841839534723,5.539441852430496,37.516148806271616,3.709162093754848,74.82180147297917,-7.567565684259716,76.98399603568588,6.165320920462954,259.80783327496414,1012.5066447048792,30.866640476374474,15.86435697815924,165,Autumn,Shanghai,29.04076184510708,109.98743687932436,Saturday,9,7,2022,Haze,56,2022-07-01
122.8141101974501,64.64312337060562,69.05576773215643,34.67397571852662,2.676348263376209,13.810353462472056,-0.983527262287561,57.77124505082927,6.04078645256775,354.29716282775223,980.8105763027326,0.0025077967901909,11.401888255923938,170,Spring,Shenzhen,46.39128215734801,117.70403590369654,Wednesday,8,12,2020,Snow,85,2020-12-01
48.94311642743014,155.68568418757954,88.84877461918131,32.949587917946495,0.6639698378833521,63.40578406581802,-2.8086146603838262,82.13373089357906,9.136410115342548,45.96546750568721,1010.6188016502856,14.804170180879478,1.1347497794741297,319,Autumn,Chengdu,28.33192566013912,102.11811313853453,Monday,21,9,2023,Snow,1,2023-09-01
160.4629184162079,151.51533896951278,61.9848433260353,43.004496845947216,2.380605468752443,128.86368374355274,-7.659282244171303,77.60148680829204,8.32988908600079,284.5971496853072,1008.5051627243728,40.70331855609958,17.725562188767242,378,Spring,Chengdu,39.62965818878767,127.66131604529777,Sunday,16,11,2019,Fog,5,2019-11-01
203.1454661427072,46.40990588991785,85.31003692790327,33.04951052629343,3.273930454861941,146.03444309865105,28.51251151568373,46.31857069761321,4.716994581632319,99.3223018191109,1028.4356479786964,1.7187953150783586,6.24062941407374,323,Autumn,Shenzhen,41.47976206928436,110.61923368800323,Saturday,0,6,2024,Clear,3,2024-06-01
72.66140427653447,108.17733059737444,56.202687224824814,43.04674000808546,0.7948771053279833,19.436517822346826,2.982058890816916,74.81355180095106,8.099033255913103,69.69283256146485,1029.538929695536,47.21828863714519,19.238514910592237,236,Winter,Shanghai,46.7896063529308,113.16361091543637,Tuesday,1,4,2020,Haze,48,2020-04-01
239.8843890246797,66.69171096417824,38.3919851180336,49.8156328505429,1.8567863896133543,45.91640885637361,11.896640338897178,29.45335801326153,8.25665686372583,243.35221894691145,1009.0179479068584,32.20240784483345,10.376832041365851,425,Summer,Beijing,26.65688333173884,128.82053657400087,Tuesday,9,9,2019,Snow,50,2019-09-01
10.908191659205553,67.57245401538435,48.17540492555654,41.95018396530715,4.65964367320084,21.197702861779177,6.4432216132492535,61.47400022188744,5.508986229631231,74.05790251973937,1015.1270367926325,42.92569952851882,4.847889604069371,370,Spring,Beijing,31.261045671807672,93.3272738391392,Thursday,18,12,2017,Clear,34,2017-12-01
121.52689492458342,249.63036329423488,36.474804928859,45.51189055447403,4.0747002706812525,82.6261013578656,31.8734681230482,12.7731419877105,7.576693707626566,267.7760144300232,1049.6784192636644,34.10631894266263,2.004264715453632,82,Spring,Shanghai,35.834431230157286,116.51565265991196,Wednesday,17,3,2017,Snow,48,2017-03-01
246.966160250398,85.35386036898807,14.550304870886286,23.872349513899813,4.923332024761579,16.752127840025615,37.20220279229959,80.53348853501704,0.1175827479313895,192.15991027987508,982.8048494988476,30.464997652158463,13.259867214705748,31,Winter,Shanghai,27.8964523700238,115.76619422845296,Sunday,12,4,2020,Rain,15,2020-04-01
233.51234646516696,264.2760330009993,54.66434742624507,48.81427253120184,4.403808152419145,116.801064046453,3.9929949136841536,79.27513530376538,1.524911106634751,329.7732284440582,985.6310029102996,0.7121240908871063,12.841172356322756,323,Spring,Guangzhou,40.10810518030324,104.2915805894952,Sunday,21,7,2023,Haze,35,2023-07-01
194.19669854493196,40.48506138256346,14.506468600191656,4.235504750497133,4.354894503245564,87.27952147778669,39.80802502105075,99.19209235130576,3.5953398258651914,247.1852420723004,1028.294000732403,43.51095506996244,15.318279009847522,244,Spring,Shenzhen,20.87258923250611,118.55061914409174,Friday,13,9,2024,Cloudy,86,2024-09-01
72.73926800931349,297.9680376732228,63.75505893664866,12.730935130577118,1.885005887658895,51.81646724663439,26.07471681270729,53.97133108825249,0.1018875115701067,292.54703784377045,1040.7777972682588,44.958064951156274,4.6404111238297165,215,Winter,Guangzhou,35.80851678567102,122.32726494351226,Saturday,14,1,2016,Fog,80,2016-01-01
46.077370465972784,152.48936897610685,71.80131214253973,3.0545646048144124,4.905341727610734,42.55542338819463,25.97103235646036,38.92548545306002,3.4611420719522403,105.42892387959478,986.9324769730644,0.3869318483894435,14.344607091609396,132,Summer,Shanghai,38.4151868994405,126.30429627081382,Thursday,17,9,2022,Snow,69,2022-09-01
167.625436815421,77.18776628540414,74.0438306466918,22.659248176440904,4.002145740367745,123.2184868699501,-9.290188751850025,69.73256776296097,9.89182679562678,155.80253300250735,998.2305718470452,0.5610489187965806,0.1065598371904191,204,Summer,Guangzhou,25.08899507046785,112.68438529111928,Friday,11,1,2019,Snow,17,2019-01-01
226.08938653138665,100.0459032151308,50.67769907122894,27.739181413280612,3.502097094247828,86.37256943591645,22.675471920094587,16.37696303448306,2.2851755325910874,284.2240069175998,1037.2353365545289,31.843859912817287,6.894673991324019,67,Winter,Guangzhou,23.741995827115247,121.28516393823196,Monday,9,3,2021,Haze,20,2021-03-01
234.20592605357905,195.8612527615602,13.602413725995769,44.581976444220885,2.383606350792494,11.885851673188018,26.488328247064626,12.903695072452438,3.1266447621015505,344.9230522173,1035.849361155869,17.40818271920455,1.5219510703661023,136,Winter,Shenzhen,34.9649908887254,92.13044368747606,Sunday,13,5,2022,Cloudy,9,2022-05-01
105.31035026744618,176.07649993933683,87.70194035396872,45.28312086948275,1.3175033743299376,58.72545621964511,12.819224723719843,64.57000747030128,1.7652734809634951,10.622657466735737,1047.6046256959942,33.09250208491193,19.77104502171629,386,Summer,Guangzhou,41.67633738791176,124.35445322751784,Sunday,18,8,2023,Fog,87,2023-08-01
67.51184637079103,80.97978510993352,19.64323938957802,35.18071366611743,4.030114577649152,18.46963839543386,-5.938854426267783,67.5009940734534,3.5305161169481014,326.0338862994123,1036.570060521984,40.30298346005033,15.10211020022022,232,Spring,Beijing,22.10509583458135,102.41377107951004,Saturday,9,7,2024,Haze,73,2024-07-01
122.37311845466114,254.24150919172564,32.98592085296618,23.90134612660107,0.2886280021335041,156.3715022522086,21.78460951916683,29.435228668031755,6.4372485438594005,131.72890438280578,996.0119166964176,0.9323442020951312,14.30152669637156,67,Summer,Guangzhou,49.6561613166955,107.83193817341515,Saturday,9,3,2016,Clear,53,2016-03-01
92.27333487123956,73.19664751177369,64.54489065826112,3.6571991982705954,1.6167811732949766,117.83976413795033,12.557409069483114,71.80798816164852,8.298903016568202,146.2769161347984,1040.480306299468,37.02730259768043,8.168007383841232,433,Autumn,Shenzhen,45.89618786618905,101.41067035295822,Saturday,9,10,2015,Haze,23,2015-10-01
16.223516635448874,56.67960161575171,89.13202459576117,4.118139914791593,1.6419788150995318,52.554693341764704,-5.07416442789392,87.67883622770485,1.17101689067326,155.01563336054016,990.9669317248744,39.4100399847569,4.237424148134281,245,Summer,Shenzhen,25.072008346714973,92.22516224296152,Saturday,1,1,2022,Clear,29,2022-01-01
107.38955794088682,140.75140250558613,34.925649077092174,20.27144187004653,4.059892376599436,78.49551916975396,-4.282509380922725,94.84555458774445,6.445702021192327,290.5054319622361,996.5906448802108,34.53924826250444,6.099749861966169,134,Winter,Chengdu,28.534465091057083,93.7489384898509,Wednesday,5,2,2021,Clear,99,2021-02-01
209.7963841069594,71.72935338096075,55.35125126426749,18.66132371439035,3.0064571732366097,82.4144334367799,11.15771934324054,73.22040054024528,7.787825149943451,27.2335890334068,1022.6249746409184,32.7129645147004,17.84280796107803,16,Winter,Shanghai,22.100190443355416,122.38822574043782,Thursday,17,12,2015,Haze,33,2015-12-01
223.1723343873248,87.02963683651205,11.220380296070008,48.008787640811306,2.797655829185859,50.57858633472183,5.304493944352249,59.08827633643049,0.3532443088167925,212.79817061137,1031.7479542526848,16.798374969249846,7.789310625914484,305,Autumn,Guangzhou,27.65570943573775,117.37211169046034,Monday,2,10,2019,Rain,54,2019-10-01
63.60518928146143,226.8839628034308,77.07195079340518,25.53394041567968,1.608126902962661,173.9786662399738,9.00853136667055,36.78076070753994,2.0644070837304582,143.13142466427658,1045.7134111506316,12.303075985067672,16.717516924129427,414,Spring,Beijing,46.88105534102128,112.57795929726512,Wednesday,21,6,2023,Clear,81,2023-06-01
51.85295737847642,293.4012768602628,22.746691329345293,39.27225603625682,0.1753502349959284,85.72229168071513,8.770881044379838,71.06851721249568,4.880087457267165,342.7506726985045,1017.1910687126336,5.625079633526219,6.1421879448253485,124,Autumn,Beijing,25.461522352844348,107.16782990235274,Sunday,18,1,2020,Clear,15,2020-01-01
120.1469524397916,51.08112008996424,77.73767648196922,42.27782381669325,0.7135378591606691,66.68630549806475,37.37752654926748,61.35908768393015,2.770135506602097,227.70036135205265,1012.7205056275268,44.24517251753832,16.719978225690532,50,Summer,Shenzhen,38.662125444382255,110.79174603132417,Friday,5,2,2018,Clear,50,2018-02-01
16.611097681223708,245.35132800042524,47.487628711662985,15.910450930976792,1.8260649803111824,73.45618899887201,32.34074583761761,34.97743796140131,8.990815663468762,232.0641116004283,1004.1786527771322,23.80814104973564,9.918390680125327,392,Summer,Beijing,22.998014396726425,126.75324270014234,Tuesday,23,2,2019,Clear,24,2019-02-01
134.47777968398293,182.7046145663218,86.83196796758818,33.04192802472116,2.165577482453688,176.50077776994132,12.801386708708913,52.90862060698065,7.390888146652652,141.77621138528383,1029.101855755397,17.114556941481073,18.251414426761485,457,Winter,Beijing,40.95133666206262,117.425324267738,Monday,1,3,2015,Cloudy,6,2015-03-01
221.3555536168452,253.0371407593236,82.7308760610847,41.480724802649405,3.02397011935248,59.48300579888577,16.053787764644298,95.86468309691458,5.0228726667831065,3.4200914619618272,1022.1038020686524,24.15087929330411,6.652253302030199,438,Spring,Shenzhen,41.24426996784708,91.23043993802192,Thursday,14,3,2021,Clear,34,2021-03-01
142.48510184994416,25.644039647708,84.57644282188056,4.432507689653406,2.1166281112841627,38.17311920580042,34.7737221222433,36.670534881176025,9.426583373328024,20.232506030098595,1011.4834927760776,15.716567494758598,16.066658627193174,499,Autumn,Guangzhou,27.71743172654669,129.9474191190589,Tuesday,12,2,2016,Rain,70,2016-02-01
220.70479966953087,223.58781119035444,54.99902461439351,8.658175460386568,3.337642797106913,53.86060324431341,1.1044276170260687,43.651754333161726,8.690133842691512,51.231119296932825,1046.597099149572,28.919582127551013,5.705223122156324,65,Spring,Shenzhen,24.005571693889436,107.96863686259324,Saturday,9,3,2017,Clear,40,2017-03-01
32.63012099191955,84.6315009027051,66.31858205968044,16.43734935657148,0.2449524979784241,33.14582234981617,25.075198130583587,76.24481016449182,3.2490785099263286,304.2323884012668,1033.0772352202505,34.21638051244763,3.2806464819662384,149,Autumn,Guangzhou,27.928447453607912,128.70473739758674,Friday,1,3,2024,Clear,75,2024-03-01
47.3761616791889,281.91452684377504,54.35857309224851,16.299167420858325,2.547668457950806,99.2934943947772,7.026227621361013,19.79029022727321,9.416542763958098,248.2647536243097,1009.7829157189934,27.742254690028865,16.566517317850334,285,Spring,Shanghai,36.23061777421232,120.88279544435257,Friday,2,5,2023,Clear,90,2023-05-01
200.9622301394704,148.48668876996226,51.22406154976446,5.487701986734546,0.8617997455052125,195.61887148437103,17.778391843273603,56.53987172470597,8.6520037617381,50.9485365035392,1011.3862228152072,9.34917145064702,11.638878793331555,331,Winter,Shanghai,28.073588637604185,121.54619744255692,Wednesday,16,4,2023,Fog,63,2023-04-01
73.7554019653557,41.91269315825715,8.76279981101595,43.85635114567874,3.135646250522882,191.16881759211552,-5.882571299366215,90.44152394830202,2.5728043658105726,352.27803667982846,1009.6373610818712,39.2586424954259,0.5555438451840462,197,Winter,Shanghai,43.69307974265385,95.41777970026962,Friday,2,6,2018,Cloudy,7,2018-06-01
112.2944078581821,292.9082861631586,85.79944921002767,30.804190728548463,2.01107729159931,112.4208484056905,-3.581692442361886,96.39267934664171,3.956372598194985,90.558668984923,1047.4185873168476,49.55281329783431,4.813544690774809,280,Winter,Shanghai,48.05861016063308,125.27849812123802,Friday,13,7,2024,Haze,56,2024-07-01
97.83185958531544,143.78327933569182,41.97364921039436,9.506320263572007,1.2172792711946947,147.5382176481323,18.18235686833403,69.08714686465552,5.371270005750399,197.28048832052127,1045.8782299884267,43.92757337803443,9.408684348296076,366,Spring,Chengdu,28.93462881280976,114.9307444253063,Monday,14,8,2023,Fog,39,2023-08-01
249.10757866778587,113.05829695066264,59.5112010862991,10.892120298778025,0.4272808421727135,97.91987381375914,-3.4963866984654777,91.13988188782866,7.533533284287367,148.758349558469,1013.7153516746592,47.13386412303744,11.65615481353482,355,Spring,Shanghai,26.891692520052747,125.24599961158704,Monday,5,11,2024,Cloudy,92,2024-11-01
29.036941833505807,128.17570933103258,99.75419761156596,11.873125173197062,4.475607547430321,47.67926186748031,0.237798194666702,27.24746993373721,2.8442822446072413,245.02016347332065,988.1053203759848,28.973403213688314,15.958554250550726,25,Autumn,Shenzhen,47.04439045386068,91.8359702880163,Saturday,2,9,2016,Clear,52,2016-09-01
97.36199593680722,229.3529513972153,88.58495476712987,27.71678068779466,0.1300641087371765,174.65474794904094,-9.022282674749636,98.661593211032,6.483861700593816,27.542007230367563,995.8571257717826,43.035983810608,2.3725214976777944,445,Winter,Guangzhou,40.546276318941054,116.07728842635444,Friday,4,8,2017,Haze,35,2017-08-01
228.3288159409659,248.58050291578735,90.0684879059095,46.272020498209976,3.418015911647006,68.48415710954312,8.897052710954444,37.6972209172922,4.385034191381445,145.10156634574344,1015.6271210021768,20.344183506679457,6.4723987882583405,87,Spring,Shenzhen,31.866965236471284,93.35227990683902,Thursday,16,4,2016,Fog,6,2016-04-01
37.51412843684569,286.677078585352,33.29462567311144,14.537087579289462,1.6280654304288846,197.46799436211512,30.59114912138466,22.288136592004665,3.4150535990476403,230.013138673104,1047.6246023977446,28.72572891664293,7.746034758904114,301,Summer,Shanghai,27.55167679354168,122.29878118401186,Monday,15,9,2018,Rain,56,2018-09-01
225.3738316362902,257.3369371778782,61.7032453426502,8.292776214274138,2.50062369173541,177.5956748127136,39.722737426008266,98.95663482976684,4.277862079175709,49.95929504739004,1031.9446296453668,2.4097759270713057,5.359136033746823,166,Summer,Shanghai,31.484768927820383,90.56669597063964,Saturday,4,12,2021,Fog,74,2021-12-01
244.60752764273312,96.41266986554804,19.292566101026537,38.727904871946535,4.476687935301248,46.27458171568663,8.586841387532445,33.91315432287561,8.859335942585519,154.72068277901698,996.3725653551136,42.9517551978139,18.133586009813023,103,Winter,Chengdu,42.76080001550058,90.19065358668672,Sunday,18,7,2021,Cloudy,68,2021-07-01
59.42427790827644,275.3694721202878,11.739455570439052,48.48704802928734,4.435486589996381,62.878058722449445,25.543618372890435,50.54208877968216,3.1402683678841137,118.58111276640852,1013.7897226526832,33.70305339634422,14.270176688791947,259,Autumn,Shanghai,44.21514301599255,98.25651371189416,Thursday,23,1,2017,Fog,27,2017-01-01
110.04959688801488,155.3504422648317,52.61964990784924,14.495028725627693,0.8059308070128773,171.66934327589726,25.19104768132148,35.407712689699146,8.717899618986591,346.22892777280595,984.1283747139152,23.177403799269303,14.520348048244925,490,Winter,Beijing,48.31703694517104,111.90169077527828,Thursday,22,12,2017,Fog,88,2017-12-01
78.38697229511801,120.40511794479444,28.611963188088467,30.631873955222154,3.6541611262394977,97.85573152298336,11.740749214451949,67.85657974750151,8.825924623996737,113.03767293921796,985.3984430248414,1.4029681021318685,3.2965197839652656,33,Summer,Shenzhen,37.03551627241311,104.93903310213504,Wednesday,11,5,2022,Rain,88,2022-05-01
207.50313177219647,257.63883605870035,11.17850600885656,5.514602107633679,4.383159451962708,139.43318521884115,7.413393879709361,62.80086713805432,1.0279272542743412,54.03370468579362,1029.423846930477,23.174412440285742,4.215962427455689,339,Summer,Shenzhen,33.282060211301655,125.0154551850336,Tuesday,17,8,2023,Haze,77,2023-08-01
227.9460183171768,184.0567723223068,59.1386101911941,41.402931171239,3.165284144001526,22.06538833099427,-4.781095564560913,13.10138667597579,8.314445552483441,101.04761253237088,988.7154969761514,26.79208686682894,15.27556222617245,3,Spring,Shenzhen,39.20674381616661,102.78716928154157,Tuesday,21,2,2020,Snow,89,2020-02-01
73.88020593403391,276.922633171991,19.42172574377732,42.53074349489801,1.1638105192031871,15.066317627458432,-6.903172035137636,73.9375620424334,3.8961085936411566,322.6709985537302,1043.0861783140283,3.7507941206327,15.660142615998618,180,Autumn,Shenzhen,26.778092718733237,126.6105973412414,Wednesday,23,3,2017,Haze,25,2017-03-01
55.4608010272236,140.18972161628807,38.11779323081901,24.01932705497041,3.127365387799686,144.82978577909577,-4.918589987942975,71.07493872769948,6.186934540189223,121.71876259336102,1028.5375638917171,41.299194833736735,4.871468310016327,385,Autumn,Shanghai,23.82202663327059,121.94939268021275,Friday,10,5,2015,Fog,66,2015-05-01
238.8135166562685,102.23104728409491,26.91035856785485,26.60368142624669,1.0566270576689032,86.87893407983252,0.3404061385972685,38.99546807203615,3.113149336884561,84.76729961700482,1012.1538786639226,16.652319562825845,8.27863536052825,291,Autumn,Shanghai,31.81337045861697,101.81793294414716,Wednesday,22,8,2017,Clear,15,2017-08-01
53.66702576334808,51.94751280684563,78.0648624132802,25.770879692513216,2.226344054837464,120.63909010330016,27.6483268839028,25.557044677629207,2.467277538497531,320.6728448007612,1003.1471928934142,21.1625180228178,11.652172754397554,155,Summer,Chengdu,25.79846539218605,96.86260873999828,Thursday,0,5,2018,Clear,14,2018-05-01
197.6371086778199,264.2586604346879,8.712705760358887,15.719700779313971,0.4841652580012348,169.78320997961498,2.2295792569194326,35.67004119333498,6.844444875054093,256.08055259093953,1007.8382797543798,26.42239716837207,7.470605611335769,143,Summer,Chengdu,42.43785674864664,113.97516147865,Friday,1,11,2019,Haze,17,2019-11-01
28.63743455131467,204.54990154683293,48.82060689226101,15.61729309244073,0.937625527090936,34.75276674330482,19.30954427387392,24.886777778087144,9.376587189161414,199.15144428309551,1019.4630986194676,30.32236330395869,19.65302736267727,311,Summer,Chengdu,48.84710158956882,111.92309991744338,Friday,1,1,2019,Snow,4,2019-01-01
41.92693235075632,233.3900004731256,21.89146769940965,10.142212190540157,3.842210565364232,161.0695752840628,-4.882385508207145,87.85249083442979,4.755443665364977,321.41782860624954,984.8746568598184,42.73399147279407,0.2516500201144695,372,Winter,Shenzhen,29.297435931799,109.48825140764146,Sunday,1,1,2015,Fog,5,2015-01-01
37.507990658044825,36.7582943219507,74.3336789076635,24.806993950521964,0.5338471014885123,37.12224403957794,13.043888073526048,55.21679967188575,6.966232276040375,252.51760895827888,1012.3083195018668,10.6281806793531,11.802929777595672,274,Spring,Shanghai,39.93051323282015,97.2905906694882,Thursday,2,3,2018,Haze,93,2018-03-01
47.188529496278456,285.24970591100987,69.58398654547764,25.42416722929273,1.4719688880430934,132.10462684993968,29.446767914547607,24.66956033782126,1.6029220474930306,263.58076843922805,1006.0511400330404,9.621853508808323,12.732143805887118,231,Autumn,Shenzhen,47.11645252326574,111.21448511666316,Tuesday,21,8,2024,Cloudy,57,2024-08-01
215.38335632124105,231.76014876494293,49.95032099319732,25.02410348126468,4.395737740298486,142.4894329429694,38.11975363719221,89.30804706130995,8.228029126310854,10.6433226252702,1011.5929949548632,29.10837924982896,1.7260046430104092,394,Winter,Chengdu,47.57090960701045,93.1574046076292,Saturday,7,5,2023,Clear,44,2023-05-01
163.93762617177956,204.5515929912993,36.69405916924117,15.943161774727743,3.873853411489476,47.847044810157776,-9.693891754118711,90.2255597129174,9.20480319330022,46.74014048549097,1020.88216700243,3.5624360332752514,4.563333773993021,329,Winter,Chengdu,20.980452852958447,108.18740315739174,Thursday,1,12,2020,Fog,64,2020-12-01
227.3275392789568,30.319890028039914,17.08004234830174,30.905653889266773,4.439102366087398,127.48575912282224,-7.967740416172566,56.68803971652967,0.9158197997404728,248.9942978968636,1017.2602610957866,17.896130975324372,10.600027433703389,406,Spring,Guangzhou,27.851588179828568,112.57747378012124,Tuesday,6,9,2020,Cloudy,64,2020-09-01
152.4818792853916,96.12094726617116,20.52175135953516,21.438400955172167,2.735753788396914,16.156012855564605,-4.156348964090153,91.35884046819702,0.8699926308524508,332.30055762690563,982.6235908495594,49.8118962868791,7.290346508570434,353,Spring,Shanghai,27.29338986567841,115.92126070652505,Friday,23,9,2015,Snow,69,2015-09-01
71.33327518393928,164.82173470859166,24.627562367382644,40.3774377617692,4.646992564370488,75.54834526881399,5.9071141493781045,72.62600007311457,8.764277457429525,314.6235441740779,1017.5174804439264,41.01062610688312,17.669641119252717,297,Spring,Beijing,38.19987006077115,123.56420610198882,Sunday,22,8,2021,Fog,67,2021-08-01
214.09962827717192,65.66197075680435,85.62355310631654,39.15836690040064,3.709501841786925,56.37786644043707,27.07425449022498,79.62877697379736,9.779023747542585,61.530248669607005,1025.6187161981702,25.038479850487427,4.584801142168441,146,Spring,Shanghai,24.57102615486524,118.19542615536764,Monday,17,2,2023,Haze,61,2023-02-01
165.71024772896618,284.49601031527754,13.461894755960325,34.7332219200788,1.463942033844249,161.7928121111965,23.513149124243824,39.290490148204896,9.409611078780838,220.41572110108245,1009.0295705090168,28.691604037794065,19.998597178091057,117,Summer,Shanghai,35.85173065619689,92.4822071042475,Saturday,21,3,2024,Cloudy,33,2024-03-01
207.714256277022,143.88799442067705,41.10634010917619,2.3174913384147007,0.7832792501944199,188.50168875964405,30.44867709458846,21.687679531710867,5.554847924732858,234.1408142062812,1020.0584514511148,17.87769641723176,14.65149085766572,84,Winter,Chengdu,31.32252566609986,114.80048701631418,Friday,23,3,2019,Fog,71,2019-03-01
195.6048376888153,151.63804925326343,70.71665252743557,43.142766261854426,3.3476767665492004,66.84232357915167,29.476846851237557,99.5344318203445,2.615034355249528,306.427981913712,986.5959481716072,47.85834350908432,5.127975604088538,218,Autumn,Shanghai,44.89605084765985,98.6690290000232,Tuesday,14,9,2020,Snow,32,2020-09-01
23.820725740764548,124.27967617436208,74.51913236737714,39.02817541063687,3.776831892288927,36.866303303935055,39.189172781110194,45.85071318389807,7.016905416198252,339.6809280941676,1039.855451066759,1.6870844520922523,11.90818145011025,325,Summer,Shanghai,32.44143983168192,96.44410912768392,Tuesday,9,12,2019,Clear,4,2019-12-01
48.38868787523793,180.10416927215206,47.22886902235776,6.722895391874465,1.900188546667248,27.06516680270781,24.585884931871256,28.659285846581263,5.879075047668351,143.30209771274218,1033.0734141074704,44.856758846896376,10.786242937923396,52,Winter,Shanghai,26.899201281697778,111.21691340332944,Wednesday,4,1,2020,Haze,8,2020-01-01
118.24118594624596,97.2522468863676,42.667029443196526,17.99878012443812,1.064805238334828,169.75140060672473,17.945849138076156,91.69102270556348,7.417998450193242,280.91520605492184,999.884779164904,18.389451407242877,8.640744197085759,354,Autumn,Chengdu,40.55873538931274,90.122342977422,Friday,12,8,2023,Clear,33,2023-08-01
223.18441575564665,110.0358279584646,96.63254119576814,2.079595553889485,4.607500395103208,193.43927031790295,19.354174089924808,90.70201144940376,9.701290821419915,112.907135522978,1001.7538480578448,8.223335915108077,15.5216163360474,200,Summer,Shenzhen,36.90238006455331,107.9063156581947,Friday,3,8,2015,Fog,1,2015-08-01
136.3841604638505,264.9322645393385,46.38243906797239,41.10783960818601,0.8906898151209047,153.7903877576229,1.791677192204414,24.712861547435004,4.073877516415693,90.43129952713824,980.2107426927356,6.692431855116282,16.084899091397467,129,Spring,Beijing,35.230940874652504,128.1131165628716,Friday,19,7,2022,Rain,29,2022-07-01
116.23334989090952,212.23802295436724,68.4859988876228,47.286376066501965,3.0532525122708294,186.621211932356,-4.572647349424599,61.22054749790187,9.6522161851821,86.04074340110971,1021.379243640247,38.68620285803764,1.65553078754075,13,Winter,Shanghai,24.12335265593359,90.95312683555024,Sunday,13,2,2017,Snow,57,2017-02-01
171.81812036258185,175.59210236931443,16.708260919443774,23.88619149866783,0.5140849286057241,124.94915256794728,31.58225838366705,33.509851396326866,5.358522769996678,68.52276575846435,991.1204401589424,33.2090078181542,2.928161067582289,443,Autumn,Shanghai,33.94706513524493,128.41167614288835,Saturday,21,11,2023,Cloudy,8,2023-11-01
68.81644737300846,96.927878282413,25.0407017371442,41.46556204004762,0.1198614353770996,193.9610411394113,21.199690124095124,89.44557580741235,3.6959244690941686,68.40203419481784,1000.8579430936824,27.01775745717187,4.721167894291622,6,Autumn,Shanghai,45.26729818032052,107.25769173392374,Sunday,16,4,2017,Cloudy,38,2017-04-01
99.6939178431548,197.94873391540307,63.31260612813004,23.105176452641118,1.0734830492315102,162.53382528338193,3.7888187416827233,28.84658053256633,1.858724943227088,217.79257978270465,992.22975845479,13.727188173978105,11.30776147635672,1,Autumn,Chengdu,46.2092357007374,91.278568412938,Friday,21,4,2024,Clear,37,2024-04-01
104.8759418994323,223.03673609548065,38.406807960134046,23.065541257754624,4.334101489370354,54.839993014669695,11.870369890578337,60.11905920063084,7.951739395453178,202.05671070546185,1005.0355065488712,22.026344480451996,7.539095740675313,324,Winter,Chengdu,31.76066009741657,127.6229581569801,Thursday,4,5,2022,Haze,34,2022-05-01
249.45284952080684,194.4347792932365,86.2824005523254,19.44189312600269,4.2137466312829055,137.67650372974748,21.58347605699892,69.18946692367342,0.1695597409330751,165.51956178892485,981.3537434550036,10.631496865879752,9.771936573112315,299,Summer,Beijing,46.58722615561148,103.20173914614873,Wednesday,8,7,2022,Snow,92,2022-07-01
33.57147874577477,292.83366858541643,28.14494854457105,23.91609609729452,0.4685612450509965,78.09924106939634,14.479719764213185,14.710506218291666,0.5360026920230698,36.70053014792546,990.1977129162238,48.19883308911344,19.04688639819149,363,Summer,Beijing,43.9832361344336,119.87357234537072,Wednesday,15,8,2015,Haze,23,2015-08-01
25.42119294817105,188.73963150483044,34.48616661250351,37.419101239348144,0.5599681338677562,124.5704715999046,24.708816328793965,32.28032170539218,7.824247642968766,253.00558794403057,987.908709492693,9.387739116479354,17.830885586470366,64,Spring,Beijing,29.713005210730884,96.60045123813453,Monday,13,6,2017,Snow,87,2017-06-01
162.26910663119588,209.81063135554325,48.570547127859534,24.264105365560123,3.563975232015681,155.29881111980336,10.85938639184054,68.25253827591786,2.4279510123523504,336.30896676146045,980.301554727464,15.041654239427563,5.25588838894866,6,Spring,Guangzhou,20.9864410320844,116.67185815198576,Tuesday,0,3,2017,Cloudy,25,2017-03-01
119.649706954029,233.8888180934564,96.1323648213827,33.821242310543035,4.237535924467423,78.93163272114535,38.53199366863703,84.40756421830105,4.53467936652472,259.31559887157414,1017.2533987542064,17.042418063516607,4.981531982470771,470,Winter,Shanghai,48.01533432567726,115.92006438441682,Tuesday,13,8,2021,Clear,51,2021-08-01
127.81532807997306,207.6661347906864,69.34176837803618,34.16100126685464,3.767775823311613,162.65964554647044,28.01263610362233,34.13927068999473,9.110925316710848,336.9236808863257,1044.8626794719253,36.137997408109584,15.064819618971791,401,Winter,Shenzhen,38.98074627774066,96.6793206706146,Thursday,8,10,2017,Cloudy,37,2017-10-01
209.49265482983557,120.2771199248234,37.37003150459661,43.3015112887876,0.4876652295293897,84.9555796544495,36.273319726757904,50.58685520060936,8.226799003830214,254.2411089910822,1042.957448456452,41.67941187811652,18.368219032056963,369,Autumn,Shenzhen,28.433002316433573,101.68832748557304,Thursday,11,6,2016,Snow,2,2016-06-01
38.27803641321214,64.20044100638478,35.78725950891274,13.118531149531515,0.7860537017239442,163.07842755781166,11.339167929616714,65.67748936585397,6.978104449873561,216.5253985058564,1038.0497507581397,36.09086933911062,14.4399468806104,89,Summer,Beijing,45.82795397794956,109.50129172343094,Saturday,18,8,2017,Rain,94,2017-08-01
131.49310417499083,133.58604769282562,89.05390308606972,8.53479007408162,1.4366835164005145,75.09724652194868,33.66168099646261,29.98280135212382,8.085379301925679,172.10447309871768,1048.8582091090354,12.979585205118791,12.638660356080978,198,Summer,Shenzhen,33.55401710534338,99.77218588131392,Wednesday,0,6,2019,Fog,22,2019-06-01
243.76960425069424,227.26098626543055,10.389291601464304,23.36914473725661,2.6856987642751524,38.7704013018745,34.23973562548167,70.9013408418924,4.788992491750523,296.8843425819521,1032.8956680265933,30.51930797364884,6.428756871888247,303,Autumn,Shanghai,26.346438989388226,91.3079055158258,Saturday,9,4,2016,Cloudy,36,2016-04-01
48.41004503016812,93.74089167035125,76.1877245382732,44.7529838575736,2.557326195122301,159.49738913426916,12.591706035181344,26.529105211669208,9.95065824275833,348.51553749814,982.775514789998,16.641669984691426,1.7415154389503424,493,Summer,Shanghai,23.94290972838861,120.25919683143216,Wednesday,23,1,2019,Rain,45,2019-01-01
226.00700531932543,68.49083750538611,34.72770015117071,16.068550468555028,1.0357852272846724,41.87736800833443,17.937091084265376,12.121697808194254,5.207888707328909,26.262931316854463,1036.7756123646589,0.9744686883066012,11.268125744038231,326,Summer,Beijing,42.95294134740759,113.28149806095352,Wednesday,9,4,2019,Rain,36,2019-04-01
182.8946765176807,192.28448728407608,78.23907891166809,45.90967579079041,2.0329273915731303,51.33349049636019,-9.675036229541824,43.650583141457645,8.142019853646312,17.2571703430893,1038.5678344746218,47.50269950397075,6.82958285279499,465,Spring,Shanghai,23.688881679571253,94.85997617393116,Monday,19,5,2018,Haze,77,2018-05-01
52.3902432057265,55.55913636544717,43.71179876911598,8.648660660416567,1.1595473770142195,65.25681743109605,-5.330215594770046,47.62005123750057,2.617073289752927,143.03793966069324,1011.350744702516,22.36029574037715,16.250267288301217,482,Summer,Chengdu,31.515670593452207,96.66033566874994,Tuesday,5,7,2017,Snow,61,2017-07-01
172.73941118067475,92.50169158713176,57.51713079500056,42.36632188864791,2.3628426872383783,63.98778737266503,11.018862475066936,38.990660364684565,4.821697788427554,140.07306701595064,1041.1829777433277,41.22042091342385,8.1475318478285,443,Spring,Chengdu,43.864782509094525,91.56882656510876,Wednesday,11,3,2022,Haze,37,2022-03-01
47.53490132142084,54.92679957986137,6.249480498908692,31.250956352193256,0.9856247006131836,149.33263937505967,13.061124522432312,44.78327802698437,6.413831736371096,287.8507175903614,986.5319771721717,15.597150143920224,19.108200626015893,197,Summer,Guangzhou,36.04115287297707,106.2709766136957,Thursday,9,2,2023,Rain,18,2023-02-01
29.01689143958229,37.70205040183194,11.112133988258185,28.60002671529677,2.3932964761559643,187.5298353772308,-0.0336747719175161,35.66918415169694,3.4317618036980613,20.56485745359284,1040.832170301829,28.0846190119169,12.998384157807866,431,Spring,Chengdu,26.185996710968784,95.59346183824113,Tuesday,20,11,2020,Fog,50,2020-11-01
138.96681598421748,63.43153114713987,29.615996359119645,44.62939318044367,4.637430564764592,93.51679584918789,20.65259908971994,94.2323045668387,7.186840918389772,242.44505126735783,986.35554144847,35.242233578143775,1.5895357485690491,252,Summer,Shenzhen,41.64411927377355,99.72938304135477,Monday,13,10,2023,Rain,89,2023-10-01
14.1590115874528,234.7548907498782,90.77716973268278,12.83658059097929,1.3740072773164682,143.08266435368697,29.8664913438353,39.34669024470448,0.5589623248507014,7.634523230409811,1030.9971815163638,6.764456808510966,3.725682413882492,287,Winter,Shanghai,41.713486938707,113.91198356830957,Saturday,21,12,2019,Cloudy,9,2019-12-01
70.36849734464398,78.04760257516875,39.70290975889866,37.63450569152103,3.026105518929111,30.871661721168007,-5.868052518466184,43.773760901354606,7.282450511416812,351.6364548963189,1047.341938106902,11.09038996615177,13.183743283864075,126,Spring,Chengdu,34.825047845324214,104.6578628532802,Tuesday,19,10,2020,Fog,1,2020-10-01
199.42074533456696,77.28489331812975,79.10451258888288,28.0911630502861,1.2816774205961494,166.93217342805178,38.67568381116257,82.6469543280125,7.71674171127607,249.7774106933146,1037.8673647559008,45.90062114458894,16.367189705807217,418,Spring,Beijing,35.61880097447186,113.3617703268165,Wednesday,16,7,2018,Clear,3,2018-07-01
62.68080792002236,110.18036687772307,71.30082079478767,36.95589927161041,1.8336698321081133,120.41844461177033,32.83279947433537,34.93015372653024,2.092465285025489,311.64420155276446,1035.3971956601226,28.850206678058598,17.35158452179643,245,Winter,Shenzhen,36.24099712179177,118.14067166868335,Friday,11,12,2020,Rain,32,2020-12-01
21.40749350933733,208.35130982656,91.70154603954812,8.320437159211739,4.720391841678183,81.20934523535895,38.88911991475837,78.91259531566672,0.2387119832490536,35.26843081281801,1040.3838773648683,14.974873172400589,19.014950478694512,308,Summer,Guangzhou,39.66884531495033,108.39464009099842,Tuesday,23,9,2020,Snow,43,2020-09-01
67.27198384258071,217.04374509123517,74.17107819441031,34.82328200348479,4.079286950752106,189.75743342262183,10.551336517686856,50.1784553468928,8.289624982455022,347.3398850605925,994.5757347596226,3.065544073558724,19.248014297127888,142,Winter,Guangzhou,22.01252076240671,103.76092230743777,Saturday,19,9,2022,Rain,93,2022-09-01
16.419344649091727,288.7918268882283,44.52319197259352,39.25589989135559,0.2992688465342832,167.34776107188625,-2.324931552839173,86.54034161478234,0.2505302139337095,329.2660586538837,1011.1599850428192,29.26428598448925,4.929506767180761,364,Spring,Guangzhou,43.31572994811917,126.07243832995847,Friday,12,12,2019,Rain,16,2019-12-01
233.2974997115428,294.4063301507937,21.0831021477214,13.03530757768502,1.5334699980369548,52.18756175088355,23.06755047750413,95.84320723894916,8.81612013150034,74.24395149397107,1028.2877935831004,31.219457998627348,9.008612990632464,69,Summer,Shenzhen,20.05516843988169,113.14795385278404,Friday,21,11,2016,Haze,84,2016-11-01
60.23564881499371,58.59343269665939,74.01906564532877,16.229200310726135,1.238808999721782,67.28080458702662,0.612025534605273,45.082014672669565,1.3378914194195013,137.0590295991024,1026.902582748124,18.17170905585148,18.517589999281174,117,Summer,Beijing,30.811258193653615,120.67079697153484,Monday,16,5,2015,Cloudy,87,2015-05-01
54.64706793683952,118.96112140208083,51.44809323200074,24.29581752333761,2.2893169234742805,194.7402510257019,35.00410095952787,79.56061902384306,1.4092869906217054,54.48233923588008,1001.7548797054202,1.5178794596132916,6.533433906873193,383,Summer,Guangzhou,42.107829908152034,114.81018863904596,Monday,6,12,2020,Haze,91,2020-12-01
144.66146626800975,121.58535565259372,44.435112879404045,44.888010875915086,2.8406112012807982,128.59067051750057,17.90100691497674,30.826088119534376,1.9733460367069768,56.50879688311131,1020.7679351781225,23.04300821200628,11.680575459534063,279,Summer,Shenzhen,43.3262493259177,110.46594072143122,Sunday,20,1,2015,Cloudy,39,2015-01-01
165.95707480374978,31.72082285584433,39.47836671279868,11.74335387719824,3.660639516292033,115.4205449382719,33.47104237617705,84.22587289441063,5.611160007857819,220.665690246086,1049.1240162714462,24.32223254467205,5.889652111982053,250,Spring,Shenzhen,39.39745916364582,120.9168720025013,Monday,8,1,2019,Cloudy,84,2019-01-01
83.73521330834453,272.0958213012974,75.72860205568172,36.05225872541188,4.441218823455521,45.054433222134165,35.171540483824295,58.13603345202039,3.4484116258076822,258.36955143878345,1031.0511373456857,25.10967299208689,8.632614704024833,280,Autumn,Chengdu,39.19977623336114,115.72813443408424,Sunday,16,9,2015,Fog,23,2015-09-01
92.60375044332416,179.75183588800218,30.57814609643465,32.76394143700635,4.80854597844193,95.9262100013723,17.627786225313063,37.955910165136274,9.440943976414427,48.6652323603145,1010.6914043715278,28.23898444496316,3.1324639112055808,195,Summer,Guangzhou,28.933927439252933,102.95373744232776,Sunday,16,2,2019,Rain,49,2019-02-01
190.3127244942316,166.4038482252208,68.0674208801172,1.456624678759551,2.012954980966946,155.0741232057938,7.368687675850076,22.725119250861887,8.929827858107267,189.8116478556174,1029.2475911960678,16.951099283537168,19.37788574167353,47,Spring,Guangzhou,38.470642263054366,125.03373274869024,Saturday,15,4,2023,Cloudy,67,2023-04-01
197.15889079389265,45.93352381730578,33.66470569276857,34.32661285786119,4.507344553285454,122.25374360174148,36.59247100966596,73.60366642874328,2.5001652689272014,250.14751689975444,1015.39064849369,34.091967413307096,16.966155600204228,311,Autumn,Beijing,44.084479700820346,115.51823036267764,Friday,9,2,2016,Cloudy,96,2016-02-01
242.46043394228644,237.64314904956552,49.27696821865822,37.03795833859439,1.60711868954833,107.26918858463192,3.7559796262556713,85.20429190692901,9.936102489491033,265.274018647647,1006.9336458782362,6.543320960507653,2.9326563439845628,173,Summer,Shenzhen,34.571748559245826,126.99624238202624,Wednesday,15,7,2024,Rain,12,2024-07-01
208.10020738256287,216.6646745711108,21.40886960073908,19.57257748989832,3.3801688781908794,87.89541820129081,19.66911427631213,16.859118932517326,7.249433101896361,196.3921315047274,1018.7982754540752,46.48380338722913,5.881366223623159,320,Autumn,Chengdu,49.787942432689945,129.02846379782747,Friday,6,7,2020,Fog,8,2020-07-01
53.42993222812368,261.6385031457645,9.98827442693457,6.352653574100998,2.454278280294163,112.44649456472024,14.283567742938692,58.65417495205977,4.931359560347147,261.54511249723004,1005.6116053353628,18.9312583536356,17.57323550354758,485,Winter,Guangzhou,20.794225213118693,99.90721801871638,Saturday,17,11,2017,Fog,18,2017-11-01
52.144744144465,132.01702167237733,56.42117881427681,19.62666609099832,3.1045329735020184,118.64547720575784,-3.1070678486592413,66.30570591930643,9.156725971476892,167.5163468248502,1034.152689414106,8.509665196279997,5.6244262215717855,442,Summer,Chengdu,25.09995719186205,122.4915409645836,Sunday,23,6,2021,Fog,22,2021-06-01
177.58697736147855,270.0883170143715,97.4509794854872,21.906883280134867,1.5576386433250824,59.49399094731717,11.496329723036055,52.56109379511777,8.635260354550871,218.5974403056606,980.9921410752088,22.190822369051546,12.86075461099832,395,Winter,Shanghai,41.17906564008652,118.7937090650443,Tuesday,6,8,2023,Snow,4,2023-08-01
62.93322003211465,139.9299150712555,21.320527440732302,17.033197545825384,4.469664150370805,173.3336857419307,29.73277075965511,42.13753004274074,4.916864983854291,277.5622588642618,981.4830893180184,3.018498652453705,5.469539440158915,402,Autumn,Shenzhen,47.15101029935544,93.4733327386339,Friday,17,9,2021,Snow,12,2021-09-01
132.9520996050793,279.3729496552974,7.665334524201889,41.26819176878191,4.643625635733288,86.62931078254337,1.026262998848491,62.33868546443392,3.517146490123426,329.6451798033927,989.0064208753384,10.300845347304255,4.16175294941275,159,Autumn,Shenzhen,48.30637687748235,96.32498020680625,Thursday,12,7,2015,Fog,99,2015-07-01
173.97656948383883,26.15174759743614,70.05696552171516,24.92031721549143,0.9749180814618263,123.73440960068024,22.056931558163026,21.891621226014923,0.6023508003841616,54.88302806007698,1015.9999014139852,46.12883261770992,4.438116242491847,370,Summer,Guangzhou,30.315951989053424,107.52408757127677,Tuesday,23,11,2022,Fog,21,2022-11-01
89.91339438711667,23.121774543845373,54.89974779320968,27.14090281797282,1.4992253747698832,46.37938827050253,34.2475055290627,40.27894467831692,3.1751282919207693,272.0763979993402,1019.8525179358744,17.015678752585956,9.67581026950148,110,Spring,Guangzhou,29.205421078999976,115.17841476434052,Wednesday,0,3,2018,Haze,28,2018-03-01
122.36683317777567,155.38955797083565,11.697377530255006,26.962820491995863,3.75174416830899,150.51266826652378,2.913640015549193,35.64008309325874,0.7605429911789741,144.32009067829912,1012.4608053512524,24.146080300582128,4.495829344441635,20,Autumn,Beijing,33.13421525604704,103.00280766909802,Tuesday,22,1,2015,Snow,66,2015-01-01
177.72634248789393,104.90054969340432,15.076734906554169,35.56599097535666,3.66854247873229,173.12234913837742,4.378688950414393,77.57740855334205,2.580379078688092,274.1558580347755,1001.2761799093998,42.82781935372216,6.281129627846031,53,Autumn,Guangzhou,46.04974469122669,127.74488466740496,Wednesday,23,11,2017,Rain,47,2017-11-01
108.93954840086072,215.8053293478715,69.6734213993088,12.662850010912326,3.0930737296240816,73.11352417119664,2.60657107028284,40.382455367067294,1.5351475900742806,224.46508656032736,1039.0066540533417,29.102266650017363,8.45043498585925,199,Winter,Chengdu,35.00007223706939,100.67314244538396,Monday,17,5,2018,Rain,34,2018-05-01
198.77864952680252,44.68833305836149,76.63855836511438,34.04399964893613,0.2952051132231421,159.26572711417927,0.300195470903823,38.89884650595384,5.854836581246633,108.99235746050984,1021.767932742056,3.1391029818852334,2.250137998933881,279,Spring,Guangzhou,27.470770553508306,121.564219609607,Sunday,8,7,2023,Cloudy,60,2023-07-01
11.770570627877088,112.83701292988962,43.66552798091272,8.91994850026945,3.994170696510413,50.12271708524621,29.518063845540965,71.15371208318706,3.254314490192109,297.8953435778016,1016.6642306144588,22.27476752744184,12.949385839267952,155,Summer,Shanghai,33.08916792779695,94.79557426959892,Sunday,6,7,2018,Clear,63,2018-07-01
242.61259679130416,298.7601815513364,58.53089947067858,37.23315540072025,4.790578012799317,186.7733401521813,-5.733624231860897,75.75791967787721,2.718927441827087,52.34134808297018,984.3534857790224,29.0479423547755,8.88998077790749,104,Spring,Chengdu,38.12472163740962,122.82303272061807,Tuesday,22,4,2023,Fog,31,2023-04-01
45.28250453648341,55.66339420049704,85.90673608076672,46.7096973085733,3.786868685782519,17.895308738939075,-4.370355953485735,95.25570448051062,6.394331049581771,347.2458129590943,1021.2766377282876,49.04356237598485,18.1496684797242,480,Summer,Guangzhou,21.470685611771707,118.81395948298658,Sunday,12,10,2024,Cloudy,86,2024-10-01
80.11167655256104,291.4084325120768,51.78822928873176,35.59434640547996,2.648509688115434,62.63124131549512,38.84894867364078,61.8364914936522,5.968662658586706,230.84546323473197,1007.1583031225914,9.840699006890135,16.473746518433934,320,Spring,Beijing,26.431994554947217,110.55141313679609,Friday,8,11,2021,Haze,11,2021-11-01
152.05644563887697,25.42041558139791,99.4391510857739,45.94028850902864,4.434180379747741,94.81103561893468,17.03509076725722,59.52734660875418,7.081979093856773,326.5474808615996,982.3490708329932,20.457705880203044,15.499819880239984,246,Summer,Shenzhen,32.26393411917682,120.92795573303496,Wednesday,12,10,2015,Cloudy,90,2015-10-01
157.00706463379342,80.34527898271949,93.95731275927614,24.90433434716271,4.054223669359135,166.92995801207968,24.906938063849594,18.605277091377,6.253938568757553,106.77042853963692,1042.1634865990186,48.69283301836558,19.45721251456588,319,Summer,Chengdu,29.142225976729858,112.5161486225847,Friday,14,2,2019,Snow,37,2019-02-01
218.85265232276268,188.68412006561988,66.9814982903237,13.000416847756552,4.97595356480337,123.72789691687396,4.950198495176432,85.58704679201772,1.0800749669806275,133.5182371616932,986.5129499026548,3.531714230797639,11.348307530754404,462,Spring,Guangzhou,47.81396683351876,108.52740258397652,Saturday,1,4,2015,Fog,41,2015-04-01
46.992229506020834,224.47242837391445,49.94076470795176,28.91534209440101,2.099273615327854,47.77211659024072,6.473582133682278,33.084967668986664,4.992111228449946,258.03571314585844,1011.5945171058922,24.961369604179463,1.35930819143539,384,Summer,Chengdu,43.37733316495426,99.59249266912704,Saturday,1,4,2017,Cloudy,94,2017-04-01
180.09443458825723,47.14825443182453,73.55336434254089,36.54164592133433,0.3024479117557381,105.77621411471785,39.73099271902503,51.43220444288878,3.4685048828146448,215.62163497328223,1019.9510085668718,26.07229224127568,17.350361846206347,64,Autumn,Beijing,28.33765603966506,118.4434832028518,Wednesday,16,10,2023,Rain,93,2023-10-01
191.535621268734,92.1592526436728,10.046042068914211,29.740746907733843,1.201228582700891,39.8622177128362,14.242961443881011,31.766940725738763,3.6843818728373,358.45473910999505,1047.853239398002,2.4876408728998656,12.369582137453897,149,Winter,Shanghai,24.16741505622152,112.24238004352932,Friday,8,8,2023,Snow,84,2023-08-01
179.32834633159138,106.27850250010688,76.8235133500687,49.3792419811225,3.1551932674427645,133.4682729686931,11.364121938750191,84.13326718402078,5.477068936512434,154.81858459267173,1046.6166105405132,7.453599538695505,18.56486655602308,397,Winter,Beijing,25.89971455875816,123.39521853590752,Saturday,15,6,2021,Cloudy,63,2021-06-01
190.63759867773845,196.95081361870368,41.75905123891555,10.473180179087352,3.166699763415449,44.37778958183841,38.10026547973035,13.28848745151396,3.4532561377888005,194.29693912507236,1025.027242455063,11.202267295010577,1.5266092154211035,241,Autumn,Chengdu,49.05626333710403,110.96600906978922,Friday,10,12,2023,Clear,32,2023-12-01
128.6993500292134,31.5116760334635,89.4204600253763,48.779904122028896,0.8792365772939498,27.21264786597849,11.138215897287292,20.520983825407665,5.660800179766992,211.3729159230068,1041.0652614304609,6.424291011696565,15.279867946302993,421,Spring,Guangzhou,22.888872868599652,105.50419510960974,Thursday,7,7,2015,Haze,56,2015-07-01
108.0235909321735,260.4307065174468,87.4584109467109,47.645743476325706,3.056362064700156,46.76463681748561,9.538376534662738,24.431377610874044,0.1491760830704003,12.185652435468942,1024.8263878829753,39.9999319657655,16.147675066636044,54,Summer,Beijing,27.650646428380565,95.57602186302633,Sunday,13,6,2023,Rain,9,2023-06-01
94.43676882137775,280.4692233790597,42.64984686251202,40.74545979482576,4.429513741858103,196.250653735942,24.53228030447584,58.63826151407817,5.371110664330564,154.9421218208571,1006.2578007667308,35.74092092609888,19.240631034200405,57,Autumn,Chengdu,36.92164906780056,119.27501682021102,Friday,12,7,2015,Rain,49,2015-07-01
71.72300344611898,148.12421197066075,26.79700153011629,5.683459822038346,4.687627050462909,165.40282420581067,-3.1113733221640043,74.62747785079226,6.616112489829281,331.6930962346641,984.3956991326742,45.29904626150776,3.259238308293383,330,Summer,Shanghai,35.63831739482798,91.2583983015762,Tuesday,9,2,2016,Clear,97,2016-02-01
207.7029561028984,248.5295863829748,35.0512246800118,43.905493937903046,4.298200943244222,38.21211101448494,26.274246159430632,44.00868795862821,1.0741544104859049,251.68420089461225,1036.650347973101,9.34069799005663,1.414070899209664,115,Summer,Shanghai,32.63082294360047,97.1812390858084,Tuesday,0,7,2016,Cloudy,19,2016-07-01
219.12354233792425,235.54018534127536,59.128073269743794,10.42343759943519,2.8773040320211902,173.1091509261089,8.549948011092845,48.06295163276945,1.533740540719022,150.45045616783537,1021.2908000018716,1.4494606492540365,9.584076831137155,284,Spring,Shenzhen,34.393200574209104,97.13301270848244,Thursday,8,3,2018,Rain,23,2018-03-01
167.53456123272213,247.56230672363824,56.22831817659891,28.850032473376928,0.116082550299675,23.32574026062999,34.57845106715287,73.15899369580873,5.4173333632482645,23.435392019753788,982.4020304543892,1.4042517815257394,12.999300125611663,219,Autumn,Guangzhou,45.64890720606199,106.16994852540898,Wednesday,9,4,2015,Snow,24,2015-04-01
113.30675914351662,204.55402667631677,23.22040496234535,16.273652209175047,2.071683543501559,20.25243922945232,17.50313259866099,57.76659522416104,1.4770667322730968,246.29297080871876,998.9262680164946,17.506148688121755,4.799474460827937,227,Summer,Shenzhen,43.81026566235656,127.67860905918812,Friday,14,2,2019,Snow,75,2019-02-01
135.9511253549898,113.05355100924656,73.67504695565837,11.480322330800696,4.05072529722454,45.13352677464086,8.514060854414875,71.13771108587233,1.867667277548254,288.887300970247,997.711712979711,17.440073952488483,2.5057093099748475,121,Spring,Guangzhou,34.77262215682314,91.4432065746772,Tuesday,12,12,2021,Clear,26,2021-12-01
96.82261672748264,204.4128800011816,45.08550955154391,45.33937422890909,1.33481627199387,181.9352698467209,33.66846978777983,32.79850426712704,6.803834073243404,159.1186066865256,1018.1154152513864,41.15925424487553,0.1440766367318591,408,Winter,Shanghai,44.262660526225226,90.72109283484056,Saturday,20,6,2022,Clear,67,2022-06-01
25.38359264856071,21.090475367528683,38.14500769723966,28.700706497061493,3.533784822975787,143.7827688879487,-9.868613142877845,91.4903019998852,1.5864455771216637,89.27746804039822,983.792992557908,24.043681192239525,17.291149270216152,425,Winter,Guangzhou,28.86360112062089,113.87763805986656,Monday,23,7,2021,Cloudy,34,2021-07-01
225.1999546459189,76.23666453285014,89.01825781500787,24.072434424907787,0.5323886725156157,129.87565148248075,-6.396120948488568,19.803319341380345,1.860773869753488,285.2280248603561,1001.3012801795973,19.33143283086328,16.311583479035765,458,Summer,Chengdu,36.89514452432866,99.0029652118358,Friday,6,11,2017,Haze,18,2017-11-01
145.45794232439448,275.59547907623323,30.689499943811025,24.448365448574133,4.8754751803277925,98.01133728471036,13.725986128847984,68.1327461819237,3.4808892361355923,304.4690456826034,983.3730385946986,43.17514708943802,0.634184034339725,214,Summer,Beijing,48.61616887199735,128.14436915831385,Wednesday,20,7,2023,Rain,39,2023-07-01
112.77703054441432,45.42539703585632,96.58433429504556,12.208504892448063,0.6573587046050063,125.4597157125002,36.95871533313274,11.93724380751281,8.222142061662703,29.01277434024985,996.2539257908312,25.68228440395444,11.542726916500616,139,Spring,Beijing,38.81548851901097,129.79327560108692,Tuesday,17,5,2017,Clear,65,2017-05-01
179.0271911335808,261.0894887979366,58.64969133732438,18.501487970037783,2.422709536090102,123.87240270245948,10.253540085201587,91.82128404212249,0.1505628882056586,79.4143192924306,982.5127367412268,25.23651435805845,19.97054238652141,459,Spring,Shanghai,44.277457369029634,95.79362445894289,Wednesday,23,2,2020,Cloudy,89,2020-02-01
239.93482354279757,48.038300959872615,6.918781126277539,17.618067062084762,3.328823180817528,14.142638667367637,30.93996387392053,95.9817804879736,4.987653513020439,53.02938240955299,983.7837795764632,17.981831569067786,12.333398876287625,237,Winter,Shenzhen,27.8584348855449,128.34987244269433,Thursday,18,6,2018,Clear,91,2018-06-01
33.76469666842026,126.36487276751396,65.81524269302437,16.84704273919953,3.547718131111533,57.92809648578827,-2.3679077261625068,81.36365296201538,8.123251552666996,153.2841452462736,1033.6635291790644,38.36787775665473,6.593554907449643,50,Spring,Guangzhou,41.6578706261122,95.46941954532232,Monday,19,9,2023,Cloudy,19,2023-09-01
147.4464769186645,55.431380370236205,23.206274733501065,17.530572790569238,3.504180744613952,160.42411283412534,33.32309703622767,35.114575151156515,4.218831909548805,24.579334881917426,1032.5170337054683,2.5149836815981157,12.29779381834424,111,Summer,Beijing,32.33831426688848,92.33503239153578,Wednesday,12,7,2016,Haze,40,2016-07-01
56.31519177688102,63.80015706407494,41.18616006718725,25.23362038507729,0.5613924940976963,56.11608446172996,0.013104531208544,32.925707415197465,0.0680132731489358,325.2754888716162,1036.526513478364,31.7635075144773,14.205981868727465,498,Winter,Guangzhou,23.84041806115625,99.50845032913516,Friday,3,3,2018,Haze,29,2018-03-01
110.65696074367084,193.86298074456369,58.63459185220629,42.34060375269868,4.640988624064516,156.47247797372944,13.701321433703448,99.3369937573227,4.332926117382873,18.91675020933608,995.4602552775114,4.757836455136849,6.588996279128444,173,Summer,Beijing,36.81822059268977,94.93573585528428,Saturday,10,1,2022,Snow,46,2022-01-01
187.53905446933095,65.80280927627123,18.31889635382836,7.191746636745473,4.224658493577261,77.74935342167437,23.17545366641953,56.88847873361791,2.8232176783433047,89.80358909014673,982.4781808745367,5.131786832198021,7.887332543233295,407,Summer,Shenzhen,33.64116767201107,128.834561840202,Monday,10,2,2015,Clear,39,2015-02-01
122.2680337503661,79.51024743704858,90.66566247420954,9.908223155711797,0.1022070852783529,193.11109330130964,14.669727307445676,18.578148054941447,4.738143821619901,248.23166433374777,984.1955794227612,47.68131094338182,5.660964204890357,84,Winter,Chengdu,31.31654040794968,108.21846427791208,Thursday,19,9,2018,Clear,74,2018-09-01
46.70446768535565,119.09747692802648,57.464775411069226,34.07118226331798,2.2057482701288285,12.714883630771604,-6.379087798584645,23.066717068046568,8.551371775612624,157.06768468401913,992.003542211346,44.86403079044096,2.5097735314804046,95,Autumn,Beijing,49.54133799699065,112.47476672124652,Thursday,9,10,2020,Snow,46,2020-10-01
12.976923337526376,98.87763568659304,27.06551418142044,5.626090117437193,4.466346966828424,80.08246483873378,-5.858480085325421,81.22080576294664,7.365572052288066,114.44672031975092,998.9929170471522,3.810728192143309,9.953582448025548,278,Autumn,Shanghai,33.9414244166144,123.64982289992456,Thursday,22,10,2016,Haze,83,2016-10-01
31.67668234861429,279.27635466858214,78.47927241550998,29.050548967166925,4.650016068795418,58.7418905504746,17.87953446775467,68.59895120535897,6.845905843994236,285.7212896345412,997.437547910616,12.408084771082772,17.280134833139225,371,Winter,Beijing,27.03307762404116,118.92241191316242,Saturday,21,12,2017,Rain,74,2017-12-01
132.38214160609178,243.37620294291708,33.5488410091764,14.49714119772347,4.132083291888121,99.34308965839853,-4.242418075280565,51.95807720744598,4.7624826374032345,134.42340626278016,1017.272472756976,1.3749067086934796,0.2110502624545764,239,Summer,Beijing,43.18096984914091,125.06791577547064,Sunday,3,11,2021,Snow,75,2021-11-01
64.51082107107689,120.72011287397024,5.090766801204241,49.54817234589085,1.1728803262085965,144.88083544394647,24.20979753368704,26.17550980366144,0.7066604477030536,312.650417724503,996.9513734024003,39.20862565104827,15.388705288704344,158,Winter,Shenzhen,20.706678923217336,106.66430058914372,Saturday,5,10,2024,Rain,12,2024-10-01
241.96817520989845,93.08278783940358,31.933734360383998,33.92619042616204,1.6722011711982971,143.43988903580194,23.88658278267519,72.90878535073747,0.5755244204437937,52.20406351131484,1041.0466756102842,49.35399102132749,6.9277337798286345,146,Autumn,Shanghai,45.0640765957026,125.60813368827738,Sunday,7,6,2020,Snow,98,2020-06-01
190.40455642838864,128.69851068552907,76.87509586195497,35.258617483975016,0.7430313136337346,79.52681151197334,34.25516336767902,81.9666382910298,1.3489379178651617,58.41444208467078,1033.37955562725,7.636825525357799,7.836243351527012,422,Spring,Chengdu,41.677753524884096,90.81579387377644,Monday,21,11,2015,Snow,33,2015-11-01
238.50462875240032,214.59337154121044,46.27482784938304,15.218006161051624,0.916119356598444,177.28156562937474,16.736368199419342,42.11569182301468,9.467267495163526,153.93464518231517,1010.4372650110578,18.36271273785741,19.10046701419949,216,Summer,Beijing,24.30321013127136,115.26822650308463,Friday,21,10,2016,Rain,89,2016-10-01
151.77789850977896,41.45696089973622,10.67263781074147,2.668684881442425,1.594995445569176,60.41018160776139,28.568180909931662,71.98146225365474,1.7583493813843445,23.32978923541681,986.7151730523804,43.64132366491801,5.299899761012621,209,Spring,Beijing,40.25045904197259,113.7540411620504,Thursday,10,2,2022,Fog,47,2022-02-01
165.67653693390025,283.1826723353675,28.98513081369604,46.37358349073001,3.547947608133317,147.801262455037,36.7970544368752,40.500026271894654,0.2459837661025687,327.3590549229579,1041.2871995565797,46.25001190747772,18.964671451278743,435,Summer,Shanghai,20.733476268472156,122.42907196103346,Tuesday,22,4,2021,Snow,81,2021-04-01
171.48008299066646,232.34227746320175,66.44179072287079,6.789268929059792,0.7917693505734866,147.76429891088733,39.16445939842436,18.2481634531838,2.245716575011484,305.9427769739943,989.1233237006668,24.01937880667109,14.598331089432522,465,Autumn,Beijing,38.0961113875457,103.7400878075031,Saturday,16,1,2020,Fog,87,2020-01-01
76.13217642527395,199.40882654429888,72.3634752241798,42.224321101503726,3.786886889726112,123.50849575860836,34.098215149856586,12.92078989444119,5.495738417717686,18.519309756279604,1037.870279422835,11.701426308487967,8.858623908197748,134,Summer,Guangzhou,36.334451190034734,91.31561715260388,Tuesday,11,8,2021,Cloudy,31,2021-08-01
60.75643388717644,68.06987794792488,47.52609234244134,34.043911733713074,0.4457464055900108,175.26789981032218,32.56455088056805,13.17672792333894,3.1814424026636754,276.66059950072275,1039.329162241503,9.497799489714309,3.6193410343104713,109,Autumn,Beijing,39.27100191224429,119.8066152833628,Thursday,3,11,2019,Snow,77,2019-11-01
153.93879749372485,24.07334970451601,87.99687292837515,35.52277624839626,4.409099152690278,151.2317432488517,24.022525150674294,81.54053226746922,4.553923586387088,156.80873814465514,1001.0294769446394,34.44857322200557,12.253867186295553,436,Autumn,Shanghai,32.65275613842902,97.40478996082118,Saturday,4,12,2020,Clear,57,2020-12-01
69.9248452611431,134.72205879428512,13.599395394417153,29.620775781116,3.3083165515685424,182.52117305758347,-1.8466377850870048,59.606108847364574,4.950931173024364,61.64498942893571,1011.969673404523,38.2991612896367,12.372584402010803,379,Spring,Beijing,30.79114034047371,99.59391474860342,Friday,19,9,2024,Clear,54,2024-09-01
213.4248508673102,49.53587572983589,95.74255725895313,6.62471057388659,1.1788028286720316,32.013042415769974,27.23053757933572,86.32678496116412,8.920068207430829,111.34598783833152,997.1937118813768,35.66786196979928,19.301339122439757,264,Spring,Guangzhou,38.6650796253201,117.8085862147245,Friday,19,9,2016,Haze,44,2016-09-01
61.47041190621084,229.0826574206574,42.75525951834478,23.50530601857726,3.238265075228632,181.7614724568373,-7.704175810445593,50.96546810475216,4.173973189510476,201.56117926327173,1000.07144191007,42.65427409063683,15.18141886078152,311,Winter,Shanghai,34.463276347663125,125.65382971934608,Saturday,3,6,2020,Rain,47,2020-06-01
197.11118091004357,28.447993547330316,70.29152446316535,1.4884928260908494,4.450067402693861,172.75787772227048,14.26218840649586,15.403909850221538,7.626587622214325,36.46891241197951,1003.6709422481778,18.68011809778792,0.6986847839100376,24,Winter,Chengdu,39.7738736640073,93.9285381480046,Monday,11,11,2019,Fog,46,2019-11-01
54.43769789249495,198.59238469610077,21.726935809130698,9.521662456225798,4.653372338494898,44.09506955194538,33.867984132460464,27.338768283484587,1.2788750911568525,110.7933364340184,1024.150892220206,30.784144899560307,10.991436808596168,164,Autumn,Shanghai,39.47362253646149,128.89974597429895,Wednesday,21,10,2020,Cloudy,78,2020-10-01
38.344555051856126,277.4144608267554,88.36123850603863,7.5202645364806,2.043174881526015,93.7308724268862,15.93429176781918,30.868812229370903,1.7109697241458188,150.62739020171344,1035.2917603676742,43.130665382565866,13.129128683313224,466,Summer,Chengdu,38.42803519578938,129.22459082008135,Saturday,0,5,2020,Snow,49,2020-05-01
113.67229627366902,220.35707806040864,42.94807598069021,7.033327051381158,2.039592499990557,80.90858289880774,1.9387794367475488,46.612292027436496,7.505760565336159,16.710458910554713,1012.7428272145694,2.123456108245442,3.45772285593657,407,Spring,Shanghai,43.21551896968947,97.52815604765848,Tuesday,5,2,2023,Fog,40,2023-02-01
150.28336592280823,288.374996742293,96.3204228470527,35.7763700527203,0.9687278888487904,123.9950377980576,17.33929762415635,20.24781276727552,3.591853121285133,138.20110560612295,991.4570443560092,25.526745904326013,10.35980237426409,226,Summer,Shenzhen,35.291949900041054,96.69942632334984,Saturday,9,7,2017,Fog,69,2017-07-01
150.10721116667207,87.58410509422656,14.46941105795635,43.76609921183192,4.289772090397094,129.25861858489688,7.965246591136125,47.95643648550319,9.04255400885918,284.640589305875,1028.986363980188,49.18308981744581,17.624386719904045,27,Summer,Beijing,39.51190078764578,112.9257010327018,Sunday,10,10,2024,Fog,12,2024-10-01
171.99129146641027,59.14352225499795,64.84797860734233,43.82197580217965,3.968848485730946,112.0549069876624,24.706079950883613,15.869729856973729,2.4637886620443403,222.95475810425708,1006.7983853330476,12.199115686838107,12.472775259456547,287,Autumn,Chengdu,34.572160198284166,92.06366090021712,Tuesday,6,5,2019,Cloudy,69,2019-05-01
136.33054228826865,140.2932941876606,15.149995856264947,49.97024534740448,3.728124832357901,50.04488259260855,22.47058321851219,35.73703250312835,9.395738983606003,87.65640919997202,991.0401130053028,20.90053578185282,4.502417435834911,422,Winter,Chengdu,20.04676372222007,101.798542125916,Thursday,20,9,2024,Clear,13,2024-09-01
67.77311535614723,143.22792869635293,24.82544352919565,6.535848058322348,0.7589975576751751,144.39459980778136,8.070777704694102,30.399623646988147,2.0560152191554835,42.1677349098735,1022.4685453791352,22.490190645083853,10.9923892219593,446,Winter,Shenzhen,20.811019229130547,124.25372141556556,Tuesday,20,2,2022,Snow,16,2022-02-01
168.8609221403151,295.6416213822859,74.03365297140199,21.297484356599057,1.387361784925335,56.04916625365812,-9.760207671510289,15.094927490999602,2.2710993004329074,265.2388483504285,1046.3944270199313,2.934696154568195,11.01111843964337,415,Spring,Guangzhou,29.98788485475213,115.31413970059502,Wednesday,4,2,2016,Snow,46,2016-02-01
224.1892724667539,269.9340992566099,41.14279484911456,18.47218737883053,0.5246958149241608,131.55219548953323,37.65941230931199,55.99573630097714,1.7708943704963676,178.61530087107644,1046.1831319987489,43.07554455610496,11.089158479105452,61,Summer,Beijing,34.6878852493339,98.0102238518878,Wednesday,4,8,2015,Cloudy,97,2015-08-01
41.27780052642254,75.97860523778556,9.077682480880508,13.381498486287592,4.364973085113404,161.5834577786653,4.0453388386035325,66.80575079586391,5.757237170644429,202.748367584693,1027.2028875395424,33.515068222271296,6.423796493147068,22,Autumn,Guangzhou,39.83994228557229,93.9557967067621,Sunday,18,1,2019,Fog,70,2019-01-01
181.30622061891256,268.12750824419385,30.381141750706824,9.331464854350235,3.716524857100615,157.55395591353502,22.599533760498915,14.428751554137826,7.801386122598469,298.0015440696263,1004.874488383446,21.40595566061262,19.87135290197046,263,Summer,Beijing,44.18987803538755,99.0285260129955,Saturday,23,3,2020,Cloudy,62,2020-03-01
59.52686678409477,43.15276718455022,81.18531630696617,38.99804896628592,1.6038749129758356,43.7506932114115,36.27118891100884,77.57015630818725,1.2793711721872023,105.95194943218546,1020.1992290597168,4.265665014461501,12.788145730312865,248,Spring,Shenzhen,49.52262972229033,106.79755207756205,Saturday,3,11,2020,Fog,69,2020-11-01
25.16850674330066,263.10899244887173,78.07605061919327,40.20657524913207,0.1630147015635393,60.12644926625975,-8.865939410878557,71.43805632610132,9.630778931787347,285.0098820235118,1019.6522052070012,45.96450015695729,13.471226308232833,115,Autumn,Chengdu,33.84794058805834,115.59552366882642,Sunday,22,2,2024,Rain,83,2024-02-01
137.57662487342805,245.55278404253872,7.051581190049167,10.03762990212707,1.4700442375587377,162.35906459344272,22.48321136577185,89.68499209159094,5.679288462501004,55.23844289325963,1049.4820869336454,48.8644794900796,7.986551307582322,442,Summer,Chengdu,38.91225498806669,115.35361959000052,Saturday,17,7,2017,Fog,66,2017-07-01
178.04518845468655,240.42209261685645,81.09178364393671,35.34840976968648,3.638664763418057,93.55226975793283,23.081186966801543,67.4902811187149,3.852632563816521,193.00498974286992,1000.4681362366924,12.905409747819368,19.6490486780049,88,Spring,Beijing,38.368632019045975,120.14856662239976,Wednesday,15,2,2020,Snow,55,2020-02-01
231.46780259794383,256.1246027562684,51.28569141015149,32.58996800682931,1.2133409131273716,105.04043630243164,26.9947870859146,94.80515251195354,6.367972856633615,292.3017617367283,1045.1868901887992,42.33681864240595,5.287723770286396,405,Winter,Guangzhou,38.234704875852174,101.48357721285755,Thursday,6,9,2020,Snow,33,2020-09-01
92.30534081276298,267.2952404658431,38.859090804237866,46.8689441636898,3.5971906814143395,80.49250098489563,-6.7768502422259145,84.92032868171037,2.5512156471878344,105.29491541055148,1009.8353560522768,22.4099185398516,9.959459090775598,159,Spring,Beijing,45.97883136447457,124.42450192955212,Wednesday,0,6,2020,Fog,79,2020-06-01
18.52199477522129,58.53715444366481,10.366595873104984,2.9370798901135995,4.546457797444165,184.89998464655227,19.618531260793645,38.29543951468577,1.5639812446950507,214.55324498998124,1049.194228932216,40.8044955220064,5.3836231556454575,272,Summer,Guangzhou,38.85176927838735,121.17432230553896,Saturday,22,5,2015,Haze,32,2015-05-01
119.77614064309788,246.21664545383825,54.36000850819586,5.227163609986382,0.9378014850163432,47.84322358026711,28.508883999150704,54.11107991005641,8.011457581781576,173.39501975014858,1003.2570246390088,17.35373135777954,19.553499981464743,201,Autumn,Guangzhou,36.5079959588699,127.70395581421587,Monday,7,1,2019,Haze,88,2019-01-01
84.32817192999991,49.41554104995998,64.10530581701475,41.094202100909385,4.273625006854823,11.10710178239152,-5.6447707888933465,38.63295262976201,1.029251054363397,27.42014739520238,1010.3779938898186,49.98341537066596,14.031777715785813,40,Summer,Shanghai,48.31159690576308,107.4528248779396,Thursday,3,12,2017,Fog,79,2017-12-01
62.46637614692938,246.68967212514303,74.4171151040724,27.661475133673164,2.566323256678317,15.64491459989269,24.361733879141745,53.13179346611488,9.403024069646058,110.01279713117276,1043.696644814719,0.7609345265400247,8.946761715594869,378,Autumn,Guangzhou,23.511223442006976,117.33771932198128,Wednesday,2,8,2020,Rain,58,2020-08-01
132.51824516240995,24.70906011766298,25.237826753649305,49.14725544726448,3.187018514249905,114.4256532396718,12.240293628293166,20.487361100209384,3.904127389345764,357.2099675111292,1047.1509010433963,43.270247343399696,4.809713011402471,316,Summer,Chengdu,45.17954737394217,92.01213866796756,Monday,5,3,2016,Cloudy,30,2016-03-01
45.96822865748504,127.14947754214695,44.380648699474165,21.972656032381398,1.848355233440289,57.20602680674208,11.516371033080883,61.568877307595045,8.39374671328822,53.65974068008767,982.2808687865858,19.821971027452378,10.431872796904171,26,Summer,Shenzhen,27.39019699010982,104.3820833281458,Sunday,4,11,2022,Rain,9,2022-11-01
239.3445813357429,211.8817326151388,88.4070167615637,13.13058578979236,1.538250106837636,152.51947609110027,30.358331992090164,23.896430058481915,0.6278162040724011,334.39824534989003,1026.1779868280585,16.39888698207363,18.625326937061004,24,Spring,Chengdu,42.10968805208128,123.96120992616306,Saturday,10,7,2017,Clear,56,2017-07-01
229.9715457242424,139.15102550706416,64.69774087279366,38.16275376107452,4.032160663679257,86.46520404699814,3.6211407366937767,60.66053624418037,2.392500617269746,155.09458491141334,984.9665340804606,34.424527625010434,8.713286529472974,182,Winter,Beijing,31.31434645505012,123.36487651879855,Friday,6,12,2021,Cloudy,57,2021-12-01
248.55654046420085,80.90631261516955,30.472176420355037,10.926151883952285,1.8062387299825016,105.65316991530489,39.0844247216645,70.75133681078768,2.5998330002260914,122.4534476322712,1003.6726813476032,14.964262621343094,18.23057746098896,245,Spring,Shenzhen,39.76027297784366,116.57679927510524,Friday,6,4,2019,Fog,37,2019-04-01
180.08068453033152,48.60075188400136,85.58493951343534,18.88787887588861,1.5291883520494958,36.85093915879703,33.09553336167845,18.69840830614493,3.878166344197513,107.13320694943933,980.168657795696,47.50483951892897,17.1149741243392,105,Summer,Chengdu,20.844838317154228,99.31232296596198,Tuesday,2,2,2022,Snow,35,2022-02-01
69.72762096176348,203.35207922141444,47.75862458822488,1.4445337137636027,2.622246794367443,89.90716045756672,17.86335882167737,45.483726457954646,8.639769790645378,206.8714722235507,1029.4450875364334,31.659274541970863,15.276847291880491,488,Autumn,Chengdu,47.08573193363669,117.7830108597149,Thursday,22,1,2023,Cloudy,97,2023-01-01
232.16613580494965,168.25333593643523,9.142478461278689,20.763768299974803,4.59136188436025,75.61840960025246,38.30849434763987,80.15385054603645,7.207041553750166,72.25294605471208,991.3764635365752,1.906487335270324,2.1404086925680623,489,Spring,Shanghai,34.39567425077563,98.42129273523123,Sunday,10,2,2018,Cloudy,31,2018-02-01
168.06844512801098,184.911406992724,10.21725000714662,48.1683091854897,3.2071136964411933,142.03765592176214,29.36434034380312,49.47907006534588,5.22687018501504,85.83815069469915,992.372087922905,39.694819548593166,2.817586508276446,365,Spring,Beijing,32.38037502826346,108.81958752422744,Wednesday,4,6,2022,Fog,25,2022-06-01
226.55215176073824,100.2027864707151,62.449291867140026,48.33179001106658,1.4303709506545244,37.85833850996397,-8.584663359049806,39.47911832746468,9.9596313562577,33.6143940299274,986.5635975901084,11.842194257054173,14.596747048204053,159,Spring,Beijing,20.182070245457066,100.28581470249816,Tuesday,7,11,2022,Snow,81,2022-11-01
18.189964134133398,271.1461640754352,55.1274960901589,40.4380238117278,1.9726086047944575,197.83999703880784,35.9237501795534,32.84808034265366,6.753570702053102,202.69765974283055,1001.8824344500404,4.803054326422912,4.114325238659034,126,Winter,Beijing,21.6512473711313,114.30821240875112,Wednesday,7,3,2023,Clear,21,2023-03-01
156.54246536054188,191.5809566502325,42.99859047596834,39.64081298965013,1.173396192554599,109.83566745807744,18.60384362554118,96.17193877328523,0.3624554640663102,166.07534732544036,1027.7218199613862,38.96728777684687,6.232711651682709,392,Winter,Beijing,43.88728516089839,98.80551467364116,Wednesday,5,11,2022,Fog,78,2022-11-01
187.62054316740404,36.458644129946265,89.67111236559425,9.49106922679285,2.950670921742645,81.84201996920997,35.21764853298692,82.55991670682938,4.949928931308367,99.89802225611156,982.2609161206163,41.55125816998263,8.269455279378821,491,Summer,Shanghai,23.781601561370444,96.5233716283788,Thursday,15,7,2022,Haze,4,2022-07-01
43.883475282004014,135.8631130135431,27.53691204541837,46.90295938930252,3.47177582452186,54.65010075943493,21.57279574120776,31.433098669947167,8.505572836491114,104.33163142378162,1008.5355000224638,39.71834475935489,10.29595561660881,112,Summer,Chengdu,21.469404458965364,117.89938284884036,Thursday,0,1,2018,Cloudy,20,2018-01-01
204.32603819638143,120.82537738559591,37.54030729042488,37.42109330605375,4.363207442982291,147.85998293088232,-7.573283730533117,64.16647438592054,1.5808163207412784,87.16250079021685,1036.4344832660895,30.190187272368817,18.28666891030879,205,Summer,Beijing,23.513124875456207,98.18481295707171,Sunday,5,1,2019,Rain,43,2019-01-01
28.419591182534248,217.70766059461295,88.84961171744817,8.226009211568757,1.9522779198378133,82.33063662686502,-7.310132557635582,50.9861871068656,2.7292923119034707,1.9269664929315944,1042.229520906942,20.64166696648771,18.03576942242098,214,Summer,Beijing,28.01299188185439,127.01118330692512,Monday,18,2,2024,Snow,96,2024-02-01
84.04211155224444,124.09154779193706,8.944400160674016,31.667250755968794,4.579631464880595,60.51303405911325,21.91880683003773,29.942244433132743,5.736417280946213,108.9682368373332,1045.746637477857,49.63835737098128,6.726620327848808,112,Winter,Guangzhou,43.932854697056094,125.73414399680364,Wednesday,23,1,2018,Cloudy,11,2018-01-01
165.39027863391306,199.55643436840117,63.37928685688597,6.17074831978132,2.45758082865691,108.20951017619608,6.750957179164704,49.593744775285614,7.609398720680367,43.21857693724829,1003.9068233915968,0.6246317515520183,7.202603360861936,493,Winter,Shanghai,47.84360703971753,113.2526720872805,Wednesday,16,2,2017,Fog,4,2017-02-01
152.7053185590989,184.9456279963662,96.11389725636086,41.810860153861626,0.55682769118679,14.248082652485966,11.606258565600456,21.737628986340752,2.519301879935434,303.83140799598226,1001.665060800977,1.1777221550523298,7.375371562923145,457,Autumn,Beijing,40.36400896676918,100.44920580007064,Friday,7,9,2019,Cloudy,49,2019-09-01
124.5144656851571,148.36696223864308,20.257286895045368,48.68322547083382,0.8321738517907349,91.20674947627418,-4.1970031744762455,65.82124804825867,4.776166880872364,8.679145262961763,1035.7028695576887,3.349749325718093,2.643676566449435,275,Summer,Shenzhen,44.62813920893476,122.76223174579972,Friday,3,10,2018,Cloudy,82,2018-10-01
25.258558971798458,229.9589777548076,6.391089804314528,2.5917855146708333,1.020627439172276,23.516920413976507,22.99311433051208,10.56264777080435,1.207153695437514,351.690647305417,1018.3741378999388,35.65839154660885,5.294269179267,270,Summer,Shanghai,20.53776601953971,106.94821849647111,Monday,12,5,2020,Cloudy,19,2020-05-01
32.11109267434554,111.6917328571409,75.93086795716418,49.16371543750989,0.2881837632513673,113.38210432043932,34.00195527175722,95.08275957466093,5.366727247502473,88.68921086316593,1010.8887955345488,39.0781954969183,17.17461527724932,261,Autumn,Shanghai,44.88913835120019,120.27116859505476,Sunday,20,1,2018,Haze,79,2018-01-01
64.16873231094243,63.11598137949952,11.233461254461597,35.185740179437175,4.321205886787268,97.08391483707766,18.940964476011946,34.22800857862191,7.26268146820761,124.95123991450626,1030.6484670807165,38.77889486326189,3.5508929250494696,142,Summer,Beijing,44.54202269090721,95.8756217606014,Saturday,21,3,2022,Haze,25,2022-03-01
216.00762324136147,53.43249730021819,88.56019654894924,4.323161137684996,3.480418142708693,66.27025779499162,14.952534654767838,40.4376975908995,9.3443839523526,202.58225592544463,1039.3709125536775,14.566779508643084,17.6437083994351,94,Winter,Shanghai,37.70331395688646,91.31346271732131,Saturday,1,2,2022,Haze,51,2022-02-01
137.7588825105832,184.7665567409652,90.90383823999088,34.030482819069775,1.9163608279360165,81.37093560821252,-5.00521399542115,60.31839031920644,1.2556356695171478,100.25788472414293,1003.1986026568828,3.041376646094723,8.89427477414594,144,Winter,Shenzhen,30.22967657792634,119.50379908137089,Monday,19,7,2023,Rain,22,2023-07-01
83.29667640507331,42.89022216652313,65.29480235589133,24.299082150865047,3.216249455909428,147.35077531942235,22.969239560807743,81.9419632721658,8.890856358799734,338.63117701195097,1033.0860720145104,25.903337247692747,6.478127225001808,256,Summer,Beijing,43.11499845642842,115.19030833222128,Tuesday,1,9,2015,Haze,65,2015-09-01
219.5574829260148,54.94848374976208,88.48439696529648,45.46093111601733,4.877501416731914,14.728552358818735,-0.8526231215710194,57.8331390996869,2.157193965931735,63.80253296530916,1045.339590323316,32.10675883833149,18.613097794453232,223,Summer,Shenzhen,22.90025866102424,109.68987148750284,Monday,12,11,2015,Snow,73,2015-11-01
213.68085116633517,146.6044459513385,7.284060163880948,41.507590866687885,3.4795878434263776,105.96767864618393,25.07559171724666,82.09314710850539,1.193095275911764,250.7859475241189,1031.3427463913831,18.997875225371885,1.988721671571757,407,Autumn,Guangzhou,40.80446754918712,124.97853025029144,Tuesday,18,12,2019,Rain,6,2019-12-01
90.18803909746406,27.74265366201922,28.38875654004321,40.31335790930629,0.6902463430700824,193.36832350191835,-5.645541559639352,69.94890516455112,2.588983235515231,310.7150047247514,1005.7609923802332,41.73086866846137,5.93506339809564,92,Autumn,Shanghai,23.72915902519026,93.02707134321427,Saturday,19,11,2015,Haze,54,2015-11-01
245.6776247726959,251.300616042464,82.0869447356997,16.755482272358392,0.3718824067526348,155.92008590990605,-3.568062235116778,20.909522277831936,2.785592061871617,233.69289321835447,986.1642066369576,1.6184613690549632,12.244811619822158,323,Autumn,Shanghai,24.547097842373145,103.88584445458898,Thursday,4,2,2017,Haze,70,2017-02-01
145.26100812078784,209.2930297151905,13.401085357397404,40.17367850576487,1.494316440042461,178.09821985354642,27.476368167507104,29.96581794005188,9.408963890114848,140.93356204892285,1035.5494920090573,32.14825827530751,2.1851938365781907,374,Spring,Chengdu,43.816689450638805,116.5764801800912,Sunday,9,9,2023,Rain,95,2023-09-01
95.33082263511572,237.3677767719089,81.14678377892926,26.895951258628973,2.5777138695449016,134.88443886680545,14.815691905780223,27.26884243018853,8.710353124421701,26.039130655149783,1019.8153485513004,33.59236505256652,1.923637536131141,209,Autumn,Guangzhou,47.06366725895602,106.72076149520277,Wednesday,5,8,2023,Cloudy,36,2023-08-01
203.73529533171515,252.1015909127249,69.13415833301005,11.960594999298928,0.788672780857122,132.85941715124548,6.244217463672538,65.31832041303696,1.1416291552480151,298.67101103829293,1023.9365613770368,8.919880839557553,18.040797637608424,187,Spring,Shanghai,44.41494534251902,119.72588429752064,Friday,7,3,2018,Haze,33,2018-03-01
122.34992391484288,167.86384954373713,95.97892235272164,29.35896870090405,2.547411695948396,133.42750249609983,31.862095212291017,41.00382362072189,5.309151948133045,312.8406085197422,980.9708734527512,39.082338073354656,14.279988995850522,130,Spring,Shanghai,23.970078284348084,91.8354560925594,Friday,19,10,2016,Haze,19,2016-10-01
93.04868412113213,71.73314838084136,74.81199321059414,2.307456992416052,2.815009591423882,154.634269814902,20.82985660587084,13.368513189316385,3.685350291039116,325.3044221836265,1002.188806290609,41.23892479677818,11.337732096209775,111,Spring,Chengdu,45.570608274367245,97.93324974311189,Tuesday,7,5,2016,Haze,29,2016-05-01
214.54367302079515,187.5551206999046,48.83078953582688,27.412271390066834,2.1291806341459063,62.6783985712604,2.4857900054976607,62.98624775613332,1.0081947048109174,214.90286507732608,1003.599860017279,35.08280238035352,5.651355971416239,121,Winter,Guangzhou,21.835151248961584,102.7290105123084,Sunday,1,5,2019,Haze,4,2019-05-01
42.30707802612181,130.5314190996828,57.60447297837534,27.95812409738589,3.102741543526285,173.20613980997183,-2.221317621426285,69.59592542833782,2.894263653342982,90.11816789281902,1042.371496225932,34.91717811399545,4.915183541575417,447,Autumn,Shanghai,26.872871267866845,117.83171737635546,Friday,6,4,2021,Snow,52,2021-04-01
39.80060377546959,168.18933977492452,88.17769749707199,36.31222288032927,1.5059909585828708,63.91220062910417,-1.5881344858524624,82.33382234032052,7.414745032776905,187.0389542416333,1016.7737697157748,20.571168064541865,12.685244021226278,42,Summer,Guangzhou,45.344950159802245,91.82400588784384,Monday,0,10,2024,Haze,75,2024-10-01
223.71314141731568,130.02951004410727,26.066180158161867,23.851056267177093,3.82080013205962,106.95279698684996,-7.576240723949131,61.09274890422856,5.926774851677015,1.2948257565096544,1016.951521388532,23.499604356658,2.4639199392518507,378,Autumn,Guangzhou,38.080965956989445,103.25217457939728,Thursday,3,6,2017,Haze,5,2017-06-01
175.5794275669343,221.8922809295808,79.19851454155588,32.456350840636176,0.9030457682592828,149.35016147970222,-1.6187665140315808,48.09737042145538,9.82587250474032,305.46148718613927,997.6400231074192,47.53079098552495,15.48524108558145,200,Summer,Guangzhou,44.54461182650451,104.78047809295384,Friday,22,4,2015,Clear,53,2015-04-01
173.7348818840398,72.62749320788595,5.017676826535451,4.428949459585342,4.111639867075255,66.54986105318089,28.85650402524588,13.000474635409034,4.069581977423499,21.877811146835853,1037.9822860292272,13.687412307785952,19.795026815295017,40,Summer,Beijing,37.671076558461245,93.1043865012581,Saturday,9,8,2023,Snow,34,2023-08-01
164.52830290058986,290.8447479621162,40.68772678833399,9.373702400481813,3.847258521192217,184.61507980017515,14.841199555002635,64.64643289597484,3.6102649343980033,94.17933045228062,1007.9844532181882,16.829937636968555,19.058369822494864,460,Autumn,Chengdu,35.25892801743062,127.44457259830348,Saturday,6,5,2020,Clear,97,2020-05-01
161.29336430415543,232.99732590547168,80.71585792823743,48.77039577622389,1.4126910363854797,160.91796127153077,18.12168245303539,84.54927877676599,5.998502357503959,229.22813332034264,1026.2078447443057,17.23286750475321,11.518339800558111,175,Spring,Beijing,47.49817879673273,111.49077167627,Monday,6,4,2017,Snow,1,2017-04-01
93.23248973364872,67.40908606843337,43.20498950790637,17.902587798826936,4.670557732859825,46.007605081353816,-8.699497164747484,67.6169699742585,0.1474849521599197,333.85262880741806,1033.6035250238056,31.28585635239872,14.765383413325678,420,Spring,Guangzhou,36.10170569790178,91.97650730329958,Thursday,3,3,2023,Snow,16,2023-03-01
40.265066639701175,287.5373750032612,7.490503516874543,7.500770422109531,1.8410948696994056,199.73704864427927,9.603841427745657,67.07409071225815,5.435319056721809,15.05631199391294,1025.4545993340646,31.79369138964384,16.84580311111399,212,Summer,Shenzhen,31.754513732731272,97.81485289044424,Tuesday,13,5,2020,Haze,82,2020-05-01
219.9370709425427,95.32235996384394,27.46411267654588,24.97913585515757,1.3381290071094845,123.21930471581602,1.5463398923166594,75.57993303184504,2.5424802983572645,222.495811872705,1002.4145547074264,26.83374173583924,12.06963542555172,381,Autumn,Chengdu,36.63248419984125,96.02309741316957,Thursday,20,2,2018,Cloudy,59,2018-02-01
152.82780836976346,71.50640932361719,29.211990710209697,49.157112661008895,0.6496702040079504,155.35099222762773,-8.140897939458549,61.72230499740312,8.811441140432402,93.89463288131395,1032.1681856381051,26.78385139437957,14.191917601935176,306,Autumn,Beijing,37.7779373216156,94.86670830214037,Monday,1,4,2015,Snow,84,2015-04-01
77.36513375802795,235.0055444295041,84.63522832921781,40.88109319097059,3.378395028202473,158.35385971398674,5.247487306237517,80.12983576033355,4.307393670551675,157.43782223113604,1013.5660730450924,17.2365221723509,7.144060149480921,154,Spring,Chengdu,47.28298148558777,104.19172351662716,Thursday,12,2,2023,Fog,48,2023-02-01
13.514131506255564,198.32267166415235,41.004224661337,48.35299155548373,3.4936007729318157,169.15326635479124,19.79967885749213,20.959462740602568,8.935301757312658,7.549247709526865,987.1025943172616,24.242550209245078,19.25234415221161,293,Winter,Shanghai,24.337333427376183,93.46808819518644,Tuesday,3,11,2019,Fog,48,2019-11-01
25.24695708304549,89.10035380544326,71.42136986115328,11.333074077032697,1.9731772028004504,72.06159777801203,25.609204622588727,57.69872993552873,6.098827061957087,28.18414690181506,1015.2542214889922,42.16030872904282,1.8203251161150404,94,Spring,Guangzhou,49.248269491946544,127.9438179757136,Thursday,9,1,2016,Haze,92,2016-01-01
45.42536238728932,63.25491456865002,77.43401521440609,2.326635714111388,4.852751764595706,161.95607588291705,38.29403702990986,25.801530679415546,8.475176905232704,318.0133432339176,1030.0297253023407,40.737217154126434,13.383891021530424,214,Spring,Beijing,43.61508315953736,90.50930800421276,Wednesday,15,7,2020,Clear,84,2020-07-01
161.7635171128575,268.1643095379875,63.227169620529445,36.588637624070095,3.9807710015630624,134.9027967961601,23.432831581708328,56.54357723632842,3.5771947498181325,240.87337313172256,993.8600764558532,42.60786620561689,0.2270561644658084,485,Autumn,Guangzhou,39.92870591457614,119.03928580732408,Monday,16,8,2024,Rain,62,2024-08-01
77.73589299707749,273.42531696486003,75.681712081304,5.925628347207093,1.595499095077986,31.30355216601217,-6.405396953315109,70.34369978029625,6.463745744659056,34.073331864221224,1035.0393240320227,3.251232459536696,14.404936318425571,85,Winter,Guangzhou,22.97035569814998,90.08172724951048,Monday,7,12,2016,Clear,78,2016-12-01
81.28327675093217,92.39711713673148,35.09433133373437,30.57966754729431,4.49731542179345,176.045221295907,14.470850372103133,43.24551629666631,4.253391668298891,191.6278074246265,980.1579526255643,46.71590439317215,16.580705822971158,362,Winter,Shanghai,35.41618702545338,127.46552438227546,Tuesday,12,9,2018,Haze,24,2018-09-01
132.37013848302945,184.7079014053087,82.76331274260049,22.47555793358519,3.4243748759043946,146.48176129471497,9.776370788065051,46.584925277834905,7.57757270208144,106.84928416849093,994.0613928780084,29.951843233564336,11.894724643090049,139,Summer,Guangzhou,29.46955144123753,103.00055526786056,Friday,8,7,2015,Haze,8,2015-07-01
183.4325260528764,241.810474132468,50.19521533708119,24.94871927417312,1.009726068475887,80.0563717359067,15.26611058017701,81.28258570109834,2.775271216942313,155.08938810376858,989.9988938255254,17.13283524853727,8.12302572922361,283,Spring,Guangzhou,43.28312806130224,104.5896728548108,Saturday,5,11,2022,Fog,18,2022-11-01
68.73704683057996,263.9084041972872,17.794840617489598,4.269301554211067,4.225007270122408,178.89573372121245,-1.466801062158714,85.64485174663717,5.366245953449937,338.3621274721916,1040.817848559831,44.43088250066601,16.435985891107016,43,Summer,Chengdu,40.132228062337575,99.1008943658307,Sunday,3,5,2020,Fog,75,2020-05-01
23.874173231182414,135.03866046659067,30.623508182979197,28.470079244441525,2.712887164103411,18.29798221849128,34.60128858483816,94.04886803413244,1.0199784612140406,253.24044509499103,993.6515207177326,31.252717031056086,15.603190588360397,264,Spring,Guangzhou,32.87180232384635,94.36534196953768,Thursday,4,11,2017,Cloudy,64,2017-11-01
56.258522499990775,257.81737242312624,83.69693285723756,12.845563672704168,4.904623435876971,117.87785052175006,4.763045627387045,56.393742884094806,7.385638919358675,322.25137294514553,1046.1289096341095,31.2101967297272,1.3444099330439814,372,Winter,Shenzhen,26.279669706875723,109.43697788354017,Sunday,9,7,2021,Snow,52,2021-07-01
141.0359465290053,120.04701801457269,14.174568923555135,5.297774297334148,0.1112381434521109,18.669630193230752,6.19839109091436,47.67555650195508,9.442724433207983,33.73270295839805,991.8477949613888,6.997785903351861,3.46856069505982,359,Winter,Beijing,25.57189819084303,119.43059278295136,Thursday,11,9,2023,Haze,97,2023-09-01
82.44659356751657,121.75249511425784,68.95880228431595,34.40212482166876,1.8949325003786728,198.90099750956563,-8.256319470591952,90.18823276379118,4.850432950750712,168.8340053362677,1009.5011469430395,11.242767467828283,17.608414917247934,58,Spring,Shenzhen,46.32452144761189,91.26810819422788,Tuesday,15,8,2024,Fog,99,2024-08-01
54.42259907827331,256.5989906463826,21.89539310568624,8.911345539511046,4.590161346054085,106.98053509891116,22.10216256962051,26.36367683644,5.571332434194202,168.2791184867344,999.0034264338532,20.917911223909496,14.972564487057548,184,Autumn,Chengdu,20.514750194754832,115.26688730735152,Sunday,20,5,2023,Snow,97,2023-05-01
164.00854275310613,260.130832031199,39.83372555231898,41.1577419084638,3.194877489919268,90.7823116792599,-7.948961452160677,54.01751346575385,2.612432329372939,84.19271179331673,1030.512423586952,24.932116304453046,13.998570949313663,435,Autumn,Shenzhen,27.480982969272112,117.0210417133795,Monday,21,3,2022,Rain,67,2022-03-01
154.06503765037408,139.69758985929263,19.898161628580688,31.82151445952212,2.5414863198439788,179.39793972652149,-1.1596882681869172,36.87750256230896,6.193705146367877,102.1648669510161,1044.9414294016656,4.708083067563329,4.995430964255381,244,Spring,Guangzhou,30.847261645166263,125.23716833116896,Tuesday,3,6,2020,Fog,81,2020-06-01
131.0554194571129,28.035369149100863,28.95430937766408,15.683447864853724,3.651168540858576,185.86554590880309,9.582821192865469,81.27904654535298,1.3526671103662111,288.41035460139227,1048.4142511486311,3.6382549260959687,7.383007784439652,6,Winter,Guangzhou,32.9204402808845,104.997624876354,Tuesday,15,12,2019,Haze,96,2019-12-01
224.6550256431945,102.17667393690486,97.5461374756742,49.89620093026622,2.385067051018892,156.77961929028416,20.249636382172252,74.91648640170301,4.551801253614409,332.43596439067414,1032.805671476491,40.12801584882417,9.65536845966243,273,Autumn,Shenzhen,31.573650912660504,119.19111548959444,Tuesday,16,5,2022,Snow,97,2022-05-01
190.87788022435024,216.18307615979165,63.40792540062722,44.55666613365452,4.263961865816809,180.84944856010367,32.956679735291885,15.506101626225854,2.661412507303532,11.35007878920034,1033.9061545204893,48.838373523443,3.673640495288848,54,Winter,Shenzhen,31.74659967789773,117.87882483870489,Monday,18,11,2016,Clear,83,2016-11-01
113.9181404966119,20.8857477609942,40.96134757368492,35.37589022636893,0.9599116630804234,164.34056711710764,38.52452602604222,79.26800200084597,2.534536564381933,196.35662041583583,1041.9414032861366,39.55463255063603,11.36359704175117,309,Winter,Beijing,22.88227583379968,105.87728931074152,Saturday,6,7,2016,Cloudy,41,2016-07-01
115.4203829987439,111.05055101029146,85.33547601359747,13.067944672954829,4.0248556329514384,199.93638695822668,1.1111412925720074,16.39495206768576,5.704316722711182,191.6180910384172,998.4454716408468,4.863657827463341,4.291100064865255,290,Summer,Shanghai,48.55922919231247,124.69321400995756,Sunday,11,1,2024,Clear,88,2024-01-01
240.52664554243927,260.2460749063948,63.22032703340135,32.82053220805638,4.445999374296936,147.44376191394466,11.573103335966358,30.59159465699444,0.0282271935440392,156.3081076509724,1036.371415887961,14.94732571674468,2.125043861294492,117,Winter,Chengdu,33.693900902142616,110.9007394634844,Thursday,11,5,2022,Snow,59,2022-05-01
192.95185662170925,293.0197976937658,40.90841758936666,25.301280413986,0.9249412285116104,31.433501089086,-0.6241134966482349,12.827221849391291,5.649150671833331,196.1952768374332,1028.0925082594276,32.46271787320551,1.822498187592146,50,Spring,Beijing,39.86909699609663,116.45393701941389,Wednesday,16,1,2019,Haze,34,2019-01-01
95.6894903397004,152.09049602161045,10.37944353003067,9.894281927827103,3.0193560374973414,107.494358706329,26.10830734590777,65.06392879052592,8.87274029264214,9.592522826261812,995.9066139555472,13.531126181302955,12.109082470099535,260,Autumn,Beijing,35.58168737238292,118.1616149152706,Monday,21,10,2022,Clear,84,2022-10-01
77.22834624226263,122.21296665462545,95.3504756234172,17.887361798994007,3.37385568098429,183.9852374884017,31.03438876698256,20.622870874768203,8.1134134967945,35.7380023044352,989.8748058003816,19.91473884298061,8.993965601562738,197,Autumn,Shenzhen,43.79143786266977,103.99694000556738,Thursday,5,9,2023,Fog,42,2023-09-01
199.44466710003883,220.44329307234776,68.89057740226336,28.00756764401433,4.591917361629067,98.29434110499992,-0.151899604621688,92.01362452596264,3.7488623583335943,6.491208241591768,1035.7452288824786,10.216969347316253,17.863899376501934,44,Autumn,Guangzhou,25.522012243794965,112.48837997850568,Tuesday,8,3,2021,Snow,35,2021-03-01
47.835395416775015,50.71344283149817,68.95332527917915,33.84238737300055,2.8159796738585685,97.78932411544724,33.56784579112671,49.903005908427296,1.251297199810142,143.48740332167012,985.5281365005538,43.95703009709507,10.68479131315688,389,Winter,Shenzhen,20.6893806698448,118.97191003075996,Friday,18,11,2017,Haze,14,2017-11-01
245.05898977382543,155.30551534510394,33.210094739117864,47.10147138728327,3.174532912742473,132.8866299853218,17.829151902027267,66.06081007452647,9.894753709855063,29.519691281979,1005.9183893084275,13.978015764092062,7.157875255660895,268,Summer,Shanghai,34.235582344899285,99.61903271758734,Thursday,16,3,2019,Clear,1,2019-03-01
213.75232806603617,99.11103357194128,55.1943932171315,24.560299756862488,2.241207264243384,116.8341355638242,29.95844485190248,39.90752891381793,1.84827459790082,72.47175160890095,1023.7292977232594,10.586193557020009,12.354079631371247,190,Winter,Guangzhou,23.773605006472103,92.2981948064217,Monday,17,9,2021,Haze,29,2021-09-01
103.13929045770348,271.94697559995427,90.09357295652788,11.51199623068067,0.7669744895671667,195.54478824559337,29.93587789961743,21.1026583970117,2.688374974083576,171.0595618936362,984.9841646396068,19.941503258779274,2.6769656536777986,315,Spring,Guangzhou,48.79333565154391,103.6621374976424,Monday,11,8,2018,Snow,15,2018-08-01
197.88101336713925,50.74632153981771,79.31826803997497,11.012140815290309,1.319513762257365,111.02096515230689,23.31620615960896,93.42711662595347,0.0020522589745519,130.95870442209463,984.9363321273358,5.901813644932396,3.0785662514269383,203,Winter,Shenzhen,36.83576751595352,98.06161505355912,Saturday,1,6,2023,Rain,58,2023-06-01
167.63764088582403,30.59129808126449,19.56250580517896,11.56100489108737,4.669488315029455,98.51264961389369,9.813434351469304,99.34047614486866,6.489673352697868,256.9209867140602,1040.5778268229883,48.08790963607799,1.9184844901854807,372,Winter,Beijing,45.09153500399242,102.02598883888167,Saturday,10,3,2023,Haze,61,2023-03-01
219.6338092942496,259.28049596104125,15.91562436826034,47.58138435004,1.0397550961132522,176.74770489947042,-6.022649502675844,88.58290349864885,3.178621333247867,146.12630497422683,1021.134153963122,12.742800137416175,8.529528551052648,243,Winter,Guangzhou,42.90957540306465,117.81815921887107,Monday,11,1,2017,Clear,36,2017-01-01
128.17466964534066,168.16836755037494,81.31432937929755,10.659255688546288,1.8327376658572143,98.49360453820358,8.089369630552358,25.261312206471796,2.9399632676894294,309.8916539160232,1037.8120341451938,37.05565913616526,6.411061173171995,227,Autumn,Chengdu,32.334213500421804,111.67247388562872,Sunday,11,6,2024,Cloudy,17,2024-06-01
57.88845060201616,76.96493822426737,56.610464922893726,44.12556344897577,2.6402123863967675,148.63039788156598,10.480757103738018,60.35480372286297,6.024405684297783,128.79935446975398,1036.2324337388743,2.069435017911569,0.3924970900040886,431,Summer,Shenzhen,28.101265593701328,94.63327457501326,Monday,11,9,2019,Haze,45,2019-09-01
80.37978913680267,189.874258265502,37.68091604113757,19.20517554372781,0.8123145857085508,162.2800546671633,-4.1068573927547725,88.39679303540589,6.119339286851213,119.82898161858574,997.386203973986,31.594560739583144,5.898842073956216,245,Winter,Guangzhou,39.49582659917034,107.11816614271127,Sunday,16,9,2016,Haze,68,2016-09-01
42.60097620892171,42.63258649647453,76.3527256203486,42.80058076213189,4.888690263805055,180.5701008085521,3.1902784477324517,76.99827103422733,5.467335305646198,252.67871141451096,1029.928411865978,47.49103096828208,2.576328643777736,143,Autumn,Guangzhou,26.33041007363396,106.96075554993384,Saturday,12,9,2020,Cloudy,22,2020-09-01
160.79286980611107,186.73321607364423,50.900106877872894,5.635609700435026,1.236670771801653,180.04730955456532,-4.569766777643083,39.09575910832048,7.650750533247118,106.4815699055038,1034.106081534226,1.568700999875,2.0499943513006733,167,Winter,Guangzhou,44.30779240791552,91.71452790571108,Tuesday,4,5,2024,Clear,68,2024-05-01
98.16762817163212,221.79975879603523,35.903839142735634,22.17839322033178,1.169896835175142,89.65318269864113,-1.5749802764674374,19.037314571246704,1.0245521154407533,220.47438264793772,988.1864089013924,18.532805588999896,1.5024378773312734,214,Autumn,Beijing,32.11919240088092,104.37203746765286,Thursday,10,6,2019,Snow,81,2019-06-01
65.9796467690649,215.46822950983508,83.75446758462692,17.490432528758195,2.7744410903487107,189.59757927005435,9.441416825958186,68.13967579158816,9.254177311483204,232.5806344942069,1015.2684806981046,33.69946287135551,9.775514001676488,342,Winter,Beijing,30.56410296681909,122.82163240778344,Friday,11,3,2022,Clear,72,2022-03-01
59.31191248684062,223.576247653446,49.29634909717767,49.93626160406588,3.4704341007203463,11.780904821071363,33.08487740039333,75.45107589175419,4.766057077453432,40.02238097466861,1048.7688860210244,24.367277916174668,16.706931254040505,399,Winter,Chengdu,21.488332245507923,101.64512230375112,Tuesday,13,1,2015,Cloudy,92,2015-01-01
72.03310951606592,146.3001234811174,87.99207159108354,2.774172181863724,2.300828116585949,68.31069678943007,7.769109105702608,99.34913399478008,8.076774388351572,35.905825300810065,1015.616013187202,21.28225704944648,13.068852112432069,151,Spring,Beijing,47.40535096426429,96.19071979339488,Friday,1,2,2019,Haze,9,2019-02-01
243.9804676858532,264.381524506185,26.70977838287623,3.112486959092103,0.32943287625717,102.8990392993431,-3.9436577232398378,30.049488750809104,4.684313890661086,250.15020624963023,1026.1765438847465,4.143356289215755,5.368074936785344,275,Spring,Chengdu,20.93429948468136,114.42806865436684,Wednesday,9,5,2022,Snow,97,2022-05-01
45.19026882506323,169.0437431153449,25.92344187177304,43.01693612311048,2.503899966247031,193.38362223161644,31.275119860932904,48.434951496806654,2.5455132268581693,45.14360542706598,1017.0439899158272,22.68621638580537,2.270745000358152,300,Spring,Guangzhou,48.64504649639653,111.68072962513826,Wednesday,5,5,2019,Clear,40,2019-05-01
27.55250120279253,230.5971824989524,16.62308062694268,37.897251099100295,0.2968891113161891,54.11622161183613,21.001341540087875,15.551016132917358,0.4797958962924575,252.24841682448115,1045.6263812900297,1.898224312399188,19.882515255664025,55,Summer,Chengdu,27.892057830988016,112.12146244139846,Saturday,2,3,2020,Cloudy,85,2020-03-01
237.62260265720167,54.752668014503655,15.849250775486768,43.07719996268363,0.8597556892949039,133.21563778099863,36.31790226810195,63.170020784066175,5.873574656607822,166.9822187038697,1024.8664037947144,18.253281528876407,8.268281410118146,428,Summer,Beijing,24.240530987307025,107.81584768537556,Tuesday,20,12,2018,Fog,4,2018-12-01
87.2713553257094,163.64727128539596,19.73554021780921,3.5406595750250465,4.147829686656742,161.73512862989435,-6.334157772991352,83.62181037668682,1.1056083624190916,358.2243776018848,1011.5926145743516,48.647329163448894,17.195272610535227,299,Autumn,Shenzhen,32.44278485460055,123.45937843587744,Saturday,2,2,2015,Cloudy,20,2015-02-01
175.5438364912271,69.68525362804404,22.178837494504545,3.1063356980805645,4.833539791752443,148.3999740868361,38.08085302511808,81.95534245074708,1.1767616919530288,64.23696135697111,995.3138075148516,7.431820626152641,18.17141604263239,192,Winter,Shanghai,30.206374527183463,124.0760610882641,Wednesday,11,8,2023,Clear,2,2023-08-01
143.66391545406162,154.99616013835364,97.82435905486548,46.70697484288996,0.6507427144682862,139.6072410996133,-9.997817941334816,32.20997251107032,6.870133971659561,292.3982524923331,1006.406976794338,28.36187596403117,1.156802560621628,320,Spring,Chengdu,21.66607163111467,95.51671038326876,Sunday,8,11,2021,Clear,35,2021-11-01
181.7873758993073,30.41857362011182,48.95455293805835,30.71893857849622,4.49308634487137,27.85597610181106,28.821867768759454,20.70088563366346,5.64160686133652,64.69816583691762,996.4206097960696,46.19538901943538,2.180463174259271,308,Spring,Chengdu,32.00253120111802,114.83959877576451,Thursday,6,9,2019,Fog,46,2019-09-01
78.81618895109851,32.43154154818588,78.87489221063325,37.62931410315,2.2850450458548983,194.14669539134792,27.68883225502087,22.15615877721389,4.791886474339412,217.44744220980476,1010.8154091275812,20.04332302081376,18.494703231417592,4,Autumn,Beijing,32.850184815033344,125.82720841161417,Monday,3,10,2015,Clear,78,2015-10-01
107.95113273741742,284.47017358793204,68.721605790444,16.26429210427873,0.1355652422575064,97.8969523486022,30.04539605530997,82.25198900906162,0.3291905841765075,128.7062130016727,1048.6302998363644,21.039188551790712,7.409158577119202,3,Spring,Chengdu,20.69864399901245,106.77958667134322,Tuesday,15,12,2019,Snow,18,2019-12-01
229.919532536561,236.18927261697428,29.62913482521165,32.23736593691764,2.1335522998469734,194.75637458972432,2.1173772799664743,90.86460162892696,2.92179868825432,221.52814471652732,987.7071323570412,34.71173273158302,13.192098482330035,406,Winter,Chengdu,41.14704713185717,113.39738612963056,Sunday,10,3,2017,Clear,22,2017-03-01
97.26036126914732,38.69727676746948,67.46233594732894,40.18063842856004,4.618336084471062,177.82896383595786,38.45392153660188,93.11034095289554,2.449357960236914,183.03438650268308,993.5868552823666,34.86810025412549,2.897463888774632,276,Spring,Guangzhou,28.357260863381576,109.48991490686724,Monday,16,4,2016,Fog,1,2016-04-01
97.54542482251702,238.495564969003,43.93372906983335,19.41156208504026,4.1162750295015895,191.5584718960348,30.40643326269928,41.87835680158598,8.99920828496991,188.42340652658697,1026.2639950891194,30.020581749286528,5.314897694225734,91,Winter,Shanghai,48.59019734102512,95.9439368926844,Monday,23,4,2020,Fog,3,2020-04-01
100.1322112899051,42.42966766632138,71.33001518209295,36.82157339391266,4.9171997617258265,57.39921341886159,16.93428011573875,29.38338104833645,9.879787972710728,145.60788631051824,1009.1705772622618,11.622721787347311,16.617310734362885,69,Spring,Beijing,32.01300950852046,95.0694129856773,Wednesday,1,6,2021,Haze,77,2021-06-01
54.78686272069497,276.5602403398278,57.16014010222061,40.49685011082205,0.4260430409652144,103.16441135250238,17.9474660374214,33.16131274299512,0.4185504527543193,205.1174263413415,1040.8506508295134,6.32057286601308,15.609425652323685,398,Summer,Shenzhen,42.50722666027218,125.61829261217292,Tuesday,12,11,2018,Fog,14,2018-11-01
145.31775752428825,39.05978522471443,54.75806476412985,41.00427787391384,2.51260736570375,193.64984013467108,-1.8056335566924613,92.61033158349127,3.522486712292132,253.74542786562776,994.5926399171896,1.8385068921142167,11.91640393332215,404,Summer,Chengdu,22.492143941163544,91.40550805527197,Monday,1,2,2024,Snow,25,2024-02-01
13.984307938629277,295.76702204098086,94.12091155813395,32.78812248979769,1.856549392181871,55.01332747587345,-8.909386265520883,35.726298948978474,8.377343286884585,45.41705928531999,1045.0685349614107,14.236202121809717,17.97805312114151,42,Winter,Guangzhou,45.46910272725507,122.02339881593365,Friday,21,9,2016,Snow,79,2016-09-01
171.67729925487765,31.37360073083189,23.51402216735297,30.243249313990347,2.122908356583715,80.59278213960143,19.68819046038683,27.35729654983067,4.933987217060213,11.352852697069942,1025.8148586851237,46.954797601288746,11.98417449772372,204,Autumn,Shanghai,48.9412090633149,118.49353231609012,Friday,16,7,2024,Clear,90,2024-07-01
186.4121198799265,209.04265263765788,20.235790511516434,19.895416290123883,3.0086726988503543,20.093509565995344,-1.056844864627152,36.158778723489895,0.3608629235198113,181.4751102830716,996.833901201596,11.86815485165985,15.584819591639802,132,Winter,Chengdu,37.99736435211905,95.75521755645698,Wednesday,1,1,2024,Haze,79,2024-01-01
211.76471053716756,295.7871326999946,98.51929994347164,32.16348230031316,2.2981520750992277,13.372427661916008,33.410819544547635,60.02958652435148,2.914449886758892,16.22394722594049,1045.720705456601,38.69438662545557,5.562659570114874,384,Autumn,Chengdu,44.65635675091721,115.75028145677682,Saturday,8,1,2024,Fog,44,2024-01-01
89.35094562841252,249.17763342533053,12.917931368575388,25.25072838656475,2.1788024505957173,164.11164448031604,38.34153158500225,49.258900654757134,9.937758058814715,149.62289915477606,1029.8040893218356,49.26173828346324,4.70837586503008,187,Spring,Shenzhen,30.34403612187028,102.32191518958568,Tuesday,0,1,2024,Clear,60,2024-01-01
113.66888925766152,146.17696948099012,41.274050171258885,31.88866359725522,2.844739662476273,130.06437921805215,26.1272007792628,33.016936715341906,7.204907862246018,246.90083399380623,1010.8917839730276,29.784060469349928,10.769323775956964,299,Summer,Shenzhen,24.01607242380745,102.59348316674036,Saturday,2,12,2016,Rain,16,2016-12-01
137.18817838392914,125.7801087782364,77.15328379137536,1.503253815207865,1.731581389104073,92.76178778981917,34.96004961191696,70.49387176798456,7.20087168756047,114.54631281891534,1015.9630133074244,34.07793669557735,18.155749327652288,371,Spring,Shanghai,41.4950946468085,117.21121874718445,Monday,0,7,2022,Fog,55,2022-07-01
33.99172122154831,63.04062163403214,58.55482844453708,31.50782475572668,1.6601593800823171,162.759286204793,25.48690020747657,93.84534507265914,5.387891826305767,139.31038627692865,986.9948463268344,3.015670301547002,0.8200002285477046,277,Spring,Shanghai,44.269561458046255,112.80020958388609,Wednesday,2,8,2017,Rain,7,2017-08-01
129.02991791609742,171.33001501975218,5.472020175136137,2.204784757132987,2.939655382519104,88.15940798112777,11.292060969806888,30.79326204432112,7.61674313569812,186.7370523517017,1027.2802384827182,36.23965402692305,7.85479308053174,142,Winter,Chengdu,32.45251237001363,128.24361814034847,Thursday,20,5,2021,Rain,95,2021-05-01
125.33210019702771,225.8323257754549,70.32874516361355,30.898557173482267,1.5063046240377724,116.84356611037988,14.912650974012587,38.63670987426456,3.1699733904183613,78.65165853337902,1030.1707201261331,14.846005545979096,15.421547970365308,205,Winter,Chengdu,25.154982745792044,114.3284867592192,Thursday,2,2,2016,Rain,65,2016-02-01
84.26252924491101,217.3464879984611,29.5630771941918,2.3159155059185004,3.0676782882969573,90.61520495682454,32.50410331533006,82.97596287191921,5.825429667122935,108.84615031696624,1010.4533156790792,18.416178902760077,11.570616090160874,372,Spring,Shenzhen,26.12927817963996,101.96169523656395,Monday,15,7,2023,Fog,55,2023-07-01
170.10287422366866,282.8069864445236,92.49397173072772,37.34292105693965,1.5763679115786813,95.66712012164564,-2.153484288310966,21.893903825553995,0.0672305408947304,71.39114121778142,994.5740520257868,37.96110979667543,9.24317283380103,19,Summer,Shanghai,25.08857774521146,105.55676932214782,Thursday,23,6,2023,Haze,70,2023-06-01
167.9489649307966,35.56034663547732,28.233254304912972,43.40624265800493,3.5023740527268887,169.74741558268084,14.935188139364,65.72005788327661,7.948908886728313,173.56424148177615,1016.0275135222232,22.819031102543924,8.311817593328003,104,Spring,Shenzhen,26.28875226771376,106.02329308786496,Thursday,14,1,2018,Snow,12,2018-01-01
185.1827650004861,63.23777899327013,99.101475284393,11.241240310564876,1.543373653675472,30.11030047296642,0.8040434686439255,19.848945112683083,0.0578427130291836,311.0816090137144,981.2348616002312,12.216670193080391,6.785089781427006,423,Summer,Guangzhou,41.92523714008631,107.45838286290548,Monday,19,6,2020,Snow,61,2020-06-01
46.01914737834936,239.1228579679637,96.86661298417292,29.674069928500064,0.5711928741561326,166.23810256495707,29.70447620444144,68.7219348404814,5.462951864541287,204.0972840974713,1049.0554036276255,16.192056740234488,13.169911201262426,146,Summer,Beijing,42.22076760661405,126.48613812843082,Thursday,12,4,2023,Rain,28,2023-04-01
188.81107962255103,117.88427415075373,78.1207156993027,43.48770676744224,1.0238467941380345,71.85881939992953,-0.8443229085421962,98.2011702776531,3.4757388623307897,49.86914882021832,984.1344176538922,27.79739459491638,11.032169052899112,253,Winter,Guangzhou,44.01095124377683,123.20336189722138,Saturday,21,8,2016,Rain,48,2016-08-01
76.92738713975393,292.33650262402614,58.33770449718299,35.93939494144717,0.8719555132845416,69.13964816502359,27.94256182761672,46.61810796389073,5.5165580675216646,282.46087803983073,988.4244091626672,4.206362724558926,3.5185642358856573,280,Spring,Shenzhen,30.439844398010127,106.72825730992024,Saturday,6,4,2017,Haze,67,2017-04-01
105.30983778715223,169.14189353110856,43.8885623003856,31.733548881326666,4.15107235422171,190.82238033102152,16.799637778485636,12.166763180940375,3.774672331149913,43.94638955934779,1036.775931357504,10.278789921711118,1.5361149849276383,94,Summer,Shanghai,23.234254905424944,112.9247418818214,Thursday,3,10,2024,Cloudy,80,2024-10-01
103.46956022454734,55.22740846262781,64.13642232916604,31.028611714768328,3.9153364790859206,114.49936801597008,10.706566826879572,29.036558770456477,2.421043619062944,218.11854766239549,1019.5824007484944,12.283065615511063,9.785382849612096,235,Autumn,Chengdu,24.34676221808976,128.22734714243398,Saturday,3,9,2021,Haze,45,2021-09-01
21.128491290503373,83.21070384134904,59.38789408406158,38.91283994729484,2.5968754039745603,59.24874940053389,31.138665214691187,31.104826266131862,7.1497540883771045,39.658194984636495,1046.150660002164,29.961185497196556,4.912875767498756,131,Spring,Shanghai,45.71014174055844,96.64531052152655,Thursday,5,4,2020,Snow,15,2020-04-01
57.15272809932902,258.32401897434465,50.36187700468656,30.426674102191544,3.448604813271292,165.38206678049585,12.14591235675562,28.544637985658767,1.8500489671837208,344.1358824994421,1000.9490407401692,38.1028454354144,2.4696621958886382,258,Winter,Shanghai,21.170945365957863,96.21076642891852,Thursday,10,6,2021,Rain,48,2021-06-01
215.39744061941525,134.11320572628318,75.17237127174333,40.09954788558261,4.739336755131637,119.42568817963355,22.32224673886438,70.43257779041456,0.4498448033122204,60.5982891813148,989.4105823458764,45.07648508984266,7.310671346745623,281,Summer,Beijing,43.804585047506485,112.44318761419396,Thursday,12,2,2023,Clear,31,2023-02-01
169.96730020211658,299.0482448640911,61.133103916839225,6.915554884052876,4.938860852663334,195.5643222383837,-5.410567577183936,60.93180764035646,7.442453835655069,61.40982006889018,1023.053629708339,18.770533600907434,10.660700285294055,460,Autumn,Beijing,42.87842851690775,102.385132557029,Thursday,13,7,2020,Clear,29,2020-07-01
160.9277251447962,153.2989410376143,15.032495717587302,33.35189193679145,3.096049937516998,82.53113586998221,6.353050560590521,78.39590448106702,6.70364136806562,100.47075361757216,1032.6087199730496,27.32184285969641,12.831435805259549,223,Spring,Chengdu,24.313284277630974,102.54151671505404,Sunday,3,9,2024,Haze,21,2024-09-01
100.73639050664822,246.60971378355583,96.98647541952246,39.610164282195846,4.019712518905395,168.49467534664794,4.5335653001790295,67.01946806306177,7.950824851299374,195.04630032937203,1020.1276407725554,22.624101831728545,6.905134508177129,142,Autumn,Chengdu,44.13071710078806,125.08390137914868,Tuesday,21,11,2017,Clear,59,2017-11-01
124.4691643144596,249.38568453943597,72.43427377127308,40.87657402336782,0.2813114324706011,132.85749885837686,17.559983336073955,65.59138549685356,8.409561552565457,46.61132095589195,982.8226289878656,8.051166860033621,10.341133964060724,136,Autumn,Chengdu,44.474072313720384,112.14683781642027,Tuesday,18,7,2017,Rain,4,2017-07-01
14.432009792016762,23.50472492776287,21.73554184872024,23.1821209676398,1.687115098233782,34.66597934438069,16.242164901044646,50.88830492067024,1.708528909713768,251.05928207695143,1035.288618409137,9.285452301218143,8.29905066495142,272,Spring,Chengdu,20.743302422531,97.71068312179548,Tuesday,1,11,2023,Snow,75,2023-11-01
131.70834256719397,83.80663480749467,75.50607008777459,38.74055436187618,0.5049535599719638,66.70582793616022,-2.2452190597115083,18.774026647085726,7.871635642114305,251.29744079900584,1026.5920661691491,10.743689614313146,10.753450606789556,109,Autumn,Guangzhou,45.4369089624731,97.90358013766011,Tuesday,12,2,2022,Rain,13,2022-02-01
99.91108765963664,262.57153501621127,52.8274616344567,29.30321382914717,3.512689206362451,85.63559916360227,1.0962315941761087,79.01657797144077,2.3703039133239123,9.489107480057829,1008.9718433160898,20.80449129279227,14.745472110452056,427,Summer,Shanghai,44.00457221981251,120.30323716844244,Tuesday,9,12,2022,Haze,45,2022-12-01
235.96612159746437,214.86543158692575,28.173562827763455,6.170660542528825,3.241838070798771,193.80623212467052,7.4738527072912255,52.33098875880948,8.196926098029952,52.92315008658227,1009.1110978322793,39.62706184914065,19.269651249789884,248,Autumn,Shenzhen,33.886995630773626,109.08430111304604,Sunday,1,7,2022,Cloudy,23,2022-07-01
210.72715027725675,151.97494771127376,65.32520890935022,19.574433543926936,4.621783425428647,129.0433092087754,24.76806155475559,66.63548695499978,3.4924426216688644,41.57926163360979,997.515496749612,13.731373659123486,4.421594680131349,414,Summer,Chengdu,47.33165987591242,113.29871532326209,Monday,12,12,2018,Haze,55,2018-12-01
10.057151996547242,201.27395284087973,39.52848495664223,18.63921545905939,1.456506106161887,135.32054653344903,15.334119544490491,55.43795619626054,7.399668202225068,129.76438394226614,1020.5634860995124,6.68309643835312,4.549319662052136,390,Summer,Guangzhou,28.15898171145917,97.86264974115932,Tuesday,1,10,2017,Haze,41,2017-10-01
248.4210822219281,195.35299750392815,57.93181330443114,37.93786621937272,0.2024136465249168,148.9829886689439,-7.04376273415688,53.77097670290214,5.306289919923795,35.98336561214496,1032.3520694257277,2.6476102467174414,8.213288084982821,102,Spring,Shenzhen,38.38900974561459,102.91897735814,Wednesday,22,8,2020,Clear,85,2020-08-01
235.68589194125303,25.11986940904785,98.63967256512474,39.26071116897046,4.61851802302532,196.5506324845334,0.7926387640859325,72.67782768458238,9.135674127026483,77.62257883781217,1021.182843969368,7.2682247096503,16.166622091822198,52,Spring,Shanghai,45.72834668797751,129.3440468510965,Tuesday,3,12,2015,Fog,13,2015-12-01
75.4146746187931,134.772132796307,61.353865741632255,20.60056542265612,2.94684839627086,174.6039758144136,27.21312802069668,87.05744947246329,8.562823018746565,12.607852852842884,1032.446362743617,23.982305600529607,11.944698082105209,362,Autumn,Beijing,22.08319930548265,95.14890541018974,Sunday,14,5,2017,Rain,4,2017-05-01
139.86128267771363,171.0540816540309,17.213304678329997,32.26174329095032,2.1288187011603275,139.34465890878715,14.384712280086768,51.58752367601132,8.397855894753901,43.4107921898704,1013.544702570786,33.68289666557393,10.778034717028108,493,Winter,Shenzhen,28.23300643125882,103.31326734956168,Saturday,12,9,2015,Haze,8,2015-09-01
147.4794878611158,110.78327385806328,24.118371936057944,39.25441111655119,2.3361523632606254,126.84767042081324,28.67999301739834,48.29632353614411,8.908092918681595,290.7878261678409,994.0182102553982,4.218883567679965,9.542531233446711,401,Spring,Guangzhou,35.75629014491052,108.67410912234126,Wednesday,13,9,2022,Snow,28,2022-09-01
65.40875781403257,151.16423766882937,17.39993530831079,24.397015605206253,1.0155721345074098,62.68789584083259,25.472527304249304,36.43344460062095,0.3944020035572193,46.01242580637552,1011.9149566168622,43.31776115279135,11.143712274194876,318,Winter,Shanghai,30.723880035445568,97.5179051114447,Sunday,11,10,2024,Snow,98,2024-10-01
115.38547919822578,88.1857004093288,53.0904639386432,25.80141309301368,4.646986819651181,73.90610788664951,2.588947707854537,44.7085346776413,9.984356798837403,116.7894018600249,1017.4212800004929,3.5061705635913265,19.650091298695056,379,Spring,Guangzhou,31.93724624295941,105.01585233092388,Friday,2,6,2023,Snow,30,2023-06-01
147.84182971791762,157.21472584268156,5.645803549987911,10.529683323113428,1.3731032020880154,134.24327391543596,11.451965901081689,82.58029067684112,0.1184717330731355,138.26332559054717,1049.2408929616583,2.422195390967896,6.695722556150751,248,Spring,Shanghai,29.064261231671797,105.04504492841568,Saturday,0,5,2017,Fog,42,2017-05-01
140.88454935822065,71.44732770300095,37.55922598410733,22.02187981480399,1.917480977112388,120.3369376775433,-5.4188508233621056,89.23422075456061,0.3392361123713627,165.388410365065,1047.5815726238927,15.71358771378794,18.197378686648054,478,Summer,Shanghai,20.97474257154049,116.4293879798405,Monday,10,2,2021,Haze,6,2021-02-01
168.24400536446075,260.6837145593272,33.53613628363042,46.61055319708102,3.8520065188820016,137.18791922392825,36.82688287298356,15.575949898641376,6.228135172753703,220.3330853607272,1030.0211250382713,44.12771336544549,9.10496932038726,214,Spring,Beijing,31.814187725300904,111.0686520126606,Friday,23,10,2024,Clear,99,2024-10-01
141.76977698138404,39.180749862927655,47.33640945569992,1.1724653233560056,1.3117560288652834,76.10815658478788,9.8892480014644,82.61188749973647,9.75226221977278,232.69597422463357,991.3971306530168,12.534090542229,0.2541414244346904,121,Spring,Shanghai,39.20653605228006,128.86162875917805,Sunday,1,2,2022,Haze,74,2022-02-01
71.15408700173171,278.6813455751287,75.1371228363426,31.19126457754473,0.4086920094038635,111.4088188915988,16.4810789410686,49.38311183448113,8.759199868793315,183.1089611007317,1005.3620389121696,32.82712042225,7.541826025313913,181,Winter,Shanghai,29.07472132477765,117.3820438847256,Sunday,13,4,2017,Clear,73,2017-04-01
158.77871313771465,37.289416358885525,22.257613364627765,6.718878818073286,1.4024673880792369,150.85819510247927,15.684847743284507,85.44481109421366,2.3096302040303485,250.3842576132168,1013.490536572603,23.704552412457293,9.852976659720856,380,Spring,Beijing,48.40713066097268,129.36137876043813,Saturday,20,5,2021,Rain,20,2021-05-01
138.0906127747745,205.51432559856949,22.599558110876785,2.5594893687552824,2.391175420309761,104.77554517183698,-5.725382909379348,31.347165200247183,2.57107073066448,328.91869193346344,1030.7127786218275,13.15713456501677,13.222835885175105,472,Autumn,Shanghai,40.974489543153744,123.67413516737436,Saturday,11,2,2020,Haze,72,2020-02-01
49.29001062883509,28.971607215474847,27.35539205226865,18.28719249381864,1.9258712473437285,45.927479327191264,-1.6722220095240452,63.11087936005736,5.6284053210277225,256.13967206068105,996.6121329904074,22.859433987955164,19.11706161672773,417,Winter,Shenzhen,40.37770894591219,116.46576667980258,Friday,20,12,2015,Snow,4,2015-12-01
143.90736085459977,195.5914915694934,70.15376314060187,39.15960678769508,1.7403614196587107,198.79651824919912,19.256055699093093,68.64897676708574,7.074037157904894,169.8920269865043,1004.9953746410664,10.66343623383656,9.455194689110154,224,Autumn,Shanghai,28.07440580092785,102.19345554930749,Monday,6,9,2022,Snow,63,2022-09-01
109.39812509488628,291.5401234735212,65.10718921128534,13.014460308635956,2.663998151103042,125.45393813793848,24.838461309760035,79.60805367862235,0.8126201953817258,294.34134285889525,1029.891950601081,39.70144187565218,7.736498013063815,479,Autumn,Shenzhen,45.06058160377883,93.47772272289856,Monday,4,3,2024,Rain,81,2024-03-01
238.15921696655036,52.47622500915848,82.30449080436713,5.937405972151328,4.369440010398336,18.317801728550418,13.803526551112846,87.88667096279342,7.417595901243136,159.40671334483395,1041.0034948515497,11.1649388452218,9.385034971617346,110,Summer,Shanghai,45.7779539357312,128.26527214649138,Wednesday,0,7,2023,Snow,58,2023-07-01
213.44358592722728,60.214761569653575,20.12427186319747,41.63886468923944,2.5376827350696547,115.46582730728716,5.770555940061499,66.40465784395528,9.122570449310832,232.8887840420932,1026.8417339304583,2.298031720945548,10.31446321303114,484,Winter,Guangzhou,48.2062946816819,113.6067267289952,Sunday,10,7,2015,Rain,33,2015-07-01
161.02438025722122,283.51449568653715,74.37017056875189,7.267300585093294,0.4012258425642424,177.1944342560958,23.44991759311778,66.84127731819964,5.9710363442023615,70.8234631126218,1001.08894713397,1.7600573406956366,5.650154598784193,96,Winter,Beijing,21.02696469478381,93.78058318899508,Saturday,13,4,2019,Rain,70,2019-04-01
84.22467618087866,221.61035965891557,83.60938257997769,13.438762763199747,3.828988745400335,10.62955981182837,-2.8283735314243907,67.5476845826058,4.2527858984260005,79.03173946429828,1004.9076784246416,16.638292273311283,10.246362147552228,80,Spring,Guangzhou,43.21223983178499,128.64609005980356,Tuesday,5,3,2019,Fog,38,2019-03-01
163.81891464292488,276.3523716751387,71.02715051848811,11.072525603797969,4.828913147254787,160.33732854037896,26.525797397465524,91.4807582081116,3.786340557712273,11.936305648711995,985.6766844806056,43.57128735943384,6.228905921270311,141,Summer,Shenzhen,26.216475232784525,92.63292300717605,Wednesday,22,11,2017,Cloudy,10,2017-11-01
176.486373865433,276.3616488626828,15.17403375377421,32.554139212607865,2.2010566690477247,153.84916833845298,4.65979319765826,77.13669509485538,6.226480894120123,350.3307156274625,1040.2667223649662,24.573435938121168,2.78891498780827,279,Autumn,Shanghai,40.13644155633004,112.01521396998884,Friday,5,10,2022,Cloudy,77,2022-10-01
169.4277780768919,271.4709841120958,80.5139796427395,49.283254391268805,2.453091411984368,164.41638474026308,16.342204142411717,96.70063543092212,1.5012847756063965,275.38431068863224,1034.4219034166797,33.77218598260689,6.229543230825811,257,Spring,Chengdu,39.83859110657259,98.76804338702333,Saturday,12,3,2016,Haze,62,2016-03-01
228.95322632657783,141.52036936079782,32.535763746986035,41.73594800433583,3.3032711083951005,76.45709632680125,12.325422253242504,27.08857751946689,0.9397725951884016,296.5771522354176,996.2534384275014,8.423050205033245,5.340608299184251,342,Autumn,Shanghai,20.042570826921807,111.70308174448532,Monday,6,3,2016,Cloudy,85,2016-03-01
140.73140660281814,220.6061433391479,94.25442935903816,19.38951442381241,2.9959844996333915,103.489843975012,13.713827714709936,51.62987828831198,3.81235009072332,327.1721350026278,1036.660150615936,43.29802429552266,16.219582708358864,79,Winter,Guangzhou,20.156761605103394,119.47360115851488,Sunday,13,8,2023,Fog,48,2023-08-01
115.85753818380002,184.7226499483017,26.40727491202352,41.4963812818912,3.313788844971136,45.81983815769951,31.15923641354613,90.03560951200099,8.556203481807351,156.71225490633446,1019.4233580667194,36.55319673415163,19.608765255232797,445,Summer,Shanghai,47.66253272465334,106.70916469044464,Friday,16,11,2021,Fog,35,2021-11-01
79.45018253521896,62.1321989189957,47.8324713617268,24.890287055496376,2.906749783252993,157.01768488390354,28.201736394121845,71.45876841257677,0.8523715560345935,26.0567050601728,1046.8034946037533,42.00423917155212,16.48865572122782,429,Winter,Shanghai,22.419263481960517,94.36138301519296,Friday,21,1,2016,Rain,87,2016-01-01
46.700837019703954,210.2052893292,79.78361619995209,12.80387742842901,3.831040993268184,89.12543607099951,39.76825074835703,52.35897040430018,5.884440073850721,323.13555840931093,1040.5711234971668,7.191823780802059,13.887139814579356,240,Autumn,Guangzhou,27.76870142608916,112.95471202519704,Tuesday,9,7,2024,Fog,24,2024-07-01
82.17105350694038,284.6144277231121,72.69630790239157,26.847776178051056,0.5634464616143352,34.58255833831071,19.898210784194827,89.30397197565372,1.665842994219987,151.06295601181677,995.8894288415988,21.124573701516976,9.014562562778076,17,Winter,Beijing,39.6933005022217,101.47952424485509,Thursday,10,9,2024,Clear,48,2024-09-01
218.78048042068747,227.0899907733391,93.69665317718795,39.59021329219311,2.939114166520289,113.2310755784546,33.49065553917734,97.43982191495822,7.905331251006076,17.53699245821902,1021.2306093999816,21.82491826153371,12.498725694225556,309,Winter,Shanghai,34.36399165078142,121.45883243785396,Sunday,11,5,2024,Cloudy,9,2024-05-01
29.95779102786163,203.5728345940585,65.14820592594188,29.676962228762054,3.8071511575540735,192.32673137192376,31.856127359146228,46.0619320688288,6.378455501200973,325.4033106741793,1001.841454335388,8.865951898991797,11.455490336979404,177,Summer,Shanghai,35.62575158131536,116.74150867320678,Saturday,23,11,2022,Rain,10,2022-11-01
222.277768225362,180.4800396751555,26.01348888330834,43.87568035981563,4.120183712732751,162.34239505031923,12.525647189690122,19.87263741601891,6.822182947596344,262.1191052073663,1000.5997900692144,5.567743102173894,13.542774557419726,411,Spring,Beijing,47.67044682507449,118.46770045772736,Tuesday,16,12,2023,Rain,72,2023-12-01
102.05987171546478,205.26207898260745,22.839442420516,47.90042980357267,4.428635672387441,198.85315939077776,23.072603456005808,97.35517086550936,8.27676462087566,229.80280240495551,1041.3744655750313,1.2089372628943107,13.212731167932317,277,Spring,Shenzhen,35.85579275817571,120.5497885407888,Saturday,12,7,2019,Snow,88,2019-07-01
143.69387771549054,62.33797001608123,25.16395691639404,13.850027272291213,2.5093895851514345,103.43830708624,1.5364869850497431,34.31210553827655,6.483659487542153,160.8298516787039,1011.7975606341972,33.79389468998954,2.113386448868773,38,Summer,Shenzhen,36.5518067291756,101.71400413710776,Friday,12,11,2021,Rain,63,2021-11-01
219.92013369141023,158.23091345740218,34.39698528770259,13.241646966223916,1.259347968028868,164.3357146681084,31.518725504743536,68.72217711914902,7.972995780913513,201.1754002990629,1029.446036197318,29.647972157720297,14.669112070175416,159,Spring,Chengdu,36.704121844947565,98.79814188924588,Friday,2,5,2017,Fog,98,2017-05-01
86.15690661126476,211.17058772805035,75.6147510684817,11.237037063441404,3.807784081938068,165.34443237942216,22.32396423233891,44.53687391503489,6.253569949065668,247.73996874370596,985.3583893284152,9.46349933670112,5.9088527783965175,282,Autumn,Shanghai,34.13106905398833,126.56304872445344,Wednesday,6,11,2019,Fog,24,2019-11-01
245.51760861094075,201.1980590502469,33.85348149106353,34.53226721376866,2.719862176701483,192.7232723744883,-3.489038507743011,16.869758070106204,1.3867843436432192,146.0213724673579,998.889071146522,45.24467454862362,0.7785989069150845,344,Autumn,Shenzhen,23.84589503223929,123.28630346955724,Wednesday,13,9,2021,Snow,81,2021-09-01
207.4160974620937,86.25372169500551,47.651637937916114,9.65120091116678,3.758800356564315,177.50380951391614,27.521831101467956,22.99658093032917,1.1269058345780336,170.38818251235,1024.608400794547,10.776219058871362,5.967634490420464,63,Spring,Chengdu,47.83476781357669,129.67685691843832,Monday,13,11,2019,Haze,98,2019-11-01
220.13719124234515,70.555132389394,36.09065402901423,46.563817130656325,2.551099195159068,70.32193613662082,14.470362684733145,55.62738762009271,9.482019743680748,333.3875658905111,1026.5335129768737,6.244952873312553,1.847794092584346,285,Winter,Shanghai,30.578613756294462,105.78589230117674,Wednesday,3,8,2020,Fog,46,2020-08-01
158.71947900090362,30.30442441268256,91.00919298939894,21.100106948199727,1.8781315404349612,71.6846001687698,28.951302014314408,39.10300783560693,6.514182717709468,221.2282289994354,1032.093520056588,18.777231091368314,7.257202712260756,153,Autumn,Beijing,40.374956070224,106.6189225602452,Saturday,2,6,2020,Rain,94,2020-06-01
67.0724329932846,91.65997915764848,49.255986233816095,41.62517035882127,1.5811661074024266,46.23543278050347,23.09528992677532,13.262047676927304,8.390125592034932,113.26906291634798,1046.6073891037656,32.78269807439702,10.13306627802292,250,Winter,Shanghai,30.618545017174124,101.25396024224062,Saturday,4,10,2015,Fog,37,2015-10-01
180.3766165098595,219.213413531904,62.57185166382317,8.944532847743142,0.6430190198796184,70.55539992213863,38.89431903466851,17.636339709425563,0.429934641512194,326.69945211851024,991.3222699370432,27.60118146538885,5.313176532845896,386,Summer,Shanghai,49.08286632716187,110.56685788478173,Thursday,2,6,2017,Snow,49,2017-06-01
60.15624243445368,70.82118968139379,96.56741623829257,43.66288260185812,1.0995897184229702,176.70242114907143,5.011911523391058,77.17402170189685,8.773633111696036,113.88800114937446,1015.9130894856856,22.11969417859389,18.113981129267493,81,Autumn,Beijing,49.7385378315187,96.5574942910232,Wednesday,13,1,2019,Rain,50,2019-01-01
110.74892566121332,214.58230262181317,51.18216825172474,11.690592655065702,0.1535621345944186,10.09455149821186,31.896257288548675,69.8476265944174,1.4956712232347125,123.07327404688328,1005.3094356230202,0.5837653579382707,16.743119712320237,299,Winter,Guangzhou,36.44530001109524,97.57590860322524,Wednesday,16,2,2016,Clear,86,2016-02-01
22.676856831398226,271.6817017290253,85.1748319822995,19.799562571631867,4.0253270455391394,150.2052186200361,37.56670217182185,94.65014171680008,0.5151228276112652,271.89573646580544,1047.8564248934588,33.90261371122869,10.792827505150523,0,Autumn,Beijing,25.808774841784583,116.87048187400062,Monday,2,3,2020,Cloudy,11,2020-03-01
146.66373621341958,173.20043758205335,95.80013550205987,25.668175858821325,2.7663964581637344,149.311824312841,-2.345906829577828,47.04476172684325,8.210708290910082,202.34874771710892,1045.2956833154833,48.252955584711486,16.03033640499142,413,Winter,Beijing,39.06505096063356,110.52718296663464,Wednesday,5,1,2023,Clear,80,2023-01-01
25.854909192729664,208.88105388811945,93.36910634050238,31.419388458954856,3.582142348251591,106.68485871464613,-1.523637137715614,66.37935464879664,3.108020901003623,340.0221668096047,1015.113840102132,47.33772506119862,0.5803016295476945,147,Summer,Chengdu,37.205052577367766,119.6078042293532,Sunday,0,4,2018,Clear,10,2018-04-01
240.88329458559264,208.11082697019245,49.329677410896736,38.71680919164826,3.958161717378102,144.18208218444292,29.992649671404045,69.46164364562566,6.592452298314231,14.291280776541477,1000.2391033119452,35.86834475823996,12.167150127340848,424,Spring,Chengdu,25.748157422450547,91.84422391703892,Saturday,14,1,2017,Cloudy,35,2017-01-01
69.83680839971849,223.97762308394917,76.65415454681168,2.557666691573975,3.010886423517525,15.483713292054896,27.75397165643591,82.38922898596411,7.171549577860534,14.781260129858364,1032.2514398605333,49.36656531783443,13.328980554514787,112,Autumn,Guangzhou,29.837715225132342,96.24167025683847,Friday,15,2,2020,Haze,37,2020-02-01
113.27228116752303,127.1392861799198,86.78030062263235,4.326929422762461,4.760128967309799,109.59921707752704,11.657916883308332,28.55750964066516,5.771301862409502,128.05744674043973,1008.1747539062862,39.34488213511312,9.675938238507346,14,Autumn,Guangzhou,35.470853496284874,129.82263084553654,Monday,2,10,2024,Haze,17,2024-10-01
227.68941978176176,45.21838637204306,99.91728824676416,31.921296351315824,2.875834979599328,36.65660866521488,33.148480442556625,92.96248932730558,2.718098498433372,341.0926233023506,1035.4320193930284,5.4507502041780285,8.21500459070924,12,Winter,Chengdu,31.73173275798609,120.50620787431475,Sunday,22,6,2020,Snow,72,2020-06-01
172.35377623937632,221.5509140238941,11.63875271400106,41.954207735417086,3.402628693990557,139.68005984827508,8.565283289875616,52.64992958326316,7.67627527740321,130.50198820325096,982.0926707525912,41.348754130242696,2.072129549519284,381,Autumn,Guangzhou,24.94275720839491,119.70902448030526,Wednesday,1,10,2021,Rain,77,2021-10-01
81.89948494216401,158.35113069821656,96.23560667283596,37.79266754108276,0.5161706947561204,140.2730342190732,-3.986148217621929,60.21370860395585,8.638233228902209,26.58097595970944,1000.6582134064304,28.8864384133124,3.123816794485167,294,Winter,Shanghai,41.4718510465318,118.1182376989088,Tuesday,12,7,2019,Rain,29,2019-07-01
159.7313338195796,201.8082949869613,25.037920332433497,7.211325996680024,1.1428140033892955,23.325112628002724,7.461829266227181,75.47603748118371,0.8843801233755599,343.9633261413618,1001.1710813189434,33.1642157215051,5.042064049248165,347,Summer,Guangzhou,44.12117973487464,111.4638076803336,Monday,5,9,2016,Fog,16,2016-09-01
121.45354463247958,116.52080688995676,91.1564656245017,20.775376889694503,3.8900102485895975,28.15094464115324,13.239550972036447,15.080674106948498,0.5541163622279155,358.8904622263716,996.7752174883884,31.489140301058683,16.5566900328776,234,Spring,Shanghai,32.899336827210895,103.12938741372716,Tuesday,6,4,2020,Cloudy,16,2020-04-01
39.73481940168825,240.03151990196,11.083736027439455,1.9468249345380235,0.3065381880787278,159.9794879254199,33.318853230674506,97.4499160301377,3.949304951078961,271.6585630416435,1031.3624647706492,20.05092790495226,6.659031904437901,398,Autumn,Shanghai,35.44285888462386,100.4961626727976,Tuesday,1,6,2023,Cloudy,45,2023-06-01
21.466672345477136,253.58482894956143,87.04565035163529,21.71475140648017,3.1597498577986034,108.49188297413924,36.81956672663256,42.506199329052045,6.552974468503514,241.32887767790885,1033.7481303783868,36.37695619042519,0.3902179178424628,480,Spring,Shanghai,21.21166435600892,117.55416645769093,Wednesday,16,12,2015,Fog,1,2015-12-01
27.70785918409192,162.3855563230796,62.83937294838195,4.643285437577536,1.7313351584107013,73.49154473749942,31.95473313264891,28.71245764963992,1.4244895918115552,333.4177578011518,996.3159877728034,26.40920486056365,6.236434209745006,314,Summer,Chengdu,34.312959137173955,128.94262679235453,Tuesday,3,12,2019,Haze,34,2019-12-01
99.59126164211224,90.9501975958718,55.6244535997704,11.569035200083272,0.5099719252673675,108.7540999975528,2.581364098068004,92.71036246736278,8.693758981059183,69.36302276912508,1003.162962629404,16.58417840954995,2.288932269747934,473,Summer,Shenzhen,21.50609193174172,94.85584253518162,Tuesday,0,7,2017,Cloudy,98,2017-07-01
243.28460758717955,166.00411452741162,51.535625584144206,18.052876974049763,4.817256838311886,55.7205545128005,2.5726911857641674,19.12428088789441,3.527695671372175,269.3911384902472,1049.2501900218774,47.02275746711548,5.919211288066356,167,Summer,Shanghai,41.85234087968224,93.93594195902348,Sunday,14,8,2023,Rain,68,2023-08-01
60.18372701166893,104.73186560347716,82.00383593679625,21.342961350606032,0.2631987239565048,52.635218054259006,11.045057607234224,27.702086999453325,8.263517150480837,270.5678633120192,1042.5746599188533,45.96353547752854,3.735241707301056,389,Winter,Shenzhen,34.45409568616805,107.990259023704,Thursday,21,8,2024,Fog,57,2024-08-01
215.7660783276625,193.9221955945625,84.61096032236414,49.89171627699863,2.9409365991751137,31.57665110305483,27.737997508327418,31.795015333864452,4.542878729386266,229.44407831900804,1020.0602314852354,0.7570466664403641,17.52540032846713,388,Autumn,Shanghai,48.3521524856144,105.24419803337052,Tuesday,22,5,2018,Rain,26,2018-05-01
183.82093742723885,231.4611224307688,59.52395169905056,29.17322446158113,3.218155725341456,105.23735218933642,21.40497566835576,92.85487092637374,4.658531154329638,121.20663302579696,997.438079908,38.10966562992371,6.850846858424988,345,Autumn,Chengdu,41.99797612059022,125.90576200893858,Sunday,23,10,2019,Clear,18,2019-10-01
102.00067011911412,249.57714931759108,68.61386177757763,44.42223695651125,1.7486966641019563,130.02315982110775,2.80825491727367,41.152556159832784,5.259473877812317,178.8828722675571,996.8715511664112,36.2223457823969,17.942091597187517,288,Winter,Guangzhou,30.852414630055403,103.73100591119383,Friday,14,2,2019,Snow,9,2019-02-01
184.6496395375573,187.6135695007772,97.18964596000028,12.755971084252954,3.706665012308593,135.37662462984065,2.3367331352387257,62.73360430787245,9.553876728520734,33.36422895399287,1014.8469224468188,13.354010624795858,19.799163205671466,96,Summer,Shanghai,32.70288492823622,112.7940725994612,Monday,22,9,2017,Clear,56,2017-09-01
206.83259998172048,136.53693727406605,93.0610797026864,17.11513501718181,1.0349926458213574,167.97532405014047,-3.189859544550485,24.1064771897869,6.003669763339326,37.88460295081254,1003.6940885994304,44.74648109828299,1.9423179905460983,325,Winter,Shanghai,44.45222143002587,121.53438754060892,Thursday,16,12,2023,Haze,73,2023-12-01
38.642773585658176,163.44044933381687,23.04103777467904,13.583175865139262,0.1636355254407188,70.06874723733782,28.58251684974068,27.159717501241364,8.964412696194406,99.6263530632142,996.9066389158376,47.08639568982324,3.369320552420424,73,Autumn,Chengdu,35.13580015847695,127.80295884158387,Monday,19,9,2019,Clear,29,2019-09-01
174.7844041095248,280.8069068297398,57.9048767936525,24.37834768603471,2.439897977564474,43.88686924272724,10.231916783332116,67.33560976948714,8.393068716681682,293.0220129838026,1009.1496893380968,8.510099704154378,1.8084121766792811,468,Winter,Beijing,29.718918048364536,114.3981648291633,Friday,5,4,2016,Haze,22,2016-04-01
91.11468452223704,65.1688368148319,7.429190487802369,19.133361028482568,3.59906423624552,96.59378214996131,1.9741261236612504,60.18468093584624,5.692275832158482,209.1859952486608,1024.2637133106991,48.06515835082544,1.6953330817026282,165,Winter,Shanghai,24.58213663803514,121.7491272258918,Sunday,5,4,2020,Snow,46,2020-04-01
48.9090255355154,144.8022201581585,7.056077405184437,33.75441602545452,1.5407870932933303,38.38238157871493,8.882698564863798,57.87952965846865,8.700572425649,255.08230424574248,1004.4388912689484,3.853214411621425,6.114763032279575,84,Summer,Beijing,38.008127571114656,112.27564272954814,Wednesday,7,10,2018,Fog,54,2018-10-01
183.85413290420985,197.30402265343304,22.007201917164146,46.67254782018225,1.6141743726374516,95.37573320250286,-8.888087836145456,33.31598568841651,3.11979899045586,143.89409942271894,1010.4909530289356,9.484630761352047,0.4843666735054459,462,Autumn,Shenzhen,33.294627509032985,106.81331402964128,Wednesday,7,6,2018,Clear,96,2018-06-01
147.4017619985866,115.5407829874568,45.76363979300818,17.077259494321293,2.243180330134931,22.884844565169168,-4.688551813600491,73.22370564581198,5.624097139215806,193.88554243318475,1022.8928674209808,6.352710274162271,13.606082728525354,396,Spring,Beijing,39.109506961974446,120.14581441146105,Friday,7,4,2019,Cloudy,33,2019-04-01
97.56556378438349,46.151092877024055,83.24785929226123,49.39512461750569,1.7860933482404673,187.4621440138376,34.89619614162515,88.40186320660308,3.532719426850554,193.1369169372028,1020.1455312684132,36.10622439478957,16.943696353115612,295,Autumn,Beijing,39.04060104422004,101.9704924601202,Saturday,16,9,2024,Haze,42,2024-09-01
213.85816737691937,57.588482163981496,36.36158674558924,23.783716993618302,0.3356831178523256,151.06324624321647,19.362893598200667,72.42781544567123,7.591413459235846,281.36157111241926,1049.7261183446403,39.49925460311389,3.953521235075741,396,Summer,Chengdu,29.02949794016177,106.29644206882703,Sunday,22,1,2021,Haze,74,2021-01-01
92.95700119928266,220.89330127286547,79.6319511086464,31.171064785979063,3.6795672625346336,185.2666195891805,17.26629208055465,67.55135063107602,9.8190607913505,307.40466373937284,1032.558187217976,17.475664410343228,10.986006287918457,483,Spring,Chengdu,41.295016136196764,118.49207074010258,Friday,9,9,2015,Snow,37,2015-09-01
84.03979562813228,104.30329825107007,74.34542305872849,35.3277273079916,2.0737978685709,143.41958817620898,-9.42756151451906,97.46432434482011,6.4988199598108665,21.92099831865738,1024.6720518031236,3.4557634904125223,2.422138551052416,136,Summer,Chengdu,31.271461297498,115.75282372849352,Tuesday,5,3,2020,Rain,87,2020-03-01
128.8539238028983,268.0632349946339,81.74385455842507,34.889998090790826,3.415396609030421,191.27185847086352,30.10704236379609,94.34159861308277,5.50526442739756,285.13627472127274,1012.8306429818316,47.5151391357065,2.5714749243991446,363,Winter,Shanghai,45.1133822109792,114.36865417438764,Wednesday,5,1,2020,Snow,67,2020-01-01
123.22605938042142,99.95076020718506,89.83272408889736,19.931857992324023,4.422909196666768,141.71930433005767,38.4796957824052,39.40691529731812,3.896368593744066,278.45516553075777,1017.1707410040256,48.54936907312439,9.68711150048136,210,Summer,Guangzhou,36.62143513638081,123.59972050410892,Thursday,1,10,2016,Cloudy,41,2016-10-01
200.4774849522915,137.0384062163874,85.35966234846164,9.947893981137549,0.7129066144908468,158.66503062005646,22.587448206630786,16.976605577384326,5.928672774415496,249.03968411957584,1025.4272299972963,7.632455028303236,1.748561606927412,371,Winter,Shanghai,28.10453561026913,119.8321810150886,Monday,13,4,2022,Rain,9,2022-04-01
141.04458527661174,181.4029691498805,91.03169707084156,49.89775681033416,4.360234733142068,42.0226911102822,5.422620377557456,38.784519368213495,5.314613413645555,177.4702765902915,1012.5420939672276,34.90426846926332,8.04426649922157,70,Summer,Guangzhou,39.13632446057304,112.38664569744738,Monday,11,2,2022,Fog,78,2022-02-01
188.92755094463368,261.77752700594493,23.157460384387207,33.63813544490358,0.9128216815754848,41.45344956803096,15.899299447983292,68.67664280846022,6.413575557672935,66.67852487628609,1004.6645399512328,18.481183342005032,2.377470245676815,345,Spring,Shenzhen,39.67733774947339,108.80495505574751,Wednesday,6,5,2017,Cloudy,51,2017-05-01
136.79589855818784,100.7589532315298,83.44292622941069,39.15986313025688,0.6693460320967376,41.6173809336348,36.12657929605731,56.745477990147485,6.695710322373179,261.7948626392346,980.2319809086744,12.711002276923844,9.517376889943664,186,Summer,Shanghai,29.28107004028427,114.8307263549746,Saturday,17,4,2017,Haze,75,2017-04-01
203.4181306960746,275.2670504373406,54.13113615355127,29.796056626308392,1.092236987162819,63.04316979925669,21.260973264280683,42.65480505043378,0.936507400707044,120.4479290366283,1033.34462026159,43.71422455803656,0.7572537511239397,89,Autumn,Guangzhou,42.36054939147615,117.88962319407138,Saturday,15,1,2016,Rain,24,2016-01-01
40.68918052237008,215.39473383952705,93.5785801194535,30.89693399320763,0.9434224698309304,178.51618723255572,34.53918466194239,89.00226021122072,9.931945002733332,176.51165623933247,999.7371743773094,25.60815330805022,19.388294174384065,130,Spring,Shanghai,37.49581983796949,103.26917935627614,Saturday,23,10,2017,Fog,73,2017-10-01
185.2264744153322,106.40981392417432,88.85369532099152,15.184349947003977,3.4103507424552166,199.69736128581803,-2.962027033280542,68.25850901734995,4.32923876124511,88.21492650117922,995.9630462548084,16.202390965631874,9.503642341077615,205,Spring,Guangzhou,29.896326462089498,119.85146673511316,Monday,23,4,2023,Haze,12,2023-04-01
185.1932037809475,112.58531124408437,27.13675553269625,45.29492503315708,3.77443648224062,158.03576186795493,25.56557141790808,73.46483757975898,0.0439179044161208,304.9583345079219,1045.2697621661955,3.9691213117490576,11.367680334119685,165,Spring,Beijing,22.036208812687224,119.71317634359862,Thursday,9,6,2024,Cloudy,92,2024-06-01
83.36796447626297,80.97434467631962,84.45435344780715,18.764226204793573,4.8802605741538105,100.44032870555117,30.22187005962604,33.89771539038033,7.427648357068487,144.57027216495436,1011.4807032340736,12.790564456176895,6.7054114996578535,493,Spring,Beijing,23.78842056992692,114.92610960043775,Tuesday,17,4,2022,Haze,94,2022-04-01
199.68694709209785,164.11138038498194,64.0144440781097,47.12450835422009,3.960475813338736,164.93915297218737,22.808110947591903,14.884129642905071,5.308384319966292,240.473892299658,1041.1682023915218,23.07315698297708,18.704572328295967,445,Summer,Guangzhou,46.342019486708224,114.62928309087808,Monday,15,7,2021,Snow,30,2021-07-01
15.458287460123437,201.3251140749642,50.435453384911625,29.75275007251681,4.111308387592985,173.6673396209853,24.16951001406278,51.46811718500967,1.2056417311157177,238.0743294748759,1010.0947473201152,18.03139229988596,10.286400145237858,82,Autumn,Chengdu,34.130953377087984,100.82062557490993,Friday,14,5,2024,Haze,60,2024-05-01
181.3711889164101,168.84948982733664,73.63632918135232,46.88609812448382,1.5752041473363474,145.20024809309672,1.969928128409368,70.4039206862412,1.516700925734742,56.304509792435496,1047.6449434152476,46.92622671672721,1.553178167531229,257,Autumn,Shanghai,43.69242531327974,110.70862196131132,Tuesday,3,4,2024,Snow,58,2024-04-01
63.32494940404236,117.11442765673178,76.40478779826752,31.12011280078479,2.234409633218261,168.53347796902187,-0.0523710799304542,86.86333685008321,8.418531793139781,25.025678514083275,1031.084136454332,25.18862134348194,17.005118521229388,315,Autumn,Shanghai,34.84385532697692,120.21552490197082,Wednesday,14,2,2017,Rain,77,2017-02-01
43.65929023209443,123.37697762232168,75.77884322215975,43.0576276170918,0.2572003445855318,159.88010167006053,21.89345152841796,50.38356808040543,0.540433820823949,133.70549974869112,1021.8577973535776,46.782325479494205,19.64201023839179,9,Summer,Beijing,39.01393958332254,116.82314877795056,Friday,5,7,2019,Cloudy,30,2019-07-01
29.70036019567341,58.34405187514732,71.19958351060096,38.86684306383405,2.48773131511018,175.37842389050468,11.24206986389477,84.34744358382673,1.9413711334340853,4.053604817480432,1017.219457391828,21.57038653147851,11.614336455237556,77,Autumn,Guangzhou,21.44619995289762,115.6184294518125,Sunday,13,1,2017,Haze,83,2017-01-01
15.065487304976006,265.0893750826207,13.82499746002387,25.28795715400698,2.7965167927183745,53.2461683954691,4.468952922735845,36.02315568271434,5.904821763726633,118.85224389997266,1046.894069750299,19.969840928476174,11.899129300107507,334,Winter,Chengdu,47.54199790353418,91.31416744587015,Wednesday,6,8,2018,Cloudy,99,2018-08-01
15.790135788669016,130.90262653211494,9.477630201282802,8.197893753080578,3.4850306535211377,13.990156444636886,8.79991325672707,52.40136314684435,9.371220136766404,218.2607482085646,1022.5937918465952,29.326385866717036,3.2044904526813185,220,Autumn,Guangzhou,33.626902326884974,96.84740932773856,Thursday,6,1,2015,Cloudy,95,2015-01-01
18.5230726246818,120.93011118637892,86.1638833686466,26.933341340640567,2.398799937396168,49.58387905113872,39.550119897226,23.40518881340652,9.672322157873923,300.9198191144285,986.1905544382292,5.188755322140337,13.274952305213285,27,Autumn,Shenzhen,31.488489636758462,121.1749180729523,Tuesday,9,2,2018,Cloudy,95,2018-02-01
171.97709357671758,66.85117213360283,43.94588913834207,47.59750411793202,2.2474196588466797,115.15197085505798,6.961732233122383,74.72001404109216,4.143989231542328,12.074352997305308,1011.7399939149292,43.62021132607959,11.701700753358942,318,Spring,Chengdu,32.13539298435612,109.739033152611,Tuesday,4,2,2022,Clear,44,2022-02-01
242.1413782018736,214.80163853568715,90.38053437192126,10.871418209649336,2.511302379595157,162.52616262715398,-4.768436637168513,82.33773206037777,7.972854353121895,276.44872996081256,1037.2225721993775,17.01671811261613,6.464148726811075,467,Autumn,Shenzhen,26.476942185675107,124.04403361426328,Sunday,21,7,2018,Snow,18,2018-07-01
116.34722198685664,33.49195386902676,91.20221871261217,32.92446878593071,4.427272920151287,23.945185062198696,30.771426644179652,31.71831428566183,8.156415593565857,130.51962103069886,1028.3219896043645,23.39446134768728,8.578634727176373,125,Winter,Chengdu,39.360223852731,126.49414121953276,Monday,11,3,2018,Snow,7,2018-03-01
150.1972997068616,273.43956389793937,99.08581616792809,48.20844973494139,0.1423709529991637,39.13296542532069,18.707861661444586,31.86530252562456,2.8344143739993752,74.58764690786774,996.7005563073692,24.3944470039582,4.042635173258222,310,Summer,Guangzhou,49.5063038209448,128.70408810165534,Thursday,2,8,2016,Cloudy,64,2016-08-01
246.2205338149504,60.58181808596697,75.4349292985489,2.462478371597723,3.806447624137345,181.296320950966,20.691312827079432,99.7848042675035,0.4229475840259955,241.2019796435744,987.2418818002432,25.065164981516425,1.1363737987763265,470,Autumn,Shanghai,30.60521916748762,127.1037088614376,Saturday,23,1,2023,Rain,29,2023-01-01
209.86205434960505,109.92513115050888,53.66935331924044,14.275399400273525,0.4865750713049154,100.73683714459526,39.90785894443393,40.63856855235056,9.310284339195563,56.860082331767,1033.4879232114504,35.23180967189093,15.019639110437042,18,Spring,Shenzhen,36.50755114671688,98.71924755806592,Sunday,11,1,2021,Snow,70,2021-01-01
71.58399974337708,251.76200616520097,59.30276677829355,11.684066143142344,4.174265241460188,107.27322079659776,4.814969945232271,72.89686779140577,5.655536308536028,336.44158442611536,991.489114228363,32.127422232590405,0.7866651516524595,278,Winter,Chengdu,36.31383511604062,101.52132553285944,Wednesday,9,7,2015,Rain,61,2015-07-01
188.37297970963965,252.938880625057,10.871971000606374,7.408701877522002,3.311798822183819,146.20859399744663,-2.4796059798550623,45.829131125788535,9.583669964501102,96.73992285692006,1022.1692640771988,41.29635855697259,5.807794228684936,173,Summer,Shanghai,43.65262417092349,124.16392897792548,Tuesday,19,5,2018,Fog,54,2018-05-01
238.36344402775944,276.66210915180307,84.82365685367446,42.49001521629823,4.053607082865253,122.22917721804104,-4.590349846788851,82.7646373106223,6.583591599461385,351.4062175897531,996.8304831812274,39.45859066201082,2.067724818023404,190,Autumn,Chengdu,41.2565096312912,122.4493544532342,Thursday,16,9,2019,Rain,82,2019-09-01
205.2147942543268,137.65606588516772,42.50356715304531,3.0304968218641197,2.5304733992961217,111.28811532255216,9.207827038321224,76.23137359745908,4.179336431742023,69.48204984547566,1037.2340594467482,10.948809491472645,12.21352991862126,365,Spring,Shanghai,28.17646537598889,108.3298102301909,Wednesday,7,4,2016,Cloudy,56,2016-04-01
32.48014367801447,260.6737305028731,96.06502178442668,9.000607361640128,2.482669464940176,135.72844071736125,1.0930183344179802,79.34613119479779,7.943480802618016,358.2359103599444,1035.4316539414124,45.83988848762162,8.97054070769322,173,Spring,Shenzhen,29.256013431286792,110.279708744379,Friday,18,6,2020,Rain,74,2020-06-01
108.30175245489924,202.3818819566292,44.26039416301898,16.037295446566805,2.8005476919186405,153.72240635285544,1.2572336770716106,12.524999357006568,7.904157844728468,52.36249652568256,988.0467537259487,45.91398757366249,14.910888501726518,458,Autumn,Beijing,28.54824149587673,104.69365620628976,Monday,13,10,2021,Snow,27,2021-10-01
127.3938215599195,109.47838345089504,42.3436750156601,25.949299377549984,2.80979189894022,103.91541089748686,32.39858410414353,56.33192312233166,1.2431694033069896,5.559145581876841,1010.1053895316188,33.19987418529812,10.031400594746374,172,Spring,Shanghai,27.99979129017588,96.15194582200868,Sunday,16,6,2017,Haze,23,2017-06-01
223.7900721174366,94.04710904828906,47.975345086943584,34.858001055279765,4.144683914501824,72.39509938909475,-8.231047282082711,53.66927458627742,8.025545500753564,256.29121837024115,1003.3828881141452,26.365329672387578,2.581257242830727,364,Autumn,Chengdu,37.66934099539485,123.6502655559014,Wednesday,10,2,2024,Snow,72,2024-02-01
248.59588944061028,28.484892984765537,71.93193890849363,37.34969723601324,2.806585908891013,189.1477379173064,-9.672332313216222,17.217301380126692,6.91527216763641,173.20796398123355,988.5375944050184,49.53719399114168,8.703871520474364,333,Winter,Beijing,49.75263709193538,113.0861837126694,Sunday,9,5,2015,Haze,46,2015-05-01
151.60994444691676,210.3524754876324,64.2375376245702,9.45479128672201,2.51205857942748,138.99613705910295,-8.08765097772827,25.464865562817977,0.1902588480094491,174.20629544814437,994.5969749815002,28.199372604320978,15.334497799798791,487,Winter,Shenzhen,29.978690697900976,93.92418833101938,Wednesday,1,11,2019,Fog,80,2019-11-01
203.87072755769745,273.098766923026,22.815032889276743,2.4006648177661862,2.511858348508295,141.5852896500432,-0.8696891126220709,79.42445481396025,6.104252899618174,168.53232073265298,1040.3602025924388,4.62056284377888,10.787437860567378,94,Winter,Guangzhou,25.629955287658422,128.79429265585975,Tuesday,11,7,2021,Clear,25,2021-07-01
17.840143394149504,147.60674674771337,44.26252676459588,48.82967167573508,0.6029409833478873,36.14374747074204,27.674215192582764,69.4079896598895,6.997249059603364,180.7688021005733,1043.1779786931809,30.722938879674636,14.810030285912225,178,Autumn,Beijing,38.70532268829979,125.40779254582831,Friday,21,2,2024,Cloudy,3,2024-02-01
208.1425930741092,112.57547774343294,46.25455990927778,19.902392207840965,2.979347720390942,150.4194273645825,-2.1636069785050083,71.33664068222788,8.025119464388561,72.18383813730883,1001.808733281107,31.49399468582608,8.86341531961033,385,Autumn,Shanghai,29.01592955918887,104.09372276988536,Friday,11,8,2023,Cloudy,2,2023-08-01
108.0091958982294,237.26751666673465,37.92013109254743,20.88043350082568,3.8014568866215166,136.38519843016132,25.794167716240963,14.927359802652726,8.032420601516364,33.669592575356695,983.441129322514,14.675692879663387,4.684391101398908,181,Summer,Beijing,43.57465381307944,114.39482333551732,Thursday,14,11,2024,Clear,63,2024-11-01
54.78557560178877,52.70841488863605,52.86088692396826,21.004407024136736,0.6369162402691432,30.173536529114187,0.6539336253956396,25.897975689266246,2.96289763403582,210.63483123215912,1009.8683934990514,24.494244261058995,7.253195602418921,17,Spring,Chengdu,24.13167944380176,92.31079585973836,Tuesday,9,11,2022,Snow,56,2022-11-01
224.27291533711352,191.98478920683863,92.93055821634596,24.490421700862917,4.281341249930108,94.67300041062808,21.437866417741272,10.194891825980166,9.080823457059385,326.98330087586737,999.2089085803846,45.13151456384632,11.00513317452711,99,Winter,Guangzhou,31.04062660674716,117.98751257589662,Monday,11,10,2015,Haze,94,2015-10-01
44.21122573359244,94.2269199332571,89.00922171971914,8.04599464008933,1.903375197857644,111.61005154731234,-3.695506450255789,88.17433479645673,8.499513933939612,233.18673579977445,1049.1568463344877,26.340889602859725,16.55840359284067,2,Autumn,Shenzhen,30.41116916913238,123.66597764699404,Sunday,21,12,2017,Snow,64,2017-12-01
242.78236316040488,147.57693933942295,37.72065259457814,41.76497443501484,2.375427838700518,145.3154067585477,37.25851634494944,62.07074917533931,1.9490833574131796,14.953106834691452,1029.4535052271444,28.128576954131585,16.051961890992494,142,Autumn,Shenzhen,22.994827908035763,115.2980541636771,Saturday,0,2,2019,Snow,82,2019-02-01
13.524180782645878,76.98963994296358,33.98880578374738,12.254370597106112,3.1876685383981407,71.86875388084144,3.625175560681857,26.10933529283368,9.048775397057677,289.1005430439974,1043.148331541929,40.49880900725751,11.754852433352328,350,Winter,Shanghai,27.251351787013125,111.47035894510648,Tuesday,18,12,2020,Clear,51,2020-12-01
42.49926002041854,220.1938003241536,24.26362014185309,43.76856021237772,1.9798971044412903,185.9161816657536,10.970464942687972,54.483828212198034,1.6330691830812316,268.77952491100467,1014.8602023506288,39.76952336473668,16.573910651614778,368,Summer,Shanghai,23.83234411093951,116.43879566647048,Thursday,4,11,2015,Fog,99,2015-11-01
109.83270837216662,149.44847674022174,63.17345431318511,42.58720032130237,0.3165089152121589,134.778227658849,26.065056740077416,12.095596899701112,6.555876000316015,145.00113089178902,1043.8646624720311,7.573074800983787,5.383756635555312,172,Autumn,Guangzhou,31.34309402049065,116.34614621211468,Sunday,15,12,2020,Fog,67,2020-12-01
105.16670099235422,23.91746099204625,82.7879441626191,8.786306708480174,2.242642987331354,167.89740748397526,-8.857561811976701,33.00670189359266,6.498211034301825,179.20840842391095,1012.776961261388,12.686291308216829,14.19731092635162,178,Spring,Beijing,25.33480038775073,108.4159237300088,Sunday,11,11,2018,Clear,19,2018-11-01
74.07205295157188,245.0988057070281,47.36454880119448,1.733254412711878,2.043675499187676,83.62246372860955,29.84781058185048,51.77254679985557,9.06718400660568,313.03063383219336,1007.3803520819212,30.82578754008583,15.749508435923005,179,Winter,Shenzhen,39.791814802730414,120.00945774451796,Wednesday,10,4,2015,Snow,35,2015-04-01
233.72475156579517,208.90489096958763,56.898652780499376,44.20392548064304,0.2336887385990288,87.50713840210368,18.58230931577897,91.25666474168068,7.028958927098696,144.46387794224103,1004.3353983087518,27.34775750553855,18.71847536577889,430,Summer,Guangzhou,29.67107628153725,129.2746111630778,Friday,16,3,2018,Fog,31,2018-03-01
207.59195761978972,296.63965205355515,18.662217163662635,1.2099283085722277,1.0343032932581846,47.5117753816285,13.949065841476685,49.434777050065726,7.088144102610459,249.08346607204223,982.8748235349526,15.346763091829324,19.03201206514652,3,Autumn,Shanghai,49.25831055839026,112.10703514654094,Tuesday,13,8,2017,Cloudy,27,2017-08-01
231.2674178017421,102.5513173621564,8.61597271034887,5.736499110396522,3.017632443856674,75.60062876678953,17.68527920003597,69.00326192975628,0.8546083568898122,113.34641714302884,1047.118450157661,32.43957239599529,4.510442677321579,376,Winter,Guangzhou,40.39884868131086,128.23346799213994,Wednesday,1,9,2020,Snow,94,2020-09-01
208.15685727513804,68.21287064551102,64.28436615515176,3.007884478630974,4.610605093591429,145.15342013000873,34.75684121172017,57.92338487647552,6.584507022243724,115.640370432477,1021.292540763198,32.517069611731,19.47234442102368,487,Autumn,Shanghai,33.18681737615378,100.67945984663518,Monday,20,3,2017,Fog,1,2017-03-01
178.3149550918204,71.2473047918651,73.84412254469011,32.44487550182618,1.7980173615302133,106.44475577227216,39.01102866524927,11.885534257204016,4.902642037935515,32.09602973103659,1035.9976337929315,28.3401555257348,2.5301969357182994,162,Winter,Guangzhou,22.029003861775564,99.22026753255804,Monday,8,12,2022,Rain,84,2022-12-01
115.72872219935292,187.64163528880655,99.16855959928294,17.947152828502055,2.7080311028232478,35.722216879950665,-5.842047882756126,94.462183795304,0.393741314812599,308.89547477866,1005.6178045833224,28.537115513082128,6.04897854923405,119,Winter,Beijing,31.78264043680788,103.00609502192576,Thursday,1,2,2024,Fog,37,2024-02-01
149.4313987519874,104.8813332926772,30.48618956524504,22.716816095476805,0.3894540664857226,12.86731228777549,31.44777584514445,79.03139252587579,6.485324099867129,343.27346788109367,1006.0549718068064,46.3914200320616,5.435204792913065,74,Spring,Shanghai,33.76130942095702,97.164755972647,Monday,12,8,2024,Fog,62,2024-08-01
26.263071906833115,295.2076401904433,17.172716242408754,9.223722397004574,1.8023969546913765,57.2244002451563,10.274189548535716,16.840867420703212,0.6094628383464185,180.9386301777301,1008.9057293330992,2.3990631493200576,15.885160687001209,465,Autumn,Beijing,24.95791419580064,115.1247807807194,Monday,14,11,2020,Rain,98,2020-11-01
116.25690522445808,268.8727065803509,98.33072523493976,7.894276227429958,3.842750932969969,175.8949334336449,22.37841850109849,86.91952659172256,0.6841771482863568,299.13022399176896,1014.613618297394,7.124722615984064,16.970835255852307,300,Autumn,Shenzhen,23.58045659648392,106.52417425450308,Friday,14,7,2024,Fog,36,2024-07-01
172.64280532639904,114.87707798410842,55.25237379222895,2.9548133415992544,2.075314770288282,186.90345539769385,-4.349326825353169,23.504522199955737,3.5212446022306887,236.4282514025273,1033.4376590978338,39.628730561187616,10.635344906564647,26,Winter,Chengdu,26.664744698250097,124.162664515705,Friday,11,6,2021,Fog,37,2021-06-01
136.18040738521887,290.1426898695325,11.773271747152137,46.23538642883359,1.1618622192899937,67.2436764347844,-8.55905708179275,96.74365253763204,8.157209672327912,125.69728115223272,1045.0502715233563,36.947936775138686,19.20498326610563,162,Summer,Shanghai,43.35096886024444,94.55743439357504,Tuesday,19,7,2022,Rain,38,2022-07-01
198.7485709126216,25.67774037087969,62.268708811070624,26.781224929260016,2.5626158370794525,99.70236733431652,39.86908199389208,51.73744254982863,8.158525254176459,96.96034326977563,1021.3187483489188,29.948289115781147,11.265101890145225,318,Summer,Shanghai,24.613649964324445,120.21373913965286,Friday,14,4,2023,Haze,8,2023-04-01
60.80143857443645,57.35985741697111,60.611766082188055,18.130760611423543,1.0340509607166688,185.10879871710367,16.796568471989236,22.914158642540144,8.072534257499147,101.15458652316062,1033.5273951757151,49.49435068697382,2.233954512207037,251,Spring,Beijing,49.97773772223649,119.19485431409556,Saturday,2,8,2020,Rain,13,2020-08-01
209.72365712330068,158.15880264474973,24.04823507260406,46.756780480281854,2.076315255802969,183.7035751736753,2.859087938970603,28.58038143645393,5.332553910969658,25.87164409265943,996.3252877920868,27.535876742945835,6.716855166202964,161,Summer,Chengdu,35.52666837951106,92.3072278784752,Thursday,14,12,2021,Fog,45,2021-12-01
238.5567362431463,215.5349139289484,12.085222729490404,24.21975551845337,0.3435586316006059,71.32499824141391,31.668179465375644,83.79952866867839,3.270626054040865,15.514136452701894,987.0846562175418,8.04355288346486,9.963297752955864,335,Winter,Beijing,40.17605010638946,116.29842993128464,Friday,0,12,2020,Haze,83,2020-12-01
222.63767970141032,181.42684276403097,64.03412538703674,26.263853083734112,4.11064503270524,19.540906895676017,29.18247490394388,43.397920316164274,7.433769982727771,40.55252270571874,1008.068355258863,23.539401254192192,2.1742231169607145,227,Spring,Chengdu,26.90357406950192,125.1846277090292,Thursday,19,11,2018,Cloudy,27,2018-11-01
89.49458649014191,218.02031201555752,36.39029291553665,28.070851384990267,0.1347310104478281,124.44494701681089,21.1936659621767,15.446427534196372,9.401374775468197,285.11691371686464,1049.9026420899029,6.763050674802678,7.333341499919194,418,Autumn,Guangzhou,27.87221681228091,98.67362517642836,Tuesday,18,11,2022,Rain,77,2022-11-01
12.184014093912944,289.9127521293059,81.11813968583863,20.994261702144627,0.2906501238046586,51.587935951527776,10.786822767290564,84.5618320206655,8.56677797368105,72.18005360732606,989.2059207359316,21.248576364235184,8.493510398196847,72,Spring,Chengdu,44.81455731731309,100.99093651693464,Sunday,2,4,2016,Cloudy,14,2016-04-01
170.3896588806917,267.6080002326843,20.58625376257728,46.754405580229225,2.2937968451574604,125.3357627857676,-1.0159807083903818,31.469414466519165,3.840990589220975,77.91246995564467,997.5295581783324,38.17122223185246,8.651489768724955,23,Autumn,Shenzhen,23.58077162921913,126.69661902532374,Monday,7,2,2020,Haze,67,2020-02-01
181.21638161120785,28.40209522164385,72.51033779344455,41.72254032195154,2.245103950096269,98.33738762418614,13.591556460398031,44.05067309909481,6.585336956148757,249.1152779075778,986.8250266365552,10.554611139484232,4.415599084830271,187,Autumn,Guangzhou,37.97102707102504,122.49617863826369,Thursday,9,4,2017,Cloudy,81,2017-04-01
133.11649412738123,28.28661504015932,67.17838395949315,2.960432988786561,2.501522627393981,61.3930078227243,31.34639887556697,26.587759952012,9.313626490692233,249.6458309629145,1027.5926661432509,12.825670098403307,12.440411282670269,127,Winter,Shenzhen,30.891332733743223,126.45592540716426,Monday,17,8,2023,Cloudy,79,2023-08-01
107.2821153415226,226.57971814087784,78.95039809962961,12.760707214461632,4.606486693882914,146.40033136359332,4.914513385034816,43.88253533010261,0.0044737036886421,270.95828834193725,1014.2491522110004,19.69936964675621,2.5211395547602136,74,Winter,Guangzhou,45.565754478865934,126.56779741678162,Friday,4,1,2015,Fog,95,2015-01-01
73.79139242801288,201.4205381066851,22.161809576541923,42.77069919006745,1.0507588113581614,95.7537846304306,32.73556397821064,54.5923193615502,4.620286106814464,307.5699213677908,987.992191185672,38.75763370535862,7.351971166684958,65,Spring,Guangzhou,39.11124032951213,109.5632581341132,Wednesday,20,8,2022,Rain,41,2022-08-01
181.30392550009168,197.87511187981963,67.10954308958327,47.453379354574565,1.9819616609742292,33.69401464587689,27.74614744081024,23.33956059217335,4.405974145058716,150.83833041831596,996.9096742270642,33.356140243429024,9.514572162525688,223,Winter,Shenzhen,32.91160194721337,98.92409198723668,Saturday,1,7,2023,Cloudy,28,2023-07-01
192.4131155961046,176.14849949731646,56.54158871864088,44.51963803410741,0.4495873977097386,39.18673003876631,39.11712625339134,70.29463121470278,3.234565403734415,71.0908905005145,1000.9360172055044,43.99388410185978,12.134790563793368,354,Spring,Chengdu,44.44285345697337,93.45539961853233,Friday,0,3,2019,Snow,45,2019-03-01
201.14157162249907,65.13769470247391,22.811286758513216,33.49177286697519,2.8097856854316485,164.17131922211206,27.866553695131152,56.149734446794135,7.7733337919230365,57.04178176104436,1035.0674891610836,1.0304601500173316,9.642991126198275,296,Spring,Shanghai,34.62430248853933,121.0652508700928,Sunday,3,4,2019,Haze,2,2019-04-01
109.76737637289516,296.25544043297924,23.671257536752627,32.470790093238335,4.489681583084884,39.90942554293574,3.743979189195999,89.61534586336266,1.31738313979201,302.6029432888102,995.6780582101344,15.307488482288056,11.359577781099407,213,Autumn,Shenzhen,30.93967865690141,126.21785284543763,Sunday,10,3,2015,Cloudy,47,2015-03-01
75.67474403975572,168.63350304562206,96.21296625913897,35.39211465159016,0.4899464294131853,61.309498652861,19.51323628530861,47.56580444478444,5.46654928185305,221.8843549025245,1036.8802480304507,12.019060929767466,12.36726842831461,295,Winter,Guangzhou,46.5361228168204,90.48267519590752,Thursday,2,9,2018,Fog,67,2018-09-01
196.2520242120249,220.5178164050024,81.00385739411846,47.556398028562704,3.98245454990112,111.26925931368248,3.241137606282832,24.638375325286564,3.309704400397652,39.872821015498765,980.3857854860114,10.463980882929558,14.129622737396268,53,Winter,Shanghai,43.6009608513338,122.7276662219582,Thursday,21,6,2021,Clear,94,2021-06-01
44.37173658074308,86.64324491162738,8.279809514532651,28.730492367223803,3.3400230483644324,149.1440113564676,14.523723147747528,24.81627061888997,9.326349108777585,123.72058708856513,1025.0220380712906,12.272689890278416,2.452330999808813,421,Spring,Guangzhou,40.47707956850665,122.35716155454293,Saturday,4,7,2024,Rain,18,2024-07-01
63.5517616036682,227.3351700590084,91.92039103938345,22.098982778363546,0.5429013726068709,94.82286752451893,17.868601980732205,20.69469362750737,7.330446996521082,175.47544544673124,1011.6107655169671,5.777254219029176,7.209738738379343,251,Summer,Guangzhou,28.92488005259988,93.44429790619397,Tuesday,8,1,2018,Rain,81,2018-01-01
143.3399578864605,199.35894202217244,16.281081012162083,30.185453276771245,4.021452792169636,90.34436130294692,9.823038890095509,96.81994375488868,6.661614164173467,272.80796208620586,1034.0531994902092,45.96474590139575,16.396798226994697,339,Winter,Chengdu,43.52950098233106,125.24424057443676,Friday,1,12,2016,Fog,80,2016-12-01
194.59662086465545,189.1062860726682,30.85038120411893,3.435535182616438,4.345817670732444,95.12979219215558,12.866221954781384,94.50490060332146,9.29575037288364,89.29461736878463,998.8049521352624,19.43964551650392,17.70228039599638,104,Spring,Guangzhou,29.65210806562773,102.81359992922737,Saturday,1,9,2020,Rain,55,2020-09-01
160.14980231156193,68.27330273085025,89.80713307964456,40.633084113034975,0.279071486467818,109.79208561666698,1.4879014538384894,87.20660555925512,8.430977833379021,301.00118868812496,1041.217845682997,32.31789473268358,3.4264651473825603,123,Winter,Chengdu,28.08987264816832,101.92967167677004,Wednesday,12,2,2016,Cloudy,52,2016-02-01
85.51258700034705,114.74299490063554,94.57846695612922,2.270167514532337,3.558616009852989,148.0769138429256,11.642314895426896,96.61629441373246,2.800233837386198,328.888905683541,988.0160239346324,38.9157549001471,13.006987452043097,236,Autumn,Beijing,46.68563573367341,99.47888475668196,Friday,17,11,2016,Haze,87,2016-11-01
209.44241236289733,169.29783162652672,97.83178388218911,4.295310977567642,0.7679031207414017,81.8973033218941,22.351572050554573,98.79857093110888,3.947174024118087,48.24228146539045,1012.5039057787316,47.61530179907717,16.152120629242322,477,Summer,Guangzhou,38.29455681614273,127.88475596335287,Tuesday,0,8,2022,Clear,69,2022-08-01
69.13773373001645,30.91273312891365,96.5586140179834,23.269572916895275,1.2045843379461707,81.27204285491781,32.13934991673332,81.28592942793007,8.222307512839159,163.30418647678152,992.7401627201376,2.5889329455041965,2.029460835586905,408,Spring,Guangzhou,37.983021117908194,96.88585050725383,Tuesday,9,10,2021,Haze,43,2021-10-01
177.46963289596462,148.4422400727911,99.64345838877642,6.822429559962435,0.2698641046390174,151.26691774385833,10.487102289652125,89.99740798263493,7.410654845727073,43.30494446835465,983.5902759272976,13.848720880091452,12.651772915834682,454,Autumn,Shanghai,29.24595242334096,92.71154607630874,Saturday,5,5,2018,Rain,81,2018-05-01
76.12637228458031,34.39862492416082,95.45092971791738,47.51501823921553,3.4784107285615944,52.619281463017685,7.196936510255579,68.87432527695901,2.3242427845611524,131.71683009467847,1010.745433694633,9.560886879846992,18.561007241667014,349,Summer,Chengdu,44.03825979090635,103.44892316902369,Thursday,6,9,2024,Snow,86,2024-09-01
187.01134464303763,87.52921325490266,23.7234058222448,2.782323837499532,4.35443149800357,176.52177685858086,0.6204408662215251,50.834692768563,1.3738759931346745,246.99018659372325,981.3410031121144,1.4006773608192191,0.484295543489464,283,Spring,Guangzhou,21.75849143518958,91.34121897399412,Thursday,23,3,2016,Snow,44,2016-03-01
121.57254215661672,63.29157074858051,16.38963125484363,42.20402223388633,0.3216046343782986,107.56362953885458,-4.055671565106086,80.84333322183251,1.6533121166471831,148.79972665702425,998.4376592265904,16.862858777979504,10.024349104407452,206,Winter,Chengdu,32.273016596929494,104.37878310866736,Thursday,10,3,2023,Clear,31,2023-03-01
184.8775683431706,131.93917787223947,49.663508500831306,12.42305276302547,0.6244353292692771,30.43340882118055,5.389157379222434,63.97716315874567,7.482982049534812,244.84935458067125,1022.949918961518,5.80691966689752,6.60655424399117,405,Winter,Chengdu,26.091164355436494,95.2888741831094,Tuesday,4,12,2024,Cloudy,96,2024-12-01
240.5614668405489,186.74877652694383,5.593091349710875,24.384311011255758,3.584135036226928,104.72421806328688,2.58529918552892,98.41184669974427,4.924924258919195,216.9663169436109,983.6599479063834,19.627464231535583,3.343911402490419,104,Winter,Shenzhen,43.83909733595821,99.27745630675042,Saturday,1,8,2020,Snow,63,2020-08-01
26.92751545630614,235.77471397699296,6.455523697782195,36.86716515432553,4.79778541953065,20.32480093023324,35.36985693730017,89.92304414278763,0.9249116568134408,299.4712267390004,1005.0402944307538,20.747580408997536,7.479463245892733,370,Summer,Guangzhou,25.544310806818864,99.46552445066334,Monday,15,5,2019,Cloudy,52,2019-05-01
148.34900461064507,251.03238793352307,33.808987999897155,3.535573353419811,4.866096498705058,147.38266628126323,38.55134307747166,53.82137920456256,2.23876542002862,257.5027015415602,1041.3492437719874,44.02845617866173,11.74468596704732,463,Winter,Guangzhou,44.79390273036428,90.84035374529827,Monday,20,11,2022,Snow,50,2022-11-01
147.3518053016566,109.5856200888816,51.3186866588956,12.46511845761487,1.109549424252859,98.91334360170872,10.523142221774464,48.54795106222845,6.951031671137468,43.3445313147429,989.9879599688664,49.08790219046119,19.93399755181055,238,Summer,Shanghai,26.880662321696764,120.82140987709025,Thursday,19,10,2015,Clear,35,2015-10-01
112.96121304628794,288.8715929663953,35.42756264602841,33.805729972880016,1.233933578185251,179.43277407134306,7.485883226848465,91.41758486172311,5.74872690837938,82.23770747690041,1005.8917648478744,25.04621097055477,15.060046549522784,413,Autumn,Guangzhou,49.031532851271365,98.04888302372316,Sunday,15,7,2018,Clear,95,2018-07-01
66.7264759426494,205.71411745317383,69.09675020949626,34.25987730089879,4.0315859146190975,174.02756806773067,15.33777382648254,85.08217297310571,0.0562346532253499,198.78188399188187,1049.9975531000778,42.130749027559474,16.81741171672267,209,Winter,Guangzhou,20.20189748457764,94.0931220664028,Tuesday,21,8,2019,Fog,74,2019-08-01
219.5158037833153,78.14455807416581,28.349727874277555,20.260952220554667,0.5162451359785267,12.226934641595964,5.461424436692084,36.69419011582136,7.01895158872391,331.27286852087434,1030.5730482330544,48.88225072254559,10.269642322365206,359,Spring,Shenzhen,39.73672493404731,93.21851428157674,Saturday,3,10,2022,Snow,91,2022-10-01
33.749340059832214,218.68790178857432,22.054278875166634,13.394164339427212,1.6922905897744742,132.86531859295928,39.41547546700888,64.20096875170125,2.4570688592817125,249.2042338765598,998.582310144232,31.79148841174939,9.648221222911332,375,Winter,Shanghai,36.01806235376717,121.51586238858428,Sunday,3,5,2022,Fog,5,2022-05-01
54.83234004638717,89.31503453003761,93.8207179798411,31.446630378405597,0.1285754722096742,178.6275735447807,14.468552547837934,63.71948717250095,1.2801994485704593,236.95040714468632,995.5384173212587,2.209938329493616,19.03294018266938,55,Summer,Shanghai,41.685924006608616,102.6412933781442,Friday,9,12,2015,Clear,25,2015-12-01
243.50418953090264,113.94561668825789,48.90418392143594,25.10088080554803,4.26219377227762,10.682251811536911,20.25597216596148,87.49585748557448,7.682604891727119,19.89421375466844,994.1860832194448,19.57131337005393,11.621734560084011,24,Spring,Chengdu,23.16550453812817,126.84288123388316,Sunday,13,11,2019,Haze,54,2019-11-01
211.4153968666426,47.51483369375778,50.4034282635257,44.75478073914447,3.433549174108703,149.29692661046963,39.01764992961381,49.6130471237544,4.199974051422075,199.6218193379604,984.7039621650356,42.24249551335311,7.323593261127808,24,Spring,Guangzhou,21.94056395720811,121.95959272048624,Saturday,4,6,2024,Rain,40,2024-06-01
128.5935432422018,285.60825606949703,8.132653461414952,20.260906375872526,2.0219494069777952,13.34132039050596,35.88565533863687,67.02546782720296,1.827803506925901,321.0350675107699,1040.8136889975815,8.825255468157934,19.03172339310644,460,Spring,Guangzhou,34.88981016652696,113.9939117080181,Monday,6,10,2019,Fog,33,2019-10-01
198.02628571636228,165.66840889866464,51.02224862899113,15.368012639385354,4.090337695777139,123.71362136079571,34.84426347339184,72.28462832873021,4.299493141638141,57.72441954822415,984.5753213080118,3.192487966102897,19.54845405676862,238,Winter,Shanghai,48.06655533742253,108.45361077964178,Wednesday,0,3,2022,Fog,78,2022-03-01
26.160548726412635,297.2634732965799,91.44402105042582,2.6159667417321515,3.1760359612492484,64.92193137282416,3.088566374537724,33.78660293926937,1.506053296640576,340.66485721324784,989.4803125295722,48.522668828841766,2.857084471040156,298,Summer,Chengdu,48.89006267347809,94.29068358831324,Saturday,10,1,2023,Clear,23,2023-01-01
67.93298898364691,42.99303407764734,47.10483272673964,32.90125094866812,3.27588899179651,164.85868807989092,39.19744078054385,68.09203995779387,0.2041678357832255,69.70164920434947,1042.6063287307577,8.679733137968121,5.854987630636714,18,Autumn,Guangzhou,41.7244290357934,104.77325209983807,Thursday,14,10,2016,Fog,15,2016-10-01
92.35004071933268,139.85703631546082,95.11363911720852,18.91587859939796,0.954411128802997,132.5191678607344,21.106727019795105,47.7140551613635,6.87952528264891,67.14756473432531,1030.6849705421705,20.88308221174035,18.9152699960126,37,Winter,Chengdu,34.17925173643867,109.33841339874763,Thursday,1,12,2015,Haze,50,2015-12-01
234.74525051788427,141.91275447619313,61.35939086148337,7.974092717452965,4.114115176333519,29.626491999310133,35.38374166159498,36.269640614566896,7.978033974353829,309.7349748057898,1017.32651353759,36.13450998767748,15.48842651120419,496,Winter,Shenzhen,24.548930953286067,107.70169364828394,Sunday,6,10,2017,Rain,7,2017-10-01
95.22937931707804,82.53812748971691,35.088217745523494,1.8919675270965537,4.963655685063257,86.25383492944965,19.186717902461652,54.40728186297949,5.168797893450524,219.5639854748136,1012.5435095598727,5.592489543721596,2.900937829621301,399,Spring,Chengdu,37.7182803108376,100.66950245335144,Sunday,15,6,2020,Clear,84,2020-06-01
48.14851098522124,133.00306013856124,68.98362402946036,21.92788707058184,2.476377346096068,102.21266311090884,31.547999816647483,90.55478429883632,5.534471505739496,136.2390368494957,1016.1541653204706,41.71863261875721,18.34329729392395,165,Spring,Beijing,38.01448560714,100.34338237356202,Sunday,2,7,2018,Rain,23,2018-07-01
227.46633458682663,119.028701755321,25.786801176118413,23.246342397792557,1.611236486330071,198.2824499460461,2.129344864562597,99.61986486623375,9.40601175965816,105.87475173633426,1032.2629757486638,27.19404659076332,10.548449430031496,187,Autumn,Chengdu,38.98529124827954,99.5593381525432,Saturday,4,5,2015,Haze,93,2015-05-01
89.06564048570209,59.39062943317931,50.82842801033518,34.40297896812332,1.964548236944931,102.04047354818556,29.216122791183352,55.24671289140546,9.542841368870572,171.2901580447774,1007.4021402063414,23.567021926140264,16.33562339403652,180,Winter,Beijing,36.30588678402134,125.00144210893347,Saturday,16,6,2020,Cloudy,85,2020-06-01
116.04756937903504,224.8418492083908,95.44298560958514,10.3490665251048,0.2121933669950557,157.38929094882167,-8.93502384183494,40.2198622392945,3.4357012667418783,296.24503655599085,1046.7597731010007,36.48881760508375,14.311429303291808,186,Autumn,Chengdu,27.2215491872758,97.17085812754816,Monday,18,9,2023,Snow,57,2023-09-01
97.06846010158688,102.716317793744,33.38629123539421,43.25401721188962,3.936822772489912,35.26027094675784,27.875988764786307,64.8821391848043,2.40838509588679,129.06880046980132,1000.3122410804992,17.96902561249568,2.295331985150285,53,Summer,Beijing,47.29118808235977,102.21945395513976,Sunday,20,8,2016,Rain,14,2016-08-01
87.54310003181271,158.03341647313573,35.33805706157075,19.04937697210435,3.7272263496803433,90.96630205247013,18.278585999167333,34.594999678491824,7.005736374434695,57.89353815952336,992.9460880339998,48.0551605027726,19.57849019252785,86,Autumn,Beijing,44.76880061600818,129.31493677558993,Thursday,18,3,2016,Cloudy,59,2016-03-01
102.0707055158973,204.6655569298885,74.70088711757519,30.58862229772174,0.4418764475510982,110.2598103808153,27.06297374547204,57.34782473180288,8.32678719373384,161.06538073181278,996.6769118192648,8.74559766185592,1.3241656342167063,222,Spring,Guangzhou,38.42997901385274,97.10192646564076,Sunday,9,5,2018,Cloudy,18,2018-05-01
159.5823053591488,112.14155932094462,69.22734128568196,40.99352280542864,3.2477877389701604,87.03384230513699,22.896496153598065,44.890976868639314,3.2244799219661058,128.14245603348422,1031.3280487342015,20.413903447035157,2.902778496734284,11,Summer,Shanghai,48.26844162569917,126.97996551609268,Thursday,12,8,2022,Rain,14,2022-08-01
118.55845951890096,143.2818006406471,6.025953559753699,12.277391236188745,2.724607297249,150.35058322422026,-7.028041038121021,87.10427126584227,1.4303451151655966,230.62145424462025,1025.10568534265,7.52426074587198,6.834259630172968,96,Summer,Guangzhou,42.50436403616853,117.06286132016334,Thursday,0,2,2021,Haze,35,2021-02-01
21.531627334840422,66.51641639090545,84.63535011262509,40.24535777711649,4.695537988696137,94.82823543736328,-5.0992918353352366,73.78693073779264,6.413699733989101,171.88453661515862,1044.5039742282106,32.41394226062951,8.690489054042283,301,Summer,Shanghai,47.800131373752414,110.78710818896649,Wednesday,14,3,2021,Cloudy,44,2021-03-01
61.25493324885181,249.9751875762932,78.63638928079736,19.10495841281473,3.9736833218945353,61.89406628529626,4.865439118759799,97.9602690778584,5.872502094554488,322.6289914195297,1048.756059615035,23.66973694313157,16.10904977194068,163,Winter,Guangzhou,28.684019380600496,98.7210028557032,Thursday,0,2,2022,Haze,72,2022-02-01
67.28144917574083,72.8043172650896,87.22152511532734,22.63152779414981,0.9133117269780006,11.245818495740794,-8.16889574875728,54.16576902302929,0.5960065193857733,252.93676008078177,987.8638513905738,6.976066601443548,13.288704674929154,49,Summer,Beijing,40.31072922104836,121.54564782048963,Saturday,19,7,2022,Haze,3,2022-07-01
98.9095221603553,92.95672007424466,86.08304095373234,2.1131155988551287,0.1972095782152439,47.25176209290409,11.084251288608291,51.80795832670394,5.683255694987057,81.79951051905854,999.327640150286,0.5176771646904388,13.608650131281546,422,Summer,Beijing,23.08129544592455,92.05204393532368,Sunday,19,8,2018,Rain,91,2018-08-01
231.398963349137,266.2335527059702,15.681796562983626,4.612278587479753,4.847005590462865,164.30734696594024,-8.387283743478255,66.36903446964166,2.0268960014833013,231.01656395854147,1013.3068686043788,17.77117222508436,5.784583953421331,38,Summer,Chengdu,27.349089551067717,118.88504661972227,Monday,6,7,2019,Rain,87,2019-07-01
101.29421550117128,147.58272995561595,98.91575368635166,6.124955882186536,3.0556463641054377,20.53603847428293,-2.6536161875512025,28.24544663764855,7.817151934037247,298.8623547909886,1031.18041138636,45.64796717118518,2.2753203979933376,137,Spring,Guangzhou,24.21571266587764,100.47792653786846,Friday,19,9,2021,Snow,37,2021-09-01
136.7056727299672,280.68187632703945,87.2933387401201,32.666526633449145,3.904157109717025,59.61189868979478,-0.7736462227234977,67.34887228124981,3.506366408298518,13.156820491979497,1025.4557227252058,3.149706264719016,8.647838183423024,52,Autumn,Chengdu,20.27661303734747,90.95781864992584,Friday,1,10,2021,Snow,39,2021-10-01
91.52656996398144,37.77139880225009,9.992590154632389,3.117482081069811,3.5433794386219333,55.20727143828623,33.335192577082815,75.18493110633271,4.934193317252023,128.9909347597767,996.566222573084,35.4237495631298,19.354044057443208,314,Spring,Shenzhen,46.86294398118406,122.64270591416124,Friday,10,6,2024,Cloudy,66,2024-06-01
63.80869722727859,73.86065008986554,88.28878989919586,26.03233313622548,4.916993975553734,171.4313797433685,12.062132805330258,46.59267094610339,2.099955212164557,313.2969730923232,1042.474332465776,2.736407315181105,4.726927515837916,89,Winter,Guangzhou,20.11898169381585,107.83052247297844,Sunday,21,9,2024,Cloudy,19,2024-09-01
25.427536198991927,75.39883814520606,79.01798504502123,27.52004363005885,0.8727810867001199,194.44090502051225,-7.078544883202866,98.69084148520098,9.50437094484484,53.32430953486839,999.4897032720352,14.877272885488486,15.015727687727402,186,Spring,Shenzhen,35.96733185464105,118.271847158002,Friday,4,8,2019,Clear,81,2019-08-01
177.34847223576207,286.404064448801,88.03862500023065,47.72365363556024,1.0918117884769556,67.55305486091996,27.68099051507351,14.53693827225474,8.805466180383272,13.032050452635154,995.7405824883624,29.547009302542254,3.308947086928634,433,Summer,Chengdu,23.238439173229736,128.4941010512998,Saturday,18,3,2015,Cloudy,24,2015-03-01
172.77536129464784,195.60465241600488,74.16835989340463,27.859297890484907,0.8600422858152383,126.34030190782704,-3.8315665318876615,78.80097335911498,5.214448500706376,181.85497546997968,1012.9082421995716,47.44118463832299,0.3509980189735675,47,Spring,Shenzhen,25.41710845446685,105.01695202087492,Tuesday,14,3,2016,Rain,96,2016-03-01
193.58357608625383,290.1354792302249,63.83951554082454,25.56054243846416,1.1918763576775844,42.79521928441803,36.68211835797825,98.8237506586428,4.11621504931618,6.223290064667366,998.6371215404369,34.11376875206135,15.987449084539342,69,Spring,Shanghai,33.87012960003435,103.05215821029324,Friday,1,7,2024,Rain,64,2024-07-01
120.21232278278828,125.09473353426311,7.087728673858022,35.99333855873756,4.646345441812661,145.5851346853555,36.721918129695496,85.61877035671226,2.139691835499863,21.56101973734796,1033.9107664654553,23.20234265048381,8.590559945904234,391,Spring,Chengdu,24.84546580811171,95.58087532857922,Thursday,17,8,2017,Fog,60,2017-08-01
138.36400022707485,82.02892893991125,28.474816657753404,4.699489963444495,2.543179250726361,158.05206421667603,-2.248040771415801,90.3016259855568,9.204257262810255,271.06429803937823,986.9901957063116,44.02845638087187,13.292527546540889,312,Winter,Guangzhou,44.18929179789553,117.81500483657167,Saturday,22,10,2016,Clear,90,2016-10-01
96.81026323731128,135.34999406978727,56.54667145185846,16.86915728731272,2.1155551440532,133.48799174233238,12.602562262474043,12.176019438351226,3.549300269595962,167.7039018269406,1047.4175926999258,19.73630633147717,7.129069045432135,346,Spring,Beijing,45.93947387937544,108.9709323540812,Sunday,21,6,2017,Fog,17,2017-06-01
217.28076703713316,159.44090484059396,26.19147865946111,31.563685090577525,3.708185985803901,188.83642902548084,-9.043348827905088,83.20437796977458,6.49381054631426,161.2700413635306,1010.4524231638686,49.34141431723052,19.425023129498825,320,Summer,Chengdu,25.718874510290306,102.69283281633705,Tuesday,1,12,2016,Haze,79,2016-12-01
149.60556692285007,216.97804155623737,11.33382568807126,12.805790125905444,0.95712961541893,126.38872907502788,14.370450543186776,73.05157787517476,2.4444535384616706,26.534972866703207,988.7834197647268,41.27933059472997,12.766638767003124,432,Summer,Beijing,22.97151098967355,109.06461160486325,Monday,22,3,2018,Fog,64,2018-03-01
104.13552865716932,88.92605663550468,44.269526227910845,19.50474767488025,2.190112778453942,170.4324188195696,12.573226824276963,45.77568288153255,9.945479756545616,169.77040220504946,1032.6787567834654,49.06131274007872,9.772635182576444,291,Autumn,Chengdu,34.1997686213345,128.50434563907058,Thursday,7,8,2018,Clear,16,2018-08-01
194.66746705912345,122.9304257550885,66.91386589625264,42.77481603516347,4.119192997236733,173.28287550834887,-9.754574287491437,39.42184089203211,5.377452519287428,61.00806580664149,1043.2886969583917,19.456322413055883,0.1031733958035162,300,Autumn,Shanghai,20.415673965750837,94.85063883485296,Thursday,16,10,2018,Cloudy,91,2018-10-01
110.68729589683656,152.6091774412547,92.39038742559852,32.859565793231894,1.1228079316585615,136.62067432675644,37.86407945510632,33.943235968944286,0.2854859152625844,177.9425799569891,1027.9493370903126,32.07870818809874,2.254242826424476,162,Autumn,Beijing,26.471720116674582,121.79385474609585,Saturday,7,9,2020,Clear,39,2020-09-01
17.333944566551107,35.97224112866663,89.4444260229404,1.9776594767435585,1.9483215169184072,66.17511403298285,-0.6998174085702384,26.771185806726283,5.488687087351333,69.0185934395786,1023.3435258028062,19.57474557796786,6.895937040394429,242,Autumn,Shanghai,26.45181744314917,117.37137045498756,Monday,17,7,2021,Haze,46,2021-07-01
244.57383499958644,151.08582981058976,39.82155580478021,17.808773548018884,1.4062200986200968,109.01830927497744,15.26324936845518,92.94943386289086,3.2095389995901047,344.8288044504682,1046.7620954737863,17.52071029098196,7.704657477591288,128,Spring,Guangzhou,47.73274572283502,92.06162702942056,Thursday,13,7,2015,Clear,98,2015-07-01
171.71502852772198,86.71363292644101,64.6529714659631,14.028020345531088,4.97861897134218,179.74586854544864,-1.0945293560391551,37.05199037481859,3.173321737293502,125.103707422673,1024.971061430225,23.9918459478605,1.5202220254448109,350,Spring,Guangzhou,30.72767151221597,106.2014896094405,Tuesday,4,3,2017,Snow,82,2017-03-01
123.128821221022,85.58455706569568,67.33305689266787,1.1559963456296374,4.627098415142628,56.66657964660804,9.85540004444542,19.04684570590112,3.4167161737033647,52.47639296591922,1009.6594873918852,16.01493225403157,12.579288063025215,265,Summer,Beijing,26.422396538033805,98.14359476182,Monday,8,3,2017,Rain,61,2017-03-01
62.27447418001492,20.146194150720603,14.944611901517227,30.67179227995965,2.812259246273659,122.18701637874106,-9.2503181611468,18.002244177859595,7.522142654993591,68.7449101126042,1010.0343653928576,35.50313148381317,19.89836142428603,410,Summer,Beijing,27.071983373954588,96.58139159713988,Sunday,2,1,2022,Snow,99,2022-01-01
142.5926678346641,279.9323238418306,66.66552308912217,28.21415518996303,3.1623886497876463,101.16778221907572,-5.050534101628875,20.434415232933617,5.613256362751092,107.72296826345104,1035.9509009668247,7.775201283302241,3.23258017905376,181,Autumn,Guangzhou,44.66428269882198,127.44635085084713,Monday,10,12,2017,Rain,60,2017-12-01
246.2960129302156,96.892633895086,43.5067340553909,30.18353780646089,1.3271538685525197,104.11790837954804,35.16326452975331,70.80481672984769,6.252181554431813,246.5719578133207,1020.115228109479,13.31479029163945,4.708944294927964,315,Spring,Beijing,37.24255144547324,111.60643047795132,Thursday,12,7,2015,Clear,91,2015-07-01
173.2475463746733,70.61561929770374,16.83038303670756,33.32350413418212,4.699661851436345,147.03335660117816,-6.564695318268545,31.969448951988756,8.284557943464792,232.24771665931956,1013.0285176004418,44.65319007114535,18.78193026428672,63,Autumn,Shenzhen,35.54002163351763,112.61305501345248,Thursday,10,1,2015,Fog,47,2015-01-01
151.03654007027464,56.10455143670203,72.55238647949447,23.2328682743458,3.844593302433092,151.9587913755809,5.038016469303923,16.675052301350256,4.662697401259891,223.205385583138,991.227888740404,47.8656756778918,6.509539029701663,346,Autumn,Shanghai,42.03570217052114,104.76054067236034,Thursday,5,5,2017,Cloudy,60,2017-05-01
214.27999435618872,281.87118672913897,73.85497709960853,37.94288039562684,1.6371319630285586,199.12204561256115,4.993262728646622,37.571036717817535,3.2977757934456484,241.22657217328975,1003.4330137218504,43.07818633754509,8.923393156523572,199,Summer,Shanghai,37.45608498633439,122.64714706984412,Wednesday,2,10,2019,Fog,8,2019-10-01
217.60813395404932,179.131744573689,70.18266980898677,12.574992662789018,4.41021366421647,82.10238814752759,27.803687554321044,68.61032933415854,4.027924948670293,309.82329528463214,1047.281818914435,4.698928444556783,9.67502086910543,486,Winter,Beijing,30.72046533782417,100.3533781590722,Sunday,5,7,2020,Haze,66,2020-07-01
122.25439631865416,271.82065070946953,45.04738216384007,32.75126279894384,4.88557800930548,124.07487152143868,4.255936536479435,91.38469972499816,2.7254311409678964,16.115031525267295,988.78096702929,4.655141473005298,4.11143948099715,412,Winter,Guangzhou,31.990723650426837,95.51977688732724,Tuesday,7,9,2023,Snow,40,2023-09-01
128.05203484314504,21.90577839634184,21.6061373930191,42.333054666803946,3.177575301376148,143.99692991634987,-2.6251631501107067,46.45026767196625,7.692251642546543,201.17688574163392,1032.5289614580097,15.315169526945882,1.4911753088868829,212,Spring,Shanghai,30.05180998293505,101.95322050447572,Tuesday,3,6,2023,Clear,5,2023-06-01
84.71091898895813,41.00941676931014,70.49646684997136,10.73170609701669,1.0196381401796888,50.324504408301706,8.85199340978479,82.63149987630327,3.371740170254336,192.29775666753295,1028.0047060740803,45.63845924080009,10.566761828316102,13,Summer,Beijing,31.17073488328968,95.85055685000192,Sunday,18,3,2022,Cloudy,85,2022-03-01
132.50593479867263,207.8577120423578,56.89225080853156,42.94514801391338,2.576019772768726,167.79720944965902,29.621457011211973,36.33429221940232,7.905515922245151,7.898781306549121,980.020252873398,46.461243308889024,16.909551891894697,78,Winter,Chengdu,24.27278204543779,108.79964295288892,Wednesday,11,8,2019,Snow,42,2019-08-01
38.85110354458769,43.25388702838026,86.58670098431512,10.634653251364634,0.3099790643204925,22.600637374096024,30.334485226129416,43.84875034993423,0.3356512690216229,145.9076215279278,983.185168890838,41.954272751822806,13.656678594525935,108,Winter,Beijing,46.61634446453391,109.54565751141337,Saturday,18,9,2024,Haze,59,2024-09-01
29.245243908658168,47.081521114456656,82.17073676640616,23.81916266392895,0.4197062570851835,147.32184722695294,33.193608876671455,89.49867305146957,4.800258960037331,65.8244108255043,1035.9359314059752,47.260071626591575,17.791673485153893,24,Autumn,Shenzhen,33.35287019745271,123.055634314801,Monday,5,4,2015,Rain,37,2015-04-01
129.9267999746836,296.489600005236,12.427455711642269,11.243317487459535,0.3238423358544181,60.90020776353333,-9.018472154318516,49.30326556607221,1.2119465115392836,357.1680090377341,1036.6202953377867,25.464133401537197,6.834084604724544,29,Autumn,Guangzhou,41.6640074444306,112.8711822778394,Saturday,0,10,2017,Snow,50,2017-10-01
150.32246688294097,138.79528959919514,85.64231712630793,28.928757860604403,1.5159562947636225,164.6234512433847,29.25301655522076,58.167062683889085,2.183382927316131,351.7075812716573,1038.3313343719692,2.839358649041662,1.5987559664829216,110,Autumn,Shanghai,33.5100488080407,107.27139431963478,Thursday,21,4,2022,Rain,98,2022-04-01
90.45244969252596,72.38743297364375,24.87366811482333,35.666837527152246,4.451642894245171,187.282932966772,31.75651377176045,68.93177077727287,4.623332292461633,132.9745992432542,988.8016046394984,20.5550742549485,15.9533309869092,303,Winter,Shenzhen,43.355553356482346,94.15911610771512,Saturday,16,1,2024,Snow,49,2024-01-01
239.13815354567527,156.37412517014408,42.17835552276322,1.2131485996301108,2.428620653081725,71.38626344923479,8.177189898521924,10.900751758172763,2.110027052868484,10.287056732226802,984.2126162145356,21.222465817551623,17.738481915326755,312,Summer,Beijing,28.585267627619416,106.19669784825275,Sunday,23,3,2016,Cloudy,88,2016-03-01
180.85686481951876,110.97649357754752,22.79488494991921,43.065567576615976,2.3278640290951027,124.76677778742776,35.69029257335824,17.861145072933716,9.007252504931088,93.48884225373234,999.6904402004332,37.264326241125445,12.629937729948484,386,Spring,Guangzhou,31.840085131482788,91.17111319256544,Monday,6,11,2021,Fog,4,2021-11-01
34.05897321612982,149.9386716358724,96.03276583128957,44.76260604697257,4.148878085486151,18.724895987497792,12.532142852010711,77.38007479581812,4.950395239715375,329.5935211747593,1027.8623564407742,20.86050614701898,6.7117421293503,137,Winter,Shenzhen,35.69312825161549,92.27173328395727,Wednesday,1,1,2020,Snow,98,2020-01-01
152.65379772341234,176.1610480139099,36.48157808834263,49.42206660833434,2.448019032165498,102.04867992667413,35.90004569057987,32.09675934746563,9.09822065749836,246.00977495664213,1025.9906293796655,13.338001844915482,17.929694688081252,214,Autumn,Shenzhen,25.61513081243388,125.44092090202928,Monday,22,6,2024,Clear,73,2024-06-01
172.61063605853764,158.8557734705364,85.58539229145372,44.24394806798419,3.723344697397168,103.03786220090534,-5.831842632595798,27.49459213806351,8.245444763208562,103.49216696763702,1039.329676154144,47.978254024785386,16.512531118558908,148,Winter,Shenzhen,41.20351828887373,96.02272652702771,Saturday,1,7,2019,Cloudy,27,2019-07-01
108.70202025244689,44.0393816542548,54.34719008487447,14.25649574376518,1.5496974862982382,27.38803264141177,10.60636656162526,48.44202385247015,7.1220121540360735,158.33163898661402,1032.5228112839302,37.60261368899776,5.328558107592063,141,Autumn,Shenzhen,22.0812812993784,110.91659787862967,Tuesday,6,1,2019,Snow,9,2019-01-01
70.47620564178057,226.29428775501407,71.95342383248565,2.785929682146117,4.502902748219396,26.574268807845883,14.575183233837253,41.33074386954948,0.266730720287468,114.25732596951478,1043.3947618320387,45.86588272474826,13.85466609429026,363,Spring,Shanghai,37.63098236998914,108.9422954386012,Tuesday,16,5,2022,Cloudy,7,2022-05-01
76.09116173312022,129.99578119179284,32.44079291191845,25.340557715124145,2.83264840030083,33.07570914709983,36.24229046407521,98.14117265444384,3.139089674827802,6.123267868655162,986.8200420329264,23.0805024262824,15.690675748876638,278,Winter,Chengdu,39.01530489904306,128.01069494154504,Wednesday,4,9,2021,Rain,29,2021-09-01
84.06220096226579,91.94533164917424,84.07523663439085,27.56824678938936,1.4520264676621537,59.21042089396577,13.349090239387404,70.01855745139397,6.948540884812376,138.11689694978776,1012.4441859679714,7.211290995698566,19.23056454480114,75,Spring,Beijing,27.76979657643882,96.85757103209568,Tuesday,7,6,2023,Rain,25,2023-06-01
93.81087083745736,154.95144528316675,22.22637155443319,49.05966469621024,2.547115224904981,18.03693900207736,29.944076688159456,61.13835501587037,7.584114806369556,78.05489557646115,1000.1936991195938,46.72334562811557,1.4398701141771424,195,Spring,Chengdu,42.10352268553174,126.99645689420882,Thursday,13,10,2021,Cloudy,16,2021-10-01
72.88780181995352,97.56352702709366,10.055969027141275,24.037191744239724,4.583438473670334,28.718535131787288,1.7801547996411689,13.062279281701642,4.753143255633936,271.329194593466,1047.3839757183246,44.51708165509007,18.665975803592747,352,Winter,Shenzhen,45.29884999076521,124.16905533868734,Sunday,7,11,2023,Rain,91,2023-11-01
186.3808335822161,60.80161637059359,14.999095372409368,12.651418620415605,2.747499960657138,43.50571675241335,26.97481524576647,12.183487351304937,2.790387871998093,204.6329888630284,1038.2256678193169,43.48600617821183,2.3045436234649,259,Autumn,Chengdu,34.61975925736831,101.88900146660802,Friday,19,8,2018,Cloudy,6,2018-08-01
60.72669849834583,177.6106174839765,33.870746153343816,8.580985214048303,2.924058424256645,99.45425079315348,11.846822829806538,11.170649488550392,1.3018790614596465,348.4054256179714,987.4069858303594,41.27368982371225,6.893980287930132,181,Spring,Chengdu,44.69399892827282,104.28464835146198,Friday,1,6,2023,Snow,94,2023-06-01
129.80298704388397,187.04361257131376,19.29971040946843,28.05201674619977,4.299112801972251,54.399979779480624,32.26295250292365,48.416807657732285,7.986293771228803,232.235676386494,1047.1072364942647,42.260304816185766,8.337656681966754,354,Winter,Shenzhen,32.90571143275925,103.76708219986917,Friday,21,5,2015,Cloudy,55,2015-05-01
83.30678620983659,102.7600142249364,7.03023438509269,39.1039592314392,1.522932808491816,41.48871576019418,3.7413281290867832,73.53437377066626,4.106118818510397,201.9088713828771,996.4943408246191,0.0305405196985686,5.263782343267544,176,Winter,Beijing,44.76968605975811,98.66262906130392,Thursday,18,7,2016,Snow,62,2016-07-01
197.51405017852716,249.29335195709228,29.223131485430265,26.40839486348642,3.6905587744607473,171.27883233270882,9.533526903122954,87.40234823936066,0.8348188948550705,56.3883881324136,981.3892574138004,43.09343824639023,6.614374815546504,214,Summer,Beijing,22.13764471671791,110.96257769346732,Saturday,4,10,2018,Haze,41,2018-10-01
205.70553682831425,24.804909226393654,79.1959313922595,10.788162974151252,4.791530734960813,153.57905622716302,15.157691893413464,12.125588775316464,6.98529407057865,0.1496657590227279,1009.447831206386,35.0524531594757,8.65521389973637,371,Autumn,Beijing,35.79403923710026,115.34561033357664,Tuesday,12,3,2023,Rain,33,2023-03-01
220.92691019453508,51.743386331919424,29.29078249069826,30.08473834360301,0.6195098548392743,133.6873417598568,7.934371792774016,31.42367545708994,5.091882704844713,81.02228123131977,1022.7603762875176,42.45384160667479,9.669767731781963,66,Autumn,Guangzhou,41.55007318295328,129.36749166435823,Sunday,14,11,2015,Haze,51,2015-11-01
210.9140828039221,63.09160299478916,74.81865688426636,31.099989685474917,3.3150298586975797,21.10907321366568,12.062171486393677,43.17975465328836,4.310026427956524,60.2685518168231,1033.8115488791072,37.75910976732695,15.169390987329434,349,Summer,Shenzhen,41.01464144782549,109.00462954571728,Monday,15,9,2024,Clear,24,2024-09-01
83.69718279524776,53.35709083266581,75.10764240667724,26.73362729825133,3.1660827555312143,194.07458847721412,32.77305610748881,30.512349480960207,3.353212053642962,308.1529746313379,1019.6734009072304,0.0411910737507015,12.00248691266532,492,Autumn,Shenzhen,22.960361947976484,93.31814166509946,Wednesday,11,12,2024,Haze,29,2024-12-01
54.75183604705236,184.0914970929792,16.097409758297374,39.54996143863603,1.7465538579536473,164.55575766577184,39.81472293245632,95.66645721199176,1.0285119342198534,282.4299528767392,989.0053313776108,22.785321712022466,8.309066082832445,194,Spring,Shanghai,22.71804476866306,121.72549689838569,Sunday,7,11,2022,Clear,82,2022-11-01
110.22976256043114,205.4901205265201,15.934274064478922,44.07138235434452,1.0191996204811962,50.81020414500525,6.370897597411048,71.3241873851267,9.076868204518702,53.41216716439092,988.5420509304922,35.6093156980814,2.2573560421919416,58,Summer,Guangzhou,30.89738314847292,95.69417415262944,Saturday,4,8,2018,Snow,67,2018-08-01
215.1901254710003,286.90034711519723,9.059135607104611,32.7291257267303,2.5701538480890376,192.70480362521428,15.133139545258445,72.86053244314692,8.96805238160121,352.2651323003544,1022.1866709094248,41.19163075218892,19.926642140056835,405,Autumn,Shanghai,28.156709696422563,95.7334711594542,Saturday,16,5,2023,Clear,15,2023-05-01
125.38516343443978,165.59458207885058,43.61982887436434,33.56896485666602,2.9678211567594905,178.03194681854993,37.238942893872064,75.69486609149293,0.8841117600218584,144.83743228536056,1031.4026808494173,18.240198799830655,12.934188903248591,239,Autumn,Beijing,43.0900249894224,97.75989523048592,Monday,7,6,2021,Fog,41,2021-06-01
80.39971658949523,153.3730684599679,41.76350732125895,40.98064641242668,1.1222510364011868,129.89904706270872,30.616837830498994,96.5210438784456,1.4788857364312658,107.22511873373634,983.273903165058,42.06610547371382,13.037181381710532,453,Winter,Shenzhen,32.97851533871376,93.09887020419936,Sunday,10,8,2021,Haze,34,2021-08-01
16.454366199846284,144.31514143711382,73.1502254561999,8.773615069270763,4.955304692195737,158.68750653577212,12.327782560945934,28.063752942166644,6.079342706841428,39.17198481225277,1011.470430113239,25.966979483239967,6.230148733896836,294,Winter,Chengdu,44.321517624412245,105.18644867157148,Monday,8,2,2016,Clear,67,2016-02-01
31.547776249277756,124.3670117347428,87.48727711818164,8.058844066112758,1.7716776941368946,198.30782712177376,23.854816501820025,60.52200980246237,0.1153235870905033,302.56100985457255,1007.798986314816,0.9684379634319952,1.6052117052646917,90,Spring,Chengdu,36.21514082976955,90.52144364723564,Thursday,12,3,2020,Haze,53,2020-03-01
161.95114671135823,74.92425017169504,23.12094840570012,34.429682511539305,0.1441595016797355,30.38377314684896,-2.964056816630375,72.95140739358163,2.751876512384052,261.22314364683336,1039.2741807015757,18.566710641573795,2.4564675740769766,493,Spring,Beijing,39.64265429765584,114.26868988083824,Saturday,19,11,2020,Clear,44,2020-11-01
103.87391652307052,186.2453774808365,33.353538878846194,45.7343300455682,2.4432992735108225,152.4079972238988,30.091218844426976,49.30258629831478,8.364726590321652,173.29372370220943,1039.7240846514649,19.066616026742665,1.0919026937674527,416,Summer,Shanghai,36.39557153648912,104.139066824782,Tuesday,15,7,2024,Clear,92,2024-07-01
208.48217726997635,197.01078754480127,84.2978292698693,32.52417846681284,1.1582519576929802,11.149365899925671,38.62441208263786,12.833490989098522,0.7503557909338265,178.91666945919434,991.0619717885996,10.960165947262002,14.04010895869313,483,Summer,Shanghai,20.05657672855885,127.48145687076608,Wednesday,6,2,2024,Fog,34,2024-02-01
32.595806532963834,61.483138946654776,8.950739566746119,25.34785394117773,1.805658869242462,194.7571886240432,32.43385122572182,73.6151513702339,0.7096954103235575,275.33783878142646,1007.9689959669053,20.91985490580835,7.81787043735168,248,Summer,Guangzhou,27.90517096224262,111.419421372587,Sunday,15,1,2020,Cloudy,66,2020-01-01
154.45530574643254,82.95967732485663,48.87727763775315,17.69487924543482,1.3189647897186407,58.13116861372053,-6.375336402660378,36.362096153871406,4.1134901508239965,107.14525686233613,1036.5901733233031,37.92320356905667,0.1743231819054657,463,Summer,Chengdu,36.58384552304196,99.03475436457822,Sunday,8,1,2018,Haze,39,2018-01-01
236.9134318901396,266.0163154294688,56.788809681667296,40.758019667798585,3.208903110921305,68.26066610828047,-7.136299451300606,64.3534476913172,7.951028682819525,40.00985908309638,1028.0252341655369,18.30847151393699,12.12418439132261,322,Autumn,Beijing,32.79280237419253,129.26242365422456,Monday,10,7,2015,Clear,2,2015-07-01
237.1246628423044,117.03624285626432,50.687843351600776,28.1318278239686,3.72126853204693,17.582573773328825,-3.873795265968385,46.1405558077384,4.415273074234358,210.15725184384223,997.0049874245836,27.88430851800577,0.2259918760809791,337,Autumn,Guangzhou,24.71868915130139,126.08315675155924,Friday,4,5,2020,Snow,1,2020-05-01
75.14963433774165,105.43015639795377,78.74872291907715,33.317918662088694,4.877667971467562,162.60010579858462,9.90417808534492,51.92496662605252,8.06853030968049,248.0350842459152,1046.354360856423,42.21641643282651,11.2419405523092,306,Winter,Shanghai,41.19803349817544,128.20438449527097,Tuesday,21,11,2019,Haze,94,2019-11-01
102.12085543444876,243.0455385611112,83.45668880144316,36.47542678567128,3.504554649638099,82.65246259243413,34.08647836236001,93.68976625356687,3.1335259554269013,274.63669922735164,1027.7416408053014,5.509841554757577,17.436720028843503,419,Winter,Shanghai,34.21026814261435,99.37089352859309,Thursday,17,11,2015,Rain,26,2015-11-01
226.5141522630224,298.9809100097625,77.07681875906033,25.54522132793907,0.2277620531331119,47.66920089412316,23.60294827989804,94.60058037485445,3.45131398183647,220.92539791847545,1008.8414853056238,2.973939263144537,8.319709989855049,449,Winter,Beijing,32.3381963812468,98.41661082911148,Thursday,11,3,2020,Snow,9,2020-03-01
64.82108535267122,232.55414319590352,78.21704551795952,47.43397709327,3.309621072623228,182.2717743830896,-9.581442668632192,98.69539407594216,7.819888101025328,185.2409005808484,981.8967685447498,0.2969395640215977,13.34926765313196,113,Summer,Chengdu,36.78301562719426,92.23761219637365,Saturday,1,11,2016,Clear,56,2016-11-01
239.05128780991367,33.51601747532287,33.69110271525261,47.557229777444526,3.8773535501691376,139.2487591438775,33.85653932346299,19.658232175969232,7.205048134014167,103.84102923725008,1029.721318371259,42.018979683429535,1.0070813051103562,119,Winter,Beijing,20.28199655489182,90.03825183556175,Monday,3,10,2016,Rain,75,2016-10-01
188.05478467760344,155.20774823108965,66.03210773227312,44.05508892972904,3.996764922406209,168.9464807223016,-8.054861268361348,12.91477093674386,8.131342082612651,114.11613224784784,1032.4328342247918,32.32380963650932,1.372294706638083,297,Winter,Beijing,36.39188359496724,108.6598064607538,Tuesday,14,3,2019,Cloudy,39,2019-03-01
54.68084171061388,118.74247156214489,64.38014783873008,37.133641426594,4.038030221772573,96.38234666211709,26.42496912782658,51.55213565379682,5.615499036065945,32.926963528636314,1045.0903050743775,28.13041127063136,14.325632189960922,250,Winter,Shenzhen,43.45217478746821,114.55495360771604,Monday,20,12,2024,Clear,69,2024-12-01
100.7818438063432,249.06641498040648,54.608447269401225,42.30867484740598,3.4272477807183743,124.62606728644806,3.005259286960824,63.27143526504639,7.838723395171928,227.74890815330423,982.535471184919,19.88325770939744,1.4124339102790222,131,Spring,Shanghai,49.1231557875082,107.7113576115662,Sunday,0,11,2020,Snow,16,2020-11-01
63.79733912749462,256.05872980065067,38.501183618847726,48.978851169978086,0.8482324111059112,63.84170660781889,29.023893365387543,25.33766763250115,5.277870669083616,96.1621222160386,1034.9959277246878,16.78361123755475,2.2807406243804818,89,Spring,Shanghai,23.502818780847303,103.39244326459644,Wednesday,20,6,2015,Snow,97,2015-06-01
219.51427359499445,220.60726323777877,84.20407726560502,10.606595436053883,1.5076468287572764,21.810550562411542,13.089011313163066,93.46744087058988,0.6379968507926981,201.1596544853778,994.0778429154929,14.646046435760097,7.601082130261814,426,Winter,Chengdu,47.84709844581751,117.01224011631074,Thursday,23,11,2019,Clear,3,2019-11-01
125.01536368051993,257.3990370604495,85.43223520611046,26.44107728171276,2.8173388062380966,151.40531070150826,-6.001478047992567,96.67538954113876,2.218474865915577,313.1776201794766,1017.1251410492814,10.362485628570685,19.82364595911661,210,Autumn,Chengdu,22.972034830365374,105.6749410352062,Sunday,17,12,2017,Haze,28,2017-12-01
134.56397123387356,53.54923600097615,54.64527171881546,7.089216802779675,2.1011948988564684,151.82534504296933,33.44316457215028,22.05595497203929,1.5698251600748392,92.43129834345008,1000.1634459864456,30.90074541404555,1.5052280113929015,9,Autumn,Beijing,29.300487149569747,126.39282094751928,Wednesday,11,4,2022,Fog,93,2022-04-01
58.33744372348568,107.64288373173429,22.933442806204823,19.318748223598988,4.241056437869599,89.46484966802994,22.09936374950809,92.82270804729436,7.249673016161546,190.78619703703265,1034.9614766493023,36.566674992108936,3.800617127614829,281,Summer,Shanghai,27.451457100221443,96.6148064617511,Tuesday,17,9,2021,Clear,95,2021-09-01
111.95933567670365,141.76078999780395,9.068773438545684,45.568999079688815,1.1620400023386872,22.96010982776188,-5.597385876786101,94.43481989894887,7.067912928357712,219.81851384596143,1010.9945238520688,19.803790994305498,19.03028191945654,490,Autumn,Shenzhen,32.338560334998704,90.46079038177083,Saturday,16,10,2024,Snow,77,2024-10-01
129.0997367163566,260.68890013933424,40.68577639628659,44.86223847186977,4.407950102574947,146.42517869321944,-2.912478929365933,79.53693124464317,9.21203104813232,305.71260391637986,1014.6325211803388,37.74804869692053,17.789658318562598,275,Spring,Shanghai,44.53777377973822,90.1240633901982,Wednesday,20,10,2024,Rain,11,2024-10-01
180.1604212195025,27.321365424611525,63.15403312161085,34.219361280116146,3.7870673669444312,115.83822135455138,32.02670836745059,94.18965426775996,9.107957324749078,309.38301193096515,1012.4483861555024,22.845170251886977,18.885386133397112,325,Winter,Chengdu,48.39679290110941,127.55635246896554,Tuesday,15,3,2018,Haze,61,2018-03-01
13.111018795519778,82.06446252491273,88.40799135711049,27.0073478265846,1.8986667493219944,158.10898261832912,-7.484208408401401,41.512989734691445,6.986859880508387,321.36200338950346,1012.4932793812632,32.33376496190865,0.6977872306519702,220,Summer,Beijing,40.7367508501952,107.04032546518884,Thursday,18,2,2017,Clear,38,2017-02-01
87.87268196324452,36.94134139414413,6.735771929902599,11.49428654865084,1.564715358245139,198.6564873784806,-9.021623727315545,11.684069423240697,5.635361051294238,27.892599019714226,990.1198535334906,13.826194350275555,11.050118497931182,460,Winter,Shanghai,22.944009110620247,105.82121945884214,Thursday,19,9,2015,Fog,48,2015-09-01
211.09172999193495,63.55690599599588,93.87704555031335,42.60996536651883,1.0619765904871723,192.0866095155521,18.61008888932879,46.966853821228426,6.628442057388836,168.65695656690323,983.5766113905116,22.564534423989684,7.915795712656618,453,Autumn,Chengdu,49.19885740186609,123.8933472623891,Friday,11,10,2022,Haze,78,2022-10-01
141.47486089462353,180.77665175982855,89.02739234760286,9.367910918191912,1.9923081578894084,137.9499057912398,-3.3922895195165967,60.60247482286405,1.866023907026827,212.05691950174605,1027.0087011937762,23.21978792982055,12.1645730138533,488,Spring,Shenzhen,44.99660150282827,101.33388116993127,Friday,5,11,2018,Rain,28,2018-11-01
82.78428113087499,201.26595015695463,41.57318025791741,36.24510720083047,0.3066876566702883,127.9250904271216,33.130876571587216,30.027089268766105,4.679225400256033,267.2756468954507,1024.2405881144518,49.779819429497614,19.197451193045566,404,Spring,Chengdu,36.4219978458178,95.71135939313017,Tuesday,1,12,2018,Fog,81,2018-12-01
98.64306325576705,195.66032889356376,49.14078122336445,31.303279989422915,0.1622097119956212,67.51053103234744,17.82052044297936,76.05200467738477,5.2849693468717165,317.43052496509495,997.7236430566646,26.688817962559654,11.079090190882466,186,Autumn,Shanghai,24.68699001217289,99.37675236644864,Tuesday,13,8,2022,Snow,41,2022-08-01
70.79798229089745,165.96022504191103,7.884799296911673,5.416088476871657,1.843686066787627,66.7202866876913,22.26336307654531,21.935630348938176,4.894792563297335,196.4509841037626,984.123545111206,24.098117087474648,0.7982299338012309,289,Summer,Shanghai,27.84045681288148,102.71742989337773,Sunday,20,12,2022,Fog,35,2022-12-01
184.8006306410083,32.45808678663869,53.73545762658021,13.568470476445912,4.702822462666576,24.69304639426746,28.276680825740694,76.09640852837727,5.671197965789188,198.1524122751515,1036.4111944329495,3.6881099519476095,2.541332358632511,78,Autumn,Guangzhou,24.5311492461618,111.05310817728088,Monday,6,10,2015,Rain,4,2015-10-01
92.38671884635065,282.0191538274344,62.03144686013078,48.98925779353837,4.559120074647596,111.08538193424886,-6.298876740586392,91.8180975814282,1.6271042725161755,334.3546005372212,1021.7938959002498,33.11275855765974,1.2756841792794096,421,Summer,Beijing,37.34991422348054,115.78967762691242,Saturday,19,7,2021,Rain,50,2021-07-01
130.40312737046185,68.65012712248814,36.04721055690332,26.87247383803673,4.993033744335897,33.30490255486414,10.464189517578353,52.50209659915605,5.478230575562152,152.01464506993798,1013.555068253198,32.69892315576165,17.402856897479726,59,Spring,Shanghai,27.77176752586297,114.3952284686167,Monday,17,11,2023,Clear,40,2023-11-01
57.86848483751835,212.89660864459387,94.11321186663564,15.593235306981448,2.347205290880701,80.3609480687267,28.210887846318293,24.52371560435877,0.1064478898322318,141.3029243617874,993.5944656426936,14.06604354154674,11.810198333348922,164,Spring,Shenzhen,42.28059350138502,92.55566843019388,Thursday,9,2,2020,Rain,5,2020-02-01
105.2168744248289,146.0882485113167,7.649716600614134,17.56282791474732,0.3163179226596808,20.62874908401231,23.082682701773443,71.57004373302685,0.2604101007311876,156.24762150489678,1041.1864107809693,17.477001369864098,16.747192072296617,220,Autumn,Chengdu,35.940862068501474,97.61943672588276,Sunday,1,5,2017,Rain,63,2017-05-01
185.7213486219045,104.9952686124978,25.218707141841204,10.34281463526016,1.17495236989676,99.19032096037849,-5.201991634504934,92.0197570323661,1.7852589294899155,118.4735663721142,989.394912252008,38.70172089895094,4.644432206155772,419,Summer,Beijing,27.267314880129614,97.86747078911762,Tuesday,3,5,2020,Fog,83,2020-05-01
209.0616994145543,178.93409793031597,6.563947385821967,48.40135510144021,0.7464594768957861,121.47493623570132,31.96831096202162,57.89543915992025,9.501397371102108,175.99828125713248,992.5958698340417,36.42518686851732,12.860141011922892,325,Summer,Shenzhen,21.154104721316507,117.85765167957028,Friday,7,7,2020,Haze,88,2020-07-01
56.07421386954378,114.52752994311513,70.83043504831977,21.30264426710941,0.6107571586102492,22.518737774446933,4.886639249989264,56.22710828332078,6.794001003723795,325.20223637062185,1004.5803624428976,5.546965561694361,18.717660363821263,291,Autumn,Shanghai,29.01202678646179,124.9726593607359,Friday,1,10,2017,Rain,31,2017-10-01
43.854045050721965,278.1967485761006,21.273477433124707,41.887742232225925,1.9021205853660264,112.47449471649708,31.57732052585852,12.310751118250334,7.837861438658428,40.51474498093053,1017.1650280470668,28.304426313424337,1.20134306682216,249,Summer,Guangzhou,30.525067999272096,122.15151492414222,Thursday,9,10,2017,Haze,21,2017-10-01
161.82542876676297,216.48147169349144,48.06013888306423,11.049403892197454,1.7249433476387677,24.26192335213998,-5.234187031225676,81.77189990650153,3.8667246358100416,263.8182219778936,1016.2327786751566,40.52926378144742,13.382528479310247,400,Spring,Chengdu,33.33625269139327,102.01544382418508,Saturday,0,8,2022,Rain,9,2022-08-01
220.1880227086292,50.11502909056903,28.209088408163307,10.383042747271723,4.782037250449704,83.23982118498094,-6.038924368361473,33.20727900691067,0.6968528519064554,271.39440521471374,1031.786934950566,4.002496459408639,0.5110108159634711,372,Summer,Chengdu,39.11867442274162,114.43392722206642,Monday,19,8,2024,Fog,24,2024-08-01
186.2252608128516,271.85660190794454,92.68890828501284,37.917272066487,0.4975733158901586,87.94220304080089,2.831356068159504,89.6821209396699,0.0399665169898155,150.8709606854184,1031.1431004624908,1.583204537666838,8.803407726566281,9,Spring,Guangzhou,23.822712266698986,97.53790486612716,Tuesday,21,1,2017,Snow,4,2017-01-01
223.82836019032624,217.7752712986875,8.003513261197643,6.44795608174483,0.3761728014576727,139.4595839849922,15.60792288149354,42.54006262675543,4.57765228344618,207.91648230666587,988.5920978602542,5.228634527088505,5.863879648625392,402,Autumn,Beijing,39.87179261474706,109.86062198252633,Tuesday,21,12,2023,Rain,6,2023-12-01
152.32733740518378,47.4632457680317,66.61637427756273,11.241806033266217,2.2995604874455564,140.83864960527325,26.825226063805403,68.75294248125405,3.7714899577808456,179.11575888163725,1048.7817486333888,16.331858162604878,17.69724329860887,3,Winter,Guangzhou,22.252342358021213,125.1142276580819,Saturday,21,11,2023,Snow,31,2023-11-01
154.48073772315811,100.06952733411237,30.64041630291791,14.03588271531174,2.4818599925106897,92.49443713911393,-1.2889487801186554,47.76249616190377,3.603381152383297,153.43384225717534,997.2980999701762,9.797159602705442,13.885047600521652,219,Spring,Beijing,49.04993568319066,105.65564205759728,Tuesday,0,7,2021,Fog,32,2021-07-01
113.70267311321828,41.8775741944457,89.58031835892761,39.61920856988414,4.410033422533226,154.47033748320308,-2.47573325129601,10.25135835570101,2.3636129529495165,346.38459100707854,998.2271591284664,43.93762540527137,3.467823387732992,468,Spring,Shanghai,25.893850998678,113.26606724188694,Sunday,9,8,2017,Fog,30,2017-08-01
100.17411802607396,185.12061231376865,54.69121978113463,2.834568162870007,1.6062800506642447,46.24984114485005,-8.516231606808159,16.488236187414184,4.189642438353984,269.6685029220762,991.8487026264856,14.088187621825892,9.361734397799056,301,Winter,Shanghai,23.19329485612246,126.593144326102,Sunday,21,3,2024,Cloudy,80,2024-03-01
170.6767276771304,244.29972814643176,50.92117510683664,24.402924741635,1.1300764166417947,11.811292221492554,-1.541898282999428,78.54877323552911,2.937082898113049,49.14818672769486,1024.6535345338568,3.898647442680331,9.011334114187632,89,Spring,Shenzhen,37.24402106763999,127.88490732980188,Sunday,22,11,2018,Fog,48,2018-11-01
217.16612917186427,119.1607051054055,13.240453975593464,47.68016765714172,0.8516604249271266,16.496278971644877,29.22076334464638,14.07405134422898,9.658683834390448,136.66232168156245,1024.0879958221087,19.83892086371285,14.167278762046674,41,Winter,Chengdu,37.78104014090484,113.58789546230852,Wednesday,5,9,2017,Rain,28,2017-09-01
183.52448385416068,84.81734553818598,82.41395978189095,29.95873993846552,3.0010636883929216,188.77554846030648,24.684828518813298,57.70807940215071,4.97486970666381,323.93776312370125,1035.7011567684867,35.576228544069565,8.129924206190308,16,Autumn,Chengdu,22.05962911262477,108.1220194008596,Thursday,2,7,2017,Fog,38,2017-07-01
111.95265810673308,144.6975761744327,61.63560884192609,20.24170052745323,0.1774328121797086,199.27120362943464,2.831702897363389,89.0328858684668,8.469605016061172,321.94340060617407,1002.535608403458,19.41803148432389,14.605521575751728,494,Autumn,Shanghai,37.35977397307016,101.57639266225604,Thursday,4,4,2016,Snow,41,2016-04-01
163.26759804172357,172.23333908996824,8.315677288284643,22.211203583574648,4.858896824154448,40.89987902487494,36.997712153553,53.72081157064262,1.2655727702211272,230.97052123586275,988.6854963799716,39.05101697797823,1.2540657993696924,257,Summer,Guangzhou,46.2174806843742,114.76335375792736,Wednesday,8,1,2024,Snow,22,2024-01-01
32.79156710136761,191.17131557307547,52.90244162201032,12.94090362848726,4.421196326041149,44.30161799488816,8.604939879220144,41.23707158039228,3.901788452829397,228.16286518480305,983.302024170197,2.150076884031482,15.875398592901597,140,Summer,Shanghai,39.72398285384948,102.90056623012887,Wednesday,8,5,2016,Snow,32,2016-05-01
126.04654941864612,52.92284676269598,22.84163699257017,12.684565989288073,1.1924980717740783,116.00317325120358,24.36033551164399,11.838928204155238,8.536626598495419,291.80006499313635,1015.6307417421092,4.085927780848242,19.177052680778875,210,Summer,Guangzhou,32.945539328158944,129.69456932823314,Saturday,2,10,2024,Rain,47,2024-10-01
73.59960237800401,68.02092064303449,67.64714555968439,32.67599489635245,0.5349184802268566,143.27108389694683,9.609849163078064,60.66933609223391,3.501389621580493,166.65288045077878,1021.738624322344,31.09486165499997,9.839765734165448,446,Winter,Guangzhou,44.37189291999249,122.1124067112692,Sunday,6,11,2019,Haze,68,2019-11-01
143.39249469109868,176.67406067668537,38.87571876113112,7.508352680507278,2.097914498881771,173.1173755668848,11.315746613107116,21.232343658521746,4.955267083983591,112.49148809277732,1028.921764478299,34.746463899418806,18.341367529361783,347,Summer,Beijing,41.488307643686426,113.54565377559886,Saturday,7,10,2018,Cloudy,49,2018-10-01
216.98169979349672,180.67451173489667,47.04285198511282,8.474322601616699,3.383160216189617,37.42640420766381,15.548961166356694,45.900802854268974,0.2567380698763732,260.7503479576124,1034.575357049744,46.34864686714027,19.858387305025825,340,Winter,Beijing,22.62717809970373,102.3661525714438,Wednesday,17,11,2018,Fog,26,2018-11-01
242.15931513588671,126.73210431473326,65.70255098330304,35.73324528405942,4.843357811364566,164.21113693816338,-2.4658790394276338,23.9125789571086,0.612719630715769,14.290508555938652,1012.3323327328642,14.268051649922205,7.067956472330319,69,Spring,Beijing,21.19858175655447,117.13585272476313,Monday,15,3,2017,Cloudy,82,2017-03-01
192.85019155838268,205.58524731324115,51.10442903829305,31.92509638115456,4.871954657611916,166.8899889885424,-0.799902904778234,52.40118102347131,9.640095386474227,161.71299359621335,986.5588099432536,24.438508412278782,7.73824948400001,465,Autumn,Shanghai,34.53586932410113,129.1147149279146,Monday,4,1,2017,Cloudy,1,2017-01-01
38.26966226334769,178.57227968660027,26.473844778525898,39.28202928522123,1.5037368006988223,173.65092996684749,36.690895105950936,37.515153010294,1.5768621575389363,163.50103891551473,1031.0581317857743,34.715682468664625,18.494651297174983,189,Autumn,Shenzhen,32.892457248606064,126.08544891496142,Thursday,21,11,2019,Snow,83,2019-11-01
51.94993556133408,158.35184487202514,47.43971347479532,34.05902170326949,2.680666090848081,189.7117903224917,25.571726238200892,48.245025981223534,9.016769700442264,22.772110869075984,1039.78854814977,3.5388100947012227,11.428978645024674,300,Autumn,Guangzhou,23.9263603567526,101.08122704133976,Thursday,18,3,2019,Fog,50,2019-03-01
100.9647474487652,158.42831392061345,25.27218608206908,24.827486005095786,1.717072384204113,196.8248582282772,38.85131836378112,65.91791709669803,9.649787018746546,176.02390669326678,980.8549401108278,8.136566446490956,14.403239114205642,487,Spring,Shanghai,46.41960460937851,121.92296744306888,Friday,14,9,2021,Snow,40,2021-09-01
97.10778909155547,230.87016047575307,67.27254875899463,27.04532078299837,1.569557694679018,103.5093967704822,36.776781963287775,82.98682873962063,6.112555845472455,254.7102978684765,1041.2539149497086,6.382305530671034,4.53201210359002,363,Winter,Beijing,26.82949674390257,106.91810499713924,Thursday,3,11,2017,Snow,65,2017-11-01
128.0878297116172,230.6726211930276,85.46442200542032,10.555165856767248,3.141202378165325,92.5435995546418,-3.5116513648318994,23.37112824960554,3.1024548243792927,51.525772962927405,1014.0079714410656,43.1338371024207,3.9229371274365294,189,Summer,Beijing,37.09624349350234,90.98641419561535,Thursday,2,3,2018,Rain,43,2018-03-01
212.1416678506305,187.26964513309665,29.886180936463184,29.780282469949487,2.7388860309441307,146.7992855600251,11.528797240458983,67.21936957614719,4.929724503727838,150.0135844706599,1010.7764103512092,49.38011403689197,14.980539631528282,387,Spring,Shanghai,48.36563375664406,127.01752014638348,Saturday,6,5,2020,Rain,46,2020-05-01
28.75844947417721,170.3466540592749,71.63737256241858,10.063575170941528,4.601692355314139,13.974866160415626,34.739031145608706,63.868598473853496,0.6453285793162467,9.030490731234892,983.7636068529624,19.72450261573297,16.654066684002213,310,Autumn,Shanghai,41.34803433268149,120.58802393729066,Monday,11,7,2022,Snow,13,2022-07-01
206.0030979974821,186.8629124374459,33.74701999132512,33.25114602336024,3.9511562956124826,48.62214978147772,15.0998332731538,27.47624426079488,4.230401582292192,285.38126373362843,1040.906210727703,46.52953994835604,15.499366176522392,138,Spring,Beijing,47.35010633373993,128.6777925860706,Tuesday,11,2,2022,Fog,45,2022-02-01
214.2230027206331,197.9019732850164,54.3591504065005,41.20804142274935,0.3835828308093814,124.9167079543244,4.597914571607984,67.45060419672335,3.866083360070455,298.09390113663324,996.4646845130392,31.85286254449288,17.614904895534423,407,Spring,Beijing,39.04662065050703,113.56058246088028,Monday,22,7,2017,Cloudy,53,2017-07-01
71.09514643246547,289.8970179681274,8.610245761039002,21.277410633812725,2.9016253345199177,112.8652871876307,21.34479432495737,31.84579670218462,0.8731685063496253,157.86345189109932,989.1097536178964,42.30973505768154,1.735644224600445,412,Autumn,Guangzhou,21.48769001536443,116.71592852422548,Friday,18,1,2023,Snow,4,2023-01-01
53.59224123685355,30.525328860169815,45.58993363881143,37.98415911234136,1.2650566720104195,73.97142292465911,6.812653867164308,86.49266339392993,2.861929020384344,222.15091777342576,1025.3832452296983,12.752548927950311,5.101859568914272,87,Winter,Shenzhen,39.35001314868829,94.24057416676018,Thursday,4,11,2016,Cloudy,70,2016-11-01
249.6967880207789,171.42762589736392,45.50078008405716,37.19796570670868,1.2922273198500578,198.542801630264,20.6096799934214,76.79520338403235,5.248365239959782,18.612907302146,980.0889209557716,8.769193867501457,7.515084848277292,239,Autumn,Shenzhen,29.196993895983297,129.30982750467857,Tuesday,19,10,2016,Haze,19,2016-10-01
171.52933677773603,170.15425788138657,74.65436531067603,33.12501538762106,4.501026863151323,64.69088103982588,9.894263991582754,71.92760163128935,2.765996245636446,80.86087845277328,1031.589378385542,31.60631770305729,7.721299429699932,163,Summer,Beijing,47.11170701061887,114.7351118074421,Thursday,1,2,2019,Rain,26,2019-02-01
69.2147066498104,70.3243786499525,14.104152925292167,22.53141719587257,0.872901451570686,80.75101709252758,38.30859347132197,53.13640001656564,5.38025851044937,332.2740365104783,1006.2752798595448,22.75845677278328,1.2498616322537437,394,Spring,Beijing,37.9479977244405,102.98590133996544,Monday,21,8,2023,Snow,65,2023-08-01
142.1391549484884,209.9454655571958,5.970578306182018,25.571180187959403,4.649330731494564,188.7400448628724,-1.3117953650010143,10.686871302374968,0.5524506169523513,133.76715521517954,1000.1035488878036,5.291461726190406,12.14288008368628,247,Winter,Shanghai,35.57907653985382,119.3895551763598,Friday,11,1,2020,Clear,83,2020-01-01
211.42727817078983,196.67888423586,88.11820727170218,19.770361233268986,0.3038269925209597,115.20326608650905,15.773773700672317,13.477098993095138,8.258527645543568,136.24584664374123,1039.5200367815844,17.73363443476958,13.56487165087879,482,Spring,Chengdu,44.64683262891222,103.90921102491048,Monday,21,1,2017,Haze,51,2017-01-01
20.508383250781637,71.0873254437446,59.50672990243614,11.64038083085732,4.802179338757786,60.14641821518129,-7.086542048488561,98.9846525968262,1.6774072031806686,211.17083771174123,1045.8813731466062,16.523704648236826,15.386329714347234,4,Winter,Chengdu,38.94273088538195,102.14200334444232,Friday,14,11,2019,Haze,93,2019-11-01
232.55243701516628,229.515690915648,62.43668843972792,40.85117586244202,0.4287970063588634,187.7017210125669,-4.872995803251858,92.15546822810752,4.57123371057842,44.11648152423305,1006.572126204037,11.266731351986811,2.81060581691685,164,Winter,Guangzhou,25.02746769428694,104.20533850527464,Thursday,21,7,2020,Haze,79,2020-07-01
60.33315361623211,123.34734645636622,65.03434649476976,1.7562897953633012,3.5500743321982147,156.52968969364113,-9.394065732807702,34.334363044109324,6.591587939508586,198.4293032435722,1048.2021101613552,41.87425661428457,7.749681548202093,281,Winter,Chengdu,38.76254838864838,105.46360523688296,Friday,13,11,2022,Cloudy,98,2022-11-01
211.4922858238522,131.67706168399167,69.27325055927649,17.87610829989897,0.3913902106269104,151.71469769186552,16.051290052328653,80.80382293789962,3.6692927658669583,260.8424022961009,1031.2591602805692,39.976459732928895,19.487679571056983,480,Winter,Shenzhen,38.72663934602694,125.64026038899972,Sunday,4,2,2015,Clear,85,2015-02-01
237.3725998578811,287.7481824789921,20.331759467482307,10.050675600524176,1.7611957018021225,27.574259083988284,5.658948262032407,75.10962673030693,6.618024985094801,77.04930547679271,1026.7392929208763,25.53692661608408,3.146385801491255,40,Spring,Guangzhou,47.663369809371325,93.77549544320254,Sunday,6,12,2021,Clear,23,2021-12-01
97.5872147121085,219.92670149041413,45.92215124795492,31.54751916213573,2.407737461985489,49.2501972499246,10.258906040602495,50.4194865770512,8.429060352660361,310.9309013215322,1037.3428017499605,19.12594587732446,10.783923838388263,172,Summer,Shenzhen,44.41992824858347,119.08098977508104,Sunday,12,5,2024,Haze,71,2024-05-01
180.9800525787283,159.70847492426998,87.87989558566659,43.2674068728037,2.7831851974781325,30.832375173014064,-8.485962418234823,92.75477880295168,6.105677597167844,87.79791309310585,988.4624484208568,8.826607229056915,5.938544045902382,362,Spring,Chengdu,40.45589438011267,96.00626092407336,Tuesday,3,11,2023,Snow,75,2023-11-01
229.10411864046424,69.57574279298002,87.85673028858503,43.45103700737014,2.5536796028214783,81.66229262206066,26.58908728493231,29.677396915338427,5.075424499431681,187.67160100844427,990.3334030255256,33.015204035105384,15.656638123671298,477,Spring,Chengdu,28.897318449190497,107.77132685251262,Thursday,0,8,2018,Clear,12,2018-08-01
15.087288836653894,179.42092003923025,39.64297309621349,48.55371732864548,4.410075821992839,31.333769108795344,2.2447858748355287,81.59180834525948,0.2028611003899072,227.0002882178122,1033.7941369137632,18.32019637889848,2.627638754918725,268,Winter,Beijing,36.44920028112841,107.340205246243,Friday,12,4,2019,Haze,67,2019-04-01
108.04880920844444,94.14111262328906,12.250730049607055,11.49610921752539,1.7241246502846383,42.21921966032853,-1.3796387465892916,83.86280476010782,2.509904551228645,164.43885242976182,985.1567864996808,44.02719495937396,7.8372156157991695,232,Autumn,Guangzhou,31.43898046984801,117.1854811528924,Sunday,13,12,2024,Rain,42,2024-12-01
85.85990946620387,266.7243542613696,51.0796594816411,42.89172033759934,1.7093009991940185,18.64021926616001,4.256756519495189,64.41866337906231,4.511766347687326,73.80219938412833,1019.566848505269,0.2886873242494481,15.8275862497497,205,Summer,Chengdu,21.57972425136772,120.65006493261237,Thursday,9,7,2019,Clear,12,2019-07-01
117.0027643962368,151.65811818652492,21.57034032408483,22.655885320565552,0.254763881187476,179.86468041053493,39.260240935671554,53.854431545293565,2.851032545208567,231.4684323480712,1027.5397252085006,47.49137957255745,1.6598230619004788,464,Spring,Shenzhen,21.61600931834667,128.43794676074506,Tuesday,5,10,2023,Clear,98,2023-10-01
125.85365378002524,28.83008904149175,59.15945281805573,29.20117721827569,2.42536967378378,151.59326422310448,35.98810453235142,34.28855018422945,6.2237003610689605,287.84324482024,1028.443677824106,44.49273051486047,9.66829849227765,467,Autumn,Shenzhen,36.646018622345736,128.6629351951395,Wednesday,1,5,2022,Cloudy,20,2022-05-01
67.67492774409902,264.71305743488347,60.89409028744431,11.058651960237356,1.9911753598169688,196.419298615809,19.925589494143136,25.51545840891587,8.19402482795873,240.4817853624743,1032.4282629743132,35.68515462631706,19.452801822058884,69,Autumn,Chengdu,21.56802355638268,91.48681959494182,Sunday,12,8,2023,Rain,2,2023-08-01
40.09680456926131,162.11062526396083,75.65297519690463,5.040190800080145,2.960762696499553,106.13017237278792,16.619304887477075,18.738562748180804,4.42540416195074,347.803776025214,1002.1253546467252,15.035007588001314,4.4004859607994735,194,Winter,Beijing,45.15326134352632,116.30230061810744,Thursday,12,7,2018,Haze,79,2018-07-01
165.82943475996345,163.9612250192155,70.04618902097016,8.051888814077177,0.208073092426342,58.29605537201952,-1.8654927694300465,12.54580094116308,4.909274306745093,342.7274122280385,1018.103713345322,11.59271781721537,18.418744975136924,239,Summer,Guangzhou,25.73225646858106,129.8529178175409,Wednesday,1,2,2017,Clear,4,2017-02-01
76.8472893856195,145.75157197492322,69.92679579780379,45.094105910326846,4.1974261350432736,138.884879031889,25.46731819313389,64.90795391806063,4.081271706111491,345.2034201592615,1028.9103748166922,1.0344190875189008,19.630455710815472,37,Spring,Beijing,21.25635900362282,127.40981315961956,Thursday,16,11,2023,Fog,74,2023-11-01
56.21714665442288,165.88821943456472,79.02876651395843,24.484263603489826,4.663192200844691,62.3877367726012,-7.424424210963867,36.49166169208766,9.285307093806418,80.42282764717248,1001.0890864275846,38.26242694750902,18.993664944241964,480,Spring,Guangzhou,36.45181744519962,99.15018288333265,Monday,16,4,2024,Clear,16,2024-04-01
157.9707194439596,293.26830180591287,41.46533331808979,40.86417953356443,4.182525990711002,12.865201074536635,-7.667690314920979,95.18836610692033,7.426840753551874,193.24546164160105,1010.2319882893136,2.9900737088861984,9.995503721749138,22,Spring,Chengdu,29.91381994930523,106.21000550690596,Thursday,5,10,2017,Cloudy,37,2017-10-01
28.50075518180156,82.19815798156294,89.72054942989823,24.514992441607685,1.403130882151895,33.37357388500285,36.68307077104778,14.475639431503266,3.6522165416270025,123.71548324585288,1001.6120647630446,14.174229674318756,14.204433569751473,361,Summer,Guangzhou,20.842552723815437,96.15357460241894,Friday,15,1,2023,Rain,95,2023-01-01
15.29317554327875,93.39347371951293,69.56901105431315,24.691588757041774,3.3436506751136537,40.96763900892937,-6.782231588343554,39.75605952692652,4.491594130772923,302.8067709798208,1007.1803896571824,7.157852963738947,1.962562157939775,289,Autumn,Chengdu,29.353394052809406,107.0446836880746,Monday,8,6,2018,Haze,23,2018-06-01
132.62987806491645,25.00925132291311,32.32795542828009,7.772090881218355,2.1954294733481485,93.00258164879074,10.108957451449951,65.41724405960531,0.7643883540382224,172.4301405638275,1008.8938095781692,10.390225905234855,1.5697163422699625,387,Spring,Chengdu,28.4081863771571,115.33638153396215,Thursday,4,3,2023,Haze,56,2023-03-01
13.074088579043668,267.8949922503069,70.50486710224767,42.8255927844993,3.7243614793784383,139.72251677116154,9.216684713945517,57.90645034879175,8.408794682595367,261.7645025375311,1011.3740547246108,25.68818946577533,19.849336218194203,86,Summer,Shenzhen,34.48071817223511,102.2558097332136,Wednesday,14,6,2015,Clear,97,2015-06-01
247.15882443780507,63.38559990638922,16.408240431404398,6.230152623808374,2.3253942625158817,65.81376134086348,20.146299679467447,22.749453871517627,3.606487835467077,14.92103489134844,1026.5095345655195,1.1718360008682482,15.681288835399064,274,Spring,Shanghai,47.90827532513203,126.40322531057616,Wednesday,16,3,2022,Haze,75,2022-03-01
187.28855647309183,25.35508133865891,43.51947396809098,40.77595454862617,3.688799944880105,27.368707235498075,9.038909591187736,14.23768194122351,7.991743480597656,75.5117260291215,1038.1253670749131,31.212697342712865,1.7933826364954866,195,Spring,Chengdu,49.97979210299788,121.27771992413892,Tuesday,16,3,2017,Rain,59,2017-03-01
97.14547753647496,21.37751375868691,97.72067549387272,19.635521176430977,4.917232571209715,129.6203096569252,25.34750990626204,28.66547341190925,7.717612250896995,260.92842428770115,1040.1319586931288,15.37686753193267,16.92535502658655,356,Summer,Shenzhen,33.988569246586714,116.14004023816544,Monday,6,9,2021,Cloudy,68,2021-09-01
127.12884353841083,68.28424681605559,15.606137521892416,34.27633321181324,2.9410531298584464,193.36737781759516,-9.254526223046536,36.75112210039603,2.0928703488420632,213.88480198886612,990.3556416125092,20.902710088175407,11.972015709793077,51,Spring,Beijing,35.94650667927859,111.43205380644837,Thursday,11,12,2015,Fog,82,2015-12-01
122.67491440043877,244.8045890714081,46.18761619750677,14.533751544445588,0.5805100747511153,118.69171860010216,33.366651977952856,99.82489486549586,4.151027263633238,185.2931974526329,1046.786451437457,14.450307854131069,13.426227926164737,304,Autumn,Shenzhen,48.70549350834207,104.1027983182071,Friday,10,11,2017,Cloudy,90,2017-11-01
63.426221553787016,201.8437316848253,49.424256653338055,33.069422902928075,0.2471189745425177,126.91911239258886,31.783073237050992,41.46156582685582,6.975293423490968,4.382661703151682,1010.4404750584704,24.937636932374517,17.05409847573995,234,Winter,Guangzhou,31.21195293371395,117.04667837122378,Tuesday,20,8,2016,Fog,91,2016-08-01
119.56657940809367,48.852388709144265,12.89169591640493,20.81797510252614,3.115770503306724,190.278072434271,34.974101962701425,98.47068315793612,3.277191390757884,61.14359309162829,982.4963121081764,46.121958430164135,18.389723089907346,229,Winter,Beijing,29.548969915668625,118.87885416723266,Monday,11,7,2022,Clear,96,2022-07-01
124.68546954966192,239.88649484651324,90.66211796217948,4.1911819969628485,4.693295551570554,93.10362486106878,-3.370432868812486,69.54522714357216,2.183077055692673,54.23340930823176,1002.4932273503872,37.14131928388959,7.416509957699333,243,Autumn,Beijing,32.80163880728864,128.68361801246766,Wednesday,14,4,2018,Haze,40,2018-04-01
146.58541737080918,270.2868236791333,70.10492446857776,47.49628497146176,4.542920617502372,22.37509267143644,21.17185479823073,17.604687495367692,9.228633743605496,305.9414458815098,1007.895145557028,30.962530185860004,1.2582145422464934,332,Spring,Shanghai,42.920865995786926,115.42952216330951,Wednesday,1,1,2022,Fog,96,2022-01-01
128.39271979891413,171.84931822250704,62.00516505785991,2.3923893827552214,0.3907395151369714,174.0052994509482,13.966212659220352,26.388349428032445,2.074967867224075,25.384837328599087,1028.252928440187,25.62339147271598,17.25416025706887,482,Winter,Shanghai,33.394295943382204,108.88952247868164,Thursday,16,8,2019,Snow,13,2019-08-01
161.77606286427653,202.20843616784168,55.09533824463692,22.02458079426228,4.532109875644539,107.28204689167448,10.4892169623215,37.01142358672881,5.551231398311672,86.44507729299342,1040.0605527057824,15.915412678026758,19.057683783364816,205,Spring,Chengdu,27.756742335592552,90.9281227346298,Wednesday,13,6,2016,Snow,68,2016-06-01
22.01251685404155,40.71485214866999,74.68084906780336,28.67303992750985,2.6879159348786072,25.414430477309292,29.96607122669252,96.45389775965366,6.781603479663048,11.1653044077857,1012.5564677958882,16.651614138016956,6.716878249372955,159,Winter,Beijing,31.28702461329759,125.7003832124926,Wednesday,15,8,2019,Haze,17,2019-08-01
189.26542994075035,297.6599413165371,55.77473491407528,20.497162687502552,1.6162116878024733,64.26662266021276,14.602340481131169,22.661502809715092,9.605115826953028,37.60653333730704,1018.5242601385444,24.16882929183976,12.78778387682051,102,Spring,Beijing,25.615244116001005,95.1573179468378,Saturday,5,2,2021,Fog,18,2021-02-01
51.15457592298891,79.26749765290133,70.71291446470052,46.10494783092212,1.1412185814435252,158.78173741335806,20.10418384575001,12.107467289382985,2.317570042763235,291.8062176831976,998.5155064827522,40.50963118262053,8.438485313876733,240,Winter,Guangzhou,36.40405023568501,93.19425825328456,Saturday,19,4,2019,Cloudy,1,2019-04-01
88.37966466609002,20.874891565067664,38.09752780974965,16.23352049934571,3.1465587180755845,112.3537468981697,-5.787582407833616,41.4136953959793,2.415657490103804,257.2539425479524,989.4810024308208,7.460861404654623,11.409411603770916,9,Summer,Chengdu,40.130948638360806,126.30204944247107,Friday,22,4,2018,Cloudy,32,2018-04-01
162.58668038814304,89.43205648085389,36.54231305552827,32.7595496991091,4.2254488019178496,109.66043537347709,20.659720045947868,42.87790463494032,7.928529163745495,278.050633941611,1047.4753393084443,45.27030873317673,6.583056669021255,440,Summer,Chengdu,31.12027071118519,106.89013404941264,Friday,19,3,2019,Haze,96,2019-03-01
146.92792716965351,74.14913954440425,75.50291583271971,22.951865864182857,3.72034038009417,156.64958406148585,5.058346871921756,53.4991179606746,9.385252417582423,320.2383506963824,1025.3832816330696,31.11757095059629,4.291036299630304,249,Winter,Chengdu,25.39959647412373,112.62428829489764,Wednesday,12,4,2015,Cloudy,29,2015-04-01
162.12986740279138,42.132401119186,38.57160377431438,14.540279813034692,1.320367286574423,48.82242308525564,31.22986963492525,63.81774098511473,7.908023370680066,44.54310234551458,980.406554562278,31.939739889844216,9.72856881466923,343,Autumn,Chengdu,37.56171092635032,107.77082371300595,Tuesday,23,3,2022,Cloudy,49,2022-03-01
197.9556885515616,251.25846842548188,12.49185500130386,10.03643149481606,1.1509934250345208,181.02755210485992,9.907185644931662,64.65928276027975,8.095362758225269,203.78129925750528,1012.9438363800408,28.178355184442832,0.3548231377576777,482,Summer,Shenzhen,44.36876489093057,104.65159193926311,Wednesday,19,3,2017,Cloudy,25,2017-03-01
249.76143068588257,77.07811641596028,69.09887995317945,44.47605035298009,3.126264900783809,68.08572983989959,31.46352281003412,33.967646130111284,9.319817069011014,84.59088150780748,1047.7578438844594,30.161840286423278,6.574540223440965,303,Autumn,Shanghai,47.75775521032169,90.94315572913838,Saturday,10,9,2022,Snow,17,2022-09-01
189.4847820674407,144.9945119138379,44.11536982068202,39.34610158606443,2.079931835314893,109.1689289468008,16.493001038775567,11.89795865544961,4.153761765477931,5.926157783225099,1026.8157965142475,17.54470927379715,6.944932792207568,312,Winter,Guangzhou,31.64810132445089,107.33522882572564,Tuesday,10,5,2022,Cloudy,47,2022-05-01
83.65740513516906,288.6053973074636,69.25949110740437,35.46649764198305,0.5180465524061766,160.67300872485276,3.3423210779877515,92.59130273041193,6.794313013439877,162.91084006765124,1030.9780943488674,31.297649584781112,15.241251117367344,325,Summer,Guangzhou,22.94712160138733,94.89582097385072,Wednesday,12,4,2017,Haze,88,2017-04-01
18.14590172384537,108.54232169935592,17.261748635806402,38.26828578068335,0.1652019090004265,169.31015340857434,35.541238471038184,14.082439269426237,4.872737580825728,130.92548158826662,989.9472797844548,43.98400105146732,10.2009069810689,313,Winter,Chengdu,40.185164098336095,129.4908783488543,Thursday,3,2,2018,Rain,67,2018-02-01
207.39550917977508,161.40699055415573,35.132671529332804,40.23120948231689,1.1790327400128668,117.31893091836577,19.420869327639117,98.1230295276804,6.191760697132063,90.02567546916089,1016.5442245349902,44.74015980808085,16.473606644827534,32,Winter,Shenzhen,47.29282083808513,109.51491558972478,Sunday,13,7,2021,Rain,49,2021-07-01
163.35147439932086,141.9516825485976,78.8827701610154,13.558455050419376,3.600648323437309,152.41146194658094,32.68338911560803,21.281591466507315,7.629910334804917,155.8975488695344,1027.744231291672,48.89177362267814,7.136564854224687,386,Spring,Beijing,42.18448995590043,93.06042133214642,Thursday,9,7,2018,Fog,38,2018-07-01
238.7734053583248,189.50831690111832,83.74897581084502,48.223247966962944,1.3202231005180851,178.62967839235256,24.594649768815124,99.14417974583736,0.7518754014683593,258.26797707430467,1012.8155166178078,36.52523159673395,14.674261246525448,457,Summer,Shanghai,25.231114024009607,111.39639853059604,Friday,3,6,2015,Cloudy,64,2015-06-01
85.08109886550459,292.6074058422785,73.0370193140446,18.52374853411068,2.4711122318000447,90.14806136099314,-1.1435358269752245,10.948513764454423,3.6276911830421135,202.7153160641356,1030.1067756811085,35.13160708810492,6.3352006434134855,209,Winter,Chengdu,43.48440408618465,116.3134301725915,Monday,1,12,2022,Cloudy,77,2022-12-01
23.61305082820138,248.36014359434603,18.51286402775558,18.93176431234606,4.227236599345886,152.23665255982178,-0.935324383648858,94.65389397897712,3.86246751215818,95.37179318363395,1042.4564397223298,9.200832050423058,8.575537796091515,1,Spring,Chengdu,25.458967767325262,129.44529010547242,Wednesday,10,1,2015,Haze,71,2015-01-01
175.6883817235717,124.77942729528944,72.51156764553575,13.780029337224606,2.9936184373097343,12.274136298178467,38.63352959672911,77.48558687376133,9.506976485746089,153.9896540566426,998.8957466575846,13.621617690206444,15.843586953262262,206,Spring,Chengdu,24.19395397506262,107.59825842677094,Friday,15,5,2016,Clear,1,2016-05-01
171.7689121924749,231.59991492737728,53.84917506817405,42.73112116710448,3.334830897152017,139.09749648425495,32.86397830236349,63.94272688112512,7.503876991244699,218.58488059086105,1011.1803102133954,13.119587608259442,8.1575597498213,121,Autumn,Chengdu,36.44195995020182,127.42477053626853,Saturday,20,4,2022,Haze,25,2022-04-01
212.2268276102088,263.5200832685532,21.12974202813522,34.35571319652252,4.109581690306355,44.231620994594834,33.829790728849375,24.205409249029337,2.445353982206402,199.82025826673683,988.3558619291816,5.845116726033794,17.453097396665484,165,Spring,Beijing,40.50734108025198,90.1757306219414,Friday,17,3,2021,Haze,18,2021-03-01
49.85728207791685,156.26269749067558,76.05654914255322,3.2930539047135583,1.7814367438453849,67.73635786192838,4.986773229071931,28.613103939846518,7.152792675578182,123.5743686425582,1023.096948682065,35.90734912598018,11.652301764764884,232,Spring,Beijing,24.68935353690682,113.76086421979568,Sunday,15,5,2017,Cloudy,88,2017-05-01
185.78940024685036,62.79295494433465,49.070803229585984,48.2434906832733,4.391823660913466,81.51454908748525,35.396375747550834,29.78475327633638,9.793985443829802,51.52595223186762,1017.9835697901204,40.32946609267437,14.745882737095858,414,Winter,Beijing,40.63848681545096,110.20967644131588,Saturday,10,11,2015,Rain,96,2015-11-01
161.27646889884213,53.85820525205661,30.448470854500226,11.909553929020396,3.924169289154978,96.50549737944024,27.68221637567961,63.879148920100654,7.774476425871737,135.2685295635075,991.7332251581169,13.803691907488552,12.21202598718728,298,Autumn,Chengdu,45.28607652171563,120.92484841975704,Sunday,21,6,2021,Cloudy,7,2021-06-01
181.9587481707053,167.681420349514,44.71824635236697,4.145927710934854,4.990690156666161,112.39102192239994,23.440687478071297,34.531550003036216,9.466443853988242,244.6646706376613,998.4247693389772,31.009229409777628,13.542360653902428,230,Winter,Guangzhou,40.45084366165582,122.5887285623115,Sunday,16,8,2018,Rain,78,2018-08-01
158.09105762436303,157.6138862359454,10.35443563072132,2.2392749913249794,4.949920110174615,141.34216840893177,-5.013343151936692,45.04099959908435,5.522663067715249,16.712867175819284,1040.0695513008943,15.944324652090575,4.714499135950842,203,Spring,Beijing,27.96617066045251,97.30885213475518,Thursday,6,5,2023,Rain,87,2023-05-01
48.4942982809804,52.186807901021936,67.54534668557851,36.12192039539737,0.626296483498219,186.6036483217476,-0.8093227701483698,86.93810316670961,8.628060796369363,185.46478159976917,1014.1232894047848,30.57153871805969,1.0411865657729094,220,Spring,Guangzhou,25.02793683232717,126.53193740715624,Sunday,1,5,2023,Fog,46,2023-05-01
148.0327546421969,227.07225464416584,32.29846734092732,10.484722218482435,2.9754191702578376,27.381810966405364,8.373006027085413,27.34159855643157,5.230417597843583,292.8483328453713,1041.3153856456245,1.2340722822981045,0.8658566618059547,480,Winter,Guangzhou,42.73306599217414,116.84384164722628,Thursday,0,8,2020,Fog,3,2020-08-01
177.01632257365142,160.71958870556185,87.51807772817529,19.458443571062386,4.864725824903127,150.4837538594095,1.5079094184771016,94.7503953370154,5.358082499610269,288.7226472179778,992.3984576728724,2.285484751518907,15.051429703814849,450,Winter,Guangzhou,29.32558130287019,121.68318576928012,Saturday,22,5,2018,Clear,27,2018-05-01
133.7697396387943,138.05070433339813,43.13709155367221,17.285367656207843,0.3962545379095359,92.77218703326048,-8.872011090668654,75.96329548442672,7.560037341135373,329.9787108641528,998.5051156666068,5.753211473582781,2.728580523496015,329,Summer,Guangzhou,39.86849666974952,122.40766329119596,Tuesday,12,8,2017,Fog,75,2017-08-01
179.43310186094828,272.1898887375881,33.87155605039405,39.08005288913033,4.933865410487419,107.05761457142948,19.44382314599658,14.786517349257553,8.117563386464054,343.27677223514434,1029.0880723849127,12.024304916181878,3.521566137123355,164,Winter,Guangzhou,37.18892044352277,95.77294721414364,Tuesday,9,3,2015,Haze,13,2015-03-01
151.42921863530938,76.9491225648649,67.45638323940659,19.046427649544075,4.772278912555115,196.0797571254144,-4.659932632250365,26.471939741839652,5.327268322406837,47.39964581869337,987.805773653069,11.775308203850775,1.121159459375143,255,Winter,Guangzhou,20.574746867960275,102.92024491451902,Friday,17,6,2022,Snow,35,2022-06-01
119.1995158983761,92.12854204817312,55.08405962710557,6.093884997047125,4.833320523466445,102.59201925478588,3.1304130054673447,99.27241892421222,0.9826519308535396,259.05058571406687,988.1587435015588,5.978852956290975,17.981475464920468,172,Autumn,Chengdu,35.69367431677968,107.64087189915162,Monday,5,12,2022,Fog,77,2022-12-01
67.76902280087904,38.002740649986194,98.35977345991468,44.61429547352158,2.3433797550678426,47.84755913340148,16.417570401651957,86.52519219545421,1.514965297942299,170.84403957411132,1016.6716638398326,1.0844613453043606,1.4025830387159923,71,Autumn,Shenzhen,35.73425727537644,126.306465760305,Saturday,23,5,2024,Cloudy,34,2024-05-01
196.25006676819453,102.75626820965356,33.067281560065354,5.072152594276426,3.052429601408878,64.4665685414131,-8.637059796167758,61.14955176285984,3.8074962088438857,325.65581331889194,1006.3164812393978,32.179990036518824,5.156774350580246,410,Spring,Chengdu,47.76666832234528,114.7422880544616,Sunday,16,11,2022,Snow,18,2022-11-01
247.26806559546333,249.27513099512237,21.93008235256936,26.43860826312448,4.79676739750454,63.23612683882298,8.858417675930326,39.91764590790556,6.996751259034522,261.891297591942,1039.8248837075143,8.919549048637238,0.8484883715740803,187,Spring,Beijing,20.364835926477895,99.58292484281812,Thursday,0,5,2020,Rain,76,2020-05-01
50.52537745626794,220.1287954129184,48.44495001101299,2.5124438044853217,2.3041103190944936,35.597808675828944,22.96456124974071,48.34891562833816,8.877843943007587,204.33301463155,1001.5288607599264,5.066748481718958,10.19313185218774,268,Spring,Beijing,22.745422247044,98.43643557373495,Thursday,12,11,2018,Clear,43,2018-11-01
166.61875197448248,107.03812763896556,18.285896329187484,9.787409232646292,2.7506064519998925,10.63808792010494,-7.320216051290542,81.35559768077658,6.741758217203776,15.461753782342754,998.1874668645312,41.35338497582826,3.668885580150628,402,Summer,Chengdu,45.03747266557205,91.83888078697848,Sunday,20,10,2022,Fog,67,2022-10-01
88.98996709752629,65.12084949991578,64.39422217153395,4.844325437074911,2.54755088414326,36.26434825732271,15.066159988835343,81.161772459364,0.3459777436066491,3.485300949650889,1020.8101869789308,33.021259479151205,12.23234607472602,148,Autumn,Chengdu,37.9031045995432,115.44778758098865,Monday,21,7,2020,Snow,65,2020-07-01
83.12624646910375,110.55023003241956,90.42179586316831,25.85334776527761,4.978576545201458,44.743013263404855,22.28688649610408,77.47722872302958,1.326115355554588,81.36356661468854,1019.8889823531006,34.77934333637457,2.049791483476666,215,Summer,Guangzhou,22.531219919807604,105.84972627096911,Monday,6,7,2017,Clear,86,2017-07-01
179.5837053599967,150.47893392433352,16.880664479363496,5.566348946092106,1.0346721484839403,97.84687288912332,21.323342593592407,64.81864949316255,1.1997868262651423,65.63601687077784,1020.7728752703684,44.09682281013566,4.996757704584725,472,Summer,Guangzhou,32.34194816607598,109.97841863809576,Tuesday,19,4,2020,Haze,44,2020-04-01
192.0199359353642,74.8491428259454,58.03200280739786,43.28818698020183,1.1255059566057724,107.45269628537166,-2.814071754803224,73.84341347377503,6.760030133903447,46.943268535000215,1047.8665936522166,2.280460191702427,17.066263546872662,451,Autumn,Beijing,46.77499893202391,118.80820919860648,Saturday,0,3,2022,Cloudy,69,2022-03-01
123.78915672868357,196.41136930217107,87.84686415904453,45.58160438249835,3.7704089447396254,90.13603095180538,-3.3120687943690523,13.741684662972254,9.987793456053597,46.173346143301714,1043.3908363427383,14.423571876483088,8.65357165684496,114,Autumn,Shenzhen,27.99058940141953,105.39498456190812,Tuesday,4,10,2016,Rain,17,2016-10-01
120.25200535821644,78.1613477801759,22.870061940232663,6.038736558581065,3.1545784337802654,150.0267261459462,-4.0321156024849945,33.23961154761375,2.938055970812897,199.46272687939128,1011.0370032229451,45.77867425255279,9.28280240341568,53,Spring,Shanghai,49.82715879976661,117.30630007473096,Friday,6,2,2024,Snow,67,2024-02-01
222.43856290597117,292.7185438633437,18.846868274910086,34.30163825234212,1.9776584968048427,102.7525424932137,14.172520133804792,35.97394320459373,8.097836723298355,79.55558720551029,1035.5800413527593,12.319974008440177,15.343928373978004,111,Winter,Shenzhen,27.34894198784494,103.0669871674547,Monday,13,12,2015,Clear,41,2015-12-01
153.0036261996292,78.24464761488402,7.005739002558135,47.109193580389466,3.4780064034427967,118.70932691337217,2.503792034533168,10.338405763965785,8.074073753230852,107.51504079636436,987.5003724515232,30.865859010607583,2.713867271580364,152,Winter,Shanghai,35.239342574912214,119.18260686065892,Friday,10,6,2016,Haze,31,2016-06-01
31.339318237184408,163.51752927705874,88.7184533685599,3.105283965045218,2.8933412066859585,156.61899550416882,33.18382102094265,38.9784062720222,6.753767382893317,354.9625023564761,1008.1833182228688,0.7955622318291278,15.452931480051909,354,Spring,Guangzhou,31.28631862664724,95.7179608269408,Saturday,10,12,2021,Clear,91,2021-12-01
228.76452701126152,109.93093761994788,31.823768547201297,46.90102017550196,1.4600934258509175,114.28946255520924,10.602943491108109,59.446163695865984,6.407868295632771,308.45342337292595,1002.5834649955927,46.07030866349551,11.443162331986926,128,Summer,Beijing,38.5652551798398,105.40142952377032,Wednesday,5,2,2021,Cloudy,83,2021-02-01
225.21234436046063,211.4758712719147,12.267996420445806,44.82493776862143,0.6914718546213116,78.21799182943263,19.3215905453218,97.6015227167158,7.780529320212431,55.6223643014805,1007.5193408373945,47.9373533731588,3.005890555313787,355,Winter,Shanghai,40.60192750508128,117.25227258647664,Monday,13,3,2017,Fog,88,2017-03-01
137.13822365428416,207.60168767909852,39.91954234978416,40.7522671609482,4.0011780568921065,166.76683247026008,35.81312696885716,76.79545845251185,4.639296777225052,346.81147568137555,987.635904782044,24.69452941574697,16.08371407783497,457,Summer,Shenzhen,20.69044082905829,111.27353859655008,Friday,22,5,2020,Fog,82,2020-05-01
132.31975533340352,265.6325529704337,24.445805827715557,9.462119255884538,4.416870353261907,144.49258046328185,18.058857030177396,27.0200834495684,9.078245816167671,232.78595943511547,1042.256854802416,8.279268114275663,11.777979145193914,116,Autumn,Chengdu,28.923748997591797,127.9194037115768,Sunday,19,5,2022,Haze,7,2022-05-01
96.52457027220954,71.77489839555707,14.267625927223596,26.07694052299463,1.8798232295633064,83.46290623021324,31.02907973801228,74.24053697708058,6.081325134573041,3.920539668773211,986.030512149496,9.270418177376872,1.6319438520926963,150,Summer,Beijing,37.812091755058816,117.62462964193034,Friday,17,8,2023,Haze,79,2023-08-01
84.55846482669754,36.66881105425863,90.99224840557127,37.152366400724524,0.701900167943595,175.48753793105365,20.942045879618167,62.881936612666536,4.672324437626841,73.01074462801877,1008.7767589855048,27.40384360817035,10.823655913248102,239,Winter,Guangzhou,23.61480595023083,126.42046148047184,Tuesday,10,12,2020,Fog,56,2020-12-01
191.72012142159213,20.017134016581227,97.62981451840228,32.83470618797578,3.551085174734546,134.80058443085042,0.1925537923009734,65.79277641306908,0.4170244045021443,78.16640413909732,1030.4020227146198,20.978994875012564,5.449804478729822,294,Summer,Chengdu,24.863192120101587,115.43295949127976,Thursday,16,12,2024,Rain,51,2024-12-01
144.41096323165118,98.1321487345174,28.198475022180425,31.200840478378726,0.6956838193385815,185.042719314196,31.353778823202724,23.674795040072148,9.912954047045234,233.80703107706037,1025.9299971724038,38.91155069746387,3.4406610582133585,56,Autumn,Beijing,46.976809432344766,95.03969087282162,Tuesday,14,11,2023,Clear,6,2023-11-01
239.4384262038633,82.37917530391242,27.433370016384018,29.130017321356966,3.54328610842453,106.5591999615654,-5.098997878892266,64.52052291156434,3.686815899114518,343.60125079197184,993.5870321030716,11.629699351844964,4.664332784434903,371,Winter,Shenzhen,32.41514375698368,129.5293998051883,Thursday,15,2,2022,Clear,12,2022-02-01
248.69378788648729,299.27978598616903,58.05612227418086,7.350065849773431,2.2325557120485,41.39771845119069,18.79325857796175,85.0030016857806,7.784818037553611,183.51306883499905,994.9541513335926,25.33279849333502,15.8410994838041,403,Spring,Chengdu,36.55202722262314,112.34547683594784,Friday,9,7,2020,Rain,70,2020-07-01
209.12351787022723,117.88947699084017,58.0810545743957,3.864024776954986,2.0397970931249185,103.62530457571056,32.12503778914787,47.41559063493053,7.027795563790882,223.47646794712503,1000.2484725350196,10.380457767002838,2.6838089860371426,427,Spring,Shanghai,46.11195374980276,104.5705630813743,Saturday,7,2,2018,Fog,33,2018-02-01
46.260253448482125,25.95773095706563,18.05584379934951,37.11972561867765,0.1630932661272731,60.27216989874522,32.2764787055734,30.68063487716969,9.306297934482616,104.75929129204948,1042.9986293076845,41.04002009318711,9.059533228521513,355,Winter,Guangzhou,41.77174917333564,121.43520014173448,Wednesday,4,12,2024,Snow,48,2024-12-01
170.98668578824885,100.74900799932377,16.022771085116258,37.337426752605005,2.812339874691627,115.68745310302712,29.828363657249557,13.50224276911677,9.830994910859395,255.94418149843187,1017.0374709186052,41.72092565777019,6.934031417577193,64,Autumn,Chengdu,39.17576854142482,129.9736045634187,Friday,13,5,2018,Clear,29,2018-05-01
135.00985095514017,242.5225774805216,45.20904462870602,11.882192638672745,4.3194786314821085,176.15247791638885,24.50463688059556,49.780211245257455,4.191069444801283,286.647130851381,1037.2650342239754,35.546396680083994,1.7669272144836907,77,Summer,Guangzhou,30.706667937224093,107.90910605425704,Wednesday,21,4,2023,Clear,62,2023-04-01
29.858668702873167,152.45995675243216,9.061475885717872,10.084236162130848,3.423595197113021,187.64743628057985,23.687324541565783,25.6217297395576,8.416096885928752,257.0703838384904,991.19970833065,49.82130899686423,14.776700825205571,471,Summer,Shenzhen,36.79385041346284,103.31484019623224,Saturday,0,7,2021,Fog,92,2021-07-01
70.06890449808704,82.85207298585738,29.117635351976396,32.300771997598176,1.430453187494556,53.30831949924586,-6.9064515861123965,25.3681303105272,4.458639439260459,38.25452526080626,1043.912645478772,0.8743776025670891,7.178245334966368,414,Spring,Beijing,49.95585564352869,121.337877741976,Wednesday,20,7,2022,Clear,98,2022-07-01
185.60968327885627,290.4672013966146,59.46996793446936,42.039257887493136,0.6969145890493422,140.33729977471253,36.320622108325416,92.37311206644765,7.815028288460404,330.9691596188056,1029.910184073891,26.10209427036432,9.221561527586818,223,Summer,Beijing,28.7501630463206,109.76589291125714,Friday,0,4,2020,Clear,6,2020-04-01
215.2902421057657,170.05917034403708,12.394719968703786,43.24479636527527,1.2480952089887647,20.39384292635544,1.2582310566287305,54.77392201181235,5.708248912318688,217.2631859173497,1004.0951464451148,2.8981269652076924,13.301140719804874,478,Winter,Beijing,21.236384132900675,124.68164693097458,Thursday,3,3,2022,Clear,56,2022-03-01
28.67462592761804,123.7330187643026,58.15734576670603,30.70973171263076,0.2733817225379068,148.80434991539408,15.500247064447418,24.88206708969966,4.7025486369737735,7.801163421351798,1045.009817930505,22.246217748247226,0.5185274962463735,374,Summer,Chengdu,26.129433030018035,93.83617093235362,Monday,17,10,2024,Clear,1,2024-10-01
108.60169848996615,277.1162657862129,7.98389342691364,34.629445184279426,3.821537808129684,139.5725249049038,6.482355699504623,85.97898853850647,0.6498030714927738,127.465446140605,1041.7451151026958,45.602019042183976,14.396846819151731,244,Winter,Shanghai,24.485835925946617,126.15544819657345,Saturday,4,8,2020,Haze,82,2020-08-01
96.65092446473608,213.33297406300412,32.26928902558501,34.96667287080264,3.5891353700697786,153.8626370165072,0.5755171282593103,63.313615364240775,0.4096137427175794,207.34246321057137,998.9848778753716,47.55212272946784,17.15018277463749,69,Summer,Beijing,35.86801440202839,91.47774361752396,Saturday,16,12,2019,Haze,54,2019-12-01
113.79889923815436,61.16702389263384,5.9470494370010325,43.4514272652678,3.2251905762226034,80.4115753587811,-6.03832986028979,91.1623325832059,3.209432509497754,354.29539529554467,991.1477246968324,0.647121315218735,7.543413256199461,106,Winter,Guangzhou,24.024021129308352,102.04128973431426,Wednesday,3,6,2020,Snow,25,2020-06-01
23.8119708852771,251.22622182245323,37.58973970525648,17.32543679137481,0.3930662871840558,158.9406782319471,9.626568514912536,61.12841929700996,2.109144712910456,8.632497004107424,1012.6429722183829,46.72177874704028,6.080458688266022,285,Autumn,Guangzhou,23.644839006936454,114.74527573621526,Tuesday,3,10,2020,Clear,16,2020-10-01
48.18365362056546,206.91384926302248,46.31426754504512,42.50989524976513,3.89412825844936,98.44441332883636,-6.441464153409928,50.15666526373803,8.78770298642438,193.28323480828345,1039.4850300003516,31.545548358528443,15.69035038564271,412,Winter,Shanghai,45.14679024544047,95.12519972485411,Sunday,2,6,2017,Cloudy,99,2017-06-01
89.12485218788648,268.48499054765125,31.50875593852419,40.2947945271835,2.731896816784599,125.75249080993396,-8.103554903240775,14.467171568484275,6.297765604589007,146.84640551420188,997.6638388640848,48.86148621341419,10.6464251898008,381,Autumn,Chengdu,38.67773408713937,107.47484803521556,Saturday,9,4,2022,Snow,64,2022-04-01
241.1302327559372,131.39238395430215,35.05542920833922,31.896130991712816,1.7596375083127995,54.499095531122215,8.393005367772908,57.85171608124652,2.213799006453392,292.25602864804364,1011.1919098717968,18.609510391349087,0.2836119604616889,240,Autumn,Shanghai,23.82306809614065,118.69445547440444,Friday,6,1,2024,Haze,77,2024-01-01
108.7297636549801,96.01938485086356,63.82149514893268,21.90657785637801,4.413450750121344,100.77691103310038,15.42081678454991,14.684066383428885,0.5826838481244856,328.48819138306817,985.8879383616058,39.77390829165765,11.825805893093762,311,Autumn,Shenzhen,49.23294656536173,127.608261140306,Friday,21,11,2020,Clear,65,2020-11-01
229.07745400822316,256.752919329725,55.1415059033983,34.56041868978584,4.956632341150548,111.72039418296944,9.95244520642624,85.7599673658458,8.443798722898938,97.4967511242296,992.7469344157832,23.114603991923637,19.881585241280067,245,Autumn,Shenzhen,36.389339875190615,126.5048678516595,Tuesday,22,12,2024,Rain,49,2024-12-01
189.5667701099635,237.04007493476735,98.83122970905944,10.60874301295122,0.5021050203964026,169.47014169518954,28.678908838929445,93.88621378978044,9.12966550569982,231.47331655629043,994.1532358005014,38.085222094352055,13.609556616596526,187,Winter,Chengdu,46.27447800589982,108.31318178647588,Saturday,10,4,2021,Haze,8,2021-04-01
110.51256840964363,69.92851543086223,20.77532327540241,3.56385813263378,1.6548780435504291,112.19892256696636,20.303297564239934,85.84266515303662,6.219261188560564,329.7568124294942,1028.2607802981763,20.16200654693769,16.845301998497003,144,Winter,Chengdu,25.866710105106097,93.33160205314528,Wednesday,6,7,2020,Clear,45,2020-07-01
207.31612900740205,295.08213754010166,41.8953904691652,5.8393090105025385,2.2020569421373755,134.00183798760588,25.138214226447744,20.13620584786112,6.936469510744713,131.06066524524903,1027.02936759225,12.1521866706365,11.845709405012965,336,Autumn,Chengdu,34.09259361996817,126.23704120808678,Saturday,8,2,2018,Clear,4,2018-02-01
21.430358557658693,254.08369819718416,35.86533208231574,45.991824197251646,2.829332035371693,96.6794892693978,2.608797032677,63.33906840545856,3.952288759406215,102.60627187274216,982.5241006471985,21.26393388350992,1.7981932615258165,162,Autumn,Chengdu,29.210967485110416,105.39122221144322,Sunday,7,12,2015,Rain,51,2015-12-01
103.75156728538902,237.2449432452639,67.76167506806723,25.150458039422528,4.402396889530397,19.13942630294179,31.51341898376687,13.176807492706244,9.535955403553672,357.0168585438633,983.912267106086,10.704546075607425,1.0069486159735728,230,Winter,Shenzhen,49.344135993769214,110.02618760382494,Wednesday,2,3,2021,Snow,64,2021-03-01
106.32743214000732,32.61640521959531,51.10127340598709,32.45399953965924,0.436468735025785,86.32650972747685,10.01701682954457,15.694680352732284,0.1042085861666641,140.94175273472442,1007.1290808680246,6.838792164059548,19.724677153182288,251,Spring,Shenzhen,34.68526158375434,97.73656828645944,Tuesday,6,3,2020,Clear,94,2020-03-01
191.80331865015023,250.78945281564285,10.094360083389764,21.45431272493568,0.5080262688787001,11.444423090597086,16.192075478995175,53.77946167105693,0.5766677434409184,91.23806045740795,991.5513476444752,46.66058068482562,16.286220374032894,286,Autumn,Shanghai,44.6565516459262,106.65601030362684,Friday,15,12,2015,Fog,18,2015-12-01
75.77707312837913,216.5798599655456,80.66065191012056,4.904611225162135,0.859229369467185,44.39766131804824,17.145646746713453,24.531668660907613,8.81373420241009,143.6869663812439,992.4349897997496,33.819679794209925,9.316435539906854,61,Autumn,Shanghai,25.08793815103177,123.80047139959724,Wednesday,23,12,2020,Rain,30,2020-12-01
54.61165811953765,286.92220262861,77.03483017232082,40.88362463962683,0.5639614965210957,150.40726603008426,25.446400303902493,86.65032686977642,5.695652965333101,36.959449451265286,1044.1408321777922,42.19979762918682,16.974513057046998,71,Autumn,Beijing,40.08671675816016,115.81514082802416,Tuesday,19,10,2020,Snow,65,2020-10-01
82.29729941374532,63.70436845945478,96.23729583459424,6.847232858125183,1.8729993407168395,150.87176775673464,32.90223705906987,98.138146409808,1.430046099143003,2.6148948246520343,993.955832473618,48.096194981542325,6.40616753265762,336,Summer,Shanghai,37.53626244272088,109.77180469777656,Saturday,1,3,2018,Rain,63,2018-03-01
61.72374865485179,250.53236338456344,52.22052289589338,40.24535494514925,3.871841303374888,10.457145986087928,-9.366053175133931,29.720363786298456,1.750129667250888,219.116579466064,1016.7306798058056,13.747491134183536,17.495497744714807,119,Autumn,Guangzhou,26.37459176026846,99.67056015932783,Monday,7,3,2023,Clear,80,2023-03-01
248.29149475491144,272.26379886514087,10.385608665735184,34.76721609484588,1.789903659327169,153.78038116975122,24.578513608358207,53.83137526437162,6.579157852014877,99.4525584195001,1042.2736881481733,10.84342802010153,5.353060264015968,385,Winter,Chengdu,31.6331551717739,119.26665342128354,Sunday,9,2,2018,Fog,55,2018-02-01
57.90650129589739,168.9682350299456,24.8734885080309,13.424989028596825,4.306276152063801,26.07652847141957,19.037206912260977,69.18918869758129,8.758272353321248,279.09541735159274,1011.5134332714003,44.30411390567552,17.096865223654042,9,Winter,Guangzhou,28.72093260988505,118.794034519371,Tuesday,19,10,2023,Fog,56,2023-10-01
40.09298123789269,277.83178651207936,52.065982607302615,38.38668396443013,1.0673635899384537,93.21933605744243,5.749694707522327,64.3128221390532,5.812122755004712,277.087727688353,984.0682269487684,14.331874324106176,17.96769003769351,91,Winter,Beijing,36.93029256200447,93.00433754299284,Monday,3,12,2022,Rain,54,2022-12-01
74.66903548558116,202.8616667350736,38.5530691513699,35.16647802589741,1.360357189374395,104.939083380975,27.841633697393924,33.45788861454393,9.023795819567718,167.74434646435134,1003.707049247614,47.18375836506268,0.910486836204482,373,Spring,Chengdu,43.07447917797526,107.2942396572921,Sunday,17,6,2016,Snow,98,2016-06-01
245.69466681735528,260.1436696331021,74.37266923297092,35.73708292548949,1.0205012229675865,71.91406351840921,25.89589793326219,57.77016446168216,0.2907496214280591,72.78064192716393,1039.7946550320771,18.21475633572681,7.643499731965578,342,Autumn,Shenzhen,47.04053435437351,94.60762713335716,Wednesday,20,5,2015,Rain,93,2015-05-01
67.66386163402241,161.44881222614293,11.241220029251764,29.84777535432875,3.94724775758948,101.078768468651,5.937632403523772,26.92704864218486,0.567589687469181,36.29057282147927,980.56649001801,40.90370811637538,7.043850954823567,335,Summer,Guangzhou,41.46881675248832,103.61966803495044,Tuesday,1,11,2015,Snow,19,2015-11-01
20.561937629359104,64.94907096186547,46.47569001408806,28.81007728868983,2.5423288248218,36.09371655466689,12.872032072702307,35.265939740736684,2.8634388203253214,70.61267795100673,984.5255846122488,44.14052820219553,15.387368979982718,202,Summer,Shenzhen,41.67457278942099,94.52131818368989,Sunday,13,1,2017,Cloudy,44,2017-01-01
35.245743792071934,172.0878377006771,21.847286100056525,13.63461956898003,1.3604501115405698,194.68559813282545,11.536007615330998,38.82959044132465,3.3306139578907046,71.21966274077884,1014.2535712967884,5.42691366932127,19.434752533817104,21,Winter,Beijing,28.82945318852068,95.94020197511504,Sunday,4,8,2019,Fog,64,2019-08-01
129.00658227873456,216.05110477366057,5.310520474652051,23.92314241839324,2.0068007319117918,48.95015408498371,30.421622272623388,52.40556036635168,8.025660212715799,223.651320874069,981.676215905593,18.001560217311628,4.948925371008436,57,Autumn,Shanghai,30.677145173462325,100.74834255209204,Thursday,23,1,2024,Fog,71,2024-01-01
208.69913534882335,171.85553460374172,55.21319978144695,19.111994046554823,0.6374280169617101,27.774810358407684,32.92835139064726,98.09481367269596,2.476808315971295,355.6184736353439,998.5826550377184,20.329451252189266,0.6243526471705149,143,Spring,Beijing,30.889309737350708,112.10033612623538,Saturday,11,11,2017,Haze,62,2017-11-01
100.9744696854551,130.31847436116325,91.74835830207952,47.51410202513069,3.8576087980345815,60.14739467995889,11.826258138080064,38.7837611392753,0.108778803678291,288.1938982084355,1046.7415861342226,44.45045173654486,6.293753280757433,205,Spring,Chengdu,37.23881559338619,115.92305548085994,Tuesday,23,11,2024,Clear,89,2024-11-01
30.543448197639105,157.10814038829224,44.69167211686358,46.07401167655957,2.447111679559056,58.62426486129801,9.779649417675516,80.68676548430496,8.893578695522514,144.23590891084865,1000.0963195147924,15.361736995011588,9.384149711019251,31,Spring,Shenzhen,49.70887968737897,127.25147500190334,Tuesday,20,3,2022,Cloudy,27,2022-03-01
226.918855000734,275.1549084842045,48.28723108991965,29.555885184821808,0.7669193395939136,111.49045789178923,22.80059417563087,11.411192786254931,0.0707494906815142,136.97313451874672,987.721705416804,46.47062380893748,12.194452307575697,396,Spring,Shenzhen,42.384494061485626,93.52105331105976,Tuesday,1,10,2015,Clear,57,2015-10-01
175.97599226056286,251.11209926589945,96.83854883492508,37.015732597857486,2.8315741730307216,36.24029174905976,28.76329430171969,44.74754031564553,2.8799068895210977,225.67630886763,997.7462419246472,48.9040206568702,3.448615027520163,55,Winter,Shenzhen,27.968997971075645,102.2572566098112,Saturday,6,11,2016,Fog,15,2016-11-01
119.06683412420752,257.8994223610945,55.54237376654509,12.260702584520478,0.9845211754936688,102.61339221871556,-3.011817425828208,71.5133750489125,8.649611618850004,241.82333279462333,980.7376885092356,38.18657311900002,11.717750609028702,85,Autumn,Beijing,29.961881241225925,104.65978821050012,Friday,0,3,2018,Snow,37,2018-03-01
189.848889938056,100.47345386420864,13.945585385784216,20.58007497702705,2.231689738623297,115.0506206614769,-7.85311157273574,36.161071258926,6.027255720414814,51.28049418351453,985.2206986436504,33.928871857109776,5.864044380540299,355,Summer,Shenzhen,33.79796877348911,104.36699443107058,Wednesday,1,8,2017,Clear,77,2017-08-01
133.1898595133752,214.7996254321998,94.15689042073964,22.825275246353968,1.161039131912742,104.61910870406712,15.148740599859458,36.85508970018833,7.204319096785944,207.4075850154219,1004.5197541536404,16.448934518657964,2.214428677884205,293,Autumn,Shenzhen,45.23246409171043,124.53907287391648,Monday,13,2,2023,Haze,90,2023-02-01
181.73805717356117,143.28567890545335,15.74633625054152,9.398471619666129,4.935765727448712,170.3487327508786,22.066353486710355,57.457457591885735,7.19699378734005,25.87725945173516,1008.2905149103166,41.41055572941311,0.2640349646768756,68,Winter,Beijing,48.22377581206865,120.2131901973856,Monday,6,3,2018,Fog,75,2018-03-01
157.7684753875794,224.004604887341,32.066648010576955,36.96396281018973,0.6523069081867972,168.09147225535122,34.10713476315033,83.81308724847199,6.328971922040844,43.20523264472064,1028.0755617114328,24.07319770658352,10.505961167507854,82,Winter,Beijing,39.92135353111202,125.84106632206333,Saturday,6,7,2019,Clear,31,2019-07-01
89.76240403427646,241.1537249585567,87.14781165018911,12.16863202580225,0.1805308043802585,194.48687270887407,-1.2312691001489533,85.11264378321593,3.70793137255708,315.76203225328754,1029.2970773190325,6.8792057234201565,14.265325637237725,427,Winter,Chengdu,40.89283088836646,108.7956685480698,Friday,16,9,2020,Rain,71,2020-09-01
191.6653014245112,249.92661286762072,19.54856096285195,14.35147304586544,0.7000268130042692,76.63653651875086,31.121032570968545,83.44215670724692,8.878216874463936,93.51281872105672,1012.6044436100316,28.47906274920344,10.98698200424,470,Summer,Shenzhen,25.093015555973796,122.910249139295,Wednesday,12,6,2017,Fog,21,2017-06-01
73.8079098549553,128.89235102963488,14.166701112065644,37.50481507736251,4.063242095847762,19.99914101234735,22.664557344715725,63.90679387774591,5.890140400545914,13.102342051286318,1049.0153598957852,41.49264637975112,2.461184780723783,348,Spring,Shenzhen,26.845457585733246,95.60876826587725,Thursday,15,8,2015,Clear,92,2015-08-01
125.55188747427466,299.70229261089287,76.22686563512953,16.39923049734542,1.8695010271446597,11.55726055782805,24.06475055751106,80.29349254406458,1.8106787764355448,255.35876551479495,992.7880125447288,29.820453737920797,18.60543343896151,271,Spring,Beijing,28.135778944651385,125.15170025270044,Friday,1,8,2022,Haze,39,2022-08-01
188.9504652271897,184.07915628681351,36.16237305442336,5.188008292023516,3.873551793052807,11.340325773112909,-8.57650137986253,42.99217683713663,7.02889579056445,148.35228434445105,988.893641501904,10.072079024370185,0.6728025765716368,214,Summer,Beijing,44.68913544854257,114.89851572550566,Sunday,13,3,2019,Snow,95,2019-03-01
134.11604704221924,56.745414825438495,27.77804343473114,17.602714578660486,2.4486322651628813,90.53891867291874,-6.682070461363173,10.210542675238331,0.042385081873475,35.29671963757231,1019.3176358049608,37.57133705690559,3.446824262464656,122,Spring,Shenzhen,45.47062081008551,114.10207490777624,Friday,0,11,2019,Clear,24,2019-11-01
129.42477959674525,147.33458881287052,56.88341236010477,27.537106904871536,4.131286613323506,172.88375062675664,12.860325372141943,43.10392726855539,8.289113756330456,296.22841391221226,987.3292270764374,18.583180902902875,10.798406222676702,205,Autumn,Beijing,44.1600295248637,123.1856527658241,Tuesday,2,11,2022,Cloudy,17,2022-11-01
190.25440469057529,166.5688236061733,12.913208197899468,4.436702403597399,4.722571966335509,115.99211453228251,23.426043585566475,72.81442998606602,5.869768796485931,15.953993683306471,1008.1193517802536,37.23590999817343,11.581394249201807,106,Autumn,Guangzhou,23.58372286278293,104.23803488297776,Wednesday,5,9,2019,Haze,59,2019-09-01
198.4326561881817,178.04824467869022,95.91082775793646,9.700137196048855,1.0721059815298095,75.79891995828635,39.91872333813544,35.8638023143352,6.085216490329249,199.7167860452617,1045.8902416272565,3.7026687435425134,11.413759096450397,253,Winter,Guangzhou,26.299015235455837,110.6272364640433,Thursday,2,4,2017,Snow,7,2017-04-01
237.60375871408,250.2990879094016,71.93137917643438,35.80134458493575,1.9489603143635064,92.45184172342526,38.26367169322663,51.66791214701646,8.892786609298232,334.02555475277177,994.8788876911248,48.532291426958,10.149053944707882,472,Summer,Beijing,42.97710429875708,120.05043829132472,Friday,10,3,2016,Cloudy,4,2016-03-01
73.81564125977312,89.26521387932506,83.3927239248813,38.2286673450304,3.805806365419623,184.2699002281064,26.934069938146955,27.845458393322648,2.5784442699982666,35.48474800302269,1019.9298690642833,1.2527502087545106,17.068948031043227,453,Summer,Guangzhou,32.306658635473894,127.58442249250776,Friday,11,11,2020,Haze,82,2020-11-01
51.76366969867036,191.06022521710773,62.79235298695417,2.5643984938316624,1.575215263674432,109.662415719391,-3.83278853472028,70.67566782292809,4.337697742623141,266.1992124082577,1046.9883237238696,30.34052260373575,15.314747973793674,422,Winter,Guangzhou,24.61104751777573,121.4717793085858,Sunday,12,8,2022,Rain,3,2022-08-01
208.62898971921007,48.447145265801225,61.92871633526827,39.328769189612565,1.0020603822632088,194.1734555570928,25.46254034685404,99.55584446137884,2.687403859228655,348.5338508662953,1017.5090231699756,20.0988204813119,8.22341995549432,23,Autumn,Guangzhou,49.71793325172189,127.11474976478728,Friday,10,11,2022,Clear,84,2022-11-01
217.87837113278053,257.0450211420628,34.90368709218017,1.66548025967478,0.2520184955146151,154.48821600412586,33.4654412601018,89.25658367118763,0.348670343217502,205.8697642163177,980.381475125483,46.75869922501754,7.1833077808408365,141,Spring,Chengdu,39.36246725574128,104.76091630152472,Sunday,20,9,2023,Fog,37,2023-09-01
234.0323879958217,200.9808193894632,94.3326114364096,8.142481522627673,4.782301836612452,143.2216831074595,35.144703089082434,64.17344505044397,6.412223364942865,14.646527450171284,1036.3084867530542,46.37650193189723,0.7135342704213085,293,Summer,Guangzhou,32.9121592669262,124.30529590475076,Monday,13,11,2016,Fog,55,2016-11-01
101.8629125930289,80.05862678906414,86.38719126172778,28.001166313462903,3.6603502342855663,24.78134648930811,20.90820970717135,99.68788685882645,4.954622530191422,163.34374888258063,1048.1078648715554,18.74095889859072,6.567621868248964,233,Summer,Guangzhou,22.39084917836217,102.27361367821467,Friday,2,11,2018,Haze,99,2018-11-01
115.12960584520812,35.3647967327942,50.57611576724185,7.756391915216624,2.338998532628878,140.3181035538895,4.634890490316499,39.42324012905806,3.6027277955288897,123.95795309697202,1016.4235503465892,43.974979122109,1.5155876440640934,27,Summer,Shanghai,40.54454840272505,126.76773917878364,Friday,21,7,2018,Haze,72,2018-07-01
175.56807718323145,189.4956459652525,69.7758043532819,14.676793164007725,0.2097827171728233,75.37319148532954,-5.060238177413103,50.88857977436055,7.273370464008847,216.60746266705328,1040.7417693417758,22.56675937528683,3.569168879803152,424,Spring,Chengdu,44.3732275637111,122.92912129709444,Wednesday,21,6,2024,Rain,64,2024-06-01
197.76789163377805,251.37194868113704,35.60900684332667,20.929134629078987,2.316898883388194,80.03809310710663,16.65295979766165,92.61470338633656,7.583813111916791,301.1864004800751,989.3079636566104,33.862569533149475,9.502785913704187,220,Spring,Guangzhou,42.094905077799865,121.02165843029096,Saturday,22,1,2020,Fog,45,2020-01-01
249.2501735210788,65.02833093570717,55.45138355582536,32.56033922391117,2.654399832018321,178.9255948089256,33.576038872274495,63.78010373989776,4.921143692240912,74.03236689579741,1010.020197100313,40.97058884739104,3.3528417358402103,35,Winter,Shenzhen,25.856552329292043,100.32275688856068,Saturday,19,1,2023,Clear,22,2023-01-01
54.837727075609024,151.7538108845162,49.8656088956565,23.214131903727157,2.8543877390379837,58.93588501716688,3.192460319173932,27.22537018878957,4.562245182079449,301.3384277300961,1037.6948274287593,3.9057798737011984,18.506258796805596,300,Autumn,Beijing,27.93374299121773,99.8487638028005,Sunday,19,6,2019,Cloudy,89,2019-06-01
52.4124568965108,124.93191001189858,55.64808447636096,15.452079447469796,3.6278701826203816,190.41030440601835,5.234707416848959,81.0123016497647,9.730583839109835,183.18636516540855,1038.2909384179295,36.824966337030666,8.085711587340363,340,Autumn,Guangzhou,45.78460549524233,128.81786358589176,Thursday,12,1,2024,Clear,2,2024-01-01
52.797166910935246,113.96736366859302,77.16144510875127,2.7105181783641528,0.5922935594252751,126.00857883756804,-3.0124569308902416,43.81410510567844,2.4573353832695943,254.59798674092823,1001.686755809824,22.87919587463324,1.8286608155299688,455,Summer,Shenzhen,35.350445529762766,90.05285673494295,Saturday,7,11,2017,Clear,6,2017-11-01
216.7431411310805,285.140694988322,39.47151534286251,40.37634633393777,2.45876722054222,41.67767362634568,36.51657257405217,54.97945802149758,3.526653027480166,158.1981855537179,994.50827818104,5.317085095842378,9.045467086650133,427,Winter,Shanghai,47.338869244060106,104.369638036441,Tuesday,13,9,2021,Fog,69,2021-09-01
94.46929780821608,102.2876143982705,84.81094377754572,39.85058042893037,3.5400488104250942,153.29579039952924,28.408865645254917,63.31738257067383,0.4091178563599285,154.546119069854,1004.7191321787756,2.176440343342639,7.930204562975278,235,Autumn,Beijing,37.50909458752638,117.37160242021088,Tuesday,0,12,2018,Rain,21,2018-12-01
180.97239992174903,78.95496572502992,79.81865020844585,46.49688977521184,3.932825213201865,46.232202052492646,-8.809132292684115,65.56382655038803,9.969454361396297,84.48855616779488,998.0942254389086,35.860236073596816,1.2757397350964506,85,Summer,Chengdu,37.940441384318106,127.49293318868872,Friday,22,3,2020,Fog,22,2020-03-01
64.70128599561727,290.1561822529533,34.61077255126007,49.284270711705936,0.5082346030567481,123.8309652037738,29.301168302799475,81.1301077856171,7.860716328942771,247.14264042398543,1014.5910619127492,29.990768645269394,6.860292794488407,375,Summer,Guangzhou,21.721478303561533,125.12330343026596,Tuesday,11,1,2016,Clear,90,2016-01-01
36.74839010768196,170.81207006191818,85.01057054068043,33.52464550371324,3.0824136308868084,81.04932974263896,6.598857172734228,43.21168795471703,5.057471636356424,161.6227400924746,1018.0451904499452,12.254143946026346,18.463118493072955,382,Spring,Shanghai,32.551771808906125,90.56080555507508,Friday,6,9,2023,Fog,56,2023-09-01
163.0581920006833,250.34417590484352,94.41443588256315,16.87089213341119,1.1941890283860548,35.762707074445224,4.751260860506459,46.5972519706369,1.7367441456412347,144.40528573819006,1044.4106607429487,11.497778128395913,7.987875930251217,164,Winter,Beijing,21.512593036219663,103.87511423187853,Wednesday,12,11,2020,Snow,47,2020-11-01
229.1883739009077,298.70388094611764,35.60490174820687,41.87908916445532,2.788944108279571,161.5353794106865,2.719515000559751,54.17111955821316,1.5328444530368834,339.7821198360125,1026.1791259359434,26.0700189505472,9.055728900700142,122,Summer,Shanghai,45.96208264616918,114.28906081170446,Saturday,1,7,2023,Fog,67,2023-07-01
209.46669018675323,87.75030163989523,86.24286180187931,12.863329643194248,3.8874218544546832,154.4373383716207,27.03481949315595,99.805913453423,3.590839376814683,283.178838731246,1010.2059495013262,37.05281664366479,10.36693247133124,206,Autumn,Shenzhen,33.631876486659785,107.7293336323216,Monday,19,11,2017,Rain,70,2017-11-01
140.3739396196674,38.73575231993494,35.12097765783952,10.539172107978343,1.314438189492971,56.89806228516076,5.916089089683227,81.49292148829159,4.754031976332032,83.98591859077649,1046.329857917745,39.538880186379416,7.032528857635365,491,Winter,Guangzhou,25.88061196538882,99.83794089585312,Sunday,8,7,2016,Snow,72,2016-07-01
20.10118444312593,292.0959734708231,34.22770597871727,48.86568403459231,0.6260523238974997,76.28878720588936,8.553021032412609,23.975227169703857,6.459409175266142,53.21890577510145,989.380163198291,29.83002380496412,18.356704145268896,413,Summer,Guangzhou,45.996756791123225,126.92265776978266,Thursday,4,12,2019,Cloudy,97,2019-12-01
132.36891334097436,104.5886686323314,76.39956466091706,15.002617664672034,3.189256092717752,160.9489878478717,21.015174272448025,53.84538931595751,2.098722374360358,279.52937002080296,984.5052591671252,43.40624099141694,14.92844830457209,108,Spring,Shanghai,42.09927376487936,108.34990306727768,Tuesday,5,1,2017,Rain,48,2017-01-01
62.50202848158281,158.02654178661334,52.1404708764633,7.143466153917434,2.506036697405457,115.19285835858474,-7.141752510053891,47.615974594476775,5.560990457213504,188.0767905051751,1012.0235211452624,49.4322434830485,6.340119714235589,351,Spring,Shanghai,48.05603186388862,127.02833106108434,Friday,0,8,2020,Fog,34,2020-08-01
127.6587397398739,198.07724848964912,49.10365615195369,39.435448937579686,1.882397259963769,146.54561118980544,-2.554556840546286,80.77650470442272,0.4059752546198625,272.7066130299064,997.2851447246622,33.86340801692606,6.787003845030329,471,Spring,Shenzhen,33.290970933792664,119.70751030499088,Wednesday,9,3,2016,Rain,56,2016-03-01
36.218319883101614,68.65140017488733,82.03713283116038,27.92345721747482,2.177707838069599,150.0737078258295,38.757881124318494,73.15233352136332,8.808093367082627,153.90920322835268,1016.537636464201,6.165637873689455,15.425773165704308,231,Winter,Shanghai,36.547766200370376,101.22639466889468,Monday,11,7,2019,Rain,4,2019-07-01
34.057843899484524,99.13553879790318,52.31943125636419,46.90164377728706,1.5846918360608184,125.62763172701284,39.1018801047379,50.47541146008117,5.478782709935003,44.63027776468487,993.3588277758986,4.297379196988594,16.094469243051304,373,Spring,Shenzhen,43.226835063180346,111.08436106197114,Tuesday,1,9,2017,Rain,48,2017-09-01
222.02226407119616,31.293665043575288,83.7297125476746,30.10001255773628,4.087452417093493,145.764368605562,36.49623016905275,75.4680750815809,7.245674151998731,318.0670951742532,988.0585856068484,2.845252682061017,14.357090965123776,57,Winter,Beijing,20.131428368350704,111.93017448202248,Tuesday,3,10,2017,Rain,3,2017-10-01
43.23853381775075,150.0241021888166,99.40090212061416,4.530033997685656,3.4423371771421443,112.0419584789198,39.23821111033703,49.92403376214341,8.47385895818446,191.1823874434609,985.6562154859332,3.727993955756826,7.179512700903072,37,Winter,Shanghai,43.066564917980685,111.5739050641212,Monday,13,6,2020,Clear,9,2020-06-01
100.01941400207907,226.7805202791152,13.632908268704131,35.17585012608219,4.236869870573914,173.8268682607839,22.676306732218865,24.49865497067776,0.3010383693104956,0.5283809492972091,1017.0430208951952,19.11519096127267,4.055669616351884,429,Autumn,Chengdu,37.60212982297615,95.97740573414696,Tuesday,10,4,2024,Haze,7,2024-04-01
54.81713863466637,135.54611235264022,74.9123464790789,32.15529474698411,1.2021648219408725,186.16924735211188,26.00874809890731,39.54277569976975,2.070948885168995,21.536857306129168,1009.7491679380796,31.15440782428032,19.259568799733064,242,Summer,Beijing,30.99010789393761,104.48015735571674,Monday,3,12,2017,Snow,49,2017-12-01
23.07517107193168,234.63437101293707,96.48736120847786,20.745718715145017,3.848040375000706,14.505041113653784,-6.231794268925613,70.91557166770865,5.412690373538277,181.01270224153149,1026.8984755383442,20.923192483099168,11.965224477054946,244,Spring,Shanghai,28.876758393217003,110.23110981761788,Saturday,18,3,2023,Rain,95,2023-03-01
52.81851378216408,55.834439698217416,7.688935524633996,17.29290752674356,0.4548319626865439,190.88346044804808,26.89299028758782,88.15271989231951,6.203227984845624,3.623274386692241,1033.8108734001794,11.333317740881837,10.941876808867644,474,Spring,Beijing,37.89569232564712,101.01186928278106,Friday,12,1,2023,Snow,52,2023-01-01
60.28373571118397,130.27071278722173,76.58805107497543,25.842408747199475,0.1623650979494341,199.3423305696432,6.533238089908075,29.451674686742518,0.5653313250989234,253.79866402127823,1029.992007454316,49.981702241176,9.848067314498856,6,Autumn,Guangzhou,41.23046928511897,95.85283781659912,Friday,7,1,2017,Clear,28,2017-01-01
57.524050617834575,82.56224442302802,9.276150335875466,42.64494569990891,4.174932968355472,192.8777004392261,8.719522769213455,37.60863882763299,7.14113341463173,315.8147929790424,989.3970058292653,35.552514795738205,11.045387335679717,1,Spring,Shanghai,39.1116958605282,104.04720694345713,Friday,14,12,2021,Rain,85,2021-12-01
43.18191443265019,43.27012654580302,56.27699569996982,26.94951897919325,1.9281767661889528,124.58069689907737,1.420200690417165,45.26884067297064,5.687048989575414,340.539344699189,1011.446217442444,42.67747886505501,1.721838770667974,382,Autumn,Guangzhou,30.88647247851347,105.83711843010398,Thursday,1,10,2020,Cloudy,97,2020-10-01
128.03870936021352,83.52078870656877,78.92278798126989,39.0354925752136,4.686342663124496,169.0129562911532,33.85450471724638,55.031989667247736,5.983432568981804,349.30744180434937,1047.019398842907,46.54664721894581,4.103747851385587,33,Autumn,Shenzhen,20.954352096710917,123.95309749780158,Sunday,20,11,2018,Snow,41,2018-11-01
141.89872191003724,46.99677844543592,71.02683116332898,10.16592786030831,0.2439613341427691,86.42217806063093,27.001769354245788,40.42900881673648,3.4920750138305188,276.2281845307633,981.9672084097635,49.95570662967759,17.502404237672273,312,Summer,Shanghai,45.74228956504943,122.72447495509678,Thursday,16,4,2020,Cloudy,90,2020-04-01
205.2695049325792,156.59730261685766,21.30164900894469,12.62093772625307,4.648815353468379,63.03581022942503,-0.6337771225864444,10.2985355796312,4.196059025891172,198.85598782834043,1044.5329330477325,7.5997465362207635,13.29703863259448,426,Autumn,Beijing,42.32444797926246,100.88989286242294,Sunday,12,2,2023,Haze,19,2023-02-01
26.89646515957004,191.7270125626732,42.44592179117945,3.4186161857382413,3.6233707147565504,26.71313615655536,25.171222454067063,89.64843238830377,2.1374063037963884,55.3279501271589,1027.765058557799,2.291575803753237,15.273061957611832,237,Winter,Shanghai,23.044826534596325,115.1700760731099,Monday,7,2,2016,Snow,6,2016-02-01
163.11240835659538,252.59384889248437,22.791203958617164,14.785165798755887,1.757649118237702,43.80485334302818,30.427188288334705,15.838722265453152,7.6002607278199585,325.1265861558586,987.5135218931856,17.733264503913027,13.75445357211766,278,Winter,Shenzhen,42.27835055873031,100.06684862551734,Thursday,14,12,2016,Cloudy,15,2016-12-01
106.64453827594104,207.6146412626726,27.05351632901209,24.73481750894413,3.678894407205468,52.43433638521807,22.87456997532339,54.01634177188552,3.711875298413083,8.295496643926569,1000.4979347765136,48.7325697378384,16.17923205625306,459,Summer,Chengdu,41.77814567473828,99.12377604634918,Tuesday,4,6,2022,Rain,64,2022-06-01
135.89122190977758,195.77632080028607,55.86816234746108,44.2520214253479,1.3595599312442783,69.27883120460342,20.56336929723182,19.831490333217943,5.26205635901336,217.95409973634884,1028.7611165614212,35.24145779412942,3.234127439567152,360,Autumn,Beijing,24.53698661852732,108.23118497212069,Tuesday,9,8,2020,Rain,74,2020-08-01
85.7793133813487,167.88362709184548,59.09572099624612,21.050632982406405,2.989984230707261,81.6481375287453,-4.9924277241788015,56.00974547006548,8.837069658003319,146.20715892803273,1029.3810419590031,48.16527207669809,18.69343642111228,174,Spring,Shenzhen,45.50017102393274,100.33990566509767,Sunday,18,9,2015,Snow,17,2015-09-01
203.00701125957755,291.9692663762532,85.54454965229962,40.28128993097988,1.9935628355681283,19.945705082869587,18.82675451780544,93.53654175375038,4.602089268332255,61.71591823607736,989.3356574672424,25.251431088268777,5.160752651346437,307,Autumn,Guangzhou,42.65664985374701,106.84458291966746,Tuesday,20,6,2022,Rain,99,2022-06-01
28.45919812606937,57.69968569489818,78.90705274554564,17.437473196183976,2.788243994086288,195.9479428168761,11.167518871621194,52.37259180329932,6.450312387975041,37.76422471052834,987.6432703560768,28.2714424134818,12.352956248215095,2,Spring,Guangzhou,40.89642077780736,112.74299850244452,Tuesday,9,3,2023,Rain,52,2023-03-01
191.1267065932843,183.73840400485815,67.35970037157037,35.25324493108522,0.6558920918691032,74.68063638970183,33.730603376403174,78.15450071771812,0.7155411709638437,87.65463277843043,1032.738993277793,17.818587061641587,8.692067682797134,54,Spring,Shenzhen,32.11439992361845,96.24118919536068,Thursday,20,5,2017,Rain,5,2017-05-01
239.7215003618068,85.1423350394206,39.258613489032086,36.95986089461184,0.1755286694219168,121.86962197453362,1.9940337156610892,30.875536047023527,9.282073851858163,109.446615602082,1023.0777101080768,5.238183370660976,10.611621544904953,50,Winter,Chengdu,48.45846140873718,110.58887606316486,Sunday,5,8,2015,Haze,4,2015-08-01
55.541007266365135,224.54288053691212,72.12596186877761,41.78433187379356,2.528612955127403,86.37075598773346,19.748269515197585,80.96475572843532,9.362011259134244,74.26043403879575,983.466947804825,6.588444803878085,18.66290495276089,404,Autumn,Guangzhou,38.31825259868821,99.74074814405805,Saturday,6,2,2024,Cloudy,37,2024-02-01
109.07612967313992,260.440339209935,65.64134562587229,37.057793703549606,2.769903580488871,11.2136649452478,23.00011580104104,76.15626402862814,8.590687452840815,27.113594082680017,1012.7725315349952,10.096445858965437,15.569952015971396,244,Autumn,Shenzhen,47.6726521489649,104.9067448467746,Sunday,19,3,2017,Snow,95,2017-03-01
173.99563034896929,106.96275891030172,98.89844032299588,21.097729495004813,4.558375372685535,56.12977881492445,-0.1126429458742723,28.254759952831744,9.162165369990785,288.32185360558907,1001.2090508127776,33.35657299634885,19.76874544944786,287,Spring,Chengdu,27.47951114127977,105.83691145042624,Thursday,22,1,2023,Fog,95,2023-01-01
163.87957762478223,82.78208493234918,30.67840790161753,44.25888843367591,2.5951783774500226,19.57375751230068,-4.412545467979325,69.66838655162834,4.421479210803216,289.82786469175164,1009.737849413242,49.30934344525644,5.372766829262536,200,Spring,Shenzhen,35.86121184492414,124.79828641049238,Sunday,9,2,2015,Cloudy,5,2015-02-01
169.09886057838077,174.94524615519595,49.51461193036044,27.439565304399792,2.9975864124524647,42.31882149408327,16.197088207638526,31.864897355941103,3.97079726342172,83.01365220355846,1027.646687745564,21.25593531047173,9.561031167340497,87,Summer,Shanghai,31.379302042588527,118.66774210053958,Monday,0,8,2023,Cloudy,99,2023-08-01
108.57171663958472,200.75376126687937,75.23802322774478,14.171171750756123,2.3240304395220908,43.1393790157987,22.753084795333383,16.91906000192722,9.20879098493952,227.19197190814955,989.6295649156456,26.147590569320784,11.747293246327398,88,Spring,Guangzhou,33.291404765876386,117.8332831870974,Thursday,7,6,2016,Cloudy,34,2016-06-01
170.30826849359784,159.2334100375973,70.16880732525938,21.11516280005548,1.0633343106089967,120.15101849160448,11.82926520363086,43.72895821199365,4.852568806932808,177.28988169833332,1004.5167187801532,48.72012080977816,19.118402798774497,56,Spring,Chengdu,48.58830268613876,107.87050065452276,Saturday,11,9,2018,Clear,43,2018-09-01
214.8806193195312,230.2142569323193,29.660369428796336,39.57563242727027,2.3379910719405825,168.65625838110904,7.371273463669752,75.93272913568123,0.1536001479101645,306.3428696358566,1001.9661705341164,21.842646310164653,14.711484889615926,412,Winter,Shanghai,44.3921951602811,103.47021967042616,Sunday,15,7,2024,Clear,7,2024-07-01
227.30745277421067,27.978701594054066,78.70289005936004,7.180666738891556,3.995282905308364,36.37265477140564,28.884615641380712,71.65674582991058,4.538563107585329,229.297707835634,1026.897898564984,48.461199781672335,3.5189371394201614,287,Autumn,Chengdu,32.15554704022874,124.4483821592645,Thursday,5,2,2017,Snow,34,2017-02-01
82.20498566377582,276.2553235581905,53.10667332102972,39.54981202602839,1.781305840107498,142.29485454589104,-0.8447379624235225,79.60069148711948,5.419802983292005,130.90551383175625,1013.0501948984502,14.4650257203021,3.948327837125407,140,Spring,Shenzhen,26.414585849169924,93.7193298663769,Friday,9,3,2016,Snow,43,2016-03-01
52.44946875359092,54.95929408797608,72.63831468879819,17.87869188807541,3.63020760149915,119.86366587409152,23.91972425136208,14.0122963139786,7.30644607589436,213.8300080158956,986.871151234745,6.064678504308746,9.553656582029376,90,Summer,Chengdu,31.37173945177549,118.51108939589903,Tuesday,4,9,2023,Haze,14,2023-09-01
140.50590061093885,66.72597330568064,68.04848491904065,46.89455129651477,2.7940199713314486,179.66421926204737,27.841173273339585,95.87976597530523,6.203139238172236,54.90281487878213,999.7246496815296,39.41950466105615,11.366079766605704,157,Summer,Guangzhou,49.37964308701305,118.78544026260572,Tuesday,4,5,2024,Haze,47,2024-05-01
184.18377351432957,42.38226224996056,58.80318718633581,10.94634673842052,0.4311560436503507,170.06206047129658,9.181677781743574,28.346824433211133,1.2628036406631504,150.4246229548763,986.9324723661214,25.26896181244072,13.398196351954692,405,Spring,Guangzhou,40.13254803083393,101.7703256943293,Friday,17,1,2016,Cloudy,80,2016-01-01
23.439733047201614,97.96057386460126,23.63940693077957,47.65656089344334,1.489172131201527,128.38212357349698,20.76736343430048,23.756562751848783,9.581947699246111,311.04211423352587,1020.9894535833796,18.391165265381957,18.82032763239589,91,Autumn,Shenzhen,22.18242308765173,95.2478214149664,Tuesday,16,12,2024,Haze,27,2024-12-01
79.73950441586064,139.6359191084309,8.794582984325494,26.00148440722192,1.6548201452198934,56.13688290327356,-4.589259833482026,79.81562329653659,2.7339848646592824,333.0999168804106,1045.1503165581337,43.3620022211894,6.040428958105284,317,Autumn,Beijing,49.63364833009028,97.63139632710566,Saturday,11,9,2021,Cloudy,51,2021-09-01
222.4437609659262,188.00601270205536,38.52365366201512,19.26621741881836,4.34151994711592,36.99902716731826,4.102813232139894,75.07641193067435,2.4247439158457174,231.33486847006475,984.4266125462522,41.93487614063087,10.633336550901252,96,Summer,Shanghai,39.3793776394788,95.77793919640276,Friday,15,7,2018,Fog,83,2018-07-01
157.3896667346891,151.3169448112143,73.67742895321088,30.94240199229133,4.1311091975414,144.79853157258228,16.199839867626274,17.764943509754332,1.737448944111124,36.29135709684919,985.1433976462796,27.38127792480384,15.61843214655631,368,Spring,Guangzhou,37.11586765874376,98.85944931396646,Monday,1,11,2021,Fog,15,2021-11-01
128.11883879324654,171.701768182994,52.18403901101767,32.74608711127085,2.266084975337136,188.13644255917225,-0.9135942580027104,32.909248073137206,3.515055756198445,305.8219401211802,987.7598971989532,28.40375840328048,19.64196793677904,328,Autumn,Shenzhen,38.519717190215125,102.2202224913975,Saturday,18,11,2017,Rain,48,2017-11-01
180.9271813499253,189.999039012964,55.96399840698561,28.310486450012174,4.641468964574064,155.17699145590186,32.32627154892924,58.50642177447766,8.87023351521106,68.45297253731884,1005.834382500134,30.442096776702275,3.0593364814921946,322,Spring,Chengdu,32.64554382749757,90.85229613226132,Thursday,21,6,2018,Haze,72,2018-06-01
50.39222888119685,63.0507221579192,93.16181058670496,32.107653773595764,4.577618728023798,75.81465102765564,28.251898411336526,98.8269679796991,3.261992809048277,165.49244731629645,1008.5610241847314,30.898616282043672,6.225301367895474,316,Autumn,Chengdu,45.04541001105087,116.37524292958186,Thursday,20,2,2018,Snow,38,2018-02-01
84.41259682680615,267.82570672172784,86.6683266817535,28.76842199461473,4.781193392279971,40.16714964053716,3.877017105892669,48.978650618956046,2.236020597184125,119.0074734194652,1048.4598581900884,21.72309875840206,8.595114745093946,288,Winter,Beijing,49.71105159637444,107.48372678935934,Thursday,20,8,2019,Haze,18,2019-08-01
90.2688164099301,90.30438408895384,87.5009827713401,1.8115736102223017,4.310758402082043,127.31925658702028,17.84283074326651,25.920248282784648,2.216496370181784,151.16448366053348,980.2008093393464,42.91218462129962,11.583497492769732,356,Spring,Guangzhou,28.32898882155264,106.27113571654252,Monday,12,2,2022,Snow,38,2022-02-01
238.4507346313744,254.89166239112248,88.67317911926685,39.22763156241914,4.154864493473617,61.75722649435672,-3.567490593319347,47.077062124912906,0.5762213893227475,15.337230997576942,999.9995363879729,38.87183250675859,0.922919809715076,236,Spring,Shenzhen,41.732327094298185,96.05727510880637,Saturday,0,1,2017,Cloudy,30,2017-01-01
66.71332537700764,90.6694505262658,14.23612114666676,28.787145156058603,3.0779356468109182,54.640280777340976,-7.590608098642756,83.75219783612924,0.2685339879604675,143.97174821792024,992.3097992174684,45.24729868394148,9.407796165726724,38,Winter,Guangzhou,21.001774930490537,111.13529947264242,Sunday,15,3,2018,Snow,7,2018-03-01
75.72185392531013,155.70067168118172,82.02723028515402,7.446458132343912,1.6508839646257634,85.53240253312795,5.539130866160789,86.9218848770968,5.831435335809172,90.46218579120595,1008.7238385247396,12.756817222851495,7.361350125925743,331,Summer,Shenzhen,20.614065795068395,127.74371275639736,Wednesday,19,10,2023,Clear,74,2023-10-01
23.55315798182477,57.98892072352315,45.27882204586977,5.233273496417382,4.698627139993336,90.0331424852603,-7.886974282886324,80.43070933230018,8.790236090672895,174.8984309423861,1046.303260876066,3.055502410356492,1.7880134803854386,202,Winter,Beijing,24.85569497097176,92.88261637946304,Saturday,16,3,2021,Clear,45,2021-03-01
98.17909531381932,220.9703312704557,53.53110376463516,9.755907985609392,3.968912465461621,103.69023707756337,9.642875671021995,39.356235820893374,5.597479574617016,17.508570236501967,1009.4780465921287,10.822340265097464,0.3629624078877675,178,Spring,Shenzhen,48.7582297816148,95.68097643872753,Sunday,1,2,2016,Rain,16,2016-02-01
159.6260827268128,229.15952612937295,66.9298030474759,29.241361200718107,4.447902923428976,63.24898974323677,16.23382594683602,98.2214246384395,1.6695031245617753,342.8351376497272,1048.5657918538905,20.088272176230664,15.80191684622918,276,Winter,Shanghai,49.6312236495923,93.11996927395724,Sunday,23,4,2024,Fog,73,2024-04-01
131.65273642175984,279.0127184532516,38.36437188832869,40.20782079306616,3.1303717410559724,85.1964206485874,-9.886059227027404,96.41055434128084,8.94853816202088,82.58186930432971,1034.0622394349095,22.447555133918677,7.924633373710391,309,Autumn,Shenzhen,33.41567865420224,111.7279178847977,Friday,9,6,2021,Fog,19,2021-06-01
145.59218746580453,47.43628280569899,40.34719261826586,20.58162074078191,2.783839155822714,51.77769339946074,1.6353815217624064,42.32903129998187,4.046900789622367,171.9942457492618,1020.9324744763462,25.31969260224138,12.09645017102768,417,Summer,Beijing,24.88122436102843,97.40346732851924,Wednesday,20,4,2018,Cloudy,39,2018-04-01
97.0371392235859,257.9941486091196,59.78866875616765,7.201581344715195,3.3407141368948103,76.5719140637089,3.619603050302681,25.23637578165668,0.3398284407040375,36.93112584012973,1018.1262490625096,13.890264562360882,7.773080140312293,11,Winter,Beijing,47.8882140457019,107.3527005245012,Sunday,19,11,2021,Snow,68,2021-11-01
101.22372511507372,44.82147696492092,61.97977048038733,7.46589038847978,2.095220572050149,61.516727385633146,20.10935939141482,45.484484226063806,1.1754996698938636,336.9333617714936,1025.2365226016177,24.510180151433737,5.0925024064192055,29,Winter,Beijing,22.30487804206173,109.03311350454103,Sunday,2,5,2024,Clear,99,2024-05-01
199.31940506542784,203.92331156146295,44.194641921164326,49.98985020662516,3.1004123712385137,103.33028882667136,12.047434057516352,11.841861572764731,2.163388537355603,237.77957340209895,1006.585907840152,43.479857647694345,14.545918267784888,305,Autumn,Shenzhen,46.91821203557824,120.03703030749706,Sunday,13,6,2015,Fog,57,2015-06-01
228.89802028958863,66.77317935936199,55.0517381322856,28.842152602566383,2.2202473747252487,127.32335950511066,10.64711926055175,63.67571236414535,0.3584604128326984,66.07187352606871,1031.512262297798,18.302260561300223,11.594373959776105,152,Spring,Shenzhen,20.21173565475039,101.61937676230332,Tuesday,8,4,2017,Snow,87,2017-04-01
130.99756761575514,103.0587252768734,17.810801339227673,39.17927743475881,0.7196687396413183,87.17311450963905,27.073073652281124,77.88626276666191,7.311409365015702,94.56121802157914,983.039621737274,40.67938593053192,14.937821155917336,286,Autumn,Beijing,25.06700919836355,122.1449359429038,Friday,6,11,2021,Haze,90,2021-11-01
153.04730873809115,47.57525393190708,14.82502314521632,35.4633296456089,4.9986584350286005,126.07819685706497,26.26637160491993,60.82757148813904,4.572592116897939,319.82694843654383,1028.7299466577433,35.35762944342453,9.629298033157866,88,Winter,Guangzhou,46.92938209062396,115.24095452420192,Friday,3,6,2016,Snow,4,2016-06-01
170.97379688230762,227.4100523992134,44.54558223895379,34.07500262121132,1.8699496716162325,189.69875782064707,35.513485876499544,61.35699466764371,5.843593690864735,40.989108858825055,1019.0899526924336,12.94624597507767,11.423224592101729,208,Summer,Beijing,26.260850965942897,91.5313557597317,Wednesday,18,11,2021,Cloudy,92,2021-11-01
19.50488997526508,35.86994992291416,55.53439329672263,30.36582797404488,4.919669407449994,50.514685742741946,18.62628675322827,48.34807637282779,6.13819203208495,0.0803499100197635,999.635641223045,24.47634847604228,5.581354055850414,465,Winter,Shenzhen,44.82584597413916,115.98739696747998,Tuesday,17,3,2019,Snow,19,2019-03-01
127.21125296526812,66.07908824762897,51.96493011688619,25.28651519866335,1.3180412613722174,130.17114241747674,23.026732492806524,23.23423648735188,4.345598978907889,297.24939208974735,1000.8105837021624,36.20242702763681,9.265116159604991,323,Autumn,Beijing,44.21285035815988,124.31473214897515,Sunday,8,4,2021,Cloudy,89,2021-04-01
12.392353825434768,291.82755509493137,29.17218545237301,14.350047719957402,4.742395275081107,41.18534027880486,36.06978751071323,62.78906944005857,3.2000787628070446,249.1633668005272,1002.2027433563486,9.51136449966205,2.89586090413318,105,Winter,Chengdu,27.97078388570228,95.10939897108062,Wednesday,17,10,2019,Rain,5,2019-10-01
163.24458250159643,228.54757415054277,30.89586190720358,45.05215245395405,4.705058370214496,122.36854398533497,-5.127231463957856,63.72392212229519,9.733312024166208,258.5934372475556,1023.1207710483708,0.3540912173434496,18.893944423293867,203,Autumn,Shanghai,25.02269175018209,104.90010981704876,Tuesday,9,6,2015,Snow,57,2015-06-01
35.807469232027685,171.8507540163422,99.3378906966294,19.807958527601272,3.870394146325181,134.86845179267817,23.314452643111693,57.80580734989249,9.581779755034145,60.621896067048496,985.9299648106792,10.220019758421708,7.725257940513176,445,Winter,Shanghai,42.53276493115258,125.88049046812662,Tuesday,2,10,2015,Cloudy,50,2015-10-01
87.1664863161171,92.74727142776496,64.58851744771815,29.75849975567453,4.225395105333094,44.48261821458278,39.53289536192885,68.84184317215424,3.479203665820515,53.39033727066936,986.6120983615576,39.27690693410603,14.502646912164094,382,Autumn,Chengdu,22.468469444187413,119.25821600235636,Monday,8,10,2018,Snow,31,2018-10-01
154.601042814315,85.97829868038188,53.64831761065755,36.40971285351943,0.1424256413815839,15.51802928283598,0.8286747210439565,74.41268718871152,8.424313293439514,342.8121110589758,1025.7229171470883,32.689864708396364,16.392017733461664,308,Summer,Shanghai,21.56697320746336,129.54909739344987,Sunday,4,7,2022,Clear,70,2022-07-01
190.7855957636056,57.78272492735284,99.38274023505842,33.18896387674291,3.790608916377317,64.17217836781307,22.16974599361776,15.625154948316178,2.9433329925872376,248.62809573714583,992.2032195323476,20.256912913383463,0.5371608844980409,476,Winter,Chengdu,37.591663419712674,126.8094244760007,Saturday,18,1,2024,Rain,22,2024-01-01
165.15985302358592,214.18294040923607,42.03485837021224,2.405800215550744,1.1564228223545727,97.88451644632894,23.656007287464227,51.04290851711636,3.313363078478492,170.447445190218,1026.868098463549,18.726794843549182,15.84689773311414,339,Spring,Chengdu,34.83340495873471,104.06934390159014,Saturday,8,8,2019,Fog,42,2019-08-01
13.177177218098866,37.54805408775497,94.66186188059086,9.917416725264603,0.634719862728331,111.30535559541867,21.417874614266186,35.354827628553736,1.1293430574139207,266.1824738021825,1033.4334128153955,36.17658723069967,18.78605141403898,404,Spring,Shanghai,43.72376255100612,116.92689343236722,Friday,23,9,2020,Cloudy,63,2020-09-01
188.2620545524609,282.3273586771395,70.4656213073355,20.38398764134809,1.8028738907103743,195.11820138876567,-2.190775553624804,53.8391157387818,8.423699871027111,60.20227178640226,1002.1157300522136,38.05580378840789,5.2537043311618685,386,Summer,Chengdu,33.4777580515899,128.5658371072207,Wednesday,0,7,2022,Haze,87,2022-07-01
37.51315817546117,298.98217736638327,54.68947781156039,42.46595143324547,2.3248892792725964,114.44314047932968,-7.389848325551165,26.502542019185288,2.125356889433184,137.90977760255694,980.3726138113392,1.7291377179892042,6.727058495528665,157,Summer,Shenzhen,38.73447563640398,111.21095596072232,Tuesday,17,10,2018,Cloudy,18,2018-10-01
213.6170033267136,98.71467764388764,50.47375330687767,48.0416554475373,1.1920506998319542,72.51289672097539,21.884324880427588,93.66637022685158,9.22638979164308,34.88953435637182,1028.2391354272115,8.895612675085246,5.942004962744251,351,Spring,Shenzhen,21.42334915188298,124.12542393016751,Wednesday,1,11,2021,Snow,95,2021-11-01
169.3124462236463,213.72318984573948,57.904843389862336,22.87702252944195,3.809730325477884,72.2133995636076,12.276333601821776,43.8210752198934,1.4978853260478298,49.18612702641707,1027.8447209801657,23.285278695003715,14.887131923175849,22,Summer,Shanghai,20.62475544676325,114.95660136452098,Tuesday,21,5,2017,Rain,47,2017-05-01
222.6179307072881,104.2801737141719,72.31527039648861,14.170252940590265,2.8865737706912595,136.45176716851833,35.8234646020509,55.001505335444605,2.317954421837295,37.00872999256072,1022.12813604535,29.50062657836292,4.083739648904877,326,Spring,Shenzhen,41.81413436804933,91.8759602372462,Tuesday,4,4,2022,Fog,33,2022-04-01
149.93885531202932,232.10676584471148,55.84460966635993,8.417856218449378,2.034199524616428,171.02610208116388,11.017322586453297,41.04398616178372,4.957666440623923,81.92766812137485,996.6668319648998,13.560934214033256,4.997477677697326,493,Winter,Shenzhen,46.37793487883074,103.58142755370623,Wednesday,14,2,2023,Cloudy,14,2023-02-01
249.8238275845876,264.0076769384399,25.206434549044413,14.442485547343336,3.286627022774417,195.0230955382584,29.178531201502103,66.50490105302217,1.5628699271801283,155.95800755372065,1045.8568261745309,8.1753955531848,9.514088550180148,248,Spring,Chengdu,39.87391224570334,106.14509117807032,Monday,19,6,2019,Cloudy,2,2019-06-01
119.40390989135076,134.46710660690894,5.618078608043412,27.022623189177544,1.568708213077305,27.417692690864,25.076966057038632,18.03257383448001,6.437102658447786,100.52041991931677,993.5889571875564,8.859315462369665,8.96481248398693,196,Autumn,Chengdu,29.97856614602607,112.29962760138648,Monday,23,2,2021,Rain,65,2021-02-01
209.6253586392448,244.05865230269555,77.66321489715389,25.515891168442945,2.58677659478232,29.019164121507355,8.647761187941015,19.34114026319727,1.8716413968292112,97.44099499045976,1035.5017387185096,1.3778211302904908,12.260733551180882,34,Autumn,Shanghai,48.85389743125246,109.3942936583462,Tuesday,15,1,2019,Clear,6,2019-01-01
199.74467667036205,61.33316294267016,39.48291829052197,3.735834234736551,1.371191555716858,61.12255955280248,29.75191123053309,99.10204744155251,7.673721788815718,297.74851787465576,1034.8101473940849,29.81534025782497,15.597950624573643,261,Winter,Beijing,24.586569674633047,109.63570946865786,Friday,12,6,2019,Haze,24,2019-06-01
157.29317592531538,59.08116428852447,11.015550159959728,18.15895317188164,1.9143080476543328,183.03188018972824,23.57444940974524,38.36511307038107,8.239566326295623,85.73901270788733,994.2289661991588,33.409146989557186,0.251753016435936,429,Spring,Shenzhen,27.621519675449218,113.05435560809153,Thursday,0,1,2023,Clear,6,2023-01-01
58.250848663340406,290.5364928469239,33.795463330710035,12.973508045432522,0.6110255853128352,96.07262445592464,-0.4632773738554547,35.3396449234312,4.943370210158228,94.85554198729804,1000.7971423302148,45.71751506563266,6.795278469293299,441,Spring,Shanghai,31.494021350373764,104.75263145240464,Friday,10,8,2024,Rain,21,2024-08-01
136.18481406886377,44.36111311523767,5.023419522949706,39.030845232420816,1.3883163806694252,146.90583024853464,38.50044154938368,64.28947715940546,6.549009387369154,260.60796813963185,984.6951519510376,40.838859119453645,0.2549788956997262,495,Summer,Chengdu,36.64719100297899,118.27455165242571,Saturday,14,2,2024,Rain,81,2024-02-01
104.00011453450205,170.26858564082897,9.088958526331956,31.370670722109704,2.517296470535373,30.477445696816066,-7.244247666643152,55.87244451227036,4.259417639415442,124.74779923441204,1011.0216511643678,32.971636953155986,12.036999601271049,393,Autumn,Shenzhen,30.37063039862449,119.8714634277416,Wednesday,0,2,2024,Clear,18,2024-02-01
187.6498765980476,198.0157405514752,92.95459237669613,44.39126340282649,2.6225733348700597,45.55437699973663,30.99042344428566,16.827443875536776,1.6984840727072636,180.22141502908696,1033.6834569256434,13.84195859412658,14.465535512948714,83,Spring,Shanghai,33.155233063106,99.43804425858644,Monday,21,12,2023,Cloudy,57,2023-12-01
123.13964114206526,235.27800155598896,70.31851265662311,44.24208348239422,2.2283290372441,131.69938757978076,17.521741538475386,90.10824117186095,7.376556878999681,257.04529453806447,1048.8050052736803,15.67789521546054,8.40469692648206,220,Spring,Guangzhou,49.31487697610348,125.16210573965785,Thursday,16,8,2016,Haze,73,2016-08-01
152.83135650745928,296.5536652432539,53.91894751665946,49.6640030750274,3.20821938401303,59.77785485214736,14.185320667199058,47.71585774552583,8.351830128315488,252.5911218596409,996.0745234036776,11.428919456896324,4.076409013111032,412,Summer,Shenzhen,35.5210997471298,100.48605050774988,Wednesday,3,7,2019,Fog,2,2019-07-01
143.18121195470266,147.66166024890484,28.933846995332647,22.888262731714228,3.637236219785651,116.4357293049414,25.921071923507,43.40107515479155,9.576182744815483,128.38530762208427,1045.208920695483,15.981954950254355,17.72054582029105,440,Spring,Shanghai,24.7855829951104,101.65816846073136,Thursday,6,12,2023,Haze,70,2023-12-01
202.108763325986,157.14712636605893,81.08522791581461,41.38479093826295,2.270403524231105,135.1147538517983,23.81660978839313,25.905313821773,9.891585871955044,42.56689072841167,1015.4887598790372,43.90129588579871,11.181845306994909,370,Summer,Chengdu,20.73938153236797,104.97699550513408,Thursday,23,4,2023,Cloudy,63,2023-04-01
97.35357658438812,242.06906162837245,68.18720379521098,48.10428424778679,3.381547406126171,89.25841324068168,-0.8649656210205041,50.64167780294277,9.596997855860591,338.31479317564185,1009.6890289782953,34.83513094742809,0.8606294499345252,182,Autumn,Guangzhou,39.18424196458635,103.39369363963834,Monday,10,2,2024,Snow,51,2024-02-01
163.454470150947,230.1285587830332,90.80957593331352,4.415191754848135,1.064009922854024,32.817231834680406,29.401079490242694,89.05433280316198,1.281499187774836,118.63239706906216,994.5573492480022,0.4801314114728894,3.9482005928492176,468,Spring,Shanghai,29.74258771852225,98.66447785888587,Sunday,14,5,2023,Clear,23,2023-05-01
244.7456206860514,206.75750222712367,55.202524574047935,44.35438680546343,0.2534694184409728,87.25039799177299,20.81140281501369,62.198883305591934,8.18505030333483,215.79942790087625,1007.7633343328016,40.44086409605012,6.213323200857123,481,Spring,Chengdu,41.05020051228648,127.96539759305682,Friday,19,9,2016,Cloudy,7,2016-09-01
178.3766842684708,216.9993353672356,86.37362047412137,44.91731037577303,3.749213272879352,110.80608821489028,34.502405022898515,56.11724657431271,2.205054633956991,19.688053245861205,1002.7900229315064,4.586731682076262,3.117021922153683,388,Autumn,Shanghai,49.47604351094221,120.44649753848006,Thursday,11,3,2019,Fog,51,2019-03-01
106.18990868541812,62.6497581790789,19.409809709661157,46.27558577829405,4.27323158546086,75.16848020702412,36.58859310003791,73.13833013305069,5.063867762448541,260.17579062545803,994.5681467270808,2.142846226734607,13.209392079612329,341,Summer,Shanghai,35.14725824234073,96.3591046366498,Sunday,19,4,2020,Fog,57,2020-04-01
232.33997377454628,284.0148919170046,59.50419653582156,46.69699907743107,4.251966792468912,81.89992233885148,30.28451134940891,12.83321237151355,8.223516668744109,303.50178477847635,1025.5416480078236,2.6061289164990287,5.389829724975715,443,Winter,Guangzhou,25.398490397260822,98.7699293489696,Friday,3,4,2024,Haze,22,2024-04-01
40.16405166086805,110.30706791206092,51.22930396338591,20.93788670414203,4.368826160696409,61.28405583783503,25.23502485799314,31.99451312359113,1.771795221447936,134.19432944227182,983.1041356161194,20.82658758816106,13.913265840624824,435,Summer,Chengdu,37.99774245538558,95.34798568722242,Sunday,15,1,2019,Clear,49,2019-01-01
94.76531887817232,64.56990119316033,73.77148246659058,35.20581607234766,3.679572324495433,133.59651511794647,35.34957609012534,60.60827484776638,8.48286105425191,167.4701420821255,1012.3838204890396,49.57153002447058,11.275113922083165,80,Summer,Chengdu,34.966113621941744,101.17806610744654,Friday,8,4,2023,Clear,34,2023-04-01
169.96850996468308,260.32599505335673,34.6065966920387,15.35891257101848,4.550636192305164,38.93679487931112,6.685202371313807,81.92614315258695,1.7371640381044706,292.6079125506505,993.5686087495544,39.32576891122364,1.0434946462125405,374,Summer,Guangzhou,40.60351433684114,103.19987272118917,Tuesday,7,4,2016,Snow,50,2016-04-01
84.95853961353235,95.76190556181444,94.30292486461173,37.25048587500382,3.3435158584015445,27.165853484343824,31.696180140396223,53.73678046507509,7.10325790804149,315.04028908629925,1037.4147518861262,13.839508852297422,18.296143224420454,339,Autumn,Beijing,39.351506761302815,122.6893421383451,Thursday,12,7,2021,Cloudy,12,2021-07-01
226.78720153894488,73.47044483695055,95.4676999447141,47.9038950292022,0.19471293150929,128.4792650860774,31.958280171550516,62.647561842367175,9.066661272883342,327.141413126076,1033.6996903454883,47.823428799534405,16.149495842871566,284,Summer,Chengdu,45.654088096542935,98.2903069035668,Tuesday,5,7,2021,Fog,63,2021-07-01
157.94083749338466,79.17885490324451,32.53155738022133,44.276261438940764,4.670288334220806,178.1702894911997,11.23441230715562,21.149643062719036,2.766576774989528,107.59829430744348,1010.8578437564324,25.116168834262165,10.003688126814987,342,Spring,Guangzhou,27.458729653891996,116.11274990073048,Saturday,23,4,2024,Fog,30,2024-04-01
128.29797728580246,28.33575344858478,25.077039647517317,6.3653140935261785,4.018418164171892,148.00638111157363,27.313375703708616,93.43509205680384,4.0052081606186976,331.7242273729984,995.3553053373164,21.35050867243928,11.75172054321658,102,Spring,Shanghai,41.14643670112894,127.54921941880592,Saturday,21,3,2020,Fog,63,2020-03-01
238.8850218334392,136.66696178388287,56.49465662235825,12.934145155184602,2.6092603701384083,186.28821789447397,-0.1321126697058723,11.258924404788743,1.0413781429790858,286.976608588162,1027.792315354879,22.21667901367744,1.6473913609134412,4,Spring,Shenzhen,24.71266262944026,129.12502739672215,Wednesday,12,6,2023,Haze,61,2023-06-01
94.489606350311,53.297559874438086,59.1235586977697,11.277509391540349,3.232051859826585,108.40755723725178,17.5479709312424,87.67137701588548,7.0470907325135,322.66873952407974,1002.632665286126,31.92704115181016,15.538492824508351,177,Summer,Shanghai,46.429779582373335,104.51603716976084,Thursday,9,9,2017,Rain,16,2017-09-01
75.79396193732671,90.53193024995682,34.8241379954256,5.337871127320908,0.9291999328361242,189.8309446710816,24.38980931409398,48.79604776681692,4.527967745867474,256.6452704673962,1047.2529482998682,29.30771603800104,5.168915585113649,168,Winter,Shenzhen,43.39388342378888,124.29081853993335,Thursday,2,6,2024,Snow,38,2024-06-01
92.25285028590908,149.02862814366446,67.82427649033707,33.0180974349093,3.9811747850515617,162.56208181310404,28.77098153813038,37.4063046117355,3.4236296115950484,346.2205316608948,986.369176549302,13.73804879179149,5.297754792680778,45,Summer,Guangzhou,35.42111567920438,90.64655124692976,Monday,0,2,2024,Haze,10,2024-02-01
55.34909821119384,240.7347605562472,7.032319425922025,24.59973285506576,0.4242752448871579,163.6302503560245,30.51383677117714,32.25109856769747,3.4471752769601283,321.0847301715432,1027.2977004432091,25.743376950790623,14.375931025867,400,Winter,Shanghai,41.85389156464206,126.69679321665843,Friday,19,7,2015,Clear,50,2015-07-01
15.2305383991928,71.09711703842945,35.76819912590042,24.467482584294142,2.320972835131545,106.70070800053402,-1.1121671280803174,80.54535559475015,1.3548859039331085,310.1933419325291,1005.4375955036678,10.621633144246283,11.67295914790191,490,Spring,Beijing,26.7277353511804,122.70090497871549,Thursday,4,11,2021,Clear,50,2021-11-01
125.96782572543972,82.06212028791495,32.04714386386286,3.7755432453277895,2.3593547572013125,115.81022896963592,0.241742349491334,59.21050915142667,8.015452043915683,338.8305632331594,980.5912022548756,19.901943845366816,0.1129202464429094,442,Autumn,Guangzhou,46.01543395575501,114.4724506146982,Friday,12,12,2018,Haze,17,2018-12-01
79.30196194362024,221.80549326142736,60.353385935012966,22.394889799244684,2.881504620533658,67.16012821369657,3.7627817484467503,53.04995562441525,1.0008577119094109,313.47880341026377,1018.8349946985334,21.38262848480587,13.00387424936207,163,Winter,Guangzhou,35.58143178355211,128.44253433733306,Tuesday,8,1,2024,Cloudy,22,2024-01-01
201.31598077323585,293.77704023750977,56.731943448586975,41.50803991122681,1.111367413705305,70.38446243437895,-0.3721160482319039,21.314123967623907,9.591693705789115,51.86668311373384,1038.0732053384068,36.83227172109626,10.051667000597773,126,Summer,Beijing,30.9017872780109,99.9574083770628,Saturday,17,5,2024,Cloudy,62,2024-05-01
132.88772719340244,266.6336295593397,8.214266004501846,35.787025249740225,2.7036351797702483,47.33203629016533,39.02919821642414,14.84578094470255,6.312530471292771,157.15805220150597,1042.3788847319222,24.20793271768979,1.954018952373544,158,Summer,Shenzhen,28.674169735857426,124.280809727001,Wednesday,18,4,2020,Fog,16,2020-04-01
171.6671462345573,21.90132885097922,44.14826195155048,22.601400777657275,4.306321400222401,123.0030511125594,3.381563691268955,65.82149736388394,4.376008637858687,269.3092126081428,1043.263926285352,46.93323026264406,0.60585806998036,58,Spring,Chengdu,24.35973411402416,98.51905338957776,Monday,10,5,2022,Cloudy,23,2022-05-01
236.1172269442858,174.80376620563302,31.866613547992813,14.296070038832058,1.4722276431012258,122.74659537377096,37.82429311502616,98.61201334326066,3.428107091296402,309.23871084118696,1030.282870547204,42.167776121712045,0.3468987290260904,11,Summer,Shanghai,31.540868008319705,101.02537188708423,Wednesday,7,1,2016,Rain,59,2016-01-01
94.46053560997083,28.222775804558918,64.64897488975915,38.408041519961145,0.5240270522884977,100.44874879386248,8.177481858493106,23.464400577753985,0.2186724348697011,44.44544931747135,990.0079448571464,13.00263340004192,15.822814946575663,253,Spring,Shenzhen,22.996456937688084,95.52218537632086,Friday,20,10,2015,Snow,68,2015-10-01
236.08183109421716,131.92683185909837,15.165987129441406,40.88021333824574,3.41168654648381,153.77493313213,21.026975117690668,34.974095548919856,9.321857123743865,285.30830185210283,982.6011929340772,28.25719799648557,6.198172299945216,59,Winter,Chengdu,23.12345039160375,110.68580073863204,Tuesday,12,12,2020,Fog,87,2020-12-01
246.66948204136693,55.33331157153836,74.39184836364961,15.235583576081767,1.4041468292692965,156.2346789957225,26.82223211807764,77.50658885035493,2.3152248815242817,109.96142903102222,989.929633973049,2.879819310422654,11.894658721951968,437,Spring,Guangzhou,36.05272406918614,127.97095487831976,Friday,13,6,2016,Snow,84,2016-06-01
170.6195571890854,138.11671140052627,20.684641268964604,2.40027412812507,4.208258719453645,173.54544165926092,19.625899652165977,41.65285810307493,2.170139729256717,262.28514888282297,1041.7906282716278,47.79100850462384,7.444091753341238,293,Summer,Shanghai,22.430857891641477,107.30132573091628,Thursday,5,11,2022,Snow,1,2022-11-01
133.37012074502837,299.6606243870736,76.4673812138287,9.62195490608894,1.879281752530809,141.21351466175952,-8.422088162088489,15.366265597154891,3.638517193054147,37.29761258210721,1039.6558831217571,45.332766231868405,8.657310654960662,406,Winter,Chengdu,44.65564711865555,110.09040191384268,Wednesday,7,8,2015,Snow,30,2015-08-01
175.12162330426557,292.3351326790713,34.88006019952525,36.98382679031979,3.154080604035456,109.52921056027624,30.07835383044231,24.22831986659472,6.964854586163932,21.00406586832043,990.0943080279112,33.31842006634487,2.6543898904590675,421,Winter,Shanghai,24.81540498665666,104.8895406281198,Monday,12,1,2020,Snow,72,2020-01-01
79.14815515615342,222.8979541932649,13.699651816356024,5.272258894514433,4.676320670178265,12.533083620715963,16.01202510618758,60.07117679214562,1.6082588456930869,52.32199992576827,1032.992217367302,0.5005660575098991,18.775079602938465,307,Spring,Chengdu,44.02637716587411,116.23194161530034,Monday,7,4,2017,Cloudy,51,2017-04-01
105.20199308990344,199.86374324465064,96.08230883694996,42.83681411453532,3.1053361213613195,147.9834708167616,12.376861716648063,80.12294701693993,8.141426424816396,346.8139253185163,981.6451287241824,7.1990914215307455,1.3618951250457474,295,Spring,Shenzhen,26.20291760661943,125.91061050798518,Friday,4,4,2020,Haze,63,2020-04-01
206.8138073549841,295.8785729831752,65.92605044107607,15.15580360753528,2.90251448238339,36.40049436016306,-3.845003717497111,21.86074539266652,3.057321919502487,163.48997962174172,1032.7055797215494,42.08274036730138,0.8516111900420513,56,Autumn,Shanghai,34.247850293029074,118.10932835031248,Monday,4,4,2021,Cloudy,77,2021-04-01
214.10303307407105,291.7498174336769,73.70886468121395,14.637372214259106,4.60975487527224,77.3111630909196,38.24247483571546,70.2298069262853,6.699572245796066,68.15072406933452,992.696778053226,44.90238177723603,11.10585703923104,296,Spring,Beijing,46.864501631312926,115.96073713189602,Thursday,13,12,2015,Cloudy,42,2015-12-01
234.24347280173836,191.0095599174164,67.06474338436024,33.90203666401154,2.729494235565959,63.04823155629505,31.861606089892973,24.181617359170797,8.593099413837775,110.18390980537755,999.7836249126614,25.737746869083445,12.805669523787769,154,Spring,Chengdu,29.46752499777606,103.00148861537886,Sunday,19,4,2021,Snow,61,2021-04-01
70.00362382863523,221.3682364030696,28.865174222717084,44.25152498638942,4.314488810694877,153.2759430784223,20.326098080870533,73.74637399199348,0.3238415866436261,262.16873035175234,1044.101168280207,41.70810162494431,15.22778612341798,165,Summer,Guangzhou,25.849846815319925,103.93768325385564,Saturday,16,9,2016,Snow,52,2016-09-01
228.7702832319378,224.8255779509976,92.6861930242715,15.960991351418222,1.716628723281998,123.24008367200348,-2.278469980866068,18.55960539222893,3.208003932193264,229.8100834030104,1007.9111869229636,25.658916598362172,19.232059868299466,23,Summer,Shenzhen,29.41025787896621,90.95984157279383,Tuesday,17,11,2015,Rain,37,2015-11-01
136.74662823497832,140.06226099265382,89.34716467987093,45.63960411814675,0.2215721627757277,38.11426438618184,19.529084557706085,91.7593517759468,8.177667057182505,120.071082213689,1026.1454048636238,22.37570705601881,16.30258989298156,181,Spring,Chengdu,42.28190805385012,97.22415269211776,Saturday,5,2,2020,Fog,37,2020-02-01
213.3972886008448,240.09629475594187,65.53183612498,23.862074559446597,4.8037039932637,159.36155406799284,35.404674161666485,20.593003574708334,2.3292592589067054,139.2670724451723,1025.8340126202836,43.83867970180712,0.6743975085857759,120,Summer,Beijing,24.19037645951088,115.36908545059862,Sunday,12,3,2023,Haze,62,2023-03-01
226.6463781748351,276.1107899373103,40.98970341221665,44.33469582224426,1.9704293133175168,119.92060301932766,13.060489109503736,94.4739665611309,3.914853468304662,7.510292051410854,1034.6938649290305,47.58037211088672,0.9912896324531046,47,Spring,Beijing,33.673122458750946,90.44342472407172,Tuesday,17,11,2020,Haze,43,2020-11-01
21.688149339333265,284.79817825373766,66.98382209713054,13.110069679490785,4.271278477198863,89.05499196068403,13.418035296649029,86.98793451648052,5.848060939124099,264.10787344829043,1043.26394056842,17.201779950430453,18.718980478733464,447,Autumn,Guangzhou,49.45577882707708,107.54801619919536,Saturday,17,2,2016,Cloudy,52,2016-02-01
34.61549139914961,252.4911306843169,81.53218642115445,33.513814215718995,3.2961484852357863,132.81666651556483,36.21618319628592,32.443394663948794,3.2372853514169764,7.684177262064367,997.8383571685512,11.990628333525288,16.74638229988346,186,Autumn,Beijing,36.45759951518816,92.3930920497893,Friday,14,4,2017,Fog,83,2017-04-01
201.9980543170652,74.01542038542752,65.7397116741057,23.844998441382224,3.764548514217829,175.85035246067824,-4.237661752089879,83.15461468883386,2.7511399347197507,272.0407629427016,982.4626757258112,11.42864184519331,2.3891839542822617,215,Summer,Shanghai,41.253507775904765,113.74057922687996,Tuesday,23,1,2022,Cloudy,79,2022-01-01
137.6755761204285,30.64550945761232,68.65447655798997,37.77960781032981,0.9859441162332988,166.00618956541933,7.454946651757307,13.763467283316984,8.036601330757664,43.07306117556078,994.9955745831304,48.45862616749855,17.302532489113467,226,Spring,Chengdu,41.00701678732742,105.55868199322038,Monday,17,11,2019,Clear,37,2019-11-01
147.5392059651793,78.62699551452764,96.9371006635872,31.568445039051262,1.1412483390479404,91.73626163397311,26.81406109676828,51.89504783283288,0.3718090870766699,155.5059129449477,1023.160410613381,28.760535645731856,0.8730247809565621,234,Spring,Beijing,32.79815334229373,128.2476184723014,Friday,15,4,2015,Haze,67,2015-04-01
134.22536848900418,167.5450980901818,91.8160851511706,1.832036380478458,4.596191739398151,21.60561518334992,34.61994078753124,36.20673937181096,3.267120248380213,93.80222966351626,985.987708619172,2.8044691460521074,3.636206395482912,317,Autumn,Beijing,26.227168622857068,94.33924562424345,Monday,6,8,2015,Cloudy,43,2015-08-01
34.98790598898731,106.65491634563854,35.84244116767406,35.514167835767054,0.1534068840653625,147.2931430697374,32.37848017256727,94.80238639781886,3.3909214487839545,334.1643308986661,996.3995236630568,41.17721396520604,13.2295890827755,113,Summer,Beijing,40.202747642938704,127.17380621856525,Wednesday,3,2,2021,Clear,56,2021-02-01
182.94239230825175,160.61021579494275,18.127367141633343,25.32779470703016,3.852832592468555,76.66528708915598,2.186118572617721,90.21336252012011,8.826443777332306,322.999293313466,1011.633246189917,8.45788215197717,7.994895028676971,2,Autumn,Guangzhou,28.77205397420989,119.18575961571013,Thursday,9,5,2021,Clear,5,2021-05-01
35.00988158454011,100.43331218251625,88.96826874898694,9.56185253672902,1.770354802473172,154.93113347827202,26.071366221659865,45.940380900092414,4.052090622177317,240.2603625396277,986.782632975206,10.779762941510478,3.0379612217278686,4,Spring,Shenzhen,36.93720420641445,116.13309750794568,Saturday,22,12,2015,Fog,81,2015-12-01
135.29102019312327,170.14182679307513,29.64543769490394,33.11733542788589,1.394997923432981,164.7725079834087,24.61355183950948,33.184405299774994,3.845636028150572,158.27905017300475,1008.4101633691728,34.44892793134903,2.3311287613115685,56,Winter,Shenzhen,28.16578517348439,108.7319824292149,Friday,9,8,2016,Rain,42,2016-08-01
153.61718511019072,113.4772676063953,54.0955098010511,40.55688077420093,2.0221641429047046,195.3710603585209,34.78815351534631,15.9274133481348,2.409805153334595,323.5792405507724,999.781623914293,1.1065029438697138,10.104836035432452,142,Spring,Shenzhen,46.34309350986698,123.00915486213356,Friday,17,9,2022,Haze,95,2022-09-01
242.4615845751382,93.05017159904624,61.6605509007448,7.240079584635598,0.9754040313097272,79.80755939006971,39.53017627286011,91.51321568888204,5.199290560620899,103.38951559255972,1044.0684016618236,5.3620270861062025,11.353258807203046,19,Winter,Guangzhou,45.31697390314842,97.16498698938588,Monday,17,3,2024,Cloudy,52,2024-03-01
70.84508840060735,129.76757279017957,44.6273111113698,22.404038142887494,0.1995553467711916,70.0618665361036,39.207880039782665,93.56422632958336,0.4710896257538632,299.9703911535696,1002.9636265489452,43.73937311625573,9.921018278090903,343,Spring,Chengdu,27.592349178876116,97.703175699154,Wednesday,2,2,2018,Cloudy,44,2018-02-01
135.24507904040695,223.95793635012237,60.86775849883258,28.77173035367476,4.700511195891775,98.96527093542905,35.755442242883845,92.44528530363934,1.3699792398388866,162.08297194324413,1000.2084658759604,28.42869772571731,17.25712347062764,465,Winter,Shenzhen,28.40661259141403,105.37669148043004,Saturday,12,4,2019,Snow,68,2019-04-01
65.83526193017536,106.40441621802697,31.32547749141762,45.29927084882973,3.8337092736319223,179.07540159176312,32.05903305484144,47.63222412742359,5.7153252440971976,29.519013133030484,1002.2798332588442,38.83177717928471,8.294904628766533,346,Autumn,Guangzhou,45.66996253208111,122.40577228384024,Friday,20,9,2015,Snow,77,2015-09-01
108.52806819762912,39.34936524219755,72.2080332971649,26.871865640637356,3.767846178057121,189.18888903725812,22.67463173134381,81.17116412969006,2.565134573415936,288.8291899367673,1032.289784309227,43.69122193053413,12.018217921267349,46,Spring,Guangzhou,36.53680089401612,123.2095900647931,Monday,11,11,2019,Cloudy,15,2019-11-01
248.748519895488,28.19203624832095,46.67079945124868,2.2900958300648573,2.99489676911792,125.11523921645616,37.70658879142587,96.38782824137203,5.783823669804191,255.62661360608132,1045.9890568719825,0.5261492707009208,0.4827588035819116,269,Winter,Shenzhen,38.87292827185046,105.66633380324636,Wednesday,0,2,2018,Haze,11,2018-02-01
60.56044968825688,75.85504441268283,53.92800233610215,48.47322331268375,4.720050176575746,187.70991946207317,33.124831191443214,85.56187714029303,3.389896167971469,141.98125330478092,1017.3879533298114,42.263149786079225,7.590887872070265,10,Spring,Shenzhen,49.48458847921843,128.03457026837336,Saturday,17,3,2018,Snow,94,2018-03-01
115.26668872672168,44.0125202311438,60.41587584344275,39.77124630721513,1.9367577178880064,49.14938408693623,35.51448529946693,47.4677211196117,6.511663686685237,67.65148764937523,1005.4130144080636,33.761339217524394,3.2433715338193383,486,Summer,Chengdu,30.31051524414781,102.42772003558406,Sunday,11,10,2018,Clear,30,2018-10-01
110.87421102756808,153.59313204512446,18.72023157432674,46.70589311926137,0.4356396410281199,146.09094374573823,34.628319331172754,41.27410855379732,3.8057188888624793,279.75767743998733,1036.3451516187122,27.19831692163685,4.485696288621714,413,Winter,Shenzhen,27.3675896346284,124.91630862990972,Tuesday,23,3,2017,Haze,35,2017-03-01
223.23242673079292,115.95472982515896,90.77666698659408,1.6910074334902547,4.65494092981092,30.69491553936964,7.93827055594388,36.27797678378843,3.968346035772368,133.49702192739525,1045.0844633483232,41.7753963045374,1.050006483574124,206,Summer,Shenzhen,27.56817715067551,106.759155865421,Sunday,5,10,2021,Snow,62,2021-10-01
197.5714192564423,138.2449690576628,25.54485625099292,40.925598742171246,1.7602139384195137,168.35686759796937,27.0845323988651,27.67529686113212,6.280659814125312,30.114387232287875,1032.1884396910436,2.3546212838625347,2.6950591316557526,86,Summer,Shanghai,28.83648877533573,127.7344248257134,Saturday,18,2,2020,Snow,49,2020-02-01
245.18817019769088,93.16141196729524,19.57366003332272,30.51821616518411,1.8314817258818237,141.8038402003926,31.40231239669065,26.81370730731755,1.3500186924146251,56.44203459152167,993.1571179581258,15.217934046442016,3.8743717609914503,353,Winter,Guangzhou,40.96475000521731,110.09921755356038,Saturday,8,11,2016,Snow,8,2016-11-01
66.10345554827533,138.97357317659805,28.47097409413964,43.14587327693248,3.3179598698233246,41.36529342003756,36.53778942763744,70.89053258343348,4.720732193573377,203.398954649321,1004.889373571212,22.57687334878509,6.092818428683094,413,Winter,Guangzhou,23.648862131667205,127.30158412430154,Thursday,23,12,2019,Cloudy,38,2019-12-01
37.31562325623315,96.40745035604584,53.46999787473704,38.46235139174756,3.4626529862294526,152.86162739898393,-7.764447371902058,24.395897323630948,7.930074665813143,222.1199920029483,1016.2617811635045,42.66733176083009,16.976097929812305,461,Spring,Beijing,24.66183171958843,102.02047813405235,Sunday,13,6,2018,Rain,91,2018-06-01
228.0272273080137,148.08225479287674,98.40809473273583,39.79562190300439,3.59677872881234,19.31966814452271,35.51014988660278,90.6296012701821,4.405245582408476,158.46135969791723,1001.1818042764762,3.762080715247562,12.12318382145912,226,Spring,Shanghai,30.80895121284409,115.94964515467774,Saturday,13,12,2018,Cloudy,81,2018-12-01
118.18157407506776,47.1408774509757,82.75872259242236,21.27541265953665,2.4329603190557774,191.36666601681543,-1.464385753805555,39.06738677626837,0.4349267901533626,114.81146721486016,1023.9677201877344,14.243425389776748,19.611829493694888,322,Summer,Chengdu,22.25905107818244,94.2584547012767,Saturday,0,3,2019,Clear,56,2019-03-01
175.63536011901962,96.84551273745292,36.435800330628666,6.241264696414885,0.7593535119442839,191.2586318677952,29.681298627548053,11.181696550554468,0.3008035533945963,135.1665739220571,1005.9625284583252,8.446524875965288,3.1235028421618725,125,Spring,Beijing,42.94528603914746,127.36099287543206,Monday,0,3,2022,Clear,87,2022-03-01
149.49671498321763,54.58571105465707,49.182241190512585,30.16437026521202,4.589822045950557,70.8628347268752,7.771013092994142,33.14778992617559,4.260238249861416,134.206011442584,1021.984677891774,23.67717555897314,3.0709269642140145,300,Spring,Chengdu,23.22751061752858,103.48684130267723,Monday,0,11,2023,Haze,27,2023-11-01
86.23034019869397,258.6167062188207,53.67756203476535,27.717474966285817,1.4294224196953536,65.80898811573019,-2.233536165914365,96.41916539266028,6.4505557793692825,112.1164178670006,1032.2113539723518,44.53978204553146,1.5264885691372048,343,Spring,Shanghai,41.5667548165741,92.31398321446612,Saturday,16,8,2020,Clear,72,2020-08-01
70.40987704685736,164.6373643017995,8.63140811355193,8.135976976709092,1.6283052966519378,134.68116510088473,20.77551566745073,14.659697187561688,7.206858659504965,79.31174600745545,1016.215211402968,7.696838407565298,13.237376567610807,116,Spring,Beijing,25.16693187736349,98.78152744457692,Monday,7,5,2020,Cloudy,99,2020-05-01
195.33197984698484,199.4857703571688,73.81939989922203,32.88384295178356,0.816945551834152,43.50821452069855,5.736666535266963,30.27936586523065,6.082388736401346,223.2621162931036,1038.7127894478178,29.693243823422705,0.8046591699916313,392,Autumn,Shanghai,30.694013665870383,126.73701936005128,Wednesday,15,8,2017,Cloudy,80,2017-08-01
232.593834180892,212.1035339260919,25.52071553665177,29.17185797357557,4.050258745096392,98.67633523257156,4.123271389340546,29.387238119015585,0.1663179768772338,247.77159963238523,1005.5695501896128,39.67324155245765,17.428086316713042,12,Winter,Chengdu,45.42553719697115,94.59805457305458,Sunday,20,1,2016,Rain,68,2016-01-01
19.70467927085138,152.32284433886645,53.26023920393502,28.81835391872044,4.72659801693869,186.7891529740276,3.974605165055676,70.8751783059386,5.504315219424606,56.51425469195817,996.4026045846416,25.742984102898653,4.990273256538353,463,Summer,Chengdu,29.207595989894365,121.81793716190992,Friday,17,1,2021,Fog,25,2021-01-01
214.09302113127163,154.15788224869024,97.13668730283408,33.473407174967306,1.5968441414863712,190.90246331308484,1.425283598757991,22.955639075805184,7.988192076082737,48.02578822825262,981.781139665737,17.455904444640062,17.141955907284526,4,Autumn,Beijing,45.518783859431,118.30046745030776,Wednesday,7,7,2015,Cloudy,41,2015-07-01
210.17045044299013,117.44172597232516,10.636994405177504,28.009986729116253,4.663406842083852,172.31604744553422,-9.389096492513984,59.77511428445302,0.4072296228393923,96.93370026343896,995.627267113236,19.6662378888419,4.653380060830777,61,Autumn,Shenzhen,27.19888888965739,98.78313997806217,Monday,12,6,2023,Clear,12,2023-06-01
174.4998432522867,120.50211230953612,74.16401524971647,6.279977977667324,3.2218317552640925,116.25623362371536,28.04564064653774,36.429450769811936,1.859461658170504,189.2041750531953,1028.9460689711018,41.228374596873024,10.664825772240505,274,Autumn,Chengdu,37.86346331723114,102.3736943252004,Thursday,14,7,2017,Fog,24,2017-07-01
83.82409253072828,52.6103750314236,93.25595873960876,22.584089637951102,4.085757043624707,198.16379060191076,8.217754421626047,93.0072725649498,7.65844064820579,147.27734416090874,1043.9982997274085,48.169255021027055,16.28511796400902,499,Autumn,Shanghai,32.564336865241366,100.6698925553641,Friday,8,11,2023,Rain,92,2023-11-01
88.40405441351217,79.41724332530615,58.69864256996962,3.728162673599035,3.073677003302353,29.10680306960935,7.286654501070537,63.05030999469834,3.1293407524084027,61.40016186421136,1031.229975660238,3.787892974596563,17.5044918760252,243,Autumn,Shenzhen,42.84463666722283,119.26549616012534,Monday,6,3,2024,Cloudy,73,2024-03-01
23.70264309691545,204.12005831884852,58.99093566689493,35.37750710797134,0.4742837664103999,34.93259335491403,30.58277680172876,52.53132780571997,8.963277194960632,263.4127518376272,1042.1629167590297,2.948494012247277,0.1392719340038301,85,Spring,Beijing,33.259001925405784,117.4721555085114,Wednesday,22,7,2017,Rain,34,2017-07-01
221.53464845910776,130.45178457403694,90.89411089844236,40.80331044993915,3.721147423174043,87.65495974588438,7.262133711492368,66.7306978575935,5.854013629021648,289.1253816958608,1017.2879283005852,36.12778508946335,17.165111760475863,450,Summer,Shanghai,38.7977780534594,102.70975980279088,Sunday,12,1,2016,Snow,27,2016-01-01
79.08026745856661,173.51994239422845,89.07802262854447,8.40739157894204,0.559579137707503,153.74386634703862,4.218284228113854,94.68915866671998,5.68130847308964,256.9152648615455,1013.1174449775964,4.796014805681742,7.998668064483051,407,Autumn,Shanghai,40.22122716536411,106.72704408716342,Monday,3,7,2024,Snow,70,2024-07-01
113.1898255936699,53.49508457424934,43.16438849997147,13.96731728110559,3.639532935001456,14.18079563714161,-2.48233668602614,70.6828227552528,2.658871566934425,312.3777857409277,1014.688182384214,5.965523872226713,7.443020391893567,161,Spring,Guangzhou,27.57318161153016,121.40512254240237,Saturday,0,4,2020,Snow,89,2020-04-01
135.85628356919543,134.66799677908105,11.588979520671195,24.20879573083536,1.091865428443181,182.2675742401062,21.242788790806504,96.50765060481504,8.504211791567839,71.43402025941286,991.0079524817178,6.43405207529455,4.724140005552824,189,Autumn,Beijing,28.103078916088336,127.1483785239326,Friday,6,6,2023,Snow,13,2023-06-01
111.94343877958576,158.05295812124288,49.21235074293477,47.5522309750416,4.268943334787404,68.04681963574984,30.956143567001064,61.65963585319717,0.1560101883463638,116.4306767725244,1035.606802753522,8.30791688936342,13.494482583543071,189,Summer,Chengdu,26.629325763499743,123.97988551054698,Sunday,18,3,2015,Haze,84,2015-03-01
16.24988684250973,208.1863978341424,74.84944233066763,16.4687956147401,1.446430641996994,89.74373186790989,36.39552176798326,42.39071244595925,3.470834435073833,169.30937501999375,1033.3607750356352,9.699342047629669,7.766554964505847,91,Winter,Beijing,44.35770303821658,90.72254454648674,Sunday,16,3,2022,Clear,56,2022-03-01
88.31158947665162,248.66746468148744,77.39465805022114,39.100954932343,3.2847279584206825,117.6839301215859,38.3808401466947,93.38825323934462,9.674851463687943,69.99931043766772,1021.5414405846184,26.93451178493376,2.385034789828722,87,Winter,Shenzhen,43.87332506327001,110.43056755013116,Tuesday,16,7,2019,Haze,6,2019-07-01
48.79573466127404,239.0024062686698,28.911783746332247,35.970966897288974,3.011979641073281,198.03415207795095,31.38753305513008,41.25329184163621,1.6723110589152457,79.28487826467453,1028.2555738812562,24.51697523861981,4.048737583973706,359,Autumn,Shanghai,37.73555297647965,106.21891622970472,Saturday,15,6,2019,Cloudy,2,2019-06-01
181.28965306545575,113.10643137478736,62.504712600390185,29.476415503166866,0.8815664888912649,133.31361058590485,13.045333699091644,54.02953753937568,8.892803287521925,17.796299869345074,1019.01136586547,45.353774028311584,8.605899863906528,205,Spring,Guangzhou,20.500003953820777,105.07883482365828,Saturday,7,7,2023,Snow,21,2023-07-01
76.24890576706909,285.5227693620882,60.87345491125463,47.0234293835296,0.1316058499092633,76.28612551301919,6.559790854699365,88.72506024313056,2.4687551524709104,164.61439911785405,1044.0414553318649,22.54485406873201,8.72375471484214,83,Autumn,Shenzhen,41.67263774791713,119.09420262689753,Wednesday,6,3,2018,Haze,96,2018-03-01
96.57622340530445,98.12526989601308,93.83334835176086,34.20657961541907,3.83985994110357,155.01439242825077,11.123846633632237,89.89634079142613,9.414422902409372,249.893645944475,988.691755477957,25.473425322185804,5.082490183875258,277,Autumn,Guangzhou,40.49834925531498,125.55410093976413,Friday,1,12,2023,Clear,42,2023-12-01
162.15385483431618,78.32273260345103,74.44087881245561,4.450688747662053,2.155051885834338,134.51112767540337,38.452133958146696,30.599350089374447,2.651261963547027,97.29062792493232,1021.3512470735936,10.093489675003536,9.811559518470885,437,Summer,Shanghai,24.623780991601794,110.46964337292977,Tuesday,12,5,2022,Rain,10,2022-05-01
66.51891124786377,125.4241147724284,90.21504575477678,42.34196630804885,1.820956392289546,162.4166418486887,-1.4288640097670573,62.40836332755286,8.461477065142823,213.14333620730872,1037.744273910257,35.58130713055058,1.400787774453986,492,Winter,Shanghai,23.98476615857463,119.98854407904864,Saturday,20,10,2024,Haze,19,2024-10-01
231.8257897834021,244.61188902155243,76.97805270052206,7.027068227922405,1.1468583580371217,117.07648456982648,9.169779362435907,55.61216273885927,3.4328552447423,357.2677655589389,1023.3007904847378,37.46446913497753,10.67294252075693,175,Spring,Shanghai,28.49377289255237,114.3644024965613,Thursday,4,2,2023,Clear,41,2023-02-01
70.70571412931844,224.12595895709,80.21847878928592,32.66238570865566,4.815528806229215,11.930378482507408,10.596193896159342,33.56465482284631,8.386010536541498,22.55639662012371,1034.145404408208,15.354813903393492,5.36684395771767,104,Summer,Beijing,39.488763309199,100.95761297244428,Thursday,1,2,2017,Fog,74,2017-02-01
143.1978039571473,115.81487819997396,24.66161723711904,30.031555596193865,0.1200605138552686,133.7902795705361,16.0133278000718,25.8632485198681,7.511098670411033,26.336310915479714,1019.350458378545,47.06019648672183,0.2843395315936742,117,Winter,Chengdu,21.4447531992272,113.02164162045872,Tuesday,9,7,2017,Fog,46,2017-07-01
25.205816054897213,83.15390860572853,27.391606874838857,30.0235127958884,3.158386619148039,17.938733104195073,5.474584400594271,76.19300177372692,1.1955096272157806,7.761680950469896,985.077982668163,10.820708234098651,7.938295477739896,327,Autumn,Beijing,36.744123222464864,128.13535590133074,Thursday,21,10,2016,Snow,71,2016-10-01
150.89543486916088,94.29318273536342,82.50439844122992,13.529848973098696,0.2685322741208382,137.5375239068529,-4.664055678995434,88.31043853108503,6.530153707500579,208.3906838022776,980.719694037709,2.4628558511863687,2.7125349440653257,465,Spring,Shenzhen,23.292868334385737,128.5476972247852,Tuesday,5,2,2024,Clear,29,2024-02-01
198.82980340308785,271.5721728110734,37.97308486769464,39.5520208862117,2.2199427657149813,153.4905173600916,19.40172109677301,22.92880300292987,1.1248433133625824,205.94820700456236,992.9174197321778,42.43116137835145,12.606126142875898,194,Winter,Guangzhou,31.992063735540015,93.87362788912137,Thursday,22,3,2024,Snow,82,2024-03-01
218.29132710461516,96.6645652416,5.691060589936317,21.42969160266233,4.096750343970869,171.87134928555426,17.767639830447617,49.97859022052272,2.801148032278904,292.31720901742784,1038.059361191114,0.7550287205112804,9.632120739028185,161,Summer,Shanghai,34.65205839892287,123.8367925256266,Wednesday,10,6,2023,Cloudy,91,2023-06-01
198.07004281464853,77.31376312199151,16.645876005541133,26.676304605801896,1.0283003069105232,199.77007474984796,2.41504277645093,21.419143231670237,7.633636313138358,255.2025682196842,1044.445158614966,26.10571235610653,14.550253110105572,204,Spring,Shanghai,37.47634053218259,106.25741519697075,Monday,0,11,2016,Cloudy,38,2016-11-01
121.87399682376214,100.89826394103018,92.95281476348563,32.45107912089007,4.408896006104315,14.14017154753397,14.69001111949079,35.90708387170175,4.40889372650436,323.258291946446,993.8265254169496,22.90346511805347,0.402865554384217,477,Summer,Shenzhen,33.011157095305975,91.49247133241496,Tuesday,10,12,2020,Haze,53,2020-12-01
171.3869316745157,272.8807222255637,94.31583466648472,12.126800812575516,0.4322482436515706,126.11259789550736,31.311532357989293,62.9839654791794,5.954454014535505,355.87626740048165,1048.9539789845453,18.243638998399657,17.426862992134108,93,Autumn,Guangzhou,46.43917288085653,129.7878689991918,Thursday,7,5,2017,Haze,7,2017-05-01
169.34332372217466,30.36324674054917,65.44334738288465,21.09018523325045,2.554209458832976,153.78266369027293,0.5094854560805366,34.136372371546415,6.444550377762633,280.2838766686276,1004.9889525973,18.359680799813567,8.791814186994305,71,Spring,Guangzhou,36.80582700396208,104.27401554287368,Saturday,6,6,2015,Rain,20,2015-06-01
25.763990996818464,179.37774789417966,61.4429022681582,41.29074410058941,2.255374711524016,118.172804303967,-9.28845362147925,12.044006581412766,6.086583617800525,118.26853521871588,998.5862100901032,28.921175482398446,10.398026698742347,315,Spring,Shenzhen,41.4138432369043,123.68063092595727,Wednesday,14,4,2019,Haze,62,2019-04-01
140.74000013332812,110.45186994674468,47.09003159822146,26.028406796997118,0.978289558799296,71.18832313151258,37.98885256426146,49.157150182097546,7.273094720534392,160.65755366781818,997.1814418906588,29.791317416058323,18.99260074390064,284,Summer,Shanghai,33.875880611217625,113.55891181934544,Wednesday,10,6,2022,Haze,16,2022-06-01
230.69196541889983,87.46107013248053,41.062589849361146,4.848568495360199,3.3423513792775674,127.80991116301678,2.6314401435354267,15.259916220296333,9.075491675291582,91.5753120204568,984.2566995056284,40.12175425877644,16.081518993186215,3,Winter,Beijing,43.81681235661992,116.70940015014445,Friday,4,6,2018,Rain,51,2018-06-01
150.52731718277676,209.75258901005688,25.059434400465506,21.192181306269497,2.9195222808883448,146.83343137331218,-9.373578425026103,70.72315319381573,1.3419724855935422,195.61439616799333,1014.128783643751,18.68404507808427,2.259284351125256,64,Autumn,Beijing,47.56006783662352,102.97968196198484,Tuesday,14,8,2019,Fog,79,2019-08-01
166.3580019353706,248.96631633790864,26.76881858378323,29.77449566779798,4.802895606039532,48.14324840602736,33.55797634266242,39.98906983321236,6.685962870350901,95.57174984346976,1036.0734177514023,19.57876135837867,19.816309287727822,174,Autumn,Shanghai,28.64358786084847,110.06333204531892,Friday,11,2,2016,Cloudy,77,2016-02-01
115.4050858179215,120.04363904173572,42.32351248429443,28.582019842171498,3.479223547276733,113.76007710866084,8.730553831354602,71.85908672902538,2.931087433025229,267.8727042076105,1039.1795113326357,43.9469163521356,16.332228700831322,304,Winter,Shanghai,34.81272165716456,92.09971343712924,Wednesday,5,8,2015,Rain,13,2015-08-01
218.6858379204633,220.5115931001569,30.568274060044743,13.54954982180927,2.025660367482585,194.20723627642565,7.648112084003863,47.502827077291215,1.959478478210126,160.88017442138678,1021.7075242007776,17.818645337336136,16.758618617014083,231,Spring,Shanghai,46.17180214329264,122.8493046063279,Wednesday,7,8,2023,Fog,23,2023-08-01
103.63479811965205,113.94194125156471,10.734088225946536,33.30651347366092,4.164494893056817,130.6101322754264,33.562863892514805,73.22790748132603,2.522297618628895,124.69710775673754,1046.568397039104,49.05978339742536,6.550615482037675,312,Summer,Guangzhou,32.92128276776967,101.39689585223375,Saturday,15,10,2015,Snow,54,2015-10-01
223.89248155450096,233.51774956474603,46.7983993489643,4.487356395393132,1.629442767155329,144.8360257967794,25.7328094361212,90.13218634487278,5.576749958521771,352.65277000847584,1011.0141377059954,1.6585097514102642,3.5417449696425494,261,Spring,Shenzhen,46.97367986014071,101.87648104976272,Saturday,9,3,2023,Fog,47,2023-03-01
43.32710381662503,278.5603380854485,28.325254713203652,27.651589175162695,3.710868463975914,24.927371916976664,36.08604231996632,87.58114969565183,9.503651686328473,189.4204798093329,1015.7145903890035,45.107211852696935,10.33435944656045,133,Winter,Shanghai,20.33671168031453,124.70354362181725,Wednesday,17,5,2021,Clear,58,2021-05-01
113.2335882830479,199.35647722887396,86.21659422881403,9.569840078861906,4.1971062947771305,14.20215010198049,18.47352317570307,35.81595254686126,4.005955068198727,200.87570831121067,988.2278248412796,12.55347910879221,11.234531455667453,255,Autumn,Guangzhou,38.96487538985467,104.2774061858626,Wednesday,7,6,2017,Rain,21,2017-06-01
192.49335860060089,165.26129555938283,84.4592956117843,20.1449327236433,1.844132517560526,143.97069950893018,28.01589283464773,42.67756716659693,3.622701633660146,352.3365869179502,999.9477281042402,4.510759125565572,4.996199239450134,69,Winter,Beijing,46.38350798665024,97.90477534717004,Friday,2,2,2020,Fog,49,2020-02-01
15.141437015235493,290.10885959337634,43.50132839167146,33.501567916882124,2.6460701861620364,177.58172882308014,-7.762703017824132,39.91086942509835,3.762360350224939,220.73563430718488,998.5967843780924,34.97084847070492,16.099932485416904,387,Spring,Shenzhen,43.71686398851261,109.07572722033362,Wednesday,10,5,2020,Snow,28,2020-05-01
61.44884735165736,122.60712475365266,56.10034909635751,11.8141814527847,1.5378352428107471,117.57743121773642,7.529051110989663,11.200057753754155,8.458948111507622,211.5628103739763,1025.492805150899,2.63004427403612,14.505511870906489,272,Summer,Guangzhou,30.72396794090425,124.42468734036557,Saturday,16,5,2022,Rain,79,2022-05-01
98.94106459590398,31.902585105541448,33.27570677321965,11.56165452993402,4.145896383742218,36.01148073312394,8.289935184467076,68.83679693144711,5.558215925476317,242.29905559279703,1048.188044283943,29.88009684210733,6.990614562777531,426,Autumn,Chengdu,31.570605858991527,126.49648062270656,Tuesday,18,5,2022,Fog,80,2022-05-01
237.51759162064303,246.431577444792,52.03264508227377,34.64459230246878,3.826324186667588,120.6811499461839,-7.708759682330198,12.980948451053584,2.9575073001332086,8.97731661505739,1005.1065243926436,2.0364072087673324,14.486694349324925,401,Autumn,Shenzhen,26.33384703946442,103.30764468029868,Thursday,13,2,2019,Fog,20,2019-02-01
187.19981674872403,38.007829723208665,27.914722112308493,7.978043305781575,4.818735638497396,73.23453073305862,2.528772326169573,77.75346501872808,1.586083285693053,259.5526296058528,1025.9158675054844,8.206301705089464,18.262842760806688,302,Spring,Chengdu,33.38126950158274,127.39620262594394,Sunday,22,2,2021,Rain,21,2021-02-01
122.19229150937176,124.08877867221685,9.84904838344976,19.4415645182157,4.528563098333377,92.1181375427774,35.02738748876462,37.09851813293045,1.5502246719015766,61.77785267777598,1049.0957659842006,32.37781963935927,17.672067575654562,297,Winter,Shenzhen,21.62310829708592,96.92570755369847,Wednesday,3,9,2016,Snow,76,2016-09-01
146.70439465671834,208.3062451688272,92.68048098702629,22.886389100913004,2.302141794876589,194.39950366563545,11.81346007558459,96.24752617496884,8.853553813919214,236.17922343573844,981.9485407670036,40.96221557428507,2.259281649681777,412,Autumn,Beijing,26.556149473206368,118.87869341659334,Monday,7,5,2017,Haze,51,2017-05-01
63.84438078370306,80.08193564419399,86.10536014454922,22.135456766779438,1.3642732846168364,188.86795344989605,8.115377833092655,11.151052805648613,3.4003879447707783,331.415810246674,991.6311217299326,11.257532149831134,8.033384705350898,448,Winter,Shanghai,40.883226065080166,101.34395058347374,Tuesday,12,11,2021,Clear,15,2021-11-01
122.02025302342804,225.01811183210475,83.70394282858891,31.606688537338297,1.6696257561453802,150.21334768051798,28.348295849200863,23.077878439366454,4.112216069216092,300.43853966162635,1020.7402847711112,40.088497984427605,17.12623205829194,347,Winter,Shenzhen,27.88990415343122,121.65845746901356,Monday,10,7,2023,Rain,26,2023-07-01
35.929075830641395,283.1984600637292,69.21357960267792,32.93960541855911,1.2212231850617357,48.05711977267317,35.81264135798387,16.442885584213975,9.88805889651734,299.85977540338155,1003.0368554198616,26.43653924129645,18.80135711889635,123,Autumn,Shanghai,30.227467410124525,119.8095467812527,Friday,7,4,2016,Rain,11,2016-04-01
198.3068348561016,200.0406943315608,77.65895438909926,10.64593267934324,3.150335808299721,63.1311818174398,21.5126225790014,98.99429255825466,1.335633534420878,171.4711612286862,1009.2263083230392,40.40807704592288,15.46056565062822,134,Summer,Chengdu,46.81491184087351,91.98509136722603,Friday,11,6,2022,Snow,37,2022-06-01
151.97175204644614,180.6966544082738,53.90721067312426,40.52655083364045,3.2779630795275123,180.90870265509105,-3.169064158182435,72.34619161357776,4.79548304750441,39.034134749532335,1012.1574688069298,15.401461523684311,13.875555549945334,212,Spring,Shanghai,44.86248368884503,102.96469517872768,Saturday,5,1,2020,Cloudy,91,2020-01-01
211.90069259781905,79.97947161873755,20.796790882982933,6.803048377515025,3.846502562209273,86.96646820826064,8.211408038240563,71.41411049287956,9.982678528211457,278.76319479139653,997.1992261768728,37.19348450700885,2.327898254280921,62,Spring,Shanghai,39.19227635453014,115.85767670337006,Friday,14,3,2021,Snow,81,2021-03-01
95.71287434517212,298.6299926351433,9.360047997507708,44.26421619677507,1.2900143425850108,137.59066832097608,20.708450354554312,89.80889668847342,0.5249826949646996,197.19786652533304,995.4257688212974,33.67631780553485,9.100753388668728,157,Winter,Shenzhen,23.21291874170782,92.05123386381432,Thursday,5,8,2016,Rain,65,2016-08-01
61.48273513370063,29.13365700730527,29.885277693014505,10.071666834938291,2.2048745054314733,50.28705454400772,15.160923210185558,20.420212032235888,7.233811588978939,255.70505521782576,1028.64446968088,4.029385783141082,9.322983208040188,52,Autumn,Shenzhen,34.092624439210546,113.41608041929454,Friday,19,11,2018,Fog,69,2018-11-01
217.5669413648463,167.8402663305189,76.48541653822936,40.14659961908099,2.5656669863065544,46.64523720299802,5.375156562112686,51.072582704699805,3.5023850962277225,248.8193518868411,983.950175730618,25.497235446693185,3.736988829785197,217,Autumn,Shanghai,45.23647875935904,126.07266395668792,Monday,12,12,2022,Cloudy,21,2022-12-01
56.115137791261766,249.0389411311604,10.907953293181402,47.49565589351846,2.7524826247996157,63.75520540703573,31.738075770439423,51.195858874309714,5.643319519942331,95.54186181403928,985.0863803868943,2.1603236931048544,13.853724060431968,368,Summer,Beijing,49.27132737571412,125.2003952863363,Monday,21,4,2021,Haze,96,2021-04-01
209.5630833617859,95.78063111143912,39.61215111060453,24.56844942280683,2.9707051238119777,107.18099237894208,31.799443031801918,97.45976582408498,1.6957449357418586,199.46381890426028,1015.4013588708516,7.130187818994399,8.549084120568843,472,Summer,Shanghai,37.59985614926018,122.78350873932426,Wednesday,16,5,2020,Haze,47,2020-05-01
159.9630561771712,160.5428323993817,93.15587570083365,20.979971984245267,4.803486418580871,86.45738016163224,1.145100097238931,97.05912101543156,8.244691841979229,282.6826501249403,991.8964042098196,46.72291442863734,15.296139823383708,65,Winter,Shenzhen,40.65002750010242,112.451607160822,Saturday,9,12,2019,Rain,27,2019-12-01
136.77142187260836,169.7247528286035,9.85347891192142,1.100071614551692,1.9913300917197927,42.661666408674506,-6.86158801749738,84.21521473884356,3.2788352077480445,281.44468190890706,980.4270989651794,43.383045617171376,15.688271538196698,41,Autumn,Chengdu,25.838543643896507,100.42023373323468,Tuesday,7,1,2015,Snow,21,2015-01-01
41.51589016252565,91.73497910456294,9.158386245431911,23.688439581603674,1.914777964481453,196.7477816413227,39.13599112103085,72.60266920445673,6.356911419195333,252.39467213520496,1013.5246573625966,36.98445100251221,5.979746439756082,178,Autumn,Shanghai,33.29077740345323,105.27230513847736,Saturday,7,1,2021,Cloudy,5,2021-01-01
191.48561110931567,169.6655643323215,92.23213872718978,13.09644970474222,0.1135579260044909,144.33442707216446,3.9473585697732654,78.42400117053728,5.686220729484504,132.17250838170003,1043.0884422267468,6.431064504887635,9.928094035870128,360,Winter,Beijing,32.77235262603894,120.527295779469,Wednesday,1,2,2017,Clear,57,2017-02-01
98.80870427765798,97.56460415432,74.03900062748528,20.492400178760768,2.2637533137104127,70.35683200273962,18.864118145167957,15.186135239382644,8.401254198105736,73.38796138201567,1039.6269010155595,32.565148069711576,2.035968595533949,92,Spring,Shanghai,37.65478421198665,115.75656844198984,Sunday,2,2,2019,Rain,39,2019-02-01
25.67705643629173,285.5671074613264,13.33638131748058,16.778468178484903,0.8925296867496887,46.88093657638124,21.57769946914113,43.9885931427704,5.798699435189438,123.53255006747418,1025.153445931932,40.22141655332608,7.757277495563535,87,Autumn,Chengdu,35.66799925702919,123.80859802515482,Tuesday,1,5,2015,Haze,74,2015-05-01
220.72147955918223,60.88129668658159,58.77422809570322,2.621479913538341,1.2858720771485694,122.46754490902752,19.418434568540142,20.93435006381257,7.3995379379662705,229.4737226550388,992.8889307576576,6.900339854728727,12.426336401133405,87,Summer,Guangzhou,34.507977453980374,112.06083204011918,Wednesday,8,2,2015,Cloudy,36,2015-02-01
155.20989987927075,148.0340628467116,73.86762245275612,38.66351504211737,4.816749884878508,97.65421355649914,4.002766783647264,79.48996716486724,8.006665711574584,14.370011511076788,998.4018990251944,34.759429215849565,3.067982974096926,357,Summer,Shanghai,29.560754929773942,99.22737655864246,Monday,17,2,2019,Snow,62,2019-02-01
98.40519535628032,114.19969102044436,14.696348112522998,43.28285405594935,3.0579564309107323,189.1758343266453,19.08307868051213,74.50566536869651,2.2381970214391176,357.1702885406306,1010.381046645608,12.23768771480674,11.426207692976314,281,Spring,Shenzhen,47.26055372033903,118.77589374758315,Friday,15,1,2024,Fog,70,2024-01-01
109.402303921326,23.197600543524175,17.46892072245966,4.165048359326741,1.0184555458255566,109.20163294178988,-0.9103340334462882,50.23089256650026,6.999592220863578,43.9115547885054,1024.7448572494773,41.44776819330956,13.65726893825873,182,Autumn,Beijing,46.13704687472689,94.8805674870355,Wednesday,23,12,2015,Fog,31,2015-12-01
131.07342159772173,165.98558569781508,25.294495631822148,4.349387489453138,2.0645293590319604,68.77561212604235,0.1906344574701552,63.57846127531255,9.115874597333162,331.1229749468711,987.0224055005413,46.35994156766359,14.306337324218806,495,Spring,Beijing,23.12423879929358,124.64752733063594,Monday,5,8,2024,Clear,56,2024-08-01
229.63598714295384,23.21408091489877,88.28033887942738,34.37859413760311,4.537778133696213,94.34895934402256,37.51300817745156,45.93889288055939,0.4560092683930339,316.59997651919355,989.5104047840412,7.485897665793789,14.966032989625214,358,Spring,Beijing,28.58815372314429,115.36109175220214,Wednesday,9,9,2017,Haze,76,2017-09-01
153.25043644491836,143.22776663692454,77.41487711121813,30.023587023681145,2.661588057108173,92.76756480842764,36.50758770182048,96.06020157459923,9.929471663781666,334.94883472403484,995.7143582861878,45.53074951927421,4.474546769652723,46,Autumn,Guangzhou,29.154309598198545,125.05100102568142,Wednesday,19,8,2022,Cloudy,33,2022-08-01
73.62995057233198,287.91153892619,41.02750915509137,42.82103488265592,1.331248190088189,95.08733213576711,33.47194206844931,30.900085804409937,7.574969305579743,94.55252170531764,1020.3110830264728,42.63016597086574,5.541818468897318,103,Spring,Guangzhou,41.57775442652931,122.53969309206175,Sunday,8,2,2017,Cloudy,28,2017-02-01
101.61071907322815,271.54368476299453,55.15189564455095,47.35787884746407,3.3237293723720733,98.1502681116932,33.815705576260484,23.712064714391936,8.921914537177418,126.20566770161044,1028.80213887954,6.918250427003603,6.138808561576648,107,Spring,Shanghai,43.293127678376734,103.50644241036206,Tuesday,23,1,2018,Rain,56,2018-01-01
60.58609419282643,223.98663195521436,82.18295134134512,29.60531966437241,1.3333689866136151,133.73772257063172,38.38929522370285,20.115399769419405,9.225762515496893,6.226039501154927,1008.138755371716,26.75700910102206,14.52427921788144,114,Spring,Guangzhou,40.51859078718334,111.8816527845704,Saturday,14,5,2023,Haze,3,2023-05-01
102.3802056972736,129.81480530858374,94.50697588602172,44.04925123601436,1.3351934845207658,114.16841000740504,29.77468508577605,75.18626577430904,0.8124729354759075,133.7927880441799,1009.6048859092266,1.906069534677368,8.786434370107647,135,Winter,Beijing,27.37983057532126,96.86024488758636,Wednesday,5,3,2019,Rain,98,2019-03-01
212.76180445408133,190.5718751250808,92.57887848899324,19.03340610551737,4.955908825147437,92.2736833545788,29.547324270828064,83.91733242530152,1.3729522746134448,6.115565131831944,1048.301693978172,8.178537785984153,7.185618544836983,4,Summer,Shanghai,46.57884760450808,94.38691020112168,Monday,6,5,2020,Rain,67,2020-05-01
42.59915450059179,46.8919488457216,88.29741290095218,27.614630954475302,4.846715454358478,94.37213879550984,23.030744688451428,38.1709508052423,5.455629054761658,286.70804113942893,995.7069143578972,12.73488740517481,19.00569059671371,323,Autumn,Shenzhen,36.58440261233066,109.00087671584728,Saturday,11,2,2021,Clear,82,2021-02-01
149.08163395988106,280.59391456131976,72.12038060759227,44.60291603114173,2.064754689469341,59.52185880396141,4.883028249213448,47.20927238706973,4.390029621004382,43.969628010926826,1007.6997556139823,33.05418195916931,19.9478963612012,130,Summer,Shanghai,35.78405570104728,101.6768450628531,Tuesday,3,12,2024,Rain,67,2024-12-01
113.12207150968882,228.4565308694876,91.29751752406138,34.245407091788955,0.992088733161105,102.12980964044966,8.766847478259972,18.60177521057752,9.858805301685186,14.935034862550928,1046.6646403145194,6.381719546847453,16.006053349091076,168,Winter,Shenzhen,48.28826615569537,118.66611798898566,Saturday,20,5,2024,Rain,98,2024-05-01
197.32231356672824,64.37928184578601,85.1342399286077,36.75996107141076,0.2456190636901954,78.26795331812485,-2.397842543214553,48.94787301571612,0.8477410746770675,206.17186585588655,1015.4453533671772,9.50660597148692,13.175066370079191,274,Spring,Beijing,30.823700604013094,108.26103626532854,Monday,0,2,2018,Rain,8,2018-02-01
193.0186772615401,170.2976692565985,56.07535539543352,11.861259779402769,3.3451537268762337,44.77392770695039,38.095216273069816,94.79814091677449,6.479006582251597,203.78765723522824,1010.7442791179888,14.93107606461554,2.094933519595854,427,Spring,Beijing,34.93859227242149,109.12640263865026,Friday,4,9,2021,Rain,73,2021-09-01
169.41927037416508,116.5154048216136,26.134831000775677,2.264111154207435,4.258632293091624,120.58417399291665,-0.0453455609623425,50.31795529743582,4.03907553536004,79.0402584782093,1025.662519332975,41.44038023184169,5.337651008702491,68,Spring,Beijing,27.25448204272551,90.80164636720016,Thursday,21,9,2022,Rain,98,2022-09-01
187.46864571692507,65.26671953955747,26.24774499851244,38.3940027317723,1.9265724747513544,24.645058218751345,15.662471814300687,42.51293485694411,4.1185732381040125,4.291949660885743,1049.1583041978784,17.248934808220405,19.5383452621491,42,Spring,Chengdu,28.57138030721073,92.7107362237442,Thursday,0,1,2017,Cloudy,67,2017-01-01
134.5457208769729,175.85403239576652,73.40900512846822,35.34454667775063,3.351261744084018,72.45402516933044,29.949455675392223,52.57427297894299,4.043999435211319,349.608227640389,1030.027736000627,13.760816984073166,1.953061004176933,311,Winter,Chengdu,26.067231087128704,95.31191222968404,Sunday,8,6,2022,Rain,54,2022-06-01
123.10907718327678,281.890811454415,90.84849254646268,2.3948918867337783,3.469138138344749,192.07397734391105,2.213803053723666,75.87521012444579,9.215339678658792,1.0757446997674602,986.1278045014454,29.341410811950297,10.405743422260716,464,Winter,Shenzhen,41.071175774780286,110.88476559073428,Tuesday,12,7,2017,Rain,38,2017-07-01
186.34735225896904,119.26627317785628,55.3359472977363,38.571004964568296,4.238638447169191,75.14621756544653,12.226368960788148,10.157874593369396,9.24376593650932,283.3045887939056,1032.1252169209884,47.465387513497184,15.753824498902272,312,Autumn,Guangzhou,49.69174985296563,97.41392342194833,Tuesday,20,5,2017,Snow,77,2017-05-01
79.56838903242786,266.3624656658129,65.2475747424516,6.794707584331118,2.979797677823248,164.13536971561246,-2.9555831054873103,28.77597819633336,1.1894886850858333,211.03466121742923,1011.6407901985568,28.964273871194973,9.0643313566973,206,Winter,Shanghai,38.84950474089721,115.48866154855986,Tuesday,7,5,2018,Cloudy,4,2018-05-01
66.57901534694707,81.33035494001422,91.42620853808276,2.550584518249841,2.8157160690507173,43.6194398799845,22.335005921612225,26.29372192124522,3.084828154277026,138.4021391292164,1037.5297240573022,11.891036733489535,4.901072507327415,419,Winter,Guangzhou,29.68042404205005,127.6343987044072,Sunday,2,5,2021,Fog,19,2021-05-01
180.63057734796027,41.243549187877306,85.95339662922157,24.990348783283995,4.15855380339562,93.87218394218785,-1.33103520254498,14.02454089725502,4.675118044105004,308.96020920406653,1018.2658243100724,37.59695594355522,12.33551642100704,271,Spring,Shanghai,43.06912872562991,93.50761618126484,Tuesday,15,4,2021,Fog,55,2021-04-01
114.98714621248828,130.033129152978,61.59064115717603,25.471466818740915,1.7635992184159786,38.83698711486538,28.476898027006413,59.66064755000539,9.898135768893054,243.8329868488156,998.7185376868792,26.705399045808058,19.443559469637343,446,Summer,Shenzhen,36.42901575233671,97.07236393733405,Wednesday,15,11,2016,Cloudy,22,2016-11-01
36.63884609267481,238.4328336556922,39.00345916459912,36.35659054530413,2.8665669759639965,55.69066851109214,17.30778474833926,47.901926868123375,9.599234425247166,259.88344141115766,982.014632586017,9.584655309271756,17.803058730150397,63,Autumn,Shenzhen,25.231155498765197,121.1509917320574,Monday,4,12,2022,Haze,3,2022-12-01
23.132800017763124,135.31748924683686,23.28853864122496,29.303990133837928,2.1556238362815874,185.5914291406882,-5.674311655895172,49.90423586048045,2.189184162611922,9.777967255537646,1012.83727642995,16.167021668274806,11.618447216579549,403,Spring,Beijing,27.40954335367596,93.03641920592324,Monday,18,12,2019,Rain,47,2019-12-01
162.9920481938932,239.31411455497727,20.555105600182834,8.392209051495012,3.00730709042879,115.8722907317488,21.26618656302307,82.45890820489933,6.707695714612827,281.74034910852964,1048.7553465242586,23.210124677457383,17.610451168290634,57,Autumn,Shenzhen,35.35066020510574,126.17007110643644,Wednesday,8,12,2015,Fog,1,2015-12-01
209.87777802888093,124.54594059202172,78.88693440481647,29.67984168596685,1.7532843457567773,187.71584925053747,-1.6527420810579423,51.10649762153733,0.7888362653202985,43.204022666465406,984.5276423866312,9.279637707817908,6.767594145280881,221,Spring,Chengdu,43.90399434822565,113.24048743464915,Tuesday,22,4,2017,Snow,89,2017-04-01
89.97786528855552,150.27409306462124,76.33185211902203,13.324394448836276,2.701427076322405,78.44015954357033,23.50311356100713,97.69585221381588,0.7055415591310776,323.1700257673611,1022.165537640256,0.0338912618512543,9.40659019804544,484,Summer,Guangzhou,43.37634763318098,123.18714173734898,Friday,8,10,2020,Fog,46,2020-10-01
44.48264808935002,258.80435616306,50.00797482396,49.92524289449976,4.290887790338111,26.06608292532734,-4.899430646953897,88.44746056101019,1.2161640957265274,308.8631120017451,1047.0120354958535,37.83437354698441,2.986721051838895,231,Summer,Chengdu,43.222836279198525,94.3687153249723,Wednesday,1,7,2019,Clear,90,2019-07-01
69.80368690074268,78.71250809954064,17.028495406437514,22.218863976828416,3.119216244745303,114.35848792450707,34.57524458647977,39.762283092069325,7.828882509534526,201.10126800371904,1009.044569166586,12.050478364397648,2.3271463731801805,369,Winter,Shanghai,25.4874463461179,122.76335481105266,Monday,6,1,2016,Rain,94,2016-01-01
133.8282367455114,193.5162546482016,82.34959031256471,24.600936463220386,2.013161927555261,193.91305672967215,30.38223898957101,34.72495613159748,3.782552542507504,87.56562976327008,1034.5095729649245,38.07392059450454,8.046973931891914,411,Spring,Guangzhou,26.683715985292125,102.44036078914633,Monday,10,11,2022,Snow,63,2022-11-01
244.31012405897184,160.64931133872932,52.093407010357645,13.49380703987882,1.607696513771572,156.5540789981366,8.16295127318272,66.9738397302936,2.2033081209776064,212.7797555790281,1025.9545776419911,4.901040599830559,17.41579449452091,131,Autumn,Shanghai,21.508812630384558,128.95391387235082,Sunday,23,8,2022,Rain,12,2022-08-01
158.17641061974126,60.26583063625401,62.78673734458926,13.058362904896612,4.136968235469064,108.29300128945124,14.03758663746543,62.28033447685608,1.4271279649223467,250.6659634408053,1010.711791389842,23.169547990791106,3.1386093690895494,69,Spring,Chengdu,24.56955193119166,115.15011411527374,Monday,5,12,2018,Rain,80,2018-12-01
21.405553919902083,167.9354657710011,19.8760805659651,38.07878500598957,3.1771926420857457,12.91220153160662,0.0972602798631285,47.7808693642256,1.330732351661279,149.61222567458094,1024.2954617767114,29.07310816971208,2.9030244413159028,162,Winter,Shenzhen,40.45167579812757,106.81297647411682,Wednesday,16,1,2021,Rain,36,2021-01-01
64.99243247304084,68.26433737144313,39.69479335129503,24.493696295680277,2.534943468666937,14.171574654505102,2.736352754610458,39.18681097309063,6.837672865399888,119.4518461770132,999.5227232881708,14.01401167173334,7.918761312006336,201,Autumn,Guangzhou,23.876655318130048,111.2116412513258,Monday,1,4,2021,Rain,22,2021-04-01
78.72799405153998,223.10612709281335,49.18056024357028,16.78458612548122,3.6469484053073686,115.62614633920064,-2.6623693212209,90.80375732333924,7.7362587033364925,241.9633848817456,1028.1306858530568,32.61101262281641,4.4200330188785255,384,Spring,Beijing,31.5384524019683,118.61712981437552,Sunday,11,2,2020,Clear,62,2020-02-01
153.981224820817,51.474133013644646,71.06277231721297,26.870210766067625,2.808914808317254,129.59259463279244,-3.692624128318064,38.40484803161824,3.886052627749539,336.81724590878,1013.2483732071164,11.74559441783804,19.125858408519317,498,Autumn,Guangzhou,34.122652844524,103.29634128606668,Thursday,4,8,2016,Cloudy,37,2016-08-01
54.18773404621192,285.7048339655094,81.12253580481735,41.25952318435764,1.0002817247299285,102.81912714743387,-2.683652393402816,87.51454767803881,8.249411981239522,251.02786314948628,1027.566024278523,21.436964832249306,12.950220475853918,238,Winter,Beijing,20.215862341402968,94.26418546730235,Monday,15,8,2015,Clear,22,2015-08-01
220.77420051505524,125.1600482236872,55.7498738614565,23.679461341088736,0.6873658888847293,170.43184710678213,25.670188530774357,65.00853040734934,9.749120401183635,159.90034058362323,1048.853506038931,29.38173584864128,12.997357463049324,446,Spring,Shenzhen,31.311916588367342,124.5885057554396,Friday,6,2,2018,Snow,88,2018-02-01
206.07766150279664,102.10983336058348,19.92829595789612,23.677862963659265,0.2271244660894154,148.20088913559098,15.47620850498496,65.95420717980826,9.52253752799486,302.58508470474743,994.4731367422788,27.106488176728234,11.059030751873056,353,Summer,Shanghai,48.1836524994246,95.36193781643108,Tuesday,4,9,2017,Clear,59,2017-09-01
198.2581013699068,157.15322724559732,60.62244567797,16.734345985209018,3.09638191523227,184.19737367027255,37.246179165445504,68.59842045206807,4.681310160410029,153.5308089601089,1030.6452214983258,19.71122210836592,5.873464351751579,296,Autumn,Guangzhou,28.794683788028117,114.14611716871498,Saturday,3,9,2015,Clear,48,2015-09-01
200.7587015737017,55.27051544292587,81.60467845396958,46.2644091237416,2.9257855173619207,103.2768215498998,-6.879364782873339,22.139779172915617,6.273178194338177,20.814666717851715,1048.9130938992075,25.725234012782604,4.094908077090993,148,Summer,Shenzhen,27.153891433988907,119.6389508428023,Monday,1,6,2021,Cloudy,49,2021-06-01
243.19579980144437,64.03109514487717,43.37241474339732,32.68720195230631,1.056680767444086,48.29569777224173,32.45047579325497,45.285831139594976,1.5834835322702934,45.42298861659339,1040.5538521468927,30.07163536228113,10.478672988978868,171,Spring,Beijing,31.784964954276376,95.60442328579012,Wednesday,22,12,2015,Fog,37,2015-12-01
110.38731634632478,29.37710470488936,47.74992924217023,35.59824597968081,3.293639209601501,149.83768479950288,18.01549904518889,27.51480454500464,5.405169341146292,188.7858048206575,1049.294901534288,27.16072725972588,7.286912392801648,406,Autumn,Chengdu,43.95995713608269,107.47035527657056,Saturday,0,4,2022,Haze,36,2022-04-01
58.35594140312782,113.46557565397929,26.054238973079308,28.012160166291164,4.266804940370231,49.70095841741784,-6.104747073030844,72.97648309757102,1.990936795033972,248.53221626306777,1011.059481129292,38.37769432795166,8.881209662775277,219,Autumn,Beijing,20.172311445819133,115.96796342951478,Friday,16,5,2023,Snow,2,2023-05-01
151.51153400902135,23.328914705555853,49.85362695454003,47.66848301077536,2.363918070053798,20.414910531594856,13.46798622759302,79.35948894441145,6.777075993262232,266.3851726229854,1019.9837601750568,5.164322614406935,16.079822619445554,467,Spring,Beijing,24.713886919172623,128.32460973128283,Monday,12,3,2016,Cloudy,27,2016-03-01
92.8758682076302,85.05161394193183,51.17630878274221,2.8237037090870096,4.005851646357042,153.46955995192616,24.59712077070405,65.76942618510809,0.8497141651382933,350.56176604536125,981.4579366715398,19.93674785293389,10.552342645531072,380,Spring,Guangzhou,45.79911430551708,96.62035268600228,Monday,20,9,2016,Clear,45,2016-09-01
158.5388362007757,146.50951658068354,94.48039020397128,29.46460228025886,4.51988463452299,117.6296113162138,11.801313076251787,86.78467436496548,1.8537883151176129,32.67346557360429,1004.4444616546496,49.092694696233806,7.265849463272845,66,Summer,Shenzhen,37.28198761331579,97.43404111187836,Monday,1,6,2023,Cloudy,35,2023-06-01
60.18865328419015,124.06763351244864,44.05788039608176,46.99678728243565,1.320619826576081,156.54419078924894,34.26723732772174,21.28902757896046,5.292065773969097,337.9926647339065,990.896600125034,35.945801544562805,12.044408958393149,186,Summer,Chengdu,43.52445156589273,126.50730258236744,Saturday,23,9,2017,Haze,89,2017-09-01
70.64162983099878,144.35920565415407,61.39459380209037,23.2018615648653,4.647583382264381,153.2574338817838,36.655589956861135,63.81578185512684,1.139056610299426,268.36343500608086,1049.1364353410322,4.168795979183232,7.388605133130171,268,Winter,Beijing,20.10773371249851,123.7701818482661,Thursday,12,12,2017,Clear,28,2017-12-01
132.18572849729992,150.71275168817408,21.16690857927144,36.44658595170221,4.544746107884057,147.43900662576385,14.604813493460671,36.84340560122863,2.733803839309308,314.31806987868526,1020.7632165190776,27.48466736287864,10.408838719205116,242,Spring,Guangzhou,41.13217846665587,125.65603577786008,Sunday,18,5,2015,Fog,97,2015-05-01
114.49742574588127,271.90602527392014,25.08372545327709,47.15397033061282,2.448283070404472,48.104570940855545,-9.6511953577143,11.042559018057956,1.1914110258363908,291.0977219942707,1016.499935506055,5.782908144532383,17.143661073362978,365,Summer,Shenzhen,44.80678050946467,93.86499339028182,Friday,6,8,2018,Haze,64,2018-08-01
232.60602141092565,188.7174933123823,48.683597456414006,8.661964734385823,1.6034171013842733,12.410888943061078,-8.18509166002174,71.17916217438062,4.486154038190238,330.5397576575766,1025.022920444127,13.271516136633291,12.704578254915308,345,Autumn,Shanghai,42.43195953561356,102.299157828645,Thursday,17,3,2021,Rain,1,2021-03-01
22.36649431082367,237.1296910233832,16.566808987899606,24.76804594208417,2.506637520850089,90.15043730185042,-0.2071180156986116,44.0017227705784,2.44958044691641,273.58786780752854,1020.280223722124,19.74851337837428,5.943729130951456,17,Winter,Shenzhen,37.39220420969151,106.58402992002964,Wednesday,8,10,2015,Fog,90,2015-10-01
249.14221746922425,154.38743451746674,12.33907022020214,30.985685804999783,3.9812700493867146,148.75265244856837,6.9730710914820655,13.409871179822202,1.5144500203957167,127.9909548586097,1019.3070573021176,39.45193542960341,18.909421116424124,118,Autumn,Beijing,32.93398244386481,124.63183092361535,Friday,1,5,2019,Rain,3,2019-05-01
213.74898330241476,32.340439927449964,16.869541959441147,38.54730222284256,2.7969610969585226,101.82866526252596,32.474777711036985,96.76921409632592,8.283663021871122,232.9717688434056,1008.293218747506,15.113767928976593,2.20761008017103,249,Spring,Chengdu,42.46464545918744,112.53577805892718,Sunday,21,2,2022,Clear,6,2022-02-01
112.36474348265402,141.3038567758439,15.179394759620704,21.64174067525875,2.276122959214417,113.25352266678937,34.439130223998774,39.74842738644105,6.955919287801658,56.5602569522151,999.0326198634648,12.2667048301551,18.175785966268,241,Spring,Shenzhen,40.60992857623607,127.76426243149186,Tuesday,14,7,2023,Cloudy,22,2023-07-01
17.05111161090267,188.81413616491847,24.86011200245393,25.80644094739293,0.915833897922907,59.94925773084501,20.47934135640276,29.5781162508646,8.399981123427807,201.47460962041535,981.4071138539684,19.679494585667975,17.143930396816806,367,Autumn,Beijing,37.84448303958812,90.08252221776324,Friday,7,1,2018,Haze,46,2018-01-01
48.58166305155446,158.04537646314466,65.47721806045844,49.4901405254675,4.745955724128902,130.4535364112342,13.190752076572462,92.30712877582404,0.1251751378050369,64.59894258743245,1010.7036426797672,16.718193900757072,5.371277557159897,429,Winter,Chengdu,26.63866252714525,117.92896867840984,Friday,21,5,2022,Cloudy,30,2022-05-01
105.42148920656489,45.402999881226656,39.77595774022877,14.178566978352755,2.985183681684358,154.2811512817021,9.853586636775212,99.49069757475266,4.913865866121108,161.0674411891528,1047.5200538880165,35.83061279728136,17.21924121552838,335,Winter,Chengdu,26.89549198759292,99.92980796567916,Saturday,9,1,2023,Clear,96,2023-01-01
197.11739372304496,239.5602599525226,6.9200053887476765,46.41716804868726,0.5806150127049469,19.636531803218087,39.672255986527325,54.06004972369978,3.3711452228175087,309.41026440466646,994.7320016895186,39.403704623270826,18.52647110204715,211,Winter,Chengdu,41.13083968048723,113.73779096812387,Friday,8,12,2017,Cloudy,99,2017-12-01
37.940535637587125,78.3388199088392,11.95260953896778,42.24462207436192,4.267313972097514,93.38637207165525,30.584949048362567,36.37639313502185,8.096714491893175,112.94803681667452,1041.2530241231573,32.40870596488896,5.337601047387024,324,Autumn,Shenzhen,28.669899071726466,105.9293580431134,Monday,4,11,2019,Clear,25,2019-11-01
82.35720021341129,187.22225679458973,98.78468574612864,23.25290620952532,3.2050666218820245,148.68443992549044,-6.732799070413139,17.640533327277574,9.84445866457492,190.7724758916256,1034.6774448217066,23.31606992990909,3.54517207276514,310,Winter,Beijing,30.8994971864596,101.77271573569968,Sunday,2,8,2023,Cloudy,84,2023-08-01
139.59447984776554,116.22199025111834,54.48697314012882,35.98051878808117,4.84084713860597,97.01544402114892,32.24063060673214,71.18338803970732,1.203021345591817,52.3015284206816,1042.44379861351,44.65842155055223,19.16927178897772,42,Autumn,Shanghai,32.13206187745996,108.55948054652694,Saturday,20,4,2020,Rain,57,2020-04-01
16.723743229339938,21.578584428954247,56.03681256476639,9.718825109451137,4.69599422731274,64.64264837146303,-7.108422053704779,28.538580297888743,2.323764607803124,284.3626060789018,1001.1815571038184,22.676010396078784,1.8159605892997248,375,Autumn,Chengdu,40.51933834805807,93.54739013276269,Tuesday,3,10,2016,Fog,64,2016-10-01
215.55469029990184,255.43623392444505,40.89957566705459,40.25385680478511,4.116750756057819,178.00114132437815,4.803872803111801,58.093982131712885,5.3007578664004384,337.8143106083155,1034.190814645904,29.501827484163638,3.20393060930089,186,Summer,Guangzhou,27.39834414119805,101.52890336679108,Friday,23,5,2024,Haze,30,2024-05-01
74.59650050303344,182.15771174556644,86.49410240826688,5.510345881606955,1.1529566660907196,174.9409687503057,-8.518531774794937,85.96616564136838,6.966763872038438,80.28775069715124,996.622025883188,46.207025313187415,18.86304431666247,41,Autumn,Beijing,34.79739356599702,116.64023672040712,Wednesday,12,11,2022,Rain,46,2022-11-01
87.00252041463963,133.3815109421211,50.806130118200905,40.67223642086053,0.4134166696395525,70.45452471860368,30.759097658411264,61.75862304935346,1.8626866412075005,104.77612758861268,1017.0764467638812,20.78996636336666,6.492145045191626,299,Spring,Shenzhen,39.7453217134792,92.42430479152392,Thursday,17,1,2018,Rain,33,2018-01-01
207.74215827220004,256.8197082171701,5.005046875086433,31.52175125117051,4.552629392340148,16.742257824516347,1.3982663013330434,77.40515255797735,3.8911565883194488,185.29144163717712,994.219313959454,47.680871535467446,19.296521098498356,435,Autumn,Beijing,49.4269303619827,120.7772458841429,Wednesday,12,7,2019,Clear,6,2019-07-01
46.484834343829895,61.007393911783474,73.09133670531752,28.85900652606476,1.1776695381734907,173.39283449543467,1.4221784436599805,96.96141203188304,1.9148206931120728,120.84233249501,984.3073567214994,28.28892281327196,9.670971726335456,229,Spring,Shenzhen,24.671961562745764,90.17175258715912,Thursday,5,12,2021,Haze,15,2021-12-01
34.47674335518916,163.23507244657586,54.18523823893112,34.430210456431624,3.0434491926106078,64.18740326776086,36.66451945293684,41.21113258461688,8.692022218224121,99.38520959733758,1017.0215090219158,29.4350223396436,10.794206671366842,357,Spring,Beijing,21.07823330109088,114.92115546687084,Wednesday,23,3,2019,Fog,71,2019-03-01
214.623256622905,279.6713912469163,58.268065275071365,44.15499867370635,2.073047776073703,75.58190907158719,23.582554932337857,48.476244276237175,9.819156869015956,226.8592729554541,997.156550612856,36.01513774884519,11.765958573908202,92,Autumn,Shanghai,28.864601326737027,121.08749739017294,Friday,11,2,2022,Haze,70,2022-02-01
201.4199121660717,80.9125418326082,51.97441827333141,25.44106186018863,2.696127524353054,164.25027688198028,22.3257914428335,56.15225785841233,0.99576121106838,64.20059401264,1033.4173527421383,9.412001556893678,13.939648346716748,159,Spring,Beijing,23.140646653848705,100.36712125571351,Saturday,9,1,2018,Rain,99,2018-01-01
89.65430934860882,38.0023491264486,60.10303302718487,43.75925170330665,4.582403788512249,13.12327166130277,-2.5082292148457945,85.92366581001902,9.887068351802176,74.23582979550675,1001.5400201414626,22.77891765181956,19.28310011227494,64,Summer,Guangzhou,43.86744135259335,118.59189053420457,Sunday,6,10,2018,Fog,58,2018-10-01
154.88066523148404,213.14320413066216,67.81521274596547,17.69752633617591,2.794689418023938,164.43737815898143,35.55774433282456,98.77885310575314,0.3094833028895027,90.44859360443236,1042.1365214628374,47.82760083024126,13.704861324934464,61,Spring,Chengdu,29.395178541463977,94.77123856360446,Friday,14,1,2015,Cloudy,35,2015-01-01
62.713656913793855,208.34587575511387,20.442574275959963,22.11749568228337,1.8996647342294048,62.755010573908585,23.033815985267253,97.55774131206894,4.258954746270531,220.7175094238996,1000.3849313980644,41.59678206212569,11.652224878387532,457,Winter,Guangzhou,23.437275783196892,128.68898039155653,Thursday,2,9,2019,Cloudy,61,2019-09-01
202.89636215352436,214.1537257595687,38.9161458635008,32.189992248255656,2.91706587719978,112.1737645769342,12.27930359875972,74.53300608567122,4.538309423458335,205.0580783984473,988.7357875182796,5.431580604472202,0.6487997365117931,322,Autumn,Guangzhou,20.831268529719875,94.86948463266349,Sunday,11,1,2021,Haze,87,2021-01-01
143.29541020514802,70.27257386409842,13.621228772836288,16.033159873714176,1.9301653911179115,150.41442752048195,16.846730607167775,52.11849318236367,8.709888827484155,251.11470876380275,1015.0038496849731,35.3123135348179,9.220880747548776,385,Summer,Shanghai,48.76575530942402,113.98262284052625,Tuesday,13,5,2017,Clear,64,2017-05-01
151.05843224357582,247.57970424814607,49.76082030063022,2.2858896964210405,0.9005352604449602,66.71424617236238,23.567363856318,46.11571416256732,4.128452040570725,267.30055525601216,1037.9378330162426,5.3913843203049705,1.4675941067219944,423,Winter,Shanghai,38.21425773035487,106.35315037410456,Friday,3,8,2016,Cloudy,8,2016-08-01
129.3267464048713,90.6021937543876,43.52315818606514,14.156940347331163,1.060034352490086,165.44504343785593,-6.847434366760387,92.50776975150384,1.4166465848421372,177.99794814053678,1014.1636397663864,46.82344293663928,1.9414940603239503,10,Spring,Chengdu,35.98317316313987,126.13379512904706,Monday,8,12,2015,Clear,79,2015-12-01
30.28575408229805,254.8099016736356,37.05101210211099,25.084427432484084,4.610246248645633,45.84358474822431,21.886317644537023,84.58988810115122,4.957177186890039,61.43248739556009,1037.6667358976792,44.90899780613159,19.05583253631785,424,Spring,Shenzhen,41.11055815776794,97.34932975807752,Thursday,20,5,2019,Haze,37,2019-05-01
71.42049803433903,189.38226084609067,19.06308785437873,32.45901416280114,1.0785949970685582,173.3946241879799,2.4268023518260105,37.05074610909108,3.047071479083989,153.1532621632364,1039.2723721441628,30.796459647200518,10.145291692756157,224,Autumn,Shanghai,37.65667991364224,105.96686860460856,Wednesday,17,4,2019,Clear,22,2019-04-01
69.53385908899023,100.61192249060474,26.59202853917949,4.580222235057838,3.730131684852645,68.02707343628202,0.539206215906372,28.93329963615876,5.676477236236256,296.4201083366872,1023.9334152088215,4.625376188484054,3.577334692424132,476,Spring,Shanghai,34.73447288069997,91.97566817100704,Monday,15,12,2015,Cloudy,87,2015-12-01
201.8112141863648,256.76578620570103,63.64739787018304,4.924295481811583,2.7877935133965352,135.00020961965953,-5.304576990512152,86.72864075593502,5.14550955752965,280.30161159010817,999.0691209564284,31.98194997911979,6.563144310751025,266,Winter,Guangzhou,41.77250824809913,112.7760230031485,Monday,15,12,2015,Clear,91,2015-12-01
72.7705517809719,252.06501445070177,63.708614386719645,24.887380525984693,0.2036718393804641,17.38992410249383,24.82076689992732,41.78780734154752,1.5915972326873495,16.354150614462007,996.879644091867,41.66258546244956,6.779564136812364,341,Summer,Beijing,34.43259605486779,110.31291438344653,Monday,11,11,2019,Haze,58,2019-11-01
18.020584519793232,153.5839744339872,7.37707476233189,17.800754971569628,1.800261262387736,88.23877734520424,7.227170126397461,77.5155920058331,1.6466001173999143,254.2588018060997,1039.9752461105152,8.81324150181616,19.00532394265672,446,Autumn,Shanghai,24.287799900636927,107.17521122406488,Thursday,1,7,2021,Haze,6,2021-07-01
28.412742825919093,108.47897142662472,73.29622734380484,29.90599723555399,3.1114631851519583,139.28582663396728,-5.294368782252908,33.698013908767095,3.147732805023371,132.19183958278722,984.0719336813406,48.85055799109323,9.280211578111013,462,Autumn,Shenzhen,28.974005472010912,126.53834417772602,Saturday,18,5,2015,Haze,92,2015-05-01
53.39754943644738,95.9129983688069,15.13653848272164,32.00280649659828,1.1972021860851036,145.187407690689,14.822887836948254,23.42104995355333,3.2214263718681,227.9780721337716,998.2194648478734,40.539317764128754,7.866290174188467,106,Summer,Beijing,42.8821798487715,119.80645506861298,Saturday,4,2,2016,Rain,69,2016-02-01
213.80483758234368,101.79497122502936,76.38008994191588,29.643629428235265,2.5885062509393806,130.59832381258772,18.84223670958433,70.60068789968868,3.744684545326672,292.30478028683365,1006.091773126128,7.141767689136685,16.715875459383803,117,Autumn,Guangzhou,28.2530535348484,116.19597420233558,Wednesday,20,3,2024,Clear,24,2024-03-01
183.148665279558,120.8871100476306,24.51086834573834,23.67527093988462,3.9684799819545775,156.0319285662313,2.7264890207139043,72.91729854534998,5.6590889940515545,13.674504847406812,996.2043620803912,41.55426209627466,18.305643318749173,368,Spring,Chengdu,43.45941938612843,100.40651683977016,Monday,3,8,2023,Clear,89,2023-08-01
127.57729242291532,205.5317219750404,30.469950931585775,39.59050643099513,0.7152656115758496,20.54115233772748,17.08583258907506,82.74278898759052,3.7440568487794303,171.6227001342644,1041.2161084540548,7.864748168265024,18.34498817819452,211,Autumn,Guangzhou,46.5744741113717,112.09828668960434,Thursday,16,2,2017,Rain,60,2017-02-01
230.19367186008876,38.16591444275359,37.24873961727442,31.773655678711688,2.1445455851534736,78.66624850072685,13.1932835121894,83.34454323386151,4.288258193729422,281.8998644413368,997.5641710400791,12.457480882944855,10.472493079660303,379,Winter,Guangzhou,39.31750064723941,106.08293261993114,Thursday,9,5,2020,Cloudy,85,2020-05-01
193.1757025046128,118.95947924732911,10.215119174867676,11.724508064296147,4.377677061894092,39.08157463299376,8.240206549209244,66.723907669563,0.7739467112127252,17.772854128801725,994.1928940788144,14.840512968290623,3.008519720797992,7,Spring,Guangzhou,34.350835890249805,99.34409326917488,Sunday,2,6,2021,Rain,77,2021-06-01
123.53986980289017,175.06297080056913,90.09675417421734,14.927710591911122,1.344207478342396,68.70468001463342,27.34535800358288,28.641833325638352,3.3563702813410954,112.58784391212843,1044.748706208484,27.143302752216147,14.98510206355133,177,Spring,Beijing,23.35183474921137,121.67597071746896,Sunday,11,1,2017,Fog,12,2017-01-01
199.27472020432103,114.15426922330792,37.51188257774559,3.4448739496181258,2.960252936904292,145.07101566857887,10.665356152659026,33.63225605718947,8.889783854224522,6.591502917046981,1006.2795078291248,11.97852819282958,19.467973208666383,289,Winter,Beijing,43.66658748382386,123.9202292521015,Wednesday,6,4,2020,Cloudy,85,2020-04-01
207.1443466198624,291.90728644970994,55.41541637878208,46.55701376053886,3.755367687625379,168.77766616276946,31.129605947235163,21.211258013741983,0.9199239637278,160.16651172104702,999.8132663311312,10.235952135478342,11.630339499494244,309,Spring,Shanghai,44.12575200805746,95.0747002337074,Thursday,12,5,2017,Haze,62,2017-05-01
31.520462805966297,242.02803179473096,50.40994040762542,9.802191601595904,0.8960491777998301,111.55218261907876,-1.4540048402208825,52.20173675597503,0.1160397677626345,293.75104664706936,1008.6734686513716,9.342101902807247,14.808133382392205,175,Spring,Shanghai,39.4094721514897,126.44167602886571,Sunday,0,11,2018,Haze,74,2018-11-01
247.94032530629408,299.60176019906487,91.11944497024938,26.718732430014004,1.6808681277438986,148.8737407553987,-1.22263113994803,31.76153606671691,7.909924443040285,79.55026844259775,1047.9182104222696,21.56244938678827,15.600310590678347,317,Winter,Shanghai,45.81070064645634,92.87970860331966,Monday,3,11,2020,Rain,24,2020-11-01
247.43504851275523,157.54549014205,13.433136528811264,28.954025664141135,2.86608672021582,100.59712071360885,-8.58781713948504,15.430255054803848,2.5640317679761093,138.82255506601237,1031.495621625692,45.10675292321707,17.679417071756426,28,Autumn,Guangzhou,42.312012151052606,101.2726008910882,Friday,0,6,2021,Haze,40,2021-06-01
212.36560704259324,288.2653346414533,41.14881743339026,48.16869600885005,2.811497337600094,50.36741727349426,38.91731612434969,40.50375792123488,9.39066789776572,87.0773552363249,1016.039573395635,26.24839037036357,5.640093416736466,53,Spring,Beijing,37.2245353024026,92.28980742406269,Monday,23,4,2019,Snow,66,2019-04-01
73.31324318904859,151.607497024176,15.275656987151637,1.1173335988975954,3.798496337179041,58.67080499485108,-4.588547928374989,77.9889757966028,2.084761824586262,266.8302340869722,1035.369480483731,48.1452926607307,18.986326211948807,392,Autumn,Shenzhen,20.54627952055876,115.1836999233517,Thursday,2,10,2023,Cloudy,26,2023-10-01
156.07780693475752,263.3858147783038,85.18910669170859,14.882902133611273,2.4306046820291574,44.06523044869297,28.18216424334502,99.98625934928288,8.002318689716684,358.2708541666635,1014.344923508626,17.18987934254547,0.8104049689807945,290,Summer,Chengdu,21.041432836639004,117.6995142044518,Sunday,4,1,2019,Rain,71,2019-01-01
184.9573741530417,71.44103784308123,95.22461012243804,9.08189290862138,2.332651537509741,78.66125929503926,31.869962374956412,28.72336113986564,5.155083508434052,239.09070938542035,1044.0257751204667,23.33848190917753,8.847344497759766,493,Autumn,Beijing,30.032128668411783,113.98393568688832,Friday,16,11,2022,Snow,23,2022-11-01
49.754979247035735,82.60881075633188,67.14878859570368,26.000993184833643,2.1025947224679475,114.7339456795024,5.148634029245327,47.43002154800145,3.2471768467547224,18.80211448128872,983.5359765438096,33.881610016969724,18.355370865873933,443,Spring,Chengdu,47.42868503292857,110.02466792583732,Saturday,1,1,2021,Haze,10,2021-01-01
89.60732791257689,151.72828706565932,60.204522716570885,28.622548954735056,3.2563512521910174,104.49022006371672,13.547704050857078,65.32813147857703,1.1870007219480094,220.52490930283028,1006.3438621217016,38.02410052295841,18.976768088191022,282,Spring,Chengdu,30.55240781749891,90.99966102061695,Sunday,0,1,2022,Clear,37,2022-01-01
20.156312985611507,268.17471695314634,16.99090427159871,29.219000084953063,0.3885718600825568,163.14394663619922,11.85389713447114,71.30139571049702,4.559653402463769,147.65704570882684,1022.6287693078166,41.16499942111249,9.717271941322815,59,Summer,Beijing,48.44745903454224,119.95322626588148,Thursday,2,10,2018,Clear,88,2018-10-01
110.23286147008352,42.504322706255095,79.5533434318009,33.445361326540855,4.618400872951855,53.39497768789408,-2.1324016289791494,82.54989416363918,8.311023545981381,218.0079278137455,1004.6804577221628,17.20205222721658,19.384776502904245,249,Autumn,Chengdu,44.94440947176979,125.2957129551733,Sunday,22,1,2023,Snow,50,2023-01-01
50.79655327306441,64.32590809862052,94.85632140834568,4.5701222811106685,2.125484166583549,105.5218270331182,28.704269716357015,89.62393007713717,3.947087029909096,103.72138995483536,980.7724157824076,37.686902437013984,5.60963980214876,81,Winter,Shanghai,37.00622314125128,93.23444251095636,Monday,13,7,2018,Rain,8,2018-07-01
164.58935397240208,86.44748599716388,28.519480750405627,30.811727170418752,1.4191702011861334,14.948046760673218,2.276379937046761,79.62354362091055,9.17580039355784,105.75535077931494,1037.9276069007892,11.36752329761026,18.24276501907969,359,Winter,Chengdu,39.68037930639083,116.67550572626315,Thursday,17,4,2015,Haze,51,2015-04-01
82.86408070073436,53.10710448565433,97.18962122956223,8.570613716423118,2.5341054599501147,74.65136705071876,5.443076045744181,33.46633864680701,3.6828963650981015,55.20828380182305,1046.950421770272,6.938844380398734,16.753351880495735,292,Autumn,Shenzhen,24.000787701706763,113.25874815281352,Monday,21,6,2019,Cloudy,35,2019-06-01
183.78386622791055,170.63844748657922,91.23030467004398,30.3595286718969,1.0859434448548833,65.51441365849396,30.40975319652521,85.95341141473826,9.9802515862893,117.74691318053078,1027.6167290821902,9.107040415311864,9.834444450886178,321,Spring,Shenzhen,20.15697829934609,94.4263725699916,Saturday,8,12,2019,Haze,62,2019-12-01
244.04382168664665,96.11333216881906,36.94543636895618,33.36799107149786,0.4784515495432455,132.55374926322753,18.643018089902988,40.29010042538282,9.148902597642849,154.29060579651426,1015.33249904717,5.328042975092872,14.468389475767012,199,Autumn,Beijing,34.96966493886362,90.28164155969816,Monday,3,7,2023,Rain,78,2023-07-01
181.87142130856483,234.8608063821233,84.64339078785585,20.1071463432106,0.4309197954732821,67.68177334343844,-9.482833539108844,68.57292129199607,5.245782832002012,358.5291941730157,1035.5588574562337,49.04378157416474,11.63505312483894,432,Winter,Shenzhen,38.414700466753736,111.71806127654472,Sunday,13,7,2020,Cloudy,79,2020-07-01
122.59223178393152,80.11513075749022,66.17327046824371,43.52709355715805,1.5233343636762195,59.57500605582516,2.127702599260587,56.172278728890085,3.5022572466136417,87.45052208051047,1045.8892381478147,30.715107205884927,19.740223464410047,299,Autumn,Shanghai,42.81286049247792,90.77747337142738,Friday,2,7,2024,Fog,70,2024-07-01
70.01426097889424,183.67570892011184,93.40715145763431,40.9292772740842,3.0223938618519046,23.19572437923028,23.14646407050172,20.078223920228115,3.96211668020972,180.68933468574136,1027.9396341132149,9.622876577998468,5.458106819298265,92,Autumn,Beijing,39.34923352562069,101.29160635177467,Wednesday,17,5,2022,Snow,22,2022-05-01
15.011321039506688,84.45073092275757,19.20059983234404,9.413510399526832,3.9878483667462272,187.33464611299613,36.60566657702216,97.03631955468217,4.259286643893766,220.61263468454376,1037.8723194561442,7.081144815034124,10.479583108832411,470,Summer,Chengdu,20.61485499504893,119.43390844516026,Wednesday,8,7,2021,Fog,51,2021-07-01
211.3793492880436,112.22071833323784,60.36459641078576,49.74862326348811,3.7623996015066976,136.17279994735856,16.916758062514173,50.39920800193298,6.215804861315384,104.97768295575682,1012.9196687241543,48.58032491442004,4.3056462505417565,108,Winter,Shanghai,39.3655930964564,129.75756803562956,Wednesday,22,8,2023,Haze,59,2023-08-01
129.6291258781437,79.09405761399937,57.10035744324195,47.59053620617863,4.463360412494035,199.7502867301473,-5.282122774721644,98.6501242442154,7.224239700810591,71.57327334808335,1036.3468923317191,31.118506826652265,15.668061946268883,24,Winter,Shanghai,20.854234623942737,92.2751668564948,Monday,10,3,2015,Cloudy,51,2015-03-01
11.001345329200758,121.7471715964829,69.29567962480311,1.412760303501082,1.2361833475206376,97.62158906226928,29.459430413568604,52.4585533982799,2.002835955203608,175.5962392038722,984.8972724950412,14.13614886715085,3.914060744340581,337,Autumn,Guangzhou,45.16112607101493,107.35825893308905,Wednesday,16,11,2019,Cloudy,89,2019-11-01
77.44861334636951,276.46633803486475,91.3504366668656,29.247433031428884,1.3647206473785352,160.3533016183739,32.78837961960992,36.978134806371,2.544625856437557,308.2548631012354,992.075790139334,48.92497692750734,2.4516888370472096,422,Winter,Shenzhen,48.21824806476764,123.5592723766898,Thursday,9,3,2021,Clear,10,2021-03-01
92.8358708036906,206.0401312791996,52.50308538300085,14.95425171349125,3.351421791135924,185.2217333178436,20.718393052768818,71.55139510279434,7.118886508508286,163.1797451226262,1013.6576234615222,47.66137209399509,12.448411456770756,190,Summer,Beijing,31.368134986035333,127.92799785372748,Thursday,3,10,2016,Haze,67,2016-10-01
109.42626882436252,79.08261874469927,95.69516588996557,14.10575162683779,1.2512359360897034,166.3433996609241,38.2043838155978,20.357203076232896,4.747509614334401,296.5502288235236,1029.7249291114244,11.156309881762503,5.025437046385417,7,Spring,Chengdu,22.669705648252112,98.39553079824611,Friday,20,7,2019,Rain,62,2019-07-01
77.57880632239899,28.68036300271541,57.51922966988614,47.86045748399402,2.348725424556951,145.74078258307614,29.610169482147263,96.2658696787144,4.345085168622973,346.7787391553404,989.266059187076,4.518457714257468,13.916458382423722,16,Summer,Shenzhen,26.70306746999881,115.125393979959,Friday,6,8,2016,Clear,98,2016-08-01
41.25872773780024,30.252395630759278,82.56094025091613,43.57518162169232,2.834555733187041,64.40625992190914,-7.890552050519886,83.18775205262497,0.4755243366988759,139.26072257115266,1007.432374545844,31.963622782089363,16.256032931036305,11,Winter,Guangzhou,36.217878551849466,91.97094236405792,Sunday,6,11,2021,Snow,76,2021-11-01
74.01648214765693,268.51163639049446,82.7080301988122,1.530623879700197,4.419308432071555,52.2431276270365,8.31740302341684,76.81901289208726,6.815584087482379,244.24086447134152,1013.2809611026396,47.649473736552,0.4832245355391729,111,Spring,Shenzhen,25.501652367076236,124.64095773076406,Tuesday,19,12,2023,Haze,67,2023-12-01
117.6087184724534,22.240625744505603,7.69078421096114,3.589640286923166,0.4732328055089745,90.41951287233648,15.106880255923432,59.59676381369092,9.272916349211163,339.25031106235247,1021.8111536120877,2.572187326590142,19.080992907310726,285,Autumn,Shenzhen,24.038427853181677,92.95099535100368,Monday,16,6,2017,Fog,26,2017-06-01
41.08160738156965,198.4542297933289,87.32379681144579,39.62931566177099,3.683062317525505,17.615619278279624,-0.493682603276703,99.74115875178347,4.747419191921997,128.30481341443422,991.1773049236544,29.410447701090085,11.685107909866788,20,Summer,Shenzhen,38.067167693013175,102.07887566061316,Thursday,19,10,2016,Fog,8,2016-10-01
170.64831804970652,221.12893604650225,58.5955149987081,46.8586934870087,4.325815258339512,182.5558338520373,10.724629855073571,35.32038224508128,6.997729427707943,337.8983608778849,1030.6409647865062,40.702407812947285,3.671242974073251,61,Summer,Guangzhou,39.74672951645917,97.71452603006664,Monday,6,1,2023,Fog,43,2023-01-01
151.7947575015138,62.06010522627857,43.59304210571476,9.3643570310545,4.271965450486767,65.27829682649855,36.33095951386469,55.42908687884577,6.285349099297926,102.96355445735686,1008.3223731493516,9.096497663498129,18.31780896533007,181,Winter,Guangzhou,38.13030572138636,116.05445504396448,Thursday,7,8,2016,Clear,89,2016-08-01
165.91212900147744,197.92573126863215,34.84259592241121,14.699326511723692,2.092788982440027,25.172268579157667,1.1486009769692809,64.66889890037307,4.311481229875201,181.60825237696253,984.0942934442515,45.26939156104474,4.915373741399596,171,Winter,Shanghai,36.56527789828327,113.9337383566497,Wednesday,1,4,2017,Fog,74,2017-04-01
240.13815862759452,265.2999144050574,52.422066332629626,28.59761796730025,1.3536829173488067,176.04496202764128,33.107362725718026,18.74888850994604,9.142438819475512,219.40946276412907,989.5332641705168,40.699109319232406,4.151954363558174,493,Spring,Guangzhou,48.64898300774407,109.25302930877596,Saturday,9,10,2022,Clear,81,2022-10-01
166.876529715867,157.48594594453243,59.592895340322094,15.132326328183993,1.909092844799827,49.4991855396672,9.186307989534868,63.43005065905093,9.834403200819407,111.76370915765416,1035.2258662561678,13.278494602820718,6.674029752916564,9,Spring,Shenzhen,47.19178297961682,98.1324153661,Saturday,13,6,2021,Cloudy,56,2021-06-01
170.6735860755672,198.03425763819715,93.52725174201076,28.271002305057944,1.9965601413749527,191.1390976921489,38.94823237222497,33.41747968345007,5.4048480402473285,85.32721283637217,1013.2372744150678,8.261855502490645,14.316868352997425,242,Winter,Guangzhou,33.678361867974964,95.62442708835842,Saturday,8,6,2017,Rain,43,2017-06-01
157.06792236842065,68.68217013362778,65.06454940250268,32.46380044470391,2.820993293005152,11.184705874187268,27.68396214290725,70.9484473509172,5.873534479579226,60.59048537656919,1044.0712723538677,26.89933884707189,10.805869391990027,337,Winter,Guangzhou,21.809606485325236,111.6794131342486,Wednesday,11,10,2020,Fog,14,2020-10-01
136.04087456692054,291.2222360341951,78.86160480813298,18.969170938207423,3.657107513357036,129.91940361179394,17.45851068305719,79.5226376128688,4.43556863272222,129.79129119369242,996.7576658014824,39.91846934919567,0.3046082221292304,198,Winter,Shenzhen,43.29558671911161,107.5664111972682,Monday,9,11,2018,Haze,92,2018-11-01
193.0729472723436,81.43573927334448,27.963402124073184,28.618369750727247,0.3225673684360888,73.39278029760166,7.049543225791052,46.009760652988426,5.536817211270568,223.75752705880805,1003.2735399447804,4.629086221592027,4.790455483172242,422,Summer,Chengdu,41.12062497988697,129.04459254939076,Sunday,8,2,2020,Cloudy,29,2020-02-01
225.3100774294058,172.11231386851028,33.3590540739292,48.61394608223267,3.737284051647764,59.78989798956696,21.407286895605168,50.46722228690774,3.4995047435158924,250.4857506449416,990.9510774625408,33.98187909309567,14.988195714515122,396,Summer,Guangzhou,44.37839916885484,91.80609279523304,Monday,10,11,2023,Cloudy,40,2023-11-01
226.8398910215452,212.33676878179915,15.920904760492464,11.755476307628024,1.574038723621647,55.7171725245276,8.97498752852097,47.46970434950902,0.0334600182868183,269.024969167604,995.2799750042592,5.947893489669898,6.7059847115281634,485,Autumn,Beijing,26.29504337655085,127.89041234498164,Friday,8,1,2016,Snow,81,2016-01-01
95.46297625808072,172.08580490353427,53.95078144643629,25.73218699129045,1.3633951671134297,148.1447775686678,13.427730071210682,43.24880030226972,6.143105364680014,191.63906265095272,985.9409054064846,6.632087298561739,1.3678719406518816,20,Autumn,Shanghai,34.5580288723556,116.14961087096329,Friday,8,2,2022,Snow,29,2022-02-01
184.55211504772103,119.3611356183052,45.52057771077772,20.563657600224875,2.781222447669292,184.2847488426637,-6.99331079676562,82.48559565760303,3.9911239318611447,245.60182075407903,996.4136823966318,10.212024373479773,13.178581230686934,221,Winter,Guangzhou,45.08257608670314,98.27538370379062,Thursday,14,3,2017,Clear,31,2017-03-01
39.44806598186081,241.938113824832,88.012067750634,32.4672276166916,1.3502327562581915,169.8343807287638,25.540161805795652,95.20201382416982,8.516691554317037,170.28330898655503,1006.5997837977088,21.05075041741386,5.542567829933264,197,Spring,Shenzhen,41.15858926093648,106.53602872595542,Monday,1,3,2022,Fog,5,2022-03-01
83.05435855724215,185.4868427604264,35.726255170162744,9.912767035103304,2.167636828905487,179.96716454476658,12.315391773942888,71.6313777516252,5.729222702598146,46.30043697560894,1007.1114920525775,44.505708548724215,8.506162640317726,181,Summer,Beijing,39.1009947108245,96.01783101941088,Tuesday,22,3,2021,Clear,92,2021-03-01
169.04655098805782,240.6699127308575,64.83002718064172,17.6330924092907,3.0722955068061024,149.24503382290897,24.190698013669437,54.70091226114292,9.548433986830688,205.90652554587984,1042.1816778372524,36.43249361606948,19.17291475998221,423,Summer,Beijing,25.828949470310057,110.18931707524428,Saturday,15,9,2022,Rain,75,2022-09-01
172.041628233623,88.73458697071047,47.69903075085373,42.08359890067951,3.060522779382111,195.0830340947086,21.447414980021588,17.695298206331472,8.824333161710866,99.50240079102606,991.4001569956608,38.75505532188404,16.600181694083854,334,Summer,Guangzhou,49.59724597792723,92.78837575740224,Tuesday,5,6,2022,Haze,56,2022-06-01
107.78319091613164,131.031120474219,40.64309303968422,21.718310931191304,1.4938582570612096,140.43131023395796,37.61381067462816,37.78686761418021,2.2183832475903054,91.92998456915728,1004.9792559036556,44.1361152439758,12.375244692341491,52,Spring,Beijing,44.76997009981751,100.73898862538796,Saturday,15,6,2024,Snow,52,2024-06-01
238.07130722169757,180.2041946530476,56.00609926566916,11.616579851642896,3.607556232973804,123.9376975917942,28.41309359715035,23.023774310885983,5.0952788804241065,312.1837515803764,1000.5288542812712,25.74802453058725,18.74174479101206,144,Spring,Shenzhen,44.88736656180385,104.41590407143038,Thursday,5,5,2019,Fog,90,2019-05-01
72.88185498697533,115.3795378562272,45.955903247044446,45.36339516397889,0.3823543854060282,168.44955543901744,37.361908716457975,29.17618805007447,1.649217361874058,70.97581819221001,1045.9751752697423,36.50745995629289,4.2006150652625145,219,Summer,Chengdu,23.82157418109722,96.8596336397964,Friday,21,3,2023,Cloudy,34,2023-03-01
230.71742131601417,225.23505190929032,60.60188734746899,37.19682893296868,2.1100503562701194,105.09226595920696,28.522302876024696,46.415111156808,2.448145457884745,34.083685030113216,981.4391425525372,29.19189783144637,7.25816997480801,277,Winter,Shanghai,39.54302808148161,107.5518158410232,Thursday,10,11,2024,Haze,61,2024-11-01
20.11076197985566,123.6385758210326,24.04679005469489,41.22962698509894,4.963775867489267,88.49331680243884,32.03221511383541,37.88326953738998,2.7713878653712296,329.26419472191816,1048.5184046314062,39.76787316514949,2.9682892854904885,477,Autumn,Guangzhou,37.38148025972632,117.71495089222242,Saturday,23,8,2021,Haze,55,2021-08-01
197.03577057721884,55.910151165977325,85.46860105993939,11.129666118345666,4.715853448515606,142.7879106837638,-0.0867831452986216,27.81719486116515,0.482268951773418,350.9687807850341,1049.4906991602936,3.838076812918506,3.25923319410548,191,Winter,Beijing,31.54154017956828,104.42949011506424,Monday,8,3,2015,Fog,41,2015-03-01
212.5110905288969,294.6785341855076,60.3000285308967,8.048518677029497,3.3638461191465483,134.6255870561439,12.844158852775433,72.39312733219626,8.663335267012176,35.85314504186379,1017.114179777627,46.5585784658044,14.58464105901839,163,Winter,Guangzhou,27.816844633402333,102.17829025562834,Monday,4,7,2017,Rain,1,2017-07-01
205.2090654347952,34.61204288805104,62.24668898221893,24.589339178628784,3.847703142889471,113.40331127671912,20.25198913862797,20.440693509126604,3.889517721046576,309.9791988720876,1041.437551125585,0.8306925422224554,14.003620243718249,190,Autumn,Beijing,40.87994712465128,108.46565524447904,Wednesday,17,7,2018,Fog,11,2018-07-01
145.6773718847654,233.970667421945,61.176055838410186,21.86393916113764,4.44125932803079,81.96536839895712,-0.843270046436519,89.65526062894848,7.440269366044596,156.6298144681536,1021.9562575506012,35.794672744848064,1.290185587569798,367,Winter,Beijing,30.479526133210907,125.36521266373023,Sunday,7,1,2020,Clear,44,2020-01-01
35.0937204761174,140.26552985011466,38.12875243545036,40.29671655523564,0.9929072326887528,152.27932501624525,23.29330652472965,85.66564709646872,2.3384136840894056,240.97608893281316,991.8645172722436,5.862062069957857,4.073800143339897,480,Spring,Shenzhen,35.37797088021307,104.68716292092267,Wednesday,8,8,2020,Rain,76,2020-08-01
46.79266905475109,51.32046166118384,87.45882963374758,35.03589579024193,0.1678628441861906,103.4838725701128,-5.834449153187856,46.63258186047522,1.8949972479914836,113.162308394878,1009.9740430982982,19.09997315685124,3.4016476994095206,383,Spring,Shanghai,25.21122292370474,110.04158880547462,Sunday,10,12,2023,Fog,1,2023-12-01
29.903632082360943,63.4242237219964,14.96328778083685,36.44410257455051,4.020549485388232,178.6484391697667,36.24512968155985,20.96389258470046,1.659213550783325,78.23530693427398,1045.676463964778,8.949983703046138,18.98022537462173,499,Summer,Shanghai,37.45014293630874,129.90442898721864,Monday,4,4,2024,Haze,13,2024-04-01
242.61416916366196,284.8164280944501,98.0891073223827,42.37961367768778,4.139590262998516,122.06566547472956,3.538503968242493,37.95909377938172,2.235781249816503,73.60650701688859,1023.44948661103,47.57475235027497,12.296215783867384,150,Winter,Beijing,28.478935041380268,127.15581542975058,Friday,11,11,2020,Cloudy,40,2020-11-01
130.9922402199197,66.82266793902835,9.127816914840189,9.339438489756905,2.690674678358258,190.467807670228,16.86362906198549,34.84153694544975,7.828766503249705,72.09322529892695,1028.3914346236816,15.94911748151423,11.702098840813044,415,Winter,Shenzhen,27.68344072092202,92.50110698860486,Saturday,6,12,2024,Snow,38,2024-12-01
16.444459980682062,173.0268643263147,63.69911517376296,49.93105053271705,1.8629334939076807,74.20185422367197,20.17242677155998,25.643251192438026,4.829249964328032,193.32603193582852,985.1344206649628,14.60765326805013,12.278998734270816,424,Winter,Beijing,42.61495395834149,111.71377552798135,Monday,9,10,2016,Haze,59,2016-10-01
167.85047458799312,30.88584513758097,57.86183796237459,5.286375586919703,0.259338381538282,103.55876984846672,2.5565107800885425,78.32448116472884,2.671363962064557,276.3935974682135,1027.065914866079,24.986250026869985,2.519040075989315,2,Spring,Chengdu,48.85628234563352,114.90633134933884,Thursday,14,3,2020,Cloudy,21,2020-03-01
164.99957360663558,193.7837949347239,81.56478843449129,22.075992522146755,1.151797333892728,11.865128182144357,26.413563469382066,31.613716688329628,7.810405522935452,74.7392355032028,1015.3205226593412,13.208030489218414,0.653534308721665,451,Summer,Shenzhen,35.07929296677659,114.35901020219612,Tuesday,11,10,2023,Snow,75,2023-10-01
78.59436170840794,272.8804522492969,27.21102717278749,13.315164089780383,2.805240094895573,94.97918488542916,-9.150037191741855,94.26504824927164,8.658530395377737,286.65541099804744,1005.3117922140268,28.080134465830447,11.105859156519855,119,Summer,Shenzhen,46.50885663169987,92.99102592627146,Tuesday,16,10,2015,Cloudy,33,2015-10-01
69.76677288459683,250.9105542562481,81.21024569026943,5.023296459115072,3.544746292935829,76.37311780008898,29.371470345226815,59.26100627805625,2.613459330362912,11.820460782971516,984.1100363895832,0.1722500208804211,8.934300595578657,7,Spring,Guangzhou,43.95654743041858,110.13139313637964,Sunday,23,11,2023,Cloudy,98,2023-11-01
134.89924423119015,250.29952807855904,51.77014650844336,30.54191750820264,2.339765674975316,146.67735878964024,17.466914215046046,19.32686339029767,7.652300709367306,302.4239151387655,1023.1226297490916,44.95959609403635,10.895585576636863,270,Summer,Beijing,30.518773677915128,125.63580235008428,Wednesday,15,4,2024,Rain,33,2024-04-01
235.74943834534884,92.8890055638098,81.60811454535877,4.422599005876243,4.123907562575913,84.10510606948209,24.66674065851384,29.22628914009436,9.488454778150691,129.62671997079542,999.1050735559112,47.92390427172523,14.998138657911433,363,Winter,Shenzhen,48.10044281844806,129.60016161767075,Tuesday,1,8,2015,Cloudy,39,2015-08-01
77.09385997688786,195.14299193029817,57.28579790419905,27.866901429420523,3.910839068266559,192.48515515133508,24.707899621780665,18.35440510493836,6.273304309578544,51.06837724934367,1038.8764070440616,42.84673803620623,0.3037069091594818,124,Spring,Shenzhen,30.38987455960228,92.3614995218002,Saturday,8,7,2017,Clear,10,2017-07-01
191.4457568114469,236.13534808523437,44.42297797860705,5.692352757764128,2.8296420253026167,160.66971924502627,39.41884831131589,78.2285068054676,5.974784432614541,353.6330588906644,1001.2468502793846,31.07046860818527,19.346980363384468,30,Winter,Shenzhen,30.88213526257152,123.44290535575269,Tuesday,3,5,2023,Clear,15,2023-05-01
99.89565606334564,217.5737691705841,70.03993404123942,40.42208962176418,4.785402513609132,172.47909355918625,1.598792155626791,73.75304870448502,3.725624286413658,150.79712877694388,1007.357909752166,8.290574301896386,2.012206588873915,373,Winter,Guangzhou,41.31815838245749,116.6402686839884,Tuesday,13,3,2019,Clear,97,2019-03-01
113.82036014699224,42.94378645135038,54.71994945751415,48.777142342829386,0.4869557859780358,22.91909592246424,17.7638614610941,91.39865564212948,5.8807981813946935,51.13749879026033,1020.6993856432466,40.72925328617831,14.944119844851564,148,Winter,Shanghai,27.770163779857032,113.12148121519633,Friday,14,2,2015,Fog,60,2015-02-01
177.26229195772234,257.849974705545,23.871092814609003,11.359468641017992,0.5492661376438303,181.11390390758905,11.711982607138951,93.13031586110462,9.28122332785628,308.280239009464,985.9815157109498,23.47845756016781,2.070316414112146,429,Spring,Beijing,34.74085494172693,113.99722979360406,Saturday,14,11,2017,Cloudy,13,2017-11-01
163.31335898204344,117.3971378670798,30.03121830794841,39.16691012550989,4.98323418206619,130.7707436119147,-5.578156134386622,85.53855721762663,6.922711722886432,17.214623920574468,991.2091267611185,13.89507964161522,6.366337548824073,161,Winter,Guangzhou,21.794793876884796,93.48060420978872,Saturday,11,4,2019,Clear,99,2019-04-01
42.04293893643873,252.33203448389904,36.73003066773812,19.41357677235188,4.281861007359019,33.17307131615888,-4.433727200061296,50.92959963350743,4.452601163878786,268.46771466875265,1049.774133273119,10.049915443239431,5.399105410282958,205,Summer,Beijing,37.65156622899188,118.22322054290927,Wednesday,14,1,2019,Snow,22,2019-01-01
109.03850333747476,98.6910737178431,67.2680350808607,21.93988910594003,2.7731316005343265,31.88426377386632,31.5987386295226,75.30400884538312,4.8305617300183314,143.44505876261078,988.7193294804782,24.572645805681443,6.002122195184945,422,Winter,Shenzhen,27.408119081034314,110.15164286947962,Monday,3,6,2018,Haze,65,2018-06-01
132.11204868902752,270.94900960379664,60.98016881932941,39.27738721845398,1.3675704639953452,101.66524184206574,12.21628074578124,61.91251781667958,9.660426719718574,224.54172693365496,989.8389889572056,8.091472599571786,13.359649338319498,52,Summer,Shenzhen,40.74492577600768,91.97175655531152,Sunday,11,6,2015,Haze,77,2015-06-01
128.9901843457419,35.48335008644791,86.40556320431028,13.901328865965365,3.870629234150699,183.1148504454537,0.2448233048500263,45.97425450255974,1.489875962798417,249.33859366477816,998.1625115058644,15.991606805007612,11.594033086355882,16,Spring,Shanghai,46.245373082910845,104.42395765242134,Thursday,5,12,2020,Rain,93,2020-12-01
26.506792441138607,242.5546491140589,44.89251145564358,33.894615072904934,1.718127626078198,179.5076575787706,1.4376960574926407,12.497763575146813,8.593751628617559,342.581400138506,983.21913800516,13.924389074352211,19.08635183763238,251,Autumn,Shenzhen,30.727966103411333,118.51551320857664,Wednesday,14,5,2016,Clear,19,2016-05-01
55.51822382825618,116.73658250368752,9.971528704285152,43.98169242744613,1.8384534940136168,196.21902599101293,-7.84477509106283,30.42393672070565,3.0908958381815954,65.56754082548193,1034.5475389220662,34.89029797983724,16.686997300652227,331,Autumn,Guangzhou,47.4706556723613,116.8662555989461,Tuesday,21,7,2022,Clear,1,2022-07-01
31.84389200881373,118.6620270227919,80.38837794016578,33.51672145439095,4.05951830802133,147.4847089769464,27.00500860730211,24.59654473004785,2.1930828693987783,277.11066689854226,1029.003793641211,38.47189509800358,14.366439999580477,46,Autumn,Shenzhen,25.487184913687354,95.8411731986468,Monday,6,8,2024,Clear,33,2024-08-01
64.54770866510154,135.45864108726204,25.97093394849372,33.61448522257737,2.184305238085706,64.96332007479745,1.1012050889939715,46.76558455984144,4.403608585735778,291.80496854916976,1024.4401193245874,4.394834874205461,14.540619563836009,146,Winter,Chengdu,21.95520278843152,120.22285045090648,Wednesday,21,7,2020,Fog,41,2020-07-01
195.25115911872408,155.18969462711647,85.37502630328898,9.681830135761322,0.8562183121761062,46.39315348323328,38.97630750273052,64.04114817924156,3.257409740860292,180.3150358733404,1014.9365422143064,11.306638974832122,13.010107124576896,19,Autumn,Chengdu,28.93434171473863,114.8719485764736,Friday,13,8,2019,Cloudy,96,2019-08-01
55.86655601078749,296.8826493271468,70.24015659052854,19.31019923033159,4.1949144151935,108.6534239127619,15.932317905127809,46.827243190425705,2.0895473133086884,262.85963223697064,994.616596080982,19.947075745755903,8.060910796087445,344,Spring,Shanghai,23.956675970153896,96.64520617881998,Wednesday,13,8,2024,Haze,26,2024-08-01
80.36608956302683,186.7798551097109,78.2482090048781,36.24050076715898,0.4859070735520198,180.2272112180877,-1.1153031343713735,44.54823288950208,8.883322969219895,257.792450351404,1035.4887207624436,43.775158399436926,18.08339849181781,377,Winter,Guangzhou,46.02115884658066,90.26465139249385,Saturday,23,11,2024,Haze,33,2024-11-01
97.71906676656944,194.08207381498025,49.373733598475134,20.44820354612756,2.529051414918915,72.9195835678392,10.147775644956509,26.100930622872752,7.4332970148140065,160.31455744750693,1034.0924631972075,41.895181079354,11.267000745624111,421,Summer,Shanghai,32.60690411194229,118.47694974299476,Saturday,15,11,2024,Snow,73,2024-11-01
22.65466509512735,270.7868481500887,7.172234984125945,39.1690151560843,2.292557831050043,173.10718786776658,7.873021124036605,76.4937316536268,2.866036844756591,349.3734124530072,1017.908259804594,38.97845116568324,19.34290161576522,379,Spring,Beijing,47.356406379228446,95.84181605303326,Sunday,8,7,2021,Haze,18,2021-07-01
159.85265606841426,195.88082142664467,47.79133081834634,39.78560880638325,0.9324046605708954,136.1250330335451,-7.161611553573573,34.88660199852588,8.527180832915484,347.3984341302638,1046.6281226076092,40.70722998385178,13.563942414627128,58,Summer,Shanghai,40.39817359915328,113.28340654943928,Saturday,0,1,2015,Fog,44,2015-01-01
51.397182078882565,139.71187821354397,72.61112673262231,44.54160826376636,4.2300660121747145,101.25198347149696,8.372577901609077,47.18464124179527,1.9129046915714665,212.9115310684251,1032.280613258776,37.1924803667637,14.571629097136878,309,Winter,Beijing,23.58653538613509,128.7804449394147,Sunday,22,3,2023,Clear,73,2023-03-01
151.3430823597297,163.23178774137733,62.583295291425095,39.90642570331743,3.2565627964611403,17.66487693177489,39.931921800794896,13.296379919480565,5.1576783242638005,201.33142039154197,999.5841283526056,4.775998879487148,0.979481045648812,72,Autumn,Beijing,41.05602729273288,111.58516268934704,Tuesday,20,2,2022,Fog,19,2022-02-01
76.89772995791546,285.1353538722278,28.276096158274424,35.69826636304583,3.991384735762757,107.23605653558192,-1.6121874884323173,11.644086882587391,8.60317395253262,77.38130594613222,1044.8980286439148,16.35018894569355,14.253439454263592,134,Spring,Chengdu,29.277907298345227,104.2583255749737,Wednesday,23,9,2016,Fog,78,2016-09-01
119.24812282898536,269.7624209700032,11.396305734194364,18.03191620299849,2.35009392398504,87.40200767720248,29.798767381501563,58.69689409352488,2.816721760282551,237.6521632249841,1006.6624156302954,39.187269840301184,6.969183965808553,57,Winter,Shenzhen,37.91951619714915,100.93374793169464,Saturday,20,7,2016,Snow,92,2016-07-01
181.02034240784369,99.03287708270308,79.34847379622916,40.07706369808889,4.187173754695307,113.8182003133128,-2.7745811579930804,68.61530295870796,5.524660560836869,318.89235302133125,1041.8270071566076,47.39495887102178,10.997162391615577,330,Summer,Chengdu,39.67763659324989,103.42029718738765,Saturday,8,3,2015,Rain,18,2015-03-01
41.32422789013006,63.12098710305545,36.131385869178246,14.78014330304716,1.4245085839556306,199.29170136271543,25.423831228206502,44.999161819539786,0.1891763246651967,146.75833301597916,990.1646387943924,10.794471818527196,14.022425306377484,394,Winter,Guangzhou,45.33735532226632,90.60398837647884,Thursday,11,8,2016,Snow,67,2016-08-01
148.488011086259,88.95676645065585,93.1781394513774,19.510243533799347,3.498587695174036,22.301160817412768,-3.486630360624079,64.76982181578477,4.967055797522826,173.67323172980653,1015.2394413128184,10.573900170434724,15.525145526938095,13,Spring,Guangzhou,48.69032513581844,103.40870212142556,Monday,17,6,2015,Clear,83,2015-06-01
85.2951387069476,45.12894613988351,42.19783246669954,15.853566876982926,1.1585755454436548,42.77956867966815,-5.622548625865828,75.05245357904509,8.470680459884587,64.6009375732834,980.2857975311008,3.95449848673306,14.716937054332652,197,Autumn,Chengdu,47.03539849524583,119.70556816347836,Wednesday,5,12,2016,Fog,20,2016-12-01
116.56723106115196,243.2434885858337,47.76438578570552,48.794676114233006,4.439400982190063,74.51379812313473,4.658650799777096,41.45362150344907,0.0656299942690241,347.7846166481586,988.111505430916,41.7545624181371,9.058615046072411,34,Winter,Shenzhen,39.29263977692678,105.025751114294,Sunday,6,3,2015,Cloudy,20,2015-03-01
49.26916581880364,187.7988084615241,67.96294236234688,42.25865997538615,4.992530737466494,73.4704145662109,10.973663905884216,59.85117431362213,6.279828046016216,15.58231724144084,1025.0359791277097,12.49139951719308,11.759970785528282,157,Spring,Guangzhou,34.65400224051919,127.74364163847184,Wednesday,11,7,2020,Clear,71,2020-07-01
234.6237623350393,87.30056117980105,98.15187243969244,40.0387248228864,1.4559193448076972,133.0810765661085,34.49092584850901,98.4629055494939,4.980562741909548,184.60467202889888,1016.662286361798,46.37168436174227,15.356369708116864,82,Autumn,Shenzhen,28.049496327230926,118.5412449868492,Wednesday,10,7,2022,Clear,47,2022-07-01
47.19162531564894,227.0303894022965,68.58838301645577,3.793549385769776,2.268312384229429,21.28532451174513,-1.5630351776993034,84.97641741330014,6.825128419619114,269.0094034797919,1039.112489444061,17.606726438014363,7.912596778596103,43,Summer,Beijing,38.72574668160735,116.7856221787212,Saturday,1,1,2018,Cloudy,41,2018-01-01
56.46114517899379,156.61956207342905,63.91732695201748,30.572347119500133,1.833843505747381,177.0051562050003,2.8993928697291267,27.678610907631786,7.376141662596378,341.916377387414,1030.7648722719475,34.293734294649134,0.8216994700280497,221,Summer,Beijing,22.648283662018727,105.04170820437132,Tuesday,20,1,2018,Snow,99,2018-01-01
50.4310321907143,271.85276455936383,72.34883351639459,45.12039512437666,2.980177926372109,57.731138964186165,28.10445025177864,14.824598234168011,8.330455831085112,340.8562577566002,1049.2936932736525,40.99210528100736,14.257660483216888,294,Summer,Shanghai,33.70636706577033,126.2874706809265,Sunday,17,9,2018,Cloudy,96,2018-09-01
62.08393956089214,68.9463764746362,45.19606177518256,36.12131911763503,2.4482564521602312,54.11923628263578,28.173948888868125,38.00311273177065,2.4914425952602235,233.61487805261845,999.4649132947732,2.3146493474365872,18.274645851281296,441,Winter,Shenzhen,35.12471670999841,126.3839569721478,Wednesday,0,4,2024,Rain,82,2024-04-01
43.13395016972464,259.95107050446074,89.96484777140509,23.89564770410124,1.9552705338550744,67.5971382223515,-6.564966184161754,76.13859189815021,6.519413399066608,247.81983832614964,1034.4676618222431,17.408128133696987,11.522804280153782,461,Summer,Beijing,20.13534666391956,104.90965363794548,Thursday,15,8,2022,Fog,84,2022-08-01
23.61630196986969,238.10095725494853,46.92318904063867,47.65066136146523,2.5066331598657463,65.71457074527987,25.397823360553662,35.40534884434385,2.1402285181048675,204.6022769221621,1009.753288142708,49.719737045198926,11.71436953680609,278,Winter,Chengdu,23.171514673709016,128.88441503518712,Monday,21,5,2020,Cloudy,40,2020-05-01
30.37611556383399,181.7544821890053,41.584454268303176,12.849086656038354,3.719768224592322,171.46091089862338,18.69837705850892,63.25161931603461,6.200931967595632,330.62373254906845,980.28587247428,37.76417911592913,4.404591218429556,275,Winter,Guangzhou,42.7952823195823,109.491015956334,Wednesday,0,10,2018,Cloudy,45,2018-10-01
21.118528099325005,161.8503132725263,14.979904366392114,42.64053387801114,3.507675893860565,113.4574013221775,19.58015883102194,32.138346506237994,3.740129909410648,335.2850927303317,1018.524734895262,23.36725042587736,12.412799635681528,365,Summer,Chengdu,26.561647566249103,90.83375004478552,Monday,2,5,2021,Cloudy,78,2021-05-01
165.3025099275956,84.83290627154713,62.13399475160512,49.42085637612138,4.527161068198399,87.53627097864658,1.1178549033153384,74.17282839496518,6.476661704157516,291.4530689775034,1021.5750029820864,7.887612573721048,7.671824359732601,448,Summer,Chengdu,21.197093892057307,106.03992328112486,Wednesday,10,12,2023,Cloudy,96,2023-12-01
185.50602237236532,290.10881078437683,28.69432096591071,21.93874564792901,1.572466923750801,61.5119092403982,39.95995718737552,53.87683920257784,6.616627514326547,253.4778292949758,1010.8144718675724,35.81134262829205,17.957586071317568,303,Autumn,Shenzhen,29.06866990696257,110.87586871111132,Friday,11,1,2016,Clear,63,2016-01-01
178.4804624306399,155.50825296852682,33.320259599582734,31.47102746348432,1.7359518203191668,71.60469953377446,35.25010979461507,62.01472736442998,6.711765100836641,115.6628090617309,1010.7439837015202,2.307412468490372,5.472148199888063,454,Summer,Beijing,42.75567750701063,93.05552338595962,Sunday,22,12,2016,Fog,92,2016-12-01
93.58627523835754,250.93882242050924,37.71242912991202,25.114935196151094,1.252699740544894,77.0818620163289,35.03282772761182,83.90901635926265,7.946725425298897,267.0843544940832,1000.892801480368,41.52927655522552,4.654794575523332,173,Autumn,Guangzhou,34.99720898880523,96.54409189421932,Sunday,22,5,2016,Rain,18,2016-05-01
116.96538096281624,106.14493299648636,23.077499898206007,6.820790775449497,0.9010198785117975,149.29481011607675,-1.2023872007064649,45.64144117157524,7.101480966302557,97.56742935938102,1027.4297494877983,44.56488820856816,4.878703441966144,164,Spring,Guangzhou,46.587266458504885,97.96887302932434,Tuesday,14,5,2018,Cloudy,28,2018-05-01
110.91994095973187,93.5241459893328,95.61975788026994,11.834292129336948,4.081128267273346,170.8601632475783,23.56366657414862,40.587188656633,9.259597843028162,277.7817349771215,997.7901343106702,9.18491062683892,5.237311438482639,375,Spring,Shanghai,48.7752007101009,118.16677633613652,Wednesday,18,6,2017,Cloudy,55,2017-06-01
210.81632569933723,213.8037735002411,84.53824492235356,8.063879905410818,0.2800200643043551,127.1225424209302,4.384827340797862,31.05402997119925,7.974843869231819,82.15590921252263,998.5719237434588,37.07273773001656,1.8949547701698009,445,Autumn,Shanghai,44.64369784096802,91.87083413578472,Tuesday,11,2,2022,Clear,55,2022-02-01
67.93163133127385,266.1294808339378,40.983584749567264,32.63098787235466,2.051804399083465,55.6506863575914,-1.8670630824845451,67.96622879729614,5.175315903147487,290.9969119582815,1006.7551059647805,7.814710866178287,13.980787882119287,144,Winter,Shanghai,21.47895691197928,104.94080370912644,Monday,4,1,2022,Rain,96,2022-01-01
146.45592857730742,52.42779054193448,80.23935794152926,29.950070862990056,3.285345118647927,139.25797421517456,11.736277503638863,56.65582767103175,4.462325197392696,41.40861339059589,1032.6472468565764,29.576236847033016,5.670977527892335,66,Autumn,Shanghai,20.932508277060126,117.23351503532344,Thursday,4,12,2020,Rain,27,2020-12-01
76.71498701574873,90.49896875658216,37.24413003763397,11.69373572158274,2.0213767931683884,49.69892349612396,23.965854687192845,59.018120792702206,1.416642767566173,84.04707490945904,1024.9482155291134,41.07421057173736,1.1447352934576105,259,Summer,Guangzhou,44.957040968428686,123.35022962459226,Tuesday,10,5,2022,Fog,99,2022-05-01
114.5095738374176,83.88313093366682,73.15622064503823,20.107566071771863,4.890672537908463,108.40937076749717,10.076118345683984,56.1764404403662,9.490838482878326,139.89400638314774,1014.3736396652952,47.7150977167007,19.088243528678515,392,Winter,Guangzhou,43.31880164512849,102.53946854915408,Wednesday,13,11,2021,Fog,27,2021-11-01
38.72246164440398,147.5203848980811,71.89273919918686,38.47418784121929,2.687972739605153,145.51883948632334,18.78829145784024,67.86632129308808,7.141208083969062,17.8578846478407,1029.365254646396,9.719955552094795,3.0181004263498523,381,Autumn,Chengdu,36.04351534390548,106.15138738290332,Sunday,15,4,2016,Cloudy,69,2016-04-01
57.91438425477692,249.09038596775844,32.756247302682624,32.503162386192585,4.088203030062482,93.04217042656838,-5.1606757096786495,16.06353640835053,7.154436524903904,185.7345022449812,982.9326414660594,25.699116899417,14.21216386754348,290,Summer,Shanghai,45.20075907966201,115.08444552119516,Saturday,20,7,2019,Fog,67,2019-07-01
180.0700344291123,196.5964665990377,15.828647878537875,5.8114843294928,4.658395821881834,101.89809424906638,2.504878650013069,35.44209578824467,8.686348435199193,63.56221815444957,1007.174506994684,40.12327581208015,16.06470481103863,89,Winter,Shenzhen,41.91936490185205,114.94817385836362,Friday,4,8,2018,Clear,72,2018-08-01
114.56435493726356,214.49656871916824,84.80390212157855,40.318747356560245,0.8012846168074114,106.33642121736928,31.440946866835667,44.24683713442301,8.164768022329765,20.247931485022544,1036.428829563164,36.10431740003386,12.387031996006696,185,Summer,Shenzhen,20.75270948324675,112.26645179955484,Monday,8,1,2016,Snow,45,2016-01-01
99.885916030318,130.91257291602273,95.6644689233626,48.77617504520156,1.529934456460906,159.81892315660264,-2.437066071841384,70.65448646687206,8.200959616450872,332.5359371805457,994.2155686224075,38.59970640757764,17.736055193602855,125,Spring,Shanghai,31.82040876145262,124.1326852545798,Wednesday,11,7,2019,Fog,86,2019-07-01
97.99352581629628,220.84690226540013,51.45606798107024,15.725761926847875,0.568327354624465,138.20806198348996,8.850294123152374,32.59955007605086,6.087811033389471,4.655311968268578,1022.4980811133142,25.88129883477304,0.7056086435772614,160,Winter,Shanghai,21.16310658027911,123.2378741966472,Sunday,1,12,2017,Fog,20,2017-12-01
179.5490097016558,256.9539938269808,11.86296822314256,1.583528944004292,2.092868689710585,177.57555251753712,17.592143733037418,76.72053422906086,0.1204138100591944,356.4056707402787,1026.499458808535,49.44784676220919,3.7959526710994704,293,Winter,Shenzhen,48.82942467896458,121.91140701508996,Sunday,13,6,2015,Clear,9,2015-06-01
86.61160565417511,296.05056851467845,80.064661975289,28.8243755293657,2.1454461285586093,117.40093975151568,39.9001289544906,10.807797138628509,8.605797539585113,6.804671686954387,1048.7233832579864,42.236008904277966,19.53583429705336,362,Autumn,Chengdu,44.47321136437226,107.31616964202372,Thursday,13,10,2019,Clear,77,2019-10-01
244.37334970447208,25.04648505373157,84.49392093313385,24.77852941859571,0.2164220044753941,61.88249017427913,4.99170234003654,50.54338904590198,7.797791021985918,330.01826679865394,1019.2433169319744,2.502451546293816,9.932301714318074,464,Autumn,Beijing,33.98352677162614,112.604357953662,Thursday,20,2,2019,Snow,62,2019-02-01
241.5789937401537,25.06146220454209,70.8240481037143,10.79894449115723,3.514186228874407,174.18503171133048,4.0777123801437085,20.97398244218631,0.8375540463017805,35.752673544226795,1028.3222694380668,14.609013576140784,0.3877888181271146,331,Summer,Guangzhou,25.45327008144269,95.83043124201592,Friday,7,3,2021,Snow,5,2021-03-01
146.78754919469674,204.8059729224032,42.22219905590478,39.30859931191347,0.9420103970169786,151.08533170458205,26.130099685367725,48.211763921561925,4.5901001093667535,275.61959904286886,1005.9053337360392,2.7520020402527323,8.273170252806423,302,Winter,Shanghai,22.626966202849378,109.24840621457184,Saturday,11,8,2023,Clear,97,2023-08-01
33.48391182312369,231.04703506758656,31.546996146015644,26.61433682430645,1.830395556149908,151.7198944067534,35.89475928441967,53.472541292127126,7.469448295914061,167.49993540233825,1021.9005978742796,44.62687970510152,3.3789772846007264,408,Winter,Beijing,45.32366526151881,92.57373054519675,Sunday,12,2,2023,Clear,73,2023-02-01
224.13631682633277,265.4004290671489,71.47623897497296,8.656244595708348,4.600129952951931,14.689472256581984,13.533118625881292,28.104133129358264,5.996473904788892,211.6165453300253,991.7723362123484,42.9869609690755,3.8152007937813375,355,Summer,Chengdu,44.08560915947107,90.77888845289311,Friday,8,7,2021,Rain,35,2021-07-01
125.10198343408186,27.919606545390657,88.7991157435257,40.12281315923393,3.554460509385888,151.49386092975703,18.804398672918158,23.60771368686865,6.058407134339559,120.78721507439866,1039.253143764936,24.888587104102484,19.981377106214897,450,Summer,Shenzhen,33.634481096557,113.10413959976364,Thursday,4,12,2016,Haze,92,2016-12-01
157.0396335507452,121.7866651142258,59.9218852882806,8.232679755030164,3.7917541244364577,144.85314313057603,37.71443475062461,62.87796590602984,3.832895710931349,244.23310480793648,1003.534621455294,2.3616760624128377,8.409469854220433,468,Autumn,Beijing,47.794445196949695,124.11305982125158,Friday,2,4,2022,Clear,81,2022-04-01
12.010800900030834,35.41633329791118,42.92178185432336,34.19801994022029,4.887723939079544,19.84013276398726,24.996704860511805,28.03926081493504,4.413975434123296,54.57626580040523,992.3310985435824,3.16105249826083,7.334205304420472,464,Autumn,Chengdu,46.50064257210764,113.42328910196646,Tuesday,3,4,2017,Haze,68,2017-04-01
115.50121311149678,54.75279795709309,60.85151680077757,7.888265404812802,1.8642698035056091,99.66813732210989,26.01649722539306,37.31277733336883,8.643382321988383,174.33744029570113,983.8564216941533,35.23946180763941,11.913972223149038,150,Autumn,Chengdu,41.50692265897708,103.77484204167612,Friday,9,12,2022,Haze,41,2022-12-01
236.371547927374,255.3411944766316,26.07764802103297,8.89195391884467,3.369167991581353,133.74413725140226,29.83814752964157,22.66956925432537,5.737074762895755,105.8425464476392,985.1291267568508,5.945778229178633,3.9989003417966966,411,Winter,Shanghai,24.14803513021521,102.7767672902689,Tuesday,22,11,2015,Fog,53,2015-11-01
63.16085650190586,47.07518440984151,75.30403079666691,15.85497266310938,4.104391340142753,101.56848257536548,5.063152968390769,64.50736411574843,2.0763025717987995,109.2096104808358,985.2797581698752,20.628767580842155,3.478169519348627,389,Autumn,Beijing,36.18018160168032,95.43175778554256,Monday,5,7,2016,Cloudy,77,2016-07-01
114.6092008802856,93.55244733692304,80.64178112166003,28.66706095563409,0.8703150248582181,143.1348187257957,19.097652455887825,97.43250410806284,5.266352840448584,179.52344217593614,1026.446847197067,23.864074251425183,12.158754339934283,90,Autumn,Guangzhou,33.12407987425526,117.14473742321314,Wednesday,22,6,2020,Cloudy,73,2020-06-01
215.46668746954947,230.271998101032,74.42120452842356,9.4245451630435,2.8715210111544085,113.70677083098543,-8.80385239164532,48.91943072650995,5.108752431591305,58.71905709146958,1008.6129370405808,21.310484480651148,12.437460800568902,434,Winter,Beijing,21.90646296753771,90.02991878736269,Thursday,23,2,2016,Clear,15,2016-02-01
245.96723200941597,291.9217259899183,62.6085884150013,39.948141202161146,1.855073075795252,153.93943587084,10.726087467998616,74.21913617529655,8.795357925603616,115.62799392204366,1003.5431715615384,27.19506122125412,7.870989386953949,277,Autumn,Shenzhen,46.58316433217223,97.4875187282656,Tuesday,0,11,2017,Clear,87,2017-11-01
67.92688839280203,128.65802233052568,17.986128580466115,32.1495809585264,0.9763591982577418,92.52633873145544,17.376409881369906,27.013373959767947,1.1608386663510473,215.45002827959445,993.7643028357976,41.12637379235482,0.2852636832592858,409,Spring,Beijing,38.59389353883998,99.37720316417,Sunday,14,5,2016,Snow,76,2016-05-01
150.80023285912023,279.96784945828244,62.421679637039695,14.848405093359462,3.3231682446715958,81.54518217130362,35.022423947791424,36.56508212080922,7.818232714700527,139.00937610257913,989.2960386915868,36.07335979669888,0.7751209174695222,327,Spring,Shanghai,34.029763628150135,112.7146285896136,Wednesday,16,1,2021,Snow,79,2021-01-01
17.372115788455638,61.4235952091627,11.009509494072816,46.99196328538146,3.5033316505130223,105.09853346831837,34.53539441001728,50.91448072103266,3.2994148903238694,273.48659847609315,1028.3966195823778,17.568649637864496,10.006757761799284,37,Autumn,Guangzhou,45.95782638535781,115.90485181599036,Thursday,6,12,2023,Fog,95,2023-12-01
118.78755479737376,71.30630962209628,12.024613099471503,25.821252152620207,0.2151055428935163,131.5786897838172,-7.388419423398231,90.98147059280667,9.486570410720926,200.8022848296915,995.8209816887172,30.198731265523698,11.132073136129248,299,Spring,Guangzhou,38.82278545095603,95.26819397088624,Thursday,20,2,2015,Cloudy,60,2015-02-01
217.93540600140884,63.20454804457235,23.82297881593069,28.738075244115542,3.0002683429963204,47.76175891777252,27.65011952745342,44.84705661635291,8.602003943713418,165.85778067416646,1013.2329660768952,20.963986872293667,2.2741241175423235,33,Autumn,Beijing,31.766778476712883,117.26939198839428,Thursday,7,5,2021,Rain,40,2021-05-01
243.85272287713207,76.91344274626493,11.993371324279831,8.156953324348112,4.01483428825206,23.392660458772077,20.319872345440512,66.87547872760034,4.359906978705136,57.93638881864629,985.8895896144128,19.474756698376577,14.747318048001969,44,Spring,Shanghai,48.25099029655739,114.944093960161,Monday,7,5,2024,Snow,80,2024-05-01
71.09131446570481,42.84179405326182,47.4232113946495,27.01509936299545,2.259114691965196,109.46259915820688,36.71147981096324,25.084221998778496,6.366111841158472,336.03116404012786,995.7141795014168,31.874771349635285,2.7926100103402214,207,Summer,Beijing,26.175964995220863,103.0981661974355,Saturday,11,7,2020,Clear,49,2020-07-01
14.821003612466177,275.84716023161855,51.47655803411519,26.11956544198716,3.985082926255537,129.85556757243614,-9.635251678658426,43.541772021014765,4.726386498456419,32.055305994951745,1006.3401096323432,17.81706466915645,1.6597549890944114,303,Winter,Shenzhen,37.555394796131125,111.89779285578156,Saturday,12,6,2019,Cloudy,52,2019-06-01
234.33764260664444,160.35266262601675,12.4785250938632,33.70689353676521,3.840518709268881,150.1146145915013,10.042281702910692,14.205338452235807,1.2681378992736123,302.8663067067793,1042.3360143725718,17.413964567191886,5.446200498035736,416,Summer,Chengdu,48.538594367963896,93.3546237970494,Friday,16,8,2020,Clear,4,2020-08-01
90.70554588246516,85.6283516290549,70.41934097110675,33.95185383241254,1.8459254415366264,120.7908694873718,20.31067135042983,85.84118832547685,8.28576163865684,38.30462022465685,1015.8505259264932,49.71058810762231,3.7771005481789888,78,Spring,Beijing,33.45196487326258,124.69714245755397,Sunday,23,7,2020,Rain,38,2020-07-01
181.37709994094115,83.99655415075065,77.52164772168389,33.05213132579828,4.903340908468442,139.83520080781875,36.71652958640315,78.17283767120816,1.502695793223182,319.6269745931248,996.8608649280816,13.225780601560771,6.206061197347177,30,Summer,Guangzhou,40.866852063842096,124.19211856578296,Monday,21,10,2019,Fog,99,2019-10-01
54.79478911609928,41.93122710586842,57.16029607710126,6.446696687862863,1.763451245677745,146.99069139223474,25.23927690034614,23.997861803722717,5.98287111087365,49.57480325282161,983.5956272494188,25.111023827095387,10.73081336060106,184,Winter,Shenzhen,32.28689445162266,113.80537217574836,Thursday,0,10,2019,Cloudy,52,2019-10-01
111.28124174532545,231.56878360947715,20.53739851976775,20.08876215561932,0.4242267044325831,155.18767169118985,11.345616148876402,49.08889485649205,2.418277395437871,188.28141238354493,1021.485290230022,49.30565399664669,10.21301149773682,431,Winter,Chengdu,25.46339825671069,114.7482335636644,Wednesday,11,8,2015,Fog,76,2015-08-01
206.95566230915543,286.1897883586722,32.78093560004318,24.42094743902141,4.0982454577461285,27.93305484528193,27.972340431611663,30.207163451967688,2.5003569565290107,40.6114074750795,982.1324082204452,12.2651870783877,17.076520802356722,145,Autumn,Chengdu,34.00964383567736,107.21847999037972,Saturday,4,6,2015,Haze,94,2015-06-01
222.86679160372725,71.54034351634697,68.1701549298882,33.39234600944357,0.3681290418944989,71.53445929423862,36.63281167596503,93.59863333734788,3.224534185209663,203.84970893942665,999.7825631706124,1.5951412354689332,1.0337623036303347,112,Spring,Guangzhou,28.06993922596251,126.51189976156437,Friday,16,12,2016,Fog,25,2016-12-01
131.9048482618398,132.03795420833063,29.729774257404127,40.27805742307904,1.1407048775916857,92.23968813634964,0.1209883384251124,94.38648878968844,5.494319387072886,13.99310682218788,983.0713443749172,9.831887362051544,0.945671339547664,36,Spring,Guangzhou,44.203484548130376,107.01610173225724,Friday,0,6,2023,Fog,99,2023-06-01
28.35609396448977,174.05084880249382,28.202027729312658,21.937020096473624,0.1701182958372535,106.4182859850054,22.1111735418458,50.30119608993428,2.386654725125247,253.7789142040868,999.730912765292,19.68884371102349,1.6478656275848844,367,Autumn,Shanghai,20.66758749029923,101.63103878949474,Wednesday,13,6,2022,Snow,48,2022-06-01
197.9007983730709,80.62515895623164,35.4111708250197,23.751769422521804,3.757685466073671,80.01187398641487,35.876218830896384,55.80139024385949,2.5754561601532555,300.5922358473172,1044.667992452183,49.0238086383073,8.938070585410243,235,Autumn,Beijing,43.100500226010325,123.17733754526463,Tuesday,12,7,2024,Haze,66,2024-07-01
205.62585010537072,115.69180259260466,73.58327417332391,8.335156355235835,1.6956107367491848,21.203204070221176,-0.0800958574695833,58.72492052198803,2.7609345020819,271.44002796831154,993.125791548022,41.49249595070289,11.005815864951652,478,Winter,Guangzhou,37.63529723906168,122.85811678810182,Saturday,10,6,2018,Cloudy,73,2018-06-01
109.59426831057267,209.3552507966195,81.39147366502607,44.50457796852606,2.2127549172815097,182.2071332243612,26.74359447720927,55.548823706498176,9.810191962296951,357.6158712623732,1033.2180916744549,32.98491112468197,15.424641762332437,248,Winter,Guangzhou,32.740838562647795,126.87563386681823,Wednesday,14,5,2015,Clear,12,2015-05-01
86.46662130877279,57.008610656475696,48.7573790702457,41.90038818248887,1.1198626947458823,10.707182235314642,-9.725717640035732,44.17686799695087,4.316977901068105,239.77341619399596,1015.1031658205204,34.01019322472097,16.8284192667277,305,Autumn,Shanghai,47.05126189204376,100.07981628081956,Saturday,18,8,2024,Rain,52,2024-08-01
89.4916061870237,286.3636495599512,75.68114553691714,29.92391608262088,0.3258689299846631,175.70577549806717,4.367888245176175,86.54131340058994,4.28559575340695,90.9867678163664,1032.6808065403543,15.732665985696473,17.330943474328343,480,Summer,Shanghai,32.53260256393113,120.79439864945972,Sunday,14,4,2019,Snow,44,2019-04-01
15.097233366324962,106.7789567040654,11.864619216337884,38.01952653237782,1.7994004997320996,106.67349748499598,22.57183647073504,98.65551860020445,1.2312414867263966,131.92416062235506,997.8458686684515,13.024182211270302,1.9441846893398764,45,Spring,Beijing,25.805660302145935,129.92030298392996,Friday,19,8,2018,Snow,20,2018-08-01
87.19451289837565,249.9259113708258,19.285988896037296,6.42813091802243,4.243629256544836,35.16478323304638,7.531924149832101,91.838599778249,3.611310511775293,343.32506246445183,1020.8217210409022,23.339920291602123,12.09948411178219,379,Autumn,Chengdu,22.469146695116763,105.00816877128068,Sunday,10,12,2016,Rain,22,2016-12-01
32.37958482057131,173.68577562444898,91.80091161681612,7.853245778122625,4.889062401038293,81.79766064672481,-7.325939000491568,11.339410167738452,0.9181665376813576,117.73660544003832,986.1094169150276,47.97011666338943,13.414247380911684,72,Summer,Shenzhen,31.4181071702607,96.2256949867012,Monday,22,11,2023,Fog,13,2023-11-01
218.8537152730968,232.62216947765108,64.3586906467262,48.36791100627057,0.91249507980124,152.49973973143386,14.056427906816149,18.043357699995926,1.2233198046510074,187.60617927094407,1000.702239171194,36.26772519316465,16.568329899452266,497,Autumn,Beijing,30.51283954948086,97.04063957468048,Thursday,21,1,2016,Fog,72,2016-01-01
191.61675124306257,23.304084396442533,59.33202648026366,11.827417000650591,2.069450067628176,24.165375972166,6.1913005870429565,73.93928196161245,6.283434172234652,146.7049905027871,1048.0206187875744,16.89888604343882,2.6386154568236533,297,Spring,Beijing,46.63382698713129,92.9406143047921,Sunday,18,4,2020,Snow,92,2020-04-01
247.86084417845652,217.47050310747676,45.96380706322619,22.463237606939582,3.267949342983886,85.06733254682017,33.83059322224756,36.73285265790764,0.0646510572713976,238.89039672570456,1037.854491482357,26.893741846240797,6.432286196251002,430,Summer,Guangzhou,47.890288702534974,106.37270307713388,Friday,10,10,2018,Rain,83,2018-10-01
73.70625500378677,177.98457704700593,53.253455566060666,2.497689258242679,3.070724001735577,146.8216933058422,22.806135322571212,83.48417673318782,4.9211746338543785,254.3294020721073,1008.211584335772,34.99973601875542,19.480724007947888,483,Winter,Guangzhou,48.97642182640655,114.61907330146693,Tuesday,16,7,2021,Haze,31,2021-07-01
114.50459941112972,71.51900704581102,41.03832610724624,37.0339728945869,1.2739099002945846,32.12201626780827,26.200266453947464,87.85433255880427,0.6522435821373473,171.35361532381208,1026.4580851833434,6.812749994233124,9.753021553314948,467,Spring,Chengdu,40.4652150391928,120.12393029491956,Monday,20,6,2021,Fog,25,2021-06-01
21.94973682171529,289.4566441443592,12.876285153280616,24.72073498417333,0.3373766051165552,40.317167700113295,-5.617645111655447,94.84279136487122,4.715088774660615,53.97737289418642,995.3305232392104,46.181957951716335,12.68289994286376,338,Autumn,Guangzhou,37.66846961872908,108.20583715453152,Friday,2,8,2021,Snow,29,2021-08-01
166.43248826241555,65.15802992966749,96.3231296195248,25.577779404669688,2.4762484209782865,172.05283084111588,4.813161399199847,74.12060725794109,8.968228341461543,343.078616255556,1013.8915314437742,27.03442421222033,19.54362746338485,313,Winter,Chengdu,26.680683390793405,100.30562416444026,Saturday,0,8,2015,Fog,86,2015-08-01
214.5878855259627,104.13955711773052,16.179341968749284,45.70098038931375,0.9810100311782316,137.71860375948944,19.6330383164021,65.27966744815933,9.104881816548968,203.63410595534765,1047.4710193194342,10.2596601516389,15.328724459599414,193,Summer,Shenzhen,41.57058202913485,118.96840243449356,Wednesday,0,6,2022,Fog,32,2022-06-01
236.87463271083627,98.81735418983703,30.672587437504173,2.552415917631374,1.3962141793142573,135.7452190816826,13.220081587376107,20.4518799744508,1.203051928056228,308.6808543214344,985.3641039144376,10.247327934570116,1.0312997578818996,344,Spring,Chengdu,44.96082630124855,112.03437938017412,Wednesday,17,4,2017,Snow,96,2017-04-01
165.89810897636713,58.711497802908326,75.75127971480654,41.62005448769969,0.510598480288996,151.45075103460627,35.93569593850738,49.59347895655824,4.168721566124134,77.69872057352131,1016.4565647057236,5.870215371175148,12.58687907339078,163,Spring,Shanghai,32.52047452557554,123.33854081268936,Tuesday,15,11,2019,Fog,22,2019-11-01
97.8799504017886,226.83825639717423,85.61309842033289,38.08899145071143,2.050490572932736,49.287372812650894,33.101227834773844,95.04846876304488,8.68099744869529,154.61847107756475,995.2261955798492,28.79080059684197,11.21185225743648,490,Summer,Chengdu,37.53708225174893,92.28453845384082,Monday,5,4,2015,Haze,21,2015-04-01
212.92857473763652,115.16472663275172,84.70304030670411,42.53921312785783,4.344417553047833,132.00549777703338,10.017083592679942,52.808154977474224,7.532091561129032,197.3538088855869,999.644526825062,23.10828722059666,5.195229616284115,390,Spring,Shanghai,37.86843329859416,109.44566320564498,Thursday,17,7,2020,Rain,86,2020-07-01
111.92686203444389,237.6359380245987,57.77394628653665,43.40548527596347,1.2891397929335038,117.29468411913058,21.86114440935327,46.53818421715728,7.715698029948127,353.20181899671485,1044.136631829902,33.860686394641284,14.64127393839956,292,Spring,Beijing,28.911367087599277,111.05239459928325,Monday,18,12,2018,Haze,44,2018-12-01
180.58859755302748,123.01615387485036,61.26785562555517,15.21933009760488,1.9948208170737036,102.94890530687393,-7.455558117277141,25.909243078859134,8.107020537308035,317.6316732666557,1007.8990488523624,47.84077189750752,19.974090962466853,388,Autumn,Shanghai,31.977828850898646,101.79188987807376,Wednesday,21,11,2020,Cloudy,9,2020-11-01
243.50463051951272,80.87847045253142,81.49507333662359,30.053974162722177,1.4113059695913936,159.1778417862887,24.51843719360361,82.82641289968369,4.731977341950536,234.21803784299777,1012.674689268706,22.793921410494715,10.533300778043358,175,Winter,Shanghai,25.87541387897037,91.23722859399138,Monday,7,12,2019,Snow,1,2019-12-01
46.09477204486416,252.04023023914533,20.65774023442771,32.30841078676764,0.752133339146612,49.37672086978856,37.92144854616465,99.49415996043928,0.0034666315195952,89.89553403215261,1026.7776797338274,35.190043592389,9.683242902372108,245,Winter,Chengdu,34.06827432138396,129.63391058865486,Saturday,15,4,2016,Haze,27,2016-04-01
66.94779551505945,291.6125158498584,70.50580202122023,39.44277717523605,1.7190724204304766,84.35026183743976,16.820995224967625,24.31717376238779,7.800396156109157,23.617369998973945,1032.1366652756094,32.25709978656882,7.896998875724141,462,Summer,Shenzhen,20.07084178508875,90.30003906991122,Wednesday,13,10,2023,Haze,80,2023-10-01
81.48626800425578,57.33516702583968,34.46449930975585,4.778497359728728,0.3168795242847208,30.53098745396359,27.64594723094304,47.15357432503627,7.926641223662062,307.78496302329194,998.074318853546,38.33471957980896,4.148970792667738,75,Spring,Shenzhen,39.50690127143877,101.64397478043396,Wednesday,7,2,2017,Clear,1,2017-02-01
178.57197256934802,138.45458400458784,43.54741960148152,44.70887170068603,4.899864463500718,108.30558711339933,16.246455458141927,89.86045038053554,6.896178304875026,165.5854038555652,1036.4250677381572,8.439274562305755,7.849626655717694,353,Autumn,Chengdu,33.232461307806346,114.14768973476956,Monday,6,11,2024,Fog,14,2024-11-01
63.46633277347412,130.48308219631937,60.990776161882586,4.342448920404714,4.965896866784702,77.2122070489368,-8.027694006111087,71.32506494268202,4.353088779515367,311.7508444488143,1019.4951204975204,3.0419608528260147,10.920692576440958,6,Summer,Shenzhen,21.77138875413253,117.6449002166786,Wednesday,23,1,2015,Rain,38,2015-01-01
50.3373951769488,33.72192772464429,14.713975779182428,27.031543232910032,3.326989258770467,143.8308802976661,24.365688634751265,20.228915962165587,9.752482258157851,188.18164491801295,1047.6005219253325,42.90474258370607,7.971384980885712,422,Summer,Guangzhou,44.91795582736388,95.86890771640437,Friday,21,11,2023,Fog,70,2023-11-01
176.06996936546253,78.09768432019452,13.706619988914984,14.453115989088523,2.8406368687044083,82.92018064349001,-8.3991822304644,18.2512155899868,2.6221218582883576,130.96839826207597,1014.1644031927518,29.809187786664467,12.70000145319796,387,Winter,Beijing,42.55201090027956,111.2904760409024,Wednesday,4,4,2017,Haze,26,2017-04-01
167.1216544082231,169.2400125981146,80.75128071216497,45.51206487354563,4.163872784354554,84.8079977200804,26.027647175371577,98.08724337884084,2.148362934706547,14.363671222984925,994.6414747216132,29.06684276245169,18.439946929982543,123,Autumn,Guangzhou,37.60038959627692,120.58479460455472,Tuesday,12,3,2019,Rain,86,2019-03-01
243.85949449062787,181.58915516742948,35.115639066285155,20.269313528113106,1.782431712259534,49.14514300383424,-5.799569583772404,37.2587017879006,5.268874288370219,175.09227796741112,1029.157313520809,6.266228340519886,5.732144345639743,29,Spring,Chengdu,41.59700346975131,123.6770930851591,Monday,18,2,2016,Cloudy,80,2016-02-01
29.773316347888965,281.8356387773446,71.0030622027711,17.520245022500408,4.991037200194551,132.40876362194,28.47947275885949,16.490126520167756,8.137174763657107,208.7138896006904,1036.3866967468966,30.740586759172228,17.455537373879775,302,Spring,Shanghai,39.92097171268167,103.37419800893328,Monday,5,2,2018,Snow,31,2018-02-01
31.194762496242998,171.67704662282043,28.726612923228164,1.658221242904189,2.5171420957484374,55.28759218673863,38.460265793589095,29.215142274787134,0.6697680648774729,347.29925799438064,1020.8551439505204,15.88992113916563,4.729435634744694,499,Winter,Chengdu,49.184909014780416,120.66121056557736,Wednesday,2,6,2020,Fog,30,2020-06-01
192.7644216356568,168.72904964293485,77.75681203533627,19.24296754279609,0.7077490876925455,20.288784119611734,38.03435798159841,37.883919857201136,7.997257836736572,269.8054340282208,1030.5708420717929,25.75214400902528,15.886370036716432,92,Summer,Chengdu,39.771943610610656,106.9317196271884,Friday,8,7,2023,Haze,67,2023-07-01
243.49736084853097,74.9890363480913,16.567794656130012,15.923592915166711,3.765066976427795,72.02181376215687,6.823571301509354,43.9681761062616,3.7305275498378254,22.15437106812356,1002.2016726124374,17.295175572294397,12.275573183330764,232,Winter,Beijing,40.61996357090753,105.48648133274452,Wednesday,11,10,2018,Rain,77,2018-10-01
164.72783074993245,111.75550092739536,87.11490732332913,4.92434728790742,4.128041523128457,131.7165372820284,22.722943911243647,61.73516087314052,8.901537140669559,56.08274475512267,1007.354888577079,3.501409359399044,0.964948032395373,42,Autumn,Shenzhen,30.84431689484148,120.18920125299324,Sunday,0,5,2022,Cloudy,29,2022-05-01
132.32896816806368,107.68015778160849,78.554065138921,18.201373329600663,4.872146299936417,111.32340327687952,32.35621609721061,69.55610429255572,4.844334536379327,254.70618020567235,993.4930432436004,43.79222095832264,9.79564349962946,385,Autumn,Shenzhen,29.91879287186678,105.8627848436416,Tuesday,8,12,2022,Clear,93,2022-12-01
33.39580891071772,108.81325077889936,41.18906588135075,41.7754061997019,4.123424374293593,189.9811404717635,26.870437447786564,77.74941893974186,9.50992484790358,120.7470084849166,991.1866143928193,10.08074591385189,5.066820605508659,345,Spring,Beijing,20.94833652852009,118.71149965451797,Thursday,19,1,2023,Clear,93,2023-01-01
205.664583807404,159.5940850371334,37.00654450273989,32.659699597749594,0.5863974074294015,42.67071637733879,-0.6171731281307231,86.89221587191693,2.213316295678766,270.45263368203774,1009.2033224789668,27.61953111387993,7.440964277267756,141,Spring,Shenzhen,38.68420673085591,108.2852882076346,Tuesday,19,8,2024,Fog,99,2024-08-01
26.305206031565618,181.5944891153009,9.939112460316196,47.68599454432397,4.0419487318106295,122.51839870984628,11.92404683101578,78.80549074144008,0.4223292660806199,116.89354935602351,989.9117833170573,15.22735619392811,7.57376545613885,10,Winter,Shanghai,33.170020901254006,124.898059736308,Sunday,0,5,2016,Clear,57,2016-05-01
169.36805170097605,41.957849747356605,26.987991229667717,23.592831230436623,1.2031749250439443,46.18925096837026,38.30279811977289,73.69116970254137,3.3370350192099285,146.8066589195651,982.1745062933708,3.644627721906024,10.85827182529149,257,Winter,Chengdu,35.40950132019725,108.84598206236474,Tuesday,2,10,2019,Cloudy,96,2019-10-01
126.16342456121328,108.55800654496188,97.96438209351123,33.9299394972385,3.4804749247376843,57.74379051729711,4.385146537672377,69.63741755749771,3.0381826523558075,110.21345369004894,992.0092223861178,5.140229765809151,12.994933435671069,485,Spring,Shanghai,24.34915529423608,106.82881847193792,Wednesday,21,5,2020,Fog,7,2020-05-01
87.30569184847619,66.46623647039564,77.0040921160213,2.2994248023231587,4.974378556017125,66.3595907578596,16.43608397344193,37.1411790136367,8.225327896911523,197.2886895542228,1002.7211207913124,4.7830349125772775,7.360835528307734,171,Spring,Shenzhen,28.158389815522625,125.98941287261388,Tuesday,19,4,2019,Fog,13,2019-04-01
113.9634636345772,239.5323481685203,70.03929335204387,5.346482759978162,3.691806673059076,101.71427278910303,-9.448776891323403,53.24380761360698,4.042462806025709,116.04627832673152,995.879678138608,20.69710391299178,2.680529936823657,98,Autumn,Shenzhen,26.62431196010222,120.45911941015412,Tuesday,21,4,2019,Haze,75,2019-04-01
157.4564664176005,50.18293734858042,63.2189003981722,49.35846507218295,1.9773469643735675,143.39770449225438,24.09638037519428,26.180884523790244,0.1837926578531734,136.98453642258167,982.1008054644612,49.74536276059241,10.52865941897606,297,Winter,Shanghai,24.627662959009427,97.219678696249,Wednesday,23,8,2018,Rain,64,2018-08-01
91.41440077183272,201.3335491019413,20.925188916317133,31.51023513336413,1.0880459979453994,140.8409120708565,32.5787304674428,10.090510721968876,6.199085632992601,65.01912671878036,987.9737718943104,17.561823304587815,5.241913575660167,329,Spring,Beijing,43.70757129408681,108.072509968576,Sunday,12,2,2024,Cloudy,10,2024-02-01
101.34841585871033,46.199588837107854,50.21177368175759,2.6880803280291445,1.0920837382488355,86.34586121011922,38.68678477691071,55.81957677277325,9.007979787848775,18.378404340980797,1028.8118793578858,49.08956520748212,11.612364150820389,68,Winter,Guangzhou,46.31558904209275,101.7552006979926,Monday,6,9,2015,Cloudy,40,2015-09-01
48.39627817042468,228.077973746046,55.51748300209356,30.27265809556636,2.031009436025163,52.65942530298638,3.843739189890236,21.364522693430185,2.310095492475904,158.8685511347464,1049.9500552460606,27.53716229791329,14.425520032499149,217,Summer,Shanghai,33.56177830567489,121.65914528604878,Sunday,1,7,2017,Snow,53,2017-07-01
91.77628773729197,295.46184965290155,51.139334231312894,27.183231469843744,4.263059457408567,80.29456802563587,21.055913663950204,45.94261813902692,8.458564059081036,175.38192937740456,1047.9553492461275,3.8562819536402335,6.919723831039889,27,Summer,Guangzhou,27.40757341433957,124.65840841079182,Monday,5,4,2024,Cloudy,46,2024-04-01
41.5446656465338,245.49002907833852,8.69081103373099,11.501355948171089,2.95093698574165,50.386837583814994,11.350954332114974,96.23558277084604,1.032824941726107,12.649531905240703,1049.7695285329046,43.38800589767377,13.779923679487831,245,Spring,Shanghai,24.76851255697303,104.28202651218491,Saturday,11,3,2021,Rain,31,2021-03-01
232.7563250870363,194.02020703163527,48.33963642421181,18.719726324815763,1.2111825843143034,73.83828267982773,9.782557525902137,60.78530899356419,4.066587467566988,140.84218045993495,1045.0537007124506,12.22065597919495,11.247839357920393,88,Autumn,Guangzhou,32.023414192942944,93.79880852681308,Wednesday,20,1,2019,Fog,66,2019-01-01
26.14370659942617,257.14294088482376,46.62052218735636,16.97581889624511,0.7106302904300401,70.14122393437586,39.46043464660874,18.419911523855497,2.607256542826366,282.80877311692547,1000.3581667802828,32.19575364714108,12.184195624810648,212,Summer,Beijing,40.71030887105273,99.65894245789067,Sunday,20,2,2019,Clear,60,2019-02-01
95.69070808577268,121.97963907307437,78.11846428183266,5.740406008443977,0.2018857410433392,195.22951979525592,12.224845006616924,50.02054025879527,7.4930315140712285,78.82571562284176,1022.0857829950252,29.44367614358089,15.151940360076258,342,Summer,Beijing,25.05937342212148,98.27527665422495,Tuesday,22,5,2022,Rain,3,2022-05-01
155.719278672687,197.1074702060212,28.516940544794068,7.1579284659264655,4.139398401554051,68.0216898031042,3.8671155722372266,55.04927944470377,5.210751240126911,281.7752571516714,995.6029061957576,46.15254917379775,14.597650237354811,285,Winter,Shanghai,32.862314370219664,105.31858935752982,Tuesday,18,3,2020,Haze,49,2020-03-01
166.29454383484966,141.10717548171974,83.46150424313467,5.753832259227638,0.4912864225142352,71.0066701364176,5.634348939108595,43.47123269431717,4.024864683194135,163.15889994313508,1000.9428795325024,47.42697129462382,1.2635597126261169,37,Autumn,Beijing,35.61640288917218,116.50352116306448,Wednesday,13,11,2015,Snow,17,2015-11-01
233.92172715664708,254.60930945918847,14.239738323005398,34.04390778570333,3.9469278168481514,158.58201422271145,33.18497558079814,57.46929560856555,1.7734619489499617,246.08478428501533,1049.0020102612118,7.716173452012532,8.18159538057532,185,Spring,Shanghai,46.97815475902433,90.22297307718163,Tuesday,21,8,2024,Snow,77,2024-08-01
227.8582032348453,50.51766960193146,35.292343266646824,29.18805585930157,2.582295758458116,31.927037432049545,30.274388024481095,39.7655221704569,1.0365529156993714,229.5086121412021,997.2322747358826,22.838028460608108,17.460586121123836,338,Autumn,Shenzhen,21.078157389001102,116.05683237238728,Thursday,13,11,2023,Fog,63,2023-11-01
231.83142646911105,21.12960484184648,20.28519813303179,38.980985604845024,4.485649814637677,180.4563131308076,24.472140776550997,38.011556670880935,7.87211414227554,171.92677608084398,994.4819118780638,39.20165149362232,11.715044839299363,253,Spring,Beijing,47.81954009088928,100.8425001519814,Thursday,19,2,2018,Cloudy,16,2018-02-01
36.91298616830168,275.64706212867577,37.56266869780229,17.611483430011425,1.92330124974871,48.98060740336008,6.136202314399839,71.35504053563503,4.66260028402187,65.99616291598733,987.7984854744356,15.547282438316136,17.729221681052188,457,Winter,Shenzhen,24.19127195073564,109.115647480035,Tuesday,10,10,2022,Fog,49,2022-10-01
30.68439589357018,137.8126770600877,67.59947114043683,35.11788419878685,4.277198238828287,40.55815560981655,9.946854464995,33.1084889955462,7.463644689054069,246.6785326323896,1007.9892886241246,49.9246805917757,16.846241495544458,288,Winter,Shanghai,32.65933218350271,119.83284689810831,Tuesday,8,10,2018,Fog,30,2018-10-01
228.63030041658385,141.2271505193989,90.90775148100504,40.70139517999779,2.1646420487365448,35.45433374154203,38.55097090837918,22.25660163684616,2.184497152376749,91.48079231014232,991.7550745146556,3.4439235668141164,15.67822915253612,68,Spring,Beijing,47.52875921772261,113.30029271233036,Wednesday,11,6,2021,Snow,62,2021-06-01
130.60659371998594,144.38519697614424,65.38767370603581,45.10194724864689,4.010594093428739,188.53031062203857,23.137336137275632,95.81699060865158,4.657299850245585,344.8870925688776,1022.6627193988118,3.553864925751621,10.294037851272448,309,Summer,Guangzhou,21.84799722185529,105.32886817559292,Saturday,3,6,2015,Clear,95,2015-06-01
74.92329534861346,238.37112135612577,57.2610084945472,5.336909875216049,2.33668663679349,140.75950835645995,39.82949666209129,36.13399338691653,5.265875532711948,35.31325756975265,1016.102027475364,29.30984715526336,13.10268882273881,234,Autumn,Guangzhou,41.9766317033841,110.17443765166358,Monday,18,11,2021,Clear,74,2021-11-01
74.81051897660437,129.47442080840736,74.5301839335504,18.33595303606813,2.726686644995464,156.20684847829006,33.258240224278325,35.44682027745362,1.6257130335395298,237.5865908113284,1022.2328780314604,45.846905416444535,17.516570228238958,316,Winter,Beijing,23.56130293457486,97.25840789236648,Tuesday,13,11,2021,Fog,45,2021-11-01
16.184256135091736,215.046137804738,83.86901586291614,45.3096653270045,2.897718203570295,27.534122946469573,23.18665751377416,65.75944426802685,3.5496455437345684,131.71364808554836,1006.8787235956504,34.11155094099239,4.321576481511952,91,Spring,Guangzhou,23.752346090204377,124.0598388190974,Wednesday,4,5,2017,Clear,10,2017-05-01
204.62654131517755,177.17291242186863,56.18187927897965,40.97391381330871,0.8586904981681337,48.07337816315694,23.49170635005079,58.75742420195463,8.168284312625246,359.8815321301297,1028.4545899662064,28.75151027451588,3.929002005583525,38,Winter,Beijing,44.13491856053011,106.84443927211794,Tuesday,16,1,2016,Clear,32,2016-01-01
207.48619121168613,179.8639017691443,43.1637372213138,36.05232788749008,3.717338132704884,18.507882917897795,-8.616223679063486,80.41170816465555,3.6223117491634538,46.98602594370265,1049.6506620992952,8.975501264444363,18.02500809232931,281,Winter,Beijing,39.92305640595578,124.90485327670773,Friday,19,10,2021,Clear,56,2021-10-01
106.5387244561974,115.02417767784436,68.18260897372515,33.169075715878265,3.1100098767365822,116.80115649607971,9.964707261908,67.4286791976433,7.082410290941404,287.2956236256444,1032.41913211668,45.94426910050491,11.143029866073675,396,Winter,Shenzhen,47.51194772322507,128.23003019758644,Thursday,22,3,2015,Clear,51,2015-03-01
27.461728900355357,121.15462081626336,87.36630741974498,35.60884927963941,3.96199261636798,41.81159052616472,25.55034819341264,25.87991758770293,5.867170316029069,152.73857245758612,999.2065405113108,47.74904579081535,10.041692454939824,290,Spring,Shanghai,49.48577778436721,100.5064867940814,Tuesday,17,2,2023,Rain,96,2023-02-01
39.61111413070871,114.5624451774406,54.657138662540376,6.012768239249498,0.7791927113127197,11.043082210498902,39.65347305969895,85.03412965221398,8.004022955693134,328.253760715343,1047.4759071982394,35.3442843538922,14.996486005495,341,Autumn,Chengdu,44.0172809950886,102.16909550748169,Thursday,7,10,2024,Cloudy,69,2024-10-01
129.3952091627516,290.59290437351,60.95955414380192,24.684900454672736,2.1449564804108148,103.77150960362464,8.224117018415132,42.37578742444268,0.2108403868325781,254.76990811031973,1046.1325083282866,49.3064107784563,5.574802708418937,389,Autumn,Chengdu,35.343688002718736,110.49860924189184,Monday,18,1,2021,Snow,8,2021-01-01
208.975675158091,198.24197398450627,86.55872293121169,5.574695671311624,1.3788041875072563,45.28669664467163,9.184510375434126,70.68180931789178,5.387804339184095,240.5204948826369,1011.675918144912,1.188433298167757,10.97077416630118,429,Summer,Beijing,30.112927733471384,96.85283667126394,Friday,23,7,2018,Clear,42,2018-07-01
84.26373605193449,298.8727965963003,68.16042761731362,35.43930309437739,2.9537013901823834,81.46457237232134,0.3321102587869813,75.74058385080093,9.281146847055616,288.6043162843844,1013.2056582023909,19.526937312193816,16.49915664680178,0,Summer,Shanghai,41.4358456653934,92.55336412447252,Sunday,8,10,2015,Snow,67,2015-10-01
19.548426688395644,164.87434220185494,64.88305435482022,45.61415436471591,2.525179685745924,169.16821845950446,17.321029137842434,22.92131006401114,1.7834329772921709,357.6725597459086,1018.5428490691372,1.3944324551504683,16.323863025040467,15,Autumn,Shenzhen,47.244604193468575,105.56759448181027,Friday,6,8,2016,Haze,43,2016-08-01
160.65619333175678,291.43783239461897,85.82006962350007,49.074032066661225,2.2753776309368967,152.46145402503973,16.60385332563958,29.621375066433554,3.900928455825899,103.48122462895782,982.4944829523588,31.593615978050394,16.802014368490447,277,Autumn,Shenzhen,20.9776849378235,98.46711400500874,Monday,4,12,2024,Clear,58,2024-12-01
61.03907845572202,30.052848337872383,41.209463603733305,48.00209561325673,1.5430260957253232,40.0435472826957,19.68711093385198,44.22090841296087,2.9961743181606693,189.3588875446415,1040.0507382236242,10.546536575034205,12.4586769953641,420,Summer,Shanghai,25.40974993271773,102.51240866794404,Sunday,17,4,2015,Clear,52,2015-04-01
65.6151981365774,261.84859774776805,37.26080807989219,45.64571102594677,0.6505574265884254,148.15035544810755,17.269377336202783,34.83354706916371,9.054855295129896,126.75026217384882,1041.4958328205412,45.3893482684251,3.710649867253616,82,Spring,Chengdu,25.00938927835799,125.02536251415876,Wednesday,9,6,2016,Clear,81,2016-06-01
141.4095547838414,138.00214560435592,81.06414604361528,25.789203365508428,2.808152577966567,177.16091705418222,15.692661759288082,86.05610025503556,0.3227865185486001,232.55472909019608,1008.4977441566394,4.999467861942641,3.7491022862587537,221,Spring,Guangzhou,30.918607976882846,93.81477034028538,Monday,16,5,2022,Rain,27,2022-05-01
156.95337004856594,62.01239844057446,63.15638804143192,40.878836851419656,2.3926754551043787,158.43818938951384,37.04316941455311,31.90573691732242,7.703424688854376,122.28616459696634,1042.3533763735195,10.317176108573872,14.498705481024784,346,Autumn,Shanghai,48.973827651991314,123.18170126332858,Monday,2,10,2018,Rain,43,2018-10-01
184.5646419416061,110.8516154692956,92.18062394466573,40.23272100131496,4.327128769561411,184.4389599851416,4.149063693895736,30.425892692761817,9.646329616744326,216.6018281311312,1008.8254294704076,35.91187007185121,11.05609175657545,444,Spring,Shenzhen,42.22939456746789,90.66515296014092,Thursday,6,4,2024,Snow,13,2024-04-01
83.37768602242451,59.83149679641189,41.54034097935593,29.55029811075049,2.204840984478916,61.31269005188913,33.38681835213454,47.63359271775888,8.991213213497801,74.56434090311801,982.582450455542,42.320164438187305,8.739644102220339,71,Autumn,Chengdu,46.67910874615046,100.74205452583742,Monday,10,10,2017,Rain,63,2017-10-01
50.68214493247118,165.6004041354169,48.66775315169059,36.59278757226044,1.1014528205989935,46.33362941353894,10.289792412039414,86.64028461680832,4.270663077313554,141.89635225706684,1031.396919354499,40.84434826416475,2.395827993133806,386,Spring,Chengdu,38.91168929498759,96.11667451465716,Sunday,16,6,2022,Fog,10,2022-06-01
139.9686051002571,81.8565430281586,51.68305361541765,18.78597194936252,2.784605780723812,10.564925228094443,28.74100696811736,10.389940773360436,1.696911363225242,63.49627120880892,1039.514361939823,5.40207859969481,6.627670311220903,476,Spring,Beijing,20.46547108366526,108.69352516824412,Sunday,19,10,2017,Fog,78,2017-10-01
96.38292597317218,275.73436816283,46.05519943162633,28.158448049969746,2.990999864713696,83.72390732911167,0.5321598803378045,29.897165946027453,3.964167271936192,47.08505258664227,1042.304765663196,48.93820236110184,17.187259821594193,61,Summer,Beijing,22.741117665062635,109.3629888379797,Tuesday,9,9,2024,Haze,41,2024-09-01
16.57673042400618,196.1680277870824,11.044992880021194,40.39821994782936,1.9141449905779988,67.66187799392308,34.21058624957337,44.75983762848949,8.494120445085757,182.787756185112,993.9700487285772,10.403905459258873,8.34159531908498,437,Winter,Shanghai,25.90623647418002,109.8795560390218,Monday,5,9,2018,Cloudy,90,2018-09-01
118.36150730856008,32.22216476146561,8.066310414449745,22.276021474063413,0.6756581732075821,164.0336571848685,-6.139582930039919,58.14251649600627,0.90683314211484,73.81570908699057,994.4428539376236,10.131545347174717,12.973171775447604,59,Summer,Shenzhen,45.78855526615882,119.20087384862596,Monday,4,7,2019,Clear,59,2019-07-01
140.9608401845068,55.49342335083666,52.22942223172788,9.927323084236814,1.5800679263429946,130.4943921974613,18.756229981655917,78.5351814232637,4.798057365313936,188.4860727263828,1048.489976812492,6.44268799675568,5.563325414376227,487,Spring,Shanghai,20.32503055576796,97.00169113648764,Monday,21,6,2021,Snow,37,2021-06-01
28.585208204108817,132.77430007665285,52.14428389998948,38.08979961895764,2.649149175164934,155.49567531181873,33.967286328285546,20.5600115069122,2.6538526912756764,187.43419153341227,991.9400460730584,32.8789494577123,5.637691355976817,443,Autumn,Shenzhen,48.1170154525817,126.05774835577245,Friday,20,2,2023,Haze,62,2023-02-01
50.24260469560258,97.39641428878996,63.59101539121455,37.17228753787012,0.4490906432069816,152.3931007013126,13.940596777560051,88.96227478635555,5.928930061014795,235.694587445368,1007.39877989592,8.519951363515881,11.779931183961224,28,Summer,Shenzhen,32.34238514819097,94.2962193616105,Monday,3,10,2016,Rain,93,2016-10-01
72.36094171708532,269.2455412739695,18.115177728703763,7.127653425974621,2.382377548523815,163.95284484840244,9.88682309998407,81.43577817743079,9.379731318328048,223.8183270927757,1036.8659163645832,49.69479748571616,19.44626753163676,385,Summer,Guangzhou,26.34461292055191,119.07121874512043,Sunday,3,7,2020,Cloudy,32,2020-07-01
132.1527712894514,168.0755013500851,10.373669017180962,8.974235404990718,4.372344913605512,129.23712416721992,-2.227991237988588,86.64505106873163,5.206652354218187,29.242054527415625,1038.2997320559575,37.97186089245642,17.73315452520921,271,Winter,Guangzhou,47.80433069726236,108.6073485323406,Monday,7,9,2019,Haze,73,2019-09-01
30.591505538217653,40.6240535657863,89.60357919008564,16.491188709613425,2.72204172621836,147.85538889072262,20.9202140275599,95.56765423067247,8.584431144484011,91.52366862346686,1023.0794532118936,47.36526386610146,17.796582929879182,468,Winter,Chengdu,37.16574100738626,93.99233665190516,Sunday,15,8,2016,Snow,87,2016-08-01
221.37795337665676,134.70740486146946,73.98358980847634,8.19762404895543,4.383310627015794,124.37334580497418,20.050980817570288,89.3277769756452,5.242449136248314,32.99990982398495,1045.0007887792126,33.44998913014652,18.807354341084736,220,Winter,Guangzhou,45.432105611900624,109.4222622637176,Friday,22,8,2019,Rain,60,2019-08-01
68.91510581842299,187.72935655945383,9.925990483952395,25.88811345570552,3.2886108242167738,163.8621767185294,23.51616951838685,10.300992947693604,9.387518819080718,205.06559173359665,992.967095350882,20.1080582853766,15.960345808807952,200,Winter,Beijing,41.31511792350946,107.6917276525331,Saturday,16,6,2024,Clear,69,2024-06-01
105.3621951172568,108.75573203738422,61.657956669606925,30.396260873629743,2.938283714927745,87.93932088958256,31.56485950093672,95.68592257372192,8.771683030185786,222.85805485369485,997.8523226117998,22.5413167126026,7.773826946417186,204,Autumn,Guangzhou,39.425387837708506,90.6307885707029,Wednesday,12,6,2017,Fog,34,2017-06-01
206.5635552857073,196.37285266230117,7.833166206029773,13.828358113140824,4.496997050460863,92.21630293862052,31.6478266641076,57.25131484685255,1.292418661450866,149.24507334586622,1040.7848329127607,3.14655104307045,16.842861372959682,463,Winter,Shanghai,27.50059908615432,91.2393797969282,Friday,23,6,2015,Rain,69,2015-06-01
54.14036553072448,25.336621766733455,31.24099885443,29.729729958521315,2.8404855251194143,26.82788485358368,-2.8268062619220675,61.47381558555068,3.1016818160810837,159.75502387247582,1040.839471168715,47.64609875028656,1.9296488765346245,28,Winter,Beijing,43.09311773308936,114.19589837254836,Wednesday,1,3,2024,Haze,45,2024-03-01
178.50471383685152,72.23212260721792,50.44322664298703,16.314668402593504,2.940123804849739,112.51025819168808,-1.4275068650417069,21.159578683534665,1.35281032001773,170.58170558818256,999.3875013160192,45.77799744465207,14.55438854263234,136,Spring,Beijing,46.812754114043145,118.02830051644212,Tuesday,4,10,2015,Rain,20,2015-10-01
99.17397332122049,125.22407289017346,54.09296942791627,29.27200220431703,1.4236630650679276,48.576921771057,9.112838619990177,57.79134725644336,3.5683462422482592,23.931682365626624,1039.560346634626,13.6040771080925,16.505109551379917,328,Autumn,Chengdu,35.01699950823924,124.81819522139092,Saturday,18,1,2019,Fog,25,2019-01-01
61.9455692058424,191.2823902381124,9.677863436368478,41.45485444422031,0.1284197507492638,43.16562120885887,24.0826901474491,33.98245760629086,6.614014699361203,319.858358045844,990.477046962234,24.538348060080228,1.6049733840553635,226,Spring,Beijing,42.94454637196627,129.7232859771521,Friday,11,9,2021,Haze,11,2021-09-01
65.90167856444583,292.94047942984724,73.50684973856004,16.65086277935086,2.6489827650728643,165.86574041141225,13.125282536724873,11.041192320641448,9.873691847543938,248.4393766207346,1005.7916776691112,39.45224864301595,10.587975763696749,351,Summer,Beijing,47.61823220843025,103.81815016169402,Monday,5,11,2015,Snow,51,2015-11-01
177.01337735202748,156.4814741040089,13.08704970814944,23.23293901637105,4.9445793531482805,180.01031556348792,35.23626020101678,49.71029155195674,0.1084224009440681,227.9928865986127,1015.2574816103634,16.699631484301747,14.46863215891146,377,Summer,Chengdu,48.955346199681856,110.31494887853084,Sunday,9,7,2024,Haze,7,2024-07-01
203.56003970827663,146.4199933847517,81.16494769761334,43.14621452418616,0.4131717769422944,118.55963032210092,34.05701188969826,65.30185873509308,3.950697703146084,342.45292585014784,1009.0414483956544,12.55098029423158,13.162290296239153,101,Summer,Beijing,35.84565437888061,127.43159423006352,Wednesday,10,11,2018,Fog,98,2018-11-01
121.36990069199491,144.2811088884994,93.10909527359502,16.64829611278653,0.8620560865810164,42.97306645403955,4.536936461531058,82.33619776690679,2.0564091076515503,76.1009602432738,1039.7920514436437,20.553594330263916,5.2661015490566445,341,Winter,Shenzhen,48.167511892384624,117.70408905257013,Wednesday,3,9,2023,Fog,76,2023-09-01
119.67031092673326,129.48705662857276,26.334905021268288,22.65880493060512,4.663936677014793,77.21123540133145,37.81403017168553,12.914891184936533,2.360979499306246,205.76713898348532,1037.1789464020037,4.580162740247184,13.077240193062211,230,Winter,Shenzhen,41.13262026772466,104.41739954202134,Friday,4,8,2021,Snow,65,2021-08-01
231.99133446170708,200.33917188552437,82.86710752120364,13.254322378570931,1.1018824987713904,175.90414471145462,35.62021705267563,76.16958222881213,6.665800206217794,307.35447592553595,990.2567031126606,46.95079790833309,10.039988319875125,460,Spring,Guangzhou,43.27789684703495,120.06563734689271,Thursday,9,1,2017,Cloudy,97,2017-01-01
14.5415920746421,47.66903669115182,76.30129855816166,6.100290075052155,1.6175118565513391,59.60676209171419,-9.129019902346055,38.14993361743042,1.1017978055926136,316.32630629321653,995.9601407377662,13.334201781454269,18.090156910930084,253,Summer,Chengdu,36.869446214162906,93.1698353593864,Monday,16,4,2016,Snow,5,2016-04-01
25.94152704559424,65.03806655850539,39.40192976813912,23.143581011156662,2.2309183377144137,114.62336647556135,-4.4976951324686345,33.22171389429316,8.281594103351493,297.2876538603685,1036.9801399976184,47.75202267037432,12.156443071150868,218,Autumn,Chengdu,27.086433716270136,106.02638654592324,Wednesday,8,5,2022,Haze,59,2022-05-01
155.2181034273859,123.31683775880032,35.85069884420068,10.581638945892792,2.4652993270009214,147.85776643131868,36.0237447982394,84.68007804206714,9.481354815347654,39.476333893217735,1001.7337220157503,35.36998131090305,13.198807984381206,107,Spring,Shenzhen,43.59473365750436,101.60179169045976,Monday,10,4,2015,Rain,24,2015-04-01
197.07472413257508,49.03985294290008,79.51697970822904,9.780576756333842,4.933082121664512,26.66906887681123,-1.3816822096753754,85.04560743665691,6.025983372967224,226.01339966440645,1004.5010134557524,44.124360166890575,19.623380240236155,228,Winter,Beijing,47.899326679944025,102.29679946885996,Thursday,15,10,2023,Rain,32,2023-10-01
204.86884143131763,299.60334837951297,85.11580942394119,43.07201836113011,0.7822682800216055,150.47878128927806,22.815970692915503,42.40094786678526,7.488266624451427,38.259741924944926,1006.5023935742012,10.465983110124233,12.32927851052935,401,Spring,Chengdu,34.389459589561255,111.7238441487925,Tuesday,14,1,2017,Clear,43,2017-01-01
184.57414975678503,40.5489622364141,59.04525464817471,26.26284338778,1.6223054113976678,170.10777489374266,35.04724868813999,86.76634197677367,2.643302653431918,56.87191010219308,1046.2053475280406,22.581584202907536,6.638969186409776,21,Autumn,Beijing,40.97145726213026,109.2129889853494,Tuesday,11,8,2019,Haze,90,2019-08-01
84.23145419671559,62.08948247436741,21.868448200693923,3.52628225466248,3.335558588467296,142.1699911326432,35.459664306884584,96.46083130445324,7.364500923957237,189.50464695564563,1011.1120189694582,47.44395498531384,5.05291484041876,226,Summer,Beijing,26.42468683774301,95.43590822232792,Tuesday,23,1,2023,Cloudy,40,2023-01-01
83.31037240010397,178.68827489188968,14.093288878035478,35.63762974618386,0.6454226758565623,105.43218695797832,32.925653501679875,85.74896512116027,3.033400691842973,44.611298591998896,999.353329129452,21.08789782431965,7.3911805024420145,130,Winter,Shenzhen,26.40271976336338,124.28896689880835,Friday,15,10,2018,Cloudy,27,2018-10-01
173.58332884516705,99.2646342558434,64.09832514928854,36.93307934465099,0.2623102110471909,24.030272415700946,-8.591915581812739,14.904866451941547,8.036677172522602,330.1670669556352,1032.655622270284,21.0208315795543,0.3975566357373243,230,Winter,Shenzhen,34.50786912019235,113.6712345006146,Sunday,14,2,2018,Snow,36,2018-02-01
180.09836579094537,23.611408395671106,79.93791491727323,48.71888490380228,3.2543701019761717,20.552720240674983,-4.293641589126231,23.97609763900717,7.9391587753739294,60.759832029780114,1042.008547679855,47.05975330206999,0.9909679034002196,5,Autumn,Guangzhou,35.14084464721506,103.2476336236476,Wednesday,18,8,2019,Rain,80,2019-08-01
41.92472282833681,115.06547924624296,21.65285644709212,24.804372991316725,3.7503269142961777,101.06691485829604,10.272922117314014,18.36624010167619,4.954659116096355,7.844433270001185,1010.669354657632,23.302713384726747,4.975531900830643,444,Spring,Shenzhen,40.06940852264314,118.92784816881274,Saturday,19,7,2017,Cloudy,74,2017-07-01
219.603254522587,59.06999611451136,22.101410231928625,49.56879799850628,0.862056358075949,102.53388785298536,18.86953399349008,88.54498381091089,9.593375179636308,103.51683098981142,1020.2289899270992,31.82083245251157,11.77822359998029,373,Summer,Chengdu,49.42405185134373,110.36165628140316,Thursday,0,7,2024,Haze,52,2024-07-01
81.66437371081096,234.93448156174856,65.45733026159147,48.87793020253952,3.29402599553347,38.79640962075062,30.340487329253502,70.93542860351617,8.29371751516397,180.4350509620201,1034.838559900689,42.5122576420679,11.631977143312602,246,Spring,Shanghai,44.049074653277984,95.8938022542753,Monday,0,11,2016,Haze,13,2016-11-01
208.18019900938057,153.2483547010492,36.35783977821104,15.723849578433908,4.0312594599139935,64.56083633406692,23.605412403672567,96.88172060142608,1.0876018480225702,92.1291787142213,1017.8898283704624,12.040520586089132,0.5566549859449292,24,Summer,Shenzhen,44.25293158944636,116.61149751452572,Saturday,2,1,2018,Clear,41,2018-01-01
235.96042407968932,282.5935478536798,67.04474096312572,16.33964301225875,4.798693849691872,192.8928043740129,27.21160815882409,62.95396732135075,7.163881775201828,51.118583569564265,1028.344246475665,7.322092432283672,19.81733066042831,329,Winter,Shenzhen,20.57073110360864,106.05087347898788,Friday,1,9,2021,Rain,31,2021-09-01
34.386936143903725,43.471719045050094,96.06415133984288,37.719412244766005,0.3606643594825837,179.16322365144276,13.86421602499098,77.33143302736795,8.32957808550227,223.11940376863865,996.1039676005096,30.453361178152303,19.202829881706837,105,Winter,Beijing,48.80932297228822,105.89882012944864,Monday,13,3,2018,Cloudy,53,2018-03-01
206.36675302954828,78.58312851879805,21.83209628605689,37.657830479786654,1.6491334685343444,55.68255624950779,11.870464940190663,34.04723246671569,8.387087355434701,193.39620665445327,1045.0776606986828,38.29710582837513,15.234965830629555,80,Spring,Shanghai,24.67507419694359,95.33902444103585,Saturday,7,11,2024,Rain,3,2024-11-01
248.8655889482072,60.46921021501784,64.77503624695865,24.67630654378612,3.8249083622779194,138.28905867260747,22.516228072926125,55.225752980795214,7.32959137820418,0.214644584117325,981.171253557852,0.0291291811360061,11.415097517085949,261,Summer,Guangzhou,23.6280141574474,92.7917562870554,Monday,1,8,2020,Clear,9,2020-08-01
81.22248093883793,264.3513627321752,28.70307689511717,41.29753902840834,3.340944577028369,56.28433855591857,37.48531233682943,98.129085757801,2.3696909158779924,79.2017941239221,999.8917885355374,3.759221422759862,1.420686891357524,362,Spring,Shenzhen,27.197091266282683,99.64579286358888,Sunday,2,11,2022,Rain,25,2022-11-01
153.15614425204552,299.0454815231305,56.17876379883097,5.727769021189888,1.2446678632100523,120.1630756895634,18.860303206944497,70.87882185216435,9.010634593879969,80.91855960378764,980.5155072835976,45.1651513491714,17.3217801941816,171,Winter,Guangzhou,34.49457931994672,106.95597248949544,Thursday,5,12,2016,Snow,81,2016-12-01
243.8346334167408,168.9446490012927,51.69469576366726,29.578448417219985,2.76037696839886,174.72450280675983,-0.858622221097729,63.99149804403199,1.4272142838786317,330.59834986716265,990.2656482792848,4.04155294774875,3.908229114254816,467,Summer,Beijing,47.93732518318146,115.56952923656524,Thursday,1,6,2018,Rain,57,2018-06-01
238.3041289847337,175.21924822996246,75.74764644996307,26.06304488049565,3.5084140890828635,49.15313255723376,0.4455193087361841,11.019502497197584,8.806813119962394,357.43414328054035,1002.0491193540136,2.3042592240567314,17.548706034059478,242,Winter,Beijing,21.75370230447054,107.92266344752446,Wednesday,0,8,2018,Haze,37,2018-08-01
153.3713042871241,123.62203988283326,31.94634912787703,42.49182763784696,2.4057763138053394,10.247668906937976,0.7658591874841498,66.51374893928926,1.080710395428239,217.5321953070225,1001.3458550866048,18.46493770947723,17.98081017847847,71,Summer,Shenzhen,40.30143039416047,93.10508900611168,Wednesday,22,1,2016,Rain,68,2016-01-01
117.40009088956496,164.80793251584666,5.756931410530228,16.477256167567667,1.5523265284573164,23.566451911932724,11.75245024270665,87.39505446685385,3.4129339216764354,210.78410139594385,983.6427188032222,47.45868085764822,6.016173311397191,94,Spring,Beijing,49.84642308889511,110.46845503352948,Thursday,12,5,2019,Clear,26,2019-05-01
172.47225557598892,190.91277968308904,17.382501971670713,22.798439442135663,0.7216109887250096,107.83791210761672,8.427663045900072,88.85409334607819,1.7799371950997367,64.57265206732306,980.4390583964492,8.839659646508464,5.625656925084527,342,Spring,Shenzhen,47.24119940492373,101.42759756446088,Tuesday,22,11,2024,Fog,66,2024-11-01
67.75813842977614,75.18702477748336,14.128672974630993,12.680686782096094,0.706734552588298,39.018589690063,25.557804126713336,90.38678636913282,8.015127215197131,255.92903842078331,991.6549941435868,35.3970760215893,18.927491740459757,252,Spring,Shenzhen,23.79166979832616,102.83852602606882,Wednesday,17,9,2016,Rain,62,2016-09-01
133.2612999327866,99.8685576654682,43.00539516812815,9.919444224432144,4.046645796203268,37.02896328232431,1.4599927038888492,96.74336059209293,4.552365726624079,95.32260832337175,987.91804178934,4.573535448124355,11.686933672859992,295,Winter,Guangzhou,34.84569490556668,112.91336738037936,Saturday,22,6,2016,Fog,68,2016-06-01
24.51016399803336,75.69815545464769,61.0236245595022,33.41094359778615,4.9818379928891225,168.64059843381338,-4.177371319978997,77.30793015227428,0.0581496636537781,345.4285007195074,1045.7194282032326,5.367245094270751,18.74422780113681,149,Winter,Shenzhen,21.476974925790586,110.26523531337604,Tuesday,23,5,2017,Clear,72,2017-05-01
19.680389931472043,196.23160601944397,92.32242185369462,9.031634662922745,1.9397856617115452,172.06991493549552,25.24973832091635,47.246119547003936,4.842295157126522,307.10005595129064,1049.035703612486,10.804006150113088,10.467835696540549,217,Autumn,Shanghai,29.23754021301417,93.38504680015508,Monday,4,1,2021,Fog,47,2021-01-01
41.35852729094008,103.18416824141204,10.520880784259653,29.69556342836901,2.365511262215372,190.92212452653345,0.771724358727564,49.06236630695097,7.674100956099834,84.25820717687085,1010.77200393773,1.3851722182715132,12.139720935026322,170,Summer,Chengdu,37.470530753053154,119.02427980863312,Wednesday,7,2,2023,Haze,71,2023-02-01
172.3907105796046,255.31908155073344,56.09244990259562,8.388801413859007,2.0138322065247074,149.46138941879886,-1.3197266761537954,88.79958967668726,6.135589076126062,309.74642308647424,1010.3097706417868,35.154261635055164,5.530744439226768,143,Winter,Beijing,43.98449506115527,108.03509210740872,Thursday,8,1,2020,Rain,1,2020-01-01
248.21459424148185,210.30703954142012,77.57539836540951,27.791367196035623,3.1882505535495174,166.44523914085923,3.337001581281788,14.92832671817076,8.980819545075327,273.55826272307803,1004.282107872756,29.490890796547543,2.314602077632623,38,Summer,Shanghai,49.52184232863621,122.32113928996644,Saturday,11,2,2016,Haze,67,2016-02-01
61.06767323807421,260.2002649480441,83.42297597419532,12.585447207128675,0.3302819322451101,34.283296498377695,34.09861122153212,49.35597898380996,1.7477654811834265,94.9681066893258,1046.046522765977,11.68984204127032,10.704922389703512,54,Winter,Beijing,30.301639168915216,127.87502349814518,Sunday,16,4,2017,Rain,71,2017-04-01
120.86492725802027,195.37624884617483,58.30799175681345,33.27763098631105,3.897284511820439,123.09541881746,17.629813344031913,23.934790889141084,8.431905011335058,274.62233450479374,1025.8355872594216,31.61490954378881,3.5999247894516717,133,Autumn,Shanghai,44.99201073384505,111.79746863898558,Wednesday,16,8,2017,Rain,52,2017-08-01
239.07871859282787,144.97667914143915,39.82169380804576,33.18046390718303,2.211647734394197,194.64401696366468,35.0316851089565,27.114365105927668,3.2350330039561204,322.99989352957715,992.4332025592236,0.4415273271318909,19.84531785708122,342,Winter,Chengdu,35.192852341844315,109.87245344755398,Sunday,12,11,2018,Haze,3,2018-11-01
77.69478573939317,200.80970850914457,33.331686652918755,45.12045938566881,4.031704310080469,121.81909095791326,24.607822493880327,34.77972190823384,1.0153051574765926,169.26278477433073,1023.0776276857612,2.939755359201274,1.4931739836595967,275,Summer,Beijing,36.80858706738759,103.77948995207312,Wednesday,0,6,2021,Snow,86,2021-06-01
102.90283936001305,275.6527751319187,19.844835545435597,37.03073241832944,1.956659865999474,17.48979473666094,-3.8638151107882734,42.66689499424038,4.602475079620096,164.3939161909091,1048.0348264289114,46.5597215220651,16.162929830377927,241,Autumn,Shanghai,23.368063583060184,118.7115891377914,Sunday,5,4,2015,Fog,50,2015-04-01
157.46239830869663,71.2980088366173,24.96596433498605,41.28752576947272,3.4437867997746583,184.4451455442581,0.8215941619749074,52.5855579849539,6.093764108285374,297.4684622071641,1049.8597465537891,14.956405670748774,3.068782929554122,119,Winter,Shanghai,26.52816600582519,129.47385815520212,Friday,14,7,2024,Haze,87,2024-07-01
43.689956267016186,80.46698330201798,22.810739875533905,3.632996376769344,4.231307060745865,178.817304012481,15.647769293960549,44.62715483107258,1.604693170812419,153.68710858201007,1046.4923848184897,1.878427727894233,6.33562234881822,293,Autumn,Shanghai,22.44221911001036,115.99173339267485,Wednesday,17,6,2020,Clear,30,2020-06-01
132.9098537621083,34.83162388159993,43.97332127456971,13.502030868794908,0.6128023231326718,45.694229202512936,-2.38149118877902,77.70839031470206,5.1078232448086345,115.3614143235218,1028.203842751682,37.76479593550816,5.371030941506834,99,Autumn,Beijing,29.80115317932596,123.04065198628916,Tuesday,0,4,2021,Fog,82,2021-04-01
20.974601361032043,293.11845871089173,64.32848667733354,28.82573120167426,4.443216677621203,84.42038480332975,24.407642716807764,17.381061088920326,6.083701240640624,22.328578620128525,1045.4946071471943,44.34878544099509,2.7853657182791194,308,Spring,Guangzhou,26.40353599993409,96.21265309048286,Saturday,17,2,2019,Cloudy,73,2019-02-01
46.87822266868291,179.057915980341,27.461407902198168,36.48968649283784,2.6175772522417,20.78592526939649,38.723671050642906,73.66487589981813,5.84799859854959,247.59304286365312,999.2019683752776,28.29303700161416,18.09306031030702,7,Summer,Chengdu,49.13957263335479,114.61618789060378,Sunday,4,3,2015,Haze,2,2015-03-01
10.039019416025043,101.07433294467884,38.33018430481335,44.472436166554274,2.7614930217609497,110.5338402208802,31.514479344406038,48.78998687385479,1.16102689526851,101.61972975572642,1003.6616145420386,18.022227035458005,6.304105513719896,41,Autumn,Shenzhen,24.175659277212205,105.6065661123726,Monday,16,4,2016,Cloudy,40,2016-04-01
37.87858558939487,185.2239495430559,31.89364317564687,4.314900603135884,4.74306110343352,97.87108802836022,23.30887583887712,17.52900441441495,8.902907248781561,344.1755670229361,1039.914183347816,24.31767290236337,8.631252490153795,296,Spring,Beijing,27.19135937212292,97.44343761921311,Tuesday,9,3,2016,Snow,10,2016-03-01
234.5155785968998,164.22057336201405,66.10176420273194,47.22210510642488,0.3201238255770539,166.6463295463303,4.374888749455806,65.04580576843375,7.353984147202782,215.07104121665708,1006.3354134200636,22.217502383414303,12.839158425777612,245,Winter,Chengdu,30.41898264286114,101.47720376901388,Monday,7,12,2019,Cloudy,82,2019-12-01
24.02139535771247,202.3286809280376,61.0156763092218,29.34959375197954,4.844176874218412,65.67357260229335,-6.059362280957411,52.13710660254558,0.3255082230293304,258.0168719161755,1024.4203386860418,14.738028197670062,3.7249944925076632,6,Spring,Shenzhen,38.21426372877293,105.92212412654604,Sunday,6,5,2021,Haze,6,2021-05-01
170.73157041629804,174.0453363139466,45.004988961942985,34.20708970830655,4.45635476987099,82.10563888129552,6.440386064659901,83.76246379133292,8.511458572259091,308.88466685166765,1017.1260713365432,21.890965395519668,16.431099258040746,300,Summer,Chengdu,44.20588577265781,123.53919179751364,Friday,8,4,2021,Snow,48,2021-04-01
77.74293943290513,57.89003499432423,69.50503211776685,36.33875953167563,2.542231663569809,92.62169614426844,24.15433059751308,38.31565389084063,5.38235915799671,49.25891779575095,997.6740674648718,37.96019266580858,13.980164989372618,89,Summer,Beijing,42.371018153334646,125.01130323945708,Wednesday,19,3,2020,Cloudy,81,2020-03-01
141.59125493365076,59.396559318589325,89.07596621859676,47.6999421191892,2.952520391628835,184.6556298298348,-7.055713488439233,48.96589678646586,7.327285708078664,283.9315847699141,985.6549287959704,22.97653854581132,2.2805197756158573,121,Winter,Guangzhou,28.38139119197921,109.48111764249306,Friday,19,6,2019,Clear,55,2019-06-01
232.84338302847192,207.580761603888,28.07624268906464,10.5581029618632,3.895631605352493,112.97180176678134,32.67185111762456,41.75815729916643,3.531484617945764,220.8943719573306,988.9171761425068,13.840149097033796,4.434215262895292,27,Winter,Beijing,48.19130973189685,104.41055236438528,Friday,6,10,2015,Clear,48,2015-10-01
193.31145899017235,218.03273518355007,33.08701964921782,17.4616919162266,0.8061686695135954,62.59355515504758,17.988868501166337,76.02868093097608,1.691760498746442,168.66262221084185,1032.1798576897386,10.284948665754769,13.24073128664512,215,Winter,Chengdu,36.55637737904955,93.17581664054964,Thursday,1,12,2016,Clear,50,2016-12-01
22.17065868948097,210.49200909157375,44.58060015305923,23.59708539747448,3.859175891837653,134.8671981856051,-2.904552423187803,53.054890839941145,3.5475279854359587,212.04609453697816,981.7221192594048,35.65751727747789,1.5046043881587028,453,Summer,Shenzhen,42.65884447285798,93.22540125042448,Saturday,9,9,2022,Cloudy,7,2022-09-01
58.48002458497919,226.7961548922028,82.0916513998911,19.70131958997233,4.594170000662885,104.92681343217843,-0.1393130564228322,23.17348294840304,0.6279521745712346,22.93585218760697,1016.6276950633762,31.75865463956412,16.306783769650615,228,Spring,Shenzhen,32.89910253309281,101.79063154905742,Friday,9,9,2019,Fog,73,2019-09-01
16.11599609884017,150.56662272139178,74.68340539129493,12.371199610403073,3.627428735172825,127.78743052320485,15.901120827927432,19.76940718722357,1.9539347450031752,76.29412677850044,1012.2553800077352,37.81994915011195,19.114618534371164,457,Winter,Chengdu,41.67482887308121,115.13624364641385,Saturday,9,7,2021,Haze,59,2021-07-01
41.02495879760546,105.89689822322028,28.45587039889369,21.02694168210037,4.665075007684161,110.30280385854424,-1.0983492381909503,56.99210932822887,6.5503781277952005,247.6855053341369,985.379209267469,0.1540833867226476,5.429911722558832,6,Autumn,Shenzhen,29.65592307380162,119.56999287182526,Monday,6,2,2018,Haze,35,2018-02-01
149.07274564981455,298.0662512369467,75.92411694668792,48.72369804586878,3.890790719777353,126.8276905914028,28.220835592496638,51.15268850868873,1.6062872807472297,329.22254358668965,995.336287774158,31.95567463071678,17.928997633950647,347,Winter,Shenzhen,24.103170242181715,126.92919294217448,Monday,9,9,2016,Rain,27,2016-09-01
229.0659573932436,145.1555526003345,30.465149295436103,45.96434295749353,2.009053001258581,89.4862443474473,4.902345784295468,23.689248903522163,2.224886025932165,100.46627018974456,1043.862407252154,26.78414715964549,13.803412322515198,378,Autumn,Shenzhen,43.69182192189752,121.57436572318072,Wednesday,2,5,2021,Clear,96,2021-05-01
242.83363430818125,31.719900486369426,89.562405761626,32.260591948175815,1.060646128346151,174.7385733870274,7.599867790348529,57.66886048883641,4.065582629746292,152.56108383835402,1043.4520535078611,47.87622684941961,12.518064407721411,393,Autumn,Shanghai,21.34351850769015,105.02095813162796,Saturday,11,5,2017,Fog,28,2017-05-01
132.61866848931993,263.59870277499647,71.658080869482,47.19795899843944,3.414087626327061,177.68813574155706,31.771059358004955,23.26365230907521,7.787865376207622,56.51134731198077,994.2992463344896,6.989059836949907,6.2470818007484334,463,Autumn,Chengdu,29.19386453287697,107.21215254739764,Monday,0,2,2016,Rain,55,2016-02-01
240.5399846262492,133.3605220978742,36.49196918224129,39.75343171464492,2.174299253146554,100.23157456660304,23.6211718089313,10.745677001147197,6.230105357025101,172.85847963735546,1047.4197500447854,6.5853554750299805,15.801673624814748,69,Autumn,Beijing,26.97238862347355,128.95820713078672,Thursday,19,3,2016,Cloudy,47,2016-03-01
171.60141417563236,120.28098033473375,8.965083708461908,28.303228205314053,3.145029096955211,13.115063542336202,32.13664894431407,81.96915559794961,2.152279771101706,342.239733041502,1048.3094202378863,44.962588536064544,13.58568184036907,260,Spring,Chengdu,38.39458774399861,128.30150560697422,Saturday,14,1,2022,Snow,64,2022-01-01
33.26930450852443,48.94887534298586,73.3943072422574,16.81543661557069,3.580274815771317,98.50873630956156,14.12558902008112,32.630000783332505,0.4355811544086041,354.8812503369279,1031.9361778427565,2.6626759591088622,13.705560340277485,273,Summer,Shenzhen,35.964383914647414,115.35800820299436,Friday,1,2,2022,Snow,90,2022-02-01
229.2819946109024,39.53382467276643,57.28556553163556,33.626630136241936,0.9622855677902488,31.226156015494325,-5.543862110511374,18.59186244458033,2.6116831272612,277.18698474168593,1043.6544947516927,7.241052029041723,4.933710129369839,475,Spring,Shenzhen,47.97129409735329,126.21468439937748,Saturday,20,2,2021,Clear,35,2021-02-01
180.3970302174688,225.7204867588275,60.12957064008289,45.31988301572025,0.6951411504342754,176.70965136691655,29.42115387458549,37.6547255770635,2.3854142195070027,1.5690638540338275,1041.8931667113527,19.11998630320123,8.294898337911292,6,Summer,Guangzhou,22.6518948858169,124.12473923716487,Thursday,3,3,2017,Clear,43,2017-03-01
232.0677448369526,278.5074988731675,50.93837937891225,13.845651099019053,4.902556886946424,44.57004204921327,-0.5511375903463147,75.35895411442569,5.4494946531029385,17.09310962925782,1034.4658629296364,37.29251477746805,1.2788326068739853,399,Spring,Beijing,46.97108840843918,108.10604181303216,Wednesday,12,12,2019,Clear,48,2019-12-01
154.1063375810129,195.06976459195857,47.33311210180647,30.95418108716344,3.036173840054444,113.61658451879153,-4.059606706787008,71.88234522668027,8.433082308908094,204.32418322933623,1041.6061296879648,18.548167511139557,11.280583946345494,189,Winter,Guangzhou,20.553837379268437,97.72461574282092,Friday,8,1,2024,Rain,79,2024-01-01
141.3718901791696,210.2812989557004,87.58588474419993,5.809291932200901,4.823997081455532,199.8435088414872,31.252347067769666,74.05849445018642,2.8854910167979875,44.98041464377706,1025.5698389260167,33.507733514299815,5.625879736348216,196,Spring,Shanghai,21.661280311746115,107.72093159171176,Saturday,10,1,2021,Clear,33,2021-01-01
106.12263533747873,206.1687375957776,58.17824429933702,11.777519739756936,0.9297889746308442,177.9719378013757,9.25518792357738,42.32937766829932,3.8764283988055057,176.40097215051227,1020.5545915746128,24.03659436767253,16.86625429661414,227,Autumn,Shenzhen,47.76305507645071,105.79129373053335,Sunday,7,5,2024,Fog,42,2024-05-01
40.89813494649291,75.06883409457595,68.16174032496563,25.8095171467639,0.1340973489344866,82.27292864700583,5.831439458933689,24.690915942307463,3.4383693385741387,280.7781117681201,1049.6521514217582,4.072152012551811,4.909280897942025,411,Spring,Guangzhou,34.676674070378866,114.69037892919933,Monday,3,11,2021,Clear,18,2021-11-01
60.24612828909508,242.4718818398086,91.92164253008578,34.97660890132759,2.257793430656845,174.55983767582788,28.018904365587865,65.93110549367341,4.970028973957592,356.873144766007,983.2583462150698,44.24232364795152,9.031886655492531,288,Summer,Chengdu,36.21808844132936,127.36775394317124,Tuesday,13,6,2020,Rain,31,2020-06-01
200.81607656462012,216.86171031324344,75.084137926665,15.182694288139484,1.6923496952523245,24.10240504130507,25.714720513802995,96.26979673205632,4.023429969691273,118.67715354269356,1005.3079001325708,34.48715735566784,16.93414401834348,237,Summer,Shanghai,30.928821587382373,112.33895088521066,Wednesday,10,6,2019,Fog,95,2019-06-01
44.87004844525366,216.47096875224236,71.21999421678184,8.258169224475363,3.92687870489464,159.9809529858307,-9.251658566955005,43.38102635910867,3.206541898358777,167.256661612184,1000.0824404767112,18.442195605997583,1.4469638001787657,473,Winter,Shenzhen,22.077390222109283,90.7078311542969,Saturday,14,3,2021,Haze,42,2021-03-01
191.63086139125383,155.8823052688412,25.47080985938288,19.88805884442064,2.954444490459736,162.89537238170678,8.471273212853418,30.82871460829017,1.9819841272015748,168.0324565338472,990.935048480404,37.2177773561006,9.978057008950334,427,Spring,Guangzhou,26.05889872348044,94.92505468571696,Friday,3,9,2020,Snow,27,2020-09-01
211.73890883745537,72.63720882907573,39.29929882503304,47.08782849252901,4.495735826705921,33.015275695364515,0.2176782802264547,90.6918419685819,5.467984455745048,121.1236480530572,1021.4477023792734,45.91913846902483,9.12710412844722,297,Autumn,Beijing,46.24769863716243,93.39995195725538,Thursday,23,6,2021,Haze,93,2021-06-01
55.51527039551261,190.3939463022629,54.55941286776287,22.05913943150871,1.231488978770345,20.708953876878955,-3.758859569733044,82.88241120231764,5.265658021902979,268.73329687067115,1003.2920295920298,18.834224471666666,3.009216881211213,176,Summer,Beijing,47.39852262520547,118.29624573602536,Wednesday,20,1,2017,Fog,89,2017-01-01
157.9632682885881,192.1860442834123,41.596594107256095,11.100884373148174,2.057166414145855,186.7358126784113,36.864968502707406,60.442006949014406,7.944654826254846,106.71565286450708,1023.7702829668322,27.971859500413647,12.93905558505407,450,Summer,Shenzhen,22.14497081249413,96.8320193792114,Thursday,12,5,2022,Clear,84,2022-05-01
235.54264814457048,45.989999230626026,32.57115124975351,44.23196395325535,0.5649883433071166,157.9873668393981,-3.2651701317126323,87.01005016807125,2.9218201351273687,23.315767454480827,1022.697804581575,14.454456988934089,15.273393638339286,266,Summer,Chengdu,23.06946987599195,92.61161860425894,Tuesday,20,11,2023,Snow,25,2023-11-01
73.4863290991889,28.455662859367493,51.56292898186546,4.808227613785673,3.635661646586321,70.43356351646749,-6.9952550494448005,79.3675643952638,4.789006439522701,251.96347731501373,1039.3319762752144,26.574422105346745,6.906702996056226,214,Autumn,Shenzhen,38.98216054812583,119.07323187444813,Friday,10,9,2019,Clear,95,2019-09-01
51.80432712146824,62.44922646218968,11.241824982273766,41.08119998910212,4.23592132834645,92.7216057659672,8.716226103575494,37.86441130516724,4.389563198509646,297.8262456553653,983.2522775894638,38.78814904501498,4.3087224826854,32,Autumn,Beijing,27.62428670660237,98.0883645052516,Sunday,1,2,2024,Snow,25,2024-02-01
88.78975781343372,274.55165980735467,42.83016659374904,4.585820534069761,1.1476650903494092,104.75391365619934,30.906660490432703,39.54484678451944,6.226801437124796,169.5606310383268,995.320751636918,14.532075613091385,8.878889049155267,334,Summer,Shanghai,44.909053572086805,117.3641659451335,Friday,2,10,2022,Snow,15,2022-10-01
245.8771914416048,102.030723582673,40.481232325754135,45.41053426783344,1.928262974951766,121.74320670159554,-0.4751514355415729,77.3676743414659,5.202090257061775,215.09794398625343,1035.051049827224,43.44405630165047,12.76847814392602,169,Spring,Shanghai,34.585717739703874,126.61990174437652,Friday,2,3,2022,Fog,25,2022-03-01
87.21481046598956,293.6001841723928,52.40577969184692,21.6567789041811,2.7518098881107096,138.93780379791014,-5.533806790978143,86.70206638843861,6.491581203236418,149.5958011814044,990.2572175940552,8.491116307526681,3.0191336430254943,269,Summer,Chengdu,41.8344156939627,100.6085364557376,Tuesday,9,7,2016,Rain,79,2016-07-01
145.08169307537852,156.749016654581,85.4090185663708,10.669879623580272,2.1903255912298167,19.104528195593755,5.39262207632952,85.86141678799659,8.690886387162438,70.44306961971857,1005.388707360796,23.594227030082,0.6331177579169863,438,Spring,Beijing,48.63723862873518,101.37360542803228,Monday,7,1,2024,Haze,22,2024-01-01
31.068224796527204,30.281257026083747,34.418418041541784,38.39949473784279,3.270979509670881,120.7837731549842,25.632102976776444,51.68350273888856,1.1662427232242911,232.1790100868696,1031.1125448156683,18.675934008698157,14.023160275264171,278,Summer,Beijing,22.631556862957268,128.05080685218238,Sunday,14,1,2020,Cloudy,81,2020-01-01
53.98641569939996,22.212314924978,27.64685838277833,44.28796678113917,1.4985806138680324,148.70611740312785,8.511258579088661,71.32902932653255,3.788537024570964,146.52887462394813,1034.6415893601934,31.571433107769156,5.755635091030731,60,Winter,Chengdu,38.45854586520542,103.35741466849989,Thursday,17,6,2016,Haze,5,2016-06-01
108.15328924519528,191.89256335185053,78.55774867013238,26.316407094086976,1.1619733657586897,180.55896335535647,14.532204061460789,77.78893029838333,8.525850409067786,143.20905272004316,996.0952347292676,46.482983948637525,12.311713739217376,38,Winter,Guangzhou,22.87117673299689,96.55660686301036,Sunday,23,8,2017,Cloudy,11,2017-08-01
140.37529859791798,165.6513366469533,81.8425952679934,23.575588947949043,0.7426147532302488,93.4575089457941,-1.6247341393997772,34.258749873953306,6.7892131520977,234.50910180901556,1014.732948002405,28.20661638280288,17.416136687670228,299,Winter,Chengdu,31.78409852787398,96.72704812919493,Friday,15,2,2022,Fog,29,2022-02-01
184.18140966614305,186.0888753890211,32.23713369341415,27.376297938933856,0.1852997881192785,145.1910333426231,33.757885813964506,11.695974792660945,2.835694442470152,285.3525245622723,1027.5436798151225,1.900936126974068,15.378547259400513,31,Spring,Shanghai,45.38658109711218,109.37753688506248,Sunday,3,12,2019,Clear,63,2019-12-01
209.0077155974688,124.02512611235736,53.43279956383032,31.406965603634983,1.2266143340430908,148.83909686390749,20.648679943724023,62.08453656739632,6.0160563601969415,69.70511675518281,1009.0836365234863,14.864197618615837,18.12296600801981,180,Summer,Chengdu,39.54266230034212,112.27805491407956,Monday,17,11,2017,Haze,78,2017-11-01
23.66777809770436,99.18662081657332,88.89593458916801,35.91765763787973,0.7724047403120193,82.2683561696736,25.2995283391856,31.61918784206284,3.9434690047862175,213.7076148331428,983.459473298171,37.43864564854352,2.2911508285875013,135,Summer,Guangzhou,47.61763630471994,99.10229173494132,Tuesday,1,8,2023,Snow,71,2023-08-01
126.51325934323668,122.83677896224444,66.82207402205253,30.056151491073877,4.271558206018956,161.61785131771168,6.497681284932007,22.427490881077865,2.424537923646551,225.97670374667237,1033.517253221373,29.929888347499418,2.8437386253453107,300,Spring,Chengdu,26.06215569963984,121.5638652355369,Saturday,14,6,2019,Haze,38,2019-06-01
55.74851004855856,152.21043906148154,27.49729624017486,14.50795168281749,2.4189903471774654,29.406375384368715,26.51016780732335,23.632044927452416,9.649751584721017,27.10087177288376,1042.4928105721126,5.358426660714222,17.48964510309293,175,Summer,Beijing,49.58859416411265,97.66634316469464,Wednesday,3,6,2021,Cloudy,17,2021-06-01
169.8033318183218,248.3537359124132,38.422111564469965,38.30921503570405,1.2099955164503229,82.4949935763394,-2.9349904787256262,31.855385217744505,0.2627033490242225,85.52300298796848,1011.1524863432874,45.77683436371014,0.2952608429111197,283,Summer,Shenzhen,24.703100886554125,114.20648600402174,Monday,6,4,2024,Clear,71,2024-04-01
199.37195383402369,173.31729870913446,22.31665569011466,38.49750677484119,3.1756371068828053,117.64298771083722,0.6146898005667563,62.19702374224304,5.600420229073807,33.41140889939428,984.0360181104568,48.44397902973299,16.01424498306224,102,Winter,Chengdu,43.8542612836924,128.5162214435192,Saturday,4,4,2016,Rain,59,2016-04-01
35.601398362803025,57.68492042509764,77.56878167036707,35.66017439711619,3.882005879821364,40.95003262882864,22.570202086916915,47.34329164329097,9.930985251347774,25.807833107680203,1000.6744420117252,25.897232095355545,5.137064266492891,163,Summer,Shenzhen,46.980019900554055,91.11404903807366,Sunday,14,5,2021,Haze,51,2021-05-01
63.76554374048706,185.59511151535327,90.35559107987584,40.84954189377094,0.3701173832143216,34.91200578995933,10.928504763905998,53.16915399021536,5.56367141645822,322.964252981674,1047.9491368981126,2.6406766353379627,3.1208260901271223,0,Autumn,Shanghai,49.625890275555136,92.48177221633242,Wednesday,11,4,2022,Snow,79,2022-04-01
79.00582015629818,148.4742757504245,78.76919019727612,13.55430926587919,0.2429572413918593,111.2404059698308,10.73223648593288,20.718017869398945,5.417114453408311,144.27580823647213,984.2456687743062,11.901697220715771,4.037659145095719,36,Autumn,Beijing,24.511839633808,105.4436719668092,Friday,21,3,2018,Haze,8,2018-03-01
150.56847389769314,82.45730639158066,36.44632912036872,23.97361876010953,1.812643157865508,118.79976875755176,-3.064459870861155,51.4372241402934,7.893042902822994,300.562777830131,1043.473682147206,34.24734926629552,19.073224960431823,399,Summer,Guangzhou,44.70519924222484,96.6109610046915,Thursday,17,4,2022,Snow,65,2022-04-01
151.6629757770888,226.1293487982416,7.098508074696291,20.155668464834744,1.291728891140889,156.19905780388538,16.6378031143364,19.486017659278545,0.4845154809840313,54.33740777594363,1031.6423153573458,39.31155269742542,3.4360866504007195,76,Summer,Shenzhen,33.21656129291539,109.59012791778156,Thursday,20,5,2019,Clear,47,2019-05-01
136.3218508436936,185.3342013091729,82.78116790551894,20.54441170250669,0.5059661075909975,144.93775217491637,33.93940878531654,46.40048278552406,0.5221914367561031,214.3660856429925,986.3056987712372,41.25982088116309,15.482492517158509,411,Autumn,Chengdu,34.53739708010876,108.92621332960702,Monday,10,9,2023,Rain,58,2023-09-01
141.81441064121506,155.88569093240017,95.65219052242436,37.40371338117624,4.677936968212732,67.78154291308711,-1.6745794056188004,74.37236498606843,4.950576463988522,346.5438405543801,986.5284425752612,23.692566350429285,8.602563492035891,395,Winter,Guangzhou,36.94046433428905,112.79963600418998,Friday,16,11,2018,Cloudy,69,2018-11-01
59.52628613491655,266.3281734437011,55.26938368072408,21.99815687063473,3.4530509818986603,21.20401143976788,21.478247913382507,82.38727724830605,7.451438855222832,70.94548953882781,1021.303926463078,39.30729127677798,1.687401845102743,259,Spring,Shanghai,21.827013127175316,96.33152295448052,Friday,9,7,2015,Haze,26,2015-07-01
198.3632233524977,102.49719621705924,28.280635647594167,29.94726659096714,1.8054703218469583,125.4520027563389,11.813484592188274,95.6375377300723,1.1393073753687089,118.53680893630307,982.9920074668258,1.381040509207937,0.9814287466009745,319,Spring,Guangzhou,31.760990913098748,109.45327260464542,Saturday,20,7,2021,Cloudy,28,2021-07-01
91.85284365018876,199.9037613515195,18.873448360967775,26.43138852448916,2.1384927650029715,174.3141268485598,38.09619595980968,75.12312013875999,8.673656264049646,232.44674764806524,980.6725458575391,29.685556228027355,19.18245377673013,385,Spring,Shenzhen,47.74395483814648,122.90939561940704,Monday,15,12,2017,Fog,89,2017-12-01
230.52637986421357,278.1795605803787,42.68559552483247,14.745400122627707,1.371544521456582,46.64700065489092,33.14814539047646,87.15327180282505,0.9662344119883526,13.515383606459007,1039.490771652608,5.903876565600736,3.054737202683256,434,Spring,Shenzhen,36.16697306240533,117.90210721198068,Monday,19,1,2018,Rain,5,2018-01-01
164.58695216985058,103.27463416047472,48.66185527228134,11.55276774194844,4.491810312330851,184.4203058750448,-4.932166160487336,92.41269116811006,8.010480360454217,179.58167754049256,997.4216279867304,18.68606751439693,4.668219539886168,2,Spring,Beijing,48.130224504213245,122.51789876803676,Friday,20,10,2019,Fog,53,2019-10-01
166.79071112050343,137.93470824061762,66.97666715140855,20.582223715363387,3.24864047527315,172.32841558693465,11.435804765110117,34.555565057718965,8.254279928324072,189.77050423199177,1037.341719486672,36.92557239319338,15.540522418292662,155,Summer,Chengdu,35.819844966696046,125.23132105936374,Saturday,0,8,2019,Cloudy,85,2019-08-01
100.565849477998,122.9385180895728,72.21049022142805,13.806085449681488,3.263575431784041,76.03602913718927,36.55734440826365,74.67710403311607,1.7496644573002509,158.7072511125408,1022.89793581463,13.770000919202852,10.402423696861556,203,Summer,Shanghai,48.76649847557992,106.96635714247168,Friday,7,12,2017,Snow,32,2017-12-01
101.66616938111343,217.26719230555327,46.33764884917439,27.86329201650233,0.4563054034756044,180.44499616472623,32.81520020614856,30.181620720088397,4.710563711173283,111.43139563727698,1021.5350470477777,37.413134959464514,0.2055408916616768,47,Summer,Beijing,33.39231273454727,107.43490805446402,Wednesday,7,7,2024,Fog,31,2024-07-01
109.68524968373625,50.27942651851762,89.09589431418433,31.591416349682262,1.2258593426329594,132.44958706827884,2.9925996651035103,33.019241185797384,0.774062661028142,211.57366829004772,982.1754162902351,11.975694167623796,0.2769790358181734,144,Winter,Beijing,36.41102675330324,98.11557914113963,Thursday,3,4,2024,Clear,65,2024-04-01
48.005459283705335,36.937403290287136,30.007225139515796,41.77102638931311,3.196233634037382,64.44372791781517,17.561402116162654,54.74750172433716,1.7389985289590335,99.88137591611142,987.3619739489166,23.36217682260131,17.65711917181312,112,Winter,Chengdu,33.660204733540176,114.18333001134684,Saturday,14,2,2015,Haze,62,2015-02-01
121.655747713101,265.0946690762306,10.509300359395487,12.419515173373652,4.95881957275911,11.710119812465456,24.12452834488424,40.2802643310317,8.834695622605807,113.94902719507571,993.7981858406616,48.90897588926515,19.207877784026845,355,Summer,Chengdu,40.00576989072973,119.91473370957412,Friday,17,7,2023,Rain,60,2023-07-01
109.3235204624593,246.99645772962157,15.244150374132497,3.99075889681754,2.4024470594319647,20.472652893383227,31.808150783199643,66.75585043652532,1.1550571258801368,190.4201726990928,1006.0410583801452,0.6610007008536256,5.728851174765156,410,Summer,Shanghai,33.50654243567264,123.133559739285,Saturday,4,7,2024,Snow,79,2024-07-01
72.08824493877162,227.53511780156603,47.202421904503005,23.188425902714805,2.247311219058206,119.2331458393012,6.096126404852519,13.417638443477738,0.0599087602762293,164.26195016245038,1024.385611777456,23.16509939586808,5.094445191471428,34,Winter,Chengdu,24.34279472087004,120.83880063242772,Thursday,21,12,2019,Rain,95,2019-12-01
233.794217515212,46.33116429675967,27.576364641802453,44.17614481624219,4.35751518882296,31.065503152483267,27.251521819294688,99.54730203702871,4.536658102458475,161.71267254448847,1020.5180460784636,2.7446582247932003,15.928431523264518,222,Spring,Shanghai,25.556078222013404,101.72633081434476,Sunday,16,7,2018,Haze,2,2018-07-01
20.213113150869127,214.38284278795544,30.37883691314157,30.379092237269244,1.335446206870506,102.98593302821617,35.37856561629975,37.75698444969065,9.126651873329708,198.3588987879362,1012.2336415936496,37.38994362347656,2.2472314631204005,183,Spring,Shenzhen,44.26608520807396,125.91252948392776,Tuesday,2,4,2015,Clear,12,2015-04-01
239.2921419323621,218.53413150006887,63.39598507257779,11.597761042914597,3.870371561415616,43.12764021013028,32.009764578325175,45.21742966639543,8.758533931332996,108.3122848325383,991.6306221127688,19.112868617185168,4.993634651918014,8,Autumn,Chengdu,26.93125921525757,108.50552586715084,Tuesday,13,7,2018,Fog,54,2018-07-01
220.96626930995936,252.8076359610704,15.936211460129927,41.20489059228201,0.5707549634075254,199.5700888936289,33.4515051369544,60.89704021342832,5.441198357121423,14.82633663086283,1012.176043917868,14.914715857895525,10.192719004061832,132,Winter,Chengdu,37.079015896168485,102.8310873795872,Tuesday,19,12,2021,Clear,57,2021-12-01
196.1502064776407,247.48437127065893,90.20067668062882,48.5213673775056,4.906469062443261,178.88172742435532,37.12886729863824,92.48613765682477,4.6449741478335005,3.97303778089714,980.0962581272842,0.74012192721436,16.811982538867944,187,Summer,Guangzhou,36.79568332731067,94.2206586826142,Thursday,18,2,2020,Cloudy,67,2020-02-01
200.1523346103517,247.30322123334116,20.47153435325027,9.047827711820776,2.3033452559481806,42.42723051075075,25.215099166756403,98.64351540018986,2.6835888554910934,135.8705405090394,1001.827899335165,10.043018720312665,18.42896027435978,40,Spring,Chengdu,23.638340730918195,106.6625783912004,Monday,0,3,2021,Clear,84,2021-03-01
227.5821409317512,62.45423912432837,25.800321035524032,45.52512477839355,1.2598910829347012,20.69964983865666,5.6393851619156585,35.396837195843666,5.71820728546292,169.2215547768771,1033.2214232685094,30.284355146369567,16.362519513001978,155,Autumn,Beijing,43.87220815198634,127.1779283617102,Sunday,1,7,2024,Haze,68,2024-07-01
109.28378787542964,149.5005667078701,88.02569770676213,23.87984919174357,2.743721755415427,158.06931186595168,10.490251186701176,83.61744047318349,6.268483942964278,216.54724674911068,1047.234872222488,2.15093504318033,14.983463328870796,451,Winter,Shanghai,36.69916225509911,122.16420764449236,Wednesday,17,1,2017,Clear,67,2017-01-01
186.01805657716508,240.15873997955143,6.381456957191404,40.99952780611046,1.381883885541121,65.39067354786751,-9.31576519721736,86.7758970114482,8.688686122943112,327.4052569356002,1030.8293140662308,41.72159529203952,18.692815207429405,307,Spring,Shenzhen,47.04117968444287,129.05617836410912,Tuesday,4,4,2020,Snow,26,2020-04-01
123.26818776349396,195.5945547676021,61.76818887294974,19.487276504931327,2.3591792395978985,135.85597354985327,33.976449259148154,72.68970077265999,4.160730294197396,332.45367145126056,1006.3091785431258,19.08841551953753,13.570596272030835,460,Spring,Shenzhen,46.16061605010715,113.54584487028332,Friday,10,5,2024,Rain,7,2024-05-01
91.54507643995014,234.96036560697675,50.18380378419086,8.8193506644383,4.4707956642624325,11.76017180884109,3.739999081927367,60.97626955384828,0.9966859636003657,12.378658502467433,987.38273936415,8.813971261490211,12.832471855107483,318,Summer,Shanghai,34.41178113902944,124.25508146166617,Friday,11,3,2017,Clear,97,2017-03-01
22.37260889507697,274.1771280965832,84.70867454851346,32.97729296875697,1.9230359854973504,60.80789764142849,3.201992026220232,25.92461632322093,9.761226438914663,223.8362213537476,981.7767014889516,38.47609311845307,14.689306159799363,485,Winter,Shenzhen,27.58243605425477,102.31785859513968,Monday,5,10,2015,Cloudy,38,2015-10-01
79.94679105204628,130.1766532389459,94.7523143300832,32.25184277234506,3.1387899288251284,193.6530932672175,17.444582063789998,17.290439445823118,4.981723125313469,79.41142282373772,1011.576260124714,34.27536088605137,14.161187375260235,376,Autumn,Beijing,49.76326472202069,125.55140555632282,Saturday,16,1,2023,Rain,91,2023-01-01
20.78920482609754,88.82829297594881,73.25002490189745,37.89229836578932,3.269284657127898,51.43235281328548,13.701643601794238,46.5732735593238,8.062095677128596,297.8059080656868,1038.2360450038743,7.074494052005431,0.2867604921549734,210,Summer,Beijing,29.971111437609608,106.31041898152444,Friday,1,11,2018,Snow,79,2018-11-01
124.4382116721946,211.82801390321933,95.81140579638075,39.74918711177897,3.605782795873144,58.99647594326866,11.89889167918394,91.30759063088398,0.5330192178283621,85.27910616976467,983.3419905571128,32.94090490053224,19.18237929153946,37,Spring,Shenzhen,38.4522254337887,113.46644934959336,Friday,2,9,2017,Haze,68,2017-09-01
184.62036871949024,186.05131554287013,39.36835609252192,47.47620430630951,2.314443491164351,87.25716866169913,35.78818858973176,96.78386746223958,5.606051662086137,197.91075208397444,995.5118283328476,5.0715622038860095,13.23130634190594,427,Autumn,Shanghai,33.459277626066616,127.79303767698173,Monday,14,9,2018,Clear,25,2018-09-01
152.6621036253552,74.71996335965756,46.95418439840943,12.502192438708631,2.783889979624162,93.55839236624728,21.778701528914272,23.864362517086697,6.257895431899381,356.42823986816086,1018.8247528203084,19.69770324016783,18.02453151435617,380,Spring,Shenzhen,40.33801274261384,92.5669808607548,Thursday,7,4,2022,Clear,97,2022-04-01
207.7357571208398,197.87896861687176,68.49349720087903,41.31852193898165,2.7957408908932933,171.7168026344145,30.303542459886373,50.269132511985376,5.064723165898148,6.812812435657532,990.0053280208087,33.86055763291676,14.10268746196995,439,Spring,Beijing,25.87087714099255,125.04738082814772,Monday,1,8,2024,Haze,39,2024-08-01
233.65995592860952,67.2538885640615,7.353359528661556,17.377076996434635,0.9528575013450826,17.73920611817915,-6.675348344711582,73.06802278647405,3.326056066775963,20.920382723484185,1043.2275422966625,35.96853405102765,17.64459211908427,369,Autumn,Shenzhen,47.28458358949756,97.27963593254292,Tuesday,14,8,2024,Fog,86,2024-08-01
49.47241225141247,241.64738111063537,7.901978529759207,35.87276844232056,1.4572535184828646,38.92116174325734,23.61715160489441,61.59206624164021,2.5184011856510717,147.30963402950616,1030.1746939247516,45.4039444827328,3.736625799413952,427,Summer,Chengdu,46.60498399175299,98.82273626257552,Wednesday,23,10,2021,Cloudy,64,2021-10-01
215.7053846837649,259.1208449603533,83.82207653241525,49.74696561822067,4.607807405650902,19.79443066429164,5.876260004405413,47.745816882088256,2.000136070017567,218.9791035437241,997.3151256222536,4.8113682634302375,9.878372810972326,304,Summer,Beijing,30.609020031658225,90.11682091766508,Monday,1,8,2020,Haze,91,2020-08-01
128.60776414593454,67.45552852463277,39.11129758754692,30.71173554911581,4.425522412642006,84.22739646565621,19.31103221088701,41.4650249844894,1.3633316376169702,24.382144125986045,981.8111324402124,29.96970649085769,13.619476842134484,207,Autumn,Shanghai,30.96008828509292,110.31540394853847,Wednesday,4,8,2020,Cloudy,37,2020-08-01
32.853430878482484,184.5188759488453,68.86445797060401,22.014737398499904,4.018438961378187,103.28096718795383,8.76623252452158,78.90950028175934,1.431781957831888,159.37157987292443,980.12830281457,1.9973874597349173,1.087296067823389,73,Summer,Chengdu,30.35166825401987,113.52750398251196,Saturday,23,11,2023,Fog,89,2023-11-01
130.30277637737444,218.3366684400825,46.965460375060246,38.582224167822304,3.5891479976069736,177.45880302514593,32.459113642590715,85.2591160098941,6.048935345486823,281.0491410248458,1031.5245445632074,5.242207176800051,4.589114093761705,290,Spring,Guangzhou,24.842699446659253,119.43480897055832,Sunday,15,7,2018,Clear,39,2018-07-01
27.62577704192548,187.6544145332467,63.717013269339645,47.55315929776211,4.872306959344663,95.44488491001871,12.188638377064102,75.36236358029699,1.155544054704366,292.57151534567714,999.8799254980652,19.822622419412063,1.1249264490224031,52,Winter,Guangzhou,49.86751745404326,111.34831307011991,Saturday,17,9,2016,Cloudy,14,2016-09-01
213.0668466946701,265.2286527408605,41.85304091211824,31.515037658576933,2.6814737985201216,112.39575066663768,8.578724503765631,90.03771111387302,3.748652723485153,278.05641736175505,985.9354880580704,10.115093427383863,6.331194294790215,342,Winter,Beijing,29.25452029428778,114.06823806650564,Wednesday,19,3,2020,Cloudy,69,2020-03-01
159.38055277391354,22.662871951455067,20.89911792802432,47.97519624634107,4.29001677462392,124.29166182106658,10.415182385633262,96.49484167067232,4.723396879163348,74.37300255693148,1049.5860941075234,39.51386654802385,18.029962035149754,415,Spring,Shenzhen,37.81778160723197,106.14543775885517,Thursday,0,5,2015,Cloudy,93,2015-05-01
193.6802545563604,52.27083269981418,68.96797729799357,35.19579143835234,4.824876979013173,151.45281004129484,9.649734703950257,95.90118416762482,2.579714682616212,299.56171902767,987.493232267517,8.607620382036679,11.187647239576702,228,Autumn,Shenzhen,47.85682525855303,125.40527984317735,Wednesday,2,10,2015,Clear,7,2015-10-01
101.81991938010432,142.79655611574543,52.36223234273632,44.26249948485718,3.8977061419649046,56.07341111132775,9.56302291832866,85.2522508110645,6.149639140767328,82.05494122425183,990.9623117992224,24.224826199457283,6.176659842233387,88,Autumn,Beijing,47.18073161157767,112.37522324114754,Wednesday,17,7,2018,Fog,69,2018-07-01
115.86078286583626,132.57149046559113,50.09158549771921,34.54531807321011,3.573830169449952,130.00790704551582,38.21237374854046,86.13724676917407,5.329294208343308,197.4674045432807,997.4117389633416,9.81504204390043,4.952016749674667,205,Summer,Chengdu,46.51264284091391,95.42978065264688,Saturday,7,4,2017,Cloudy,71,2017-04-01
200.82491633903825,290.40975473588435,72.7004856042576,34.90820722671687,2.771712683265801,91.33164635663138,25.826262831734184,78.73101404219601,8.28838911410047,285.2681099707676,993.145445017336,33.365116699276875,1.8804394598785088,286,Winter,Guangzhou,31.177727009289605,128.36198223724418,Sunday,0,9,2022,Rain,13,2022-09-01
214.48066780585657,189.12917410234425,59.564719660688446,40.31270862771758,4.544736868587649,172.95472882405818,-7.496563497684968,35.972532743954595,6.791775107150859,325.62497625662274,1029.7424816006337,22.340797547651785,3.6498019450426313,247,Autumn,Beijing,28.5322335762888,120.58970561748806,Tuesday,19,11,2020,Snow,21,2020-11-01
223.45719246380435,210.7109822005484,97.60515061915952,40.43595976886706,0.4152580068395425,142.37293796369352,36.86897828064738,69.22757693169505,0.445464822514785,109.84961447378716,1005.990910883435,22.75252207859173,1.7299193071058183,130,Autumn,Beijing,41.013060956854126,118.61420098920874,Friday,0,5,2020,Clear,72,2020-05-01
20.837382092509216,43.62975572060887,86.6269839362424,45.03106918507758,2.285606994915349,16.01558358497123,-3.667439949566317,72.70397417717106,8.819353122218686,137.35135807176485,983.3305896003728,38.17723392762027,15.680370509035914,257,Winter,Beijing,37.34881683620793,111.26596993795135,Tuesday,20,11,2016,Cloudy,77,2016-11-01
63.41131119111834,299.1334553911628,31.107850142750895,4.924464425986819,0.4066095744332707,44.42447940334836,-5.695519843273718,52.67714419026133,2.131214061414398,213.13806484424683,987.0314104487816,5.751950390488619,19.79873088196449,51,Spring,Shanghai,34.89768914189516,115.70966290267305,Wednesday,22,1,2015,Cloudy,17,2015-01-01
13.878310999321588,288.4459253073971,66.27414545365218,34.19871187893404,2.2169813617314604,111.47627822649746,31.33685924644008,93.01338705769382,0.696789007992964,59.92315853045773,1008.3760877250309,6.771154929910306,1.3034433568088075,469,Spring,Guangzhou,20.534880909057005,115.57059863412226,Tuesday,16,3,2018,Snow,55,2018-03-01
123.15032829202396,286.57762367045,75.02679882154985,4.2671403724643895,3.323630362849312,123.03599183993282,2.9602255858637108,76.88970835741749,2.0048357162394104,342.2067141459433,1021.7330128046724,23.579541614162032,14.99839800776494,242,Spring,Chengdu,38.78569972667757,109.48485721383754,Wednesday,22,6,2016,Snow,63,2016-06-01
173.2348388207966,48.13809594125416,59.52914877262582,20.71518241904027,2.6366824001285294,61.15211251983697,15.195990072204914,14.33619698493678,8.297896203941153,301.72414396519724,1007.4490077522432,30.080844301930423,0.9550758893150584,72,Spring,Beijing,39.94746838568634,95.38737407104976,Saturday,12,8,2024,Haze,79,2024-08-01
225.0077107734901,207.2838890358005,33.891884770377,13.70561862349895,2.644028771297496,183.57717616050456,2.6883703069262825,76.52955981742,6.623248486017015,105.87180335483475,1045.221614785674,31.700337809311414,19.437699125143386,41,Winter,Shanghai,20.93687312811972,110.8083771481948,Wednesday,12,11,2023,Rain,40,2023-11-01
130.01446170949774,243.738468912204,11.130142690863092,38.61599352470693,3.781824228686881,56.12011447679204,30.651085791484945,25.794803359424044,7.454015430904323,340.6540887840445,1017.8245404686928,42.29236831789313,9.920173147672646,403,Spring,Shanghai,20.95308768908344,106.40692677230857,Friday,17,10,2024,Clear,85,2024-10-01
17.867502899160215,244.76091997573064,61.58701958828342,11.901815436003377,3.929156032345334,156.1530678389829,-0.4926508441899262,85.98887196868257,5.098655096381867,329.4541253309682,1024.3161014052305,15.66780898330924,13.330357593643877,154,Winter,Chengdu,21.586086695974224,116.31986950413634,Tuesday,17,3,2018,Rain,80,2018-03-01
138.83389450451332,253.47867866897568,19.402337552649577,23.111345643404743,4.476085605759201,134.28170618752245,-3.4660967275430856,40.949746047144544,0.2272881782307356,296.209331441949,982.289620522518,7.915715130433753,18.45192479616628,33,Spring,Shanghai,29.396321232019154,125.34197486415124,Wednesday,7,8,2021,Haze,87,2021-08-01
203.9343283070222,89.78357310583672,46.54405810592991,6.218382908487492,2.727778120280618,198.69680988484137,29.544143355974555,65.72495069513641,4.172734109875691,195.62636755693487,982.2019246269288,29.696007448886697,8.351242701499212,491,Autumn,Guangzhou,20.177227661391512,100.91819401989083,Sunday,11,4,2023,Haze,10,2023-04-01
69.10677518233113,55.33961719132887,51.28348450675664,39.006208399034605,2.935055871658931,124.24323574396745,5.387466425869068,38.78381217469744,0.2842384549469523,328.1225531223033,1004.7651736186413,16.7827249536228,16.37634173847473,212,Spring,Chengdu,44.73599626502967,116.08414328509716,Wednesday,6,6,2016,Rain,68,2016-06-01
109.29310620044032,198.444291016766,89.46734845944812,20.5896864009871,2.205422587851146,120.61297799028516,-1.4386619847085471,44.86706354998379,6.523954834673269,126.03969472058697,1018.463058538042,7.429861724405501,16.615039499129352,13,Winter,Shenzhen,32.51005962116325,111.26542632347198,Sunday,23,8,2017,Cloudy,34,2017-08-01
29.203674118311184,124.93520558653051,44.96684989265998,2.430425955600665,2.87979898700791,98.07386000320862,9.89674355887284,64.74086481127588,0.8282903274410958,155.17522015553516,994.433467969018,2.25688345624992,17.178241538420465,444,Spring,Chengdu,36.075205750618,110.09695027357732,Wednesday,17,2,2023,Clear,75,2023-02-01
190.9758859492164,51.23375842694716,71.96069861750078,42.24027482779609,3.454932802879274,105.76663412610252,4.3101518144775,52.96958133009941,9.922755128668632,329.4966044648485,996.2834206410362,39.48896280489531,9.46356431998155,113,Summer,Shanghai,31.15998508486476,108.98416770933704,Saturday,0,4,2019,Rain,80,2019-04-01
15.412186287256544,22.358843521257302,26.56287796971697,6.557423394039384,1.4846094554797518,38.31682174525852,1.1068028726592498,19.29670578522743,9.664971627732406,54.12793965645773,1007.0360754424772,48.16500591467023,5.66372046465146,10,Autumn,Shanghai,26.173761943444934,100.94337702439248,Saturday,18,5,2015,Rain,51,2015-05-01
234.0781582559304,183.3506565126464,63.62663962574808,1.5258193743424018,0.8181626847288912,98.20551637174523,-3.3895006777429257,43.99691253555046,9.579470006222344,270.0565243409191,1001.7911527248916,18.656584596521284,1.0328007364474012,450,Spring,Guangzhou,25.37491582481003,128.70328024747823,Sunday,3,2,2019,Snow,39,2019-02-01
136.5597214845768,147.82059305419932,74.09072385440125,15.377704415511657,1.120224238638601,183.8283826277285,18.662279369577416,20.83152604309716,9.607680491967226,312.87784763054026,996.1804823391946,17.47797437868846,0.3016866193979508,214,Winter,Beijing,27.14819540252989,110.08631916216312,Wednesday,18,12,2024,Clear,74,2024-12-01
171.9720349806386,124.43219729637951,47.25971000282926,16.622917530225337,3.5792973226793143,174.8375851287564,-5.2406053117772045,13.91345393984002,5.820136670292134,298.90989798287785,1029.8503617853328,27.06299181153312,3.7886577589854182,480,Spring,Chengdu,47.93165701724315,96.38901171962988,Monday,5,7,2018,Haze,74,2018-07-01
207.42312633773903,287.0574869461849,49.53805193005376,34.13051833599501,2.022490027471556,90.1229740803963,8.228070466661322,31.65038346867013,6.070037856672893,310.8518219009797,983.5335526792002,10.923882972672397,14.000568636090932,207,Autumn,Shenzhen,44.37676562959721,112.1133318285514,Saturday,13,12,2015,Haze,67,2015-12-01
168.8847247002804,210.96728530966064,99.21070533966444,34.53638125813872,0.8759232522906459,84.91074477685987,21.870384429475084,61.223064168951694,7.737499243119485,285.31460574380714,1041.0067465647376,48.63032394556702,8.63531257268425,223,Spring,Chengdu,42.53903574543887,96.8035448497106,Monday,7,1,2023,Haze,5,2023-01-01
210.4743171608916,132.20234329699272,54.34561267957815,16.378189184054918,0.9327335529966908,105.6056606508006,-3.185603446858112,42.422381250125326,4.736249333374842,210.02082684203293,985.0309961359676,21.321490354877405,7.1809481274214,111,Winter,Beijing,48.22799301454517,97.74703552673738,Monday,22,9,2018,Haze,21,2018-09-01
228.0446143139364,124.31622962084394,59.68979341956954,32.10930478509723,1.474360443050947,154.84030026254277,-6.965045320173083,70.35523343839354,8.843902707168457,115.36924697092005,1049.0196561772275,17.18854027637641,11.256995380226744,314,Spring,Chengdu,20.29167170853444,110.75411502485068,Sunday,18,11,2024,Snow,4,2024-11-01
249.77761871333504,186.1681758873372,55.34425675737485,15.533040670614149,2.72230131965956,48.0998844231907,20.217694305603427,53.52349887894332,5.167869259304751,295.42843349200893,1010.3179826090766,37.31643032987623,14.510584184882598,67,Spring,Beijing,32.14039526610902,106.21289713670012,Wednesday,23,5,2022,Rain,18,2022-05-01
244.02567943552936,124.72677070750645,76.96452012261656,42.36543217514703,0.4307561151829633,48.80865592372184,9.894230857423956,79.72482483707951,6.760345536838816,320.1025825842124,1032.575375071574,32.48662695845784,7.328154396582173,283,Spring,Chengdu,33.96628677378837,97.72088389115534,Wednesday,10,7,2020,Clear,17,2020-07-01
241.25829375000455,255.26344095948411,92.023385789181,8.779056720230212,1.842530185476985,104.3504883098974,-1.600330083002424,25.117113269261296,7.032645173056773,11.514887150516898,1001.7386585217848,34.251185289825855,19.19405188556459,450,Winter,Shenzhen,37.10333154009056,97.98891330644548,Sunday,13,7,2016,Cloudy,23,2016-07-01
236.38017853720507,234.20126738777333,31.50484297690253,34.05286670535563,2.8408298452074634,107.3183297773511,22.077923385810955,82.88733752443868,2.775104893726488,206.5376712383124,1010.866398512422,10.194368426785816,5.065124236329546,109,Spring,Chengdu,24.8558638136525,111.18774688845738,Tuesday,23,10,2023,Rain,66,2023-10-01
105.09726225831189,272.71515749768696,12.004996183844815,41.44402002619215,4.9387349321216005,132.88470747342416,-8.891124608007818,23.97584512218407,8.50531348413892,128.75773315203352,989.5329343875924,15.396103733671074,12.518072000256286,139,Winter,Chengdu,20.740075066748947,95.32715709789832,Friday,15,6,2019,Fog,8,2019-06-01
97.15186288859164,104.19362073145972,87.44762800202793,4.663049490546936,4.829355819019231,124.09435271919206,-7.974067100290546,57.51064010344185,8.268679625264596,105.74677845716018,989.2052544342912,28.28800043540997,9.996124955209764,345,Spring,Beijing,26.562106263195744,100.02139156836282,Monday,17,1,2022,Clear,77,2022-01-01
125.52194588040548,264.1135907679429,60.4684950375939,38.80609007416635,2.3848214956329548,85.3982158111226,-0.1894386874748939,15.376282476340943,2.3818841109362374,107.12177510383272,1030.940876373864,1.5061423208355795,10.458455301878004,356,Summer,Chengdu,26.579697308939583,96.60782729500448,Thursday,5,5,2016,Fog,92,2016-05-01
109.068963185068,170.23313455818743,46.96233768819466,7.133907753911709,1.6713427577985531,26.48977643116877,0.6056077314247048,66.43243515558736,8.48254535991792,155.92137383333443,1032.5473068577655,12.372330482861935,5.031353419199431,416,Winter,Chengdu,33.70135166190765,99.42001080697209,Wednesday,8,10,2015,Cloudy,87,2015-10-01
164.8283039786444,165.02797236327123,55.39494519584723,27.73778764614057,1.6464933026690405,182.24753040443267,24.113335044176715,88.82784478763645,8.685951017655901,98.0859822200583,1015.2654208027868,32.56073257680646,1.3367089449485805,319,Winter,Shenzhen,33.10403092054989,127.58359196716012,Thursday,16,9,2020,Cloudy,87,2020-09-01
168.58787787863986,156.32544456460542,38.450136916871216,25.7536249897472,0.9512219109671955,44.541988128247695,-4.515851182532446,23.794005814990207,1.7176908447369477,233.0799124208849,1034.1960973259947,5.828528972471964,6.8908426224781145,319,Autumn,Shenzhen,26.79592574487149,94.29103679488784,Tuesday,23,4,2020,Haze,42,2020-04-01
192.1939663919896,56.82548008953702,91.8280976653567,33.89139942424557,0.4542862166493561,137.4461134110956,-4.036274238656481,31.858685348398843,0.2206350127694534,325.70270408564244,981.383028884483,46.0187312068932,4.73139353876292,212,Spring,Guangzhou,45.70362620828029,92.6727912438325,Friday,20,10,2016,Snow,67,2016-10-01
165.00323992877657,236.95262125991871,77.62249963162445,33.8285690899499,4.701901191539893,170.01862955004458,3.719539904030997,21.971934730537427,9.51637723115785,121.41956425572448,999.2560712139,34.72888954978996,19.99463199057777,443,Winter,Beijing,42.16387756567919,114.78462424442628,Tuesday,19,6,2022,Clear,37,2022-06-01
58.63115158052484,66.20555288160105,87.9268477612546,22.15988246307508,2.508913285664889,82.26536078746692,8.281477515522948,93.9161135746738,1.0716797263477118,67.61119081542446,1022.870962592066,23.894712725660256,18.08997338867366,20,Summer,Shenzhen,26.28880416270597,119.49922562968148,Thursday,11,5,2018,Fog,68,2018-05-01
53.14928136772048,202.11862200290403,79.39006368456366,44.91125481667408,3.685982180320176,173.11656576658902,17.215003999053245,62.38524626678894,6.098149406936378,68.9850195928789,992.926521643826,25.47573406058912,13.291021281134135,38,Winter,Guangzhou,36.06131568447514,129.60193229423584,Sunday,13,7,2018,Cloudy,48,2018-07-01
216.43928139522785,38.62292732139923,47.08079511203042,3.118415707246816,4.21797071920113,77.49772119907917,31.08323480356697,48.55689335830888,3.1810999324189115,79.07066756801625,1009.0722439249244,31.227062846823955,11.449851105008904,416,Summer,Shanghai,47.85528607936435,119.012469137541,Monday,23,9,2020,Rain,76,2020-09-01
76.29515062807984,42.16947159011888,20.469062090697708,21.952751143826685,2.165226830798288,103.33671824292644,1.1139703251463278,62.0824693264226,4.38928274401892,62.44745142206333,988.7020571989112,30.70155926025564,4.045894426073351,259,Winter,Chengdu,47.204333927967966,121.53152269919352,Saturday,21,12,2024,Cloudy,98,2024-12-01
139.6739312210304,193.23805549108832,66.09486817603991,3.787400086466485,2.25737926798166,55.984342261689946,33.99914766020313,13.814179743019585,9.3800088194558,297.4020576909781,1015.5430778424084,25.047845351329297,5.373775210262581,120,Summer,Shanghai,35.458665611122804,112.5283174286302,Monday,6,2,2024,Clear,49,2024-02-01
41.850850384947655,29.431842066483146,97.49728160228923,22.69901673574549,2.1365648566344606,150.6709262942475,-0.6779425373913543,50.34968879954513,5.706056044741926,212.35016494904585,1012.2304205607554,44.99678870629173,11.574279820611626,82,Winter,Chengdu,27.083114126193298,98.40021634387588,Wednesday,7,10,2019,Cloudy,49,2019-10-01
71.31704749163276,54.28290225887317,50.20856915810479,13.8964513730581,2.0350042411577363,195.34672001930545,15.334532642497194,88.41639408830767,0.2140498037298166,332.15748769457633,1022.095403128805,20.43998856660926,11.09859971466906,413,Spring,Chengdu,25.246679644687465,103.79338538767016,Wednesday,5,4,2023,Cloudy,21,2023-04-01
101.75311067248062,96.17317933079488,14.068322298950998,2.005221615328039,4.521057328054507,193.48160464805295,4.22639353518626,53.00772987496014,7.51736204189373,341.187896153529,983.0845765875056,21.98638086569292,11.707641346868275,89,Summer,Shanghai,33.15508846859845,105.92739663092688,Tuesday,2,5,2019,Rain,6,2019-05-01
154.6969721640963,221.61347308330724,22.2916577970293,34.27745134661726,2.7565677585135138,130.5675724968963,28.69962671929305,99.48989954437228,8.65057879058335,177.76229981198173,1040.4659237471865,39.93791972189019,16.590209529365808,174,Winter,Guangzhou,46.447835110207,124.00105394480356,Sunday,15,12,2015,Snow,50,2015-12-01
101.34109628060487,29.819056647651617,75.86735025644374,10.391706217092482,1.0361716431340824,29.43209252624463,-7.447986219761046,99.00511784182416,1.6017363388724717,236.6860820433116,1011.2194089195548,10.901756850979938,19.984931764395387,240,Spring,Beijing,28.381158951096847,104.28765711747076,Sunday,16,1,2022,Snow,59,2022-01-01
40.695789971955925,287.14063224430106,62.7696864106095,9.63562784998762,1.2696960601501228,94.38447340294672,35.03666890193779,68.48564102621226,5.14816946879208,160.12213914305636,991.5964381394368,30.17049597594076,15.192235643289813,473,Winter,Chengdu,41.536273368823686,109.81345375102048,Tuesday,17,6,2023,Cloudy,84,2023-06-01
23.96722944548155,28.87791013245208,13.152182441762116,5.822928675185922,4.948125585515711,81.35302089553572,2.65958902447678,19.51230539853776,5.4506378386098975,107.86654983700188,1032.994138344152,18.14370500775857,5.239579501158063,177,Summer,Chengdu,45.8210274949057,92.70220626441346,Sunday,14,3,2020,Fog,46,2020-03-01
145.26376689800483,274.1776378276643,13.812002040619811,20.95947608959069,0.646660808399173,194.0536521898404,25.79093132422265,76.32319844851294,6.455256895949763,37.45383848105467,1004.5638752649892,26.886561492564717,18.83275889130356,47,Autumn,Shenzhen,21.082270890848758,96.85406962797752,Saturday,7,4,2018,Cloudy,69,2018-04-01
47.02113264993027,44.87133302654911,95.01749712037882,30.63416466956745,2.4406901591435712,197.32336384212644,35.21147211405861,31.471433113702663,4.036911896716084,92.52490438242954,1029.2735242579083,2.614619233274884,4.973717036181943,470,Autumn,Chengdu,42.70208531748504,111.2763007727194,Tuesday,1,7,2020,Snow,73,2020-07-01
140.62368936925316,184.9981407414984,25.901809124811223,30.26977858074307,4.202325328401278,112.567840503824,7.769875325219473,33.08719450954896,0.5657702876293513,342.1045256334712,1038.9495289447466,1.354917352797591,9.25934513896012,30,Spring,Guangzhou,44.29489090333772,116.0111926239022,Sunday,1,9,2016,Snow,36,2016-09-01
10.438389577459215,188.25758825839773,83.11736732314291,12.346612526074855,1.837051361592378,91.8504960423756,34.38320157876629,12.693007918490729,2.619352084424253,208.0612008065019,1005.3026884025044,26.4936291686937,1.8597753917978697,191,Summer,Shenzhen,42.41048367905603,103.85143928899654,Saturday,3,10,2018,Fog,70,2018-10-01
85.1477910651212,259.0249458762958,28.365696247250455,2.733963114523988,2.1108518452480034,113.02383638068878,31.52884699780841,92.43024472283028,3.646784075369232,21.783428722641965,988.9191650880256,42.66037846822245,12.869105357476707,384,Spring,Shenzhen,25.478450444260908,106.96277017856374,Sunday,19,10,2022,Snow,49,2022-10-01
89.8735923766499,72.8068654435775,58.81574853752644,42.31506993295511,4.355337689464418,163.9836183897989,21.626767323298687,89.66640702712773,1.5384689549234254,173.28508832347077,1045.9923510643669,15.37155739984214,16.169005336128365,449,Winter,Beijing,35.47220778122149,104.70385300446134,Wednesday,13,1,2023,Haze,8,2023-01-01
108.43249249586648,160.7977773896883,99.23247235987436,8.729138179597784,4.670909477842128,122.39176710998308,36.37130894118472,71.51711705616508,8.081406248149424,93.31507200841992,1027.0846631044658,21.0133683746826,8.618466401588554,432,Autumn,Beijing,42.23062226162361,93.7563674897257,Tuesday,10,7,2024,Snow,19,2024-07-01
39.17527640863806,77.63069895753424,23.43757755360147,20.834062952713555,2.401251021582768,55.67270946602381,29.668940218822428,86.95709018653295,2.571231115988314,39.71778742184837,1011.1770896962942,17.460072401527576,2.1329853424203997,142,Spring,Shenzhen,31.237222506097403,92.270472150701,Thursday,9,10,2023,Haze,67,2023-10-01
131.88146508260655,25.063459745383728,60.4545674553034,5.879238721000301,2.1464464216793964,18.15468150389043,8.374198711287836,63.13673518033311,8.55733736623705,76.30903749413947,1041.383391767674,2.1334552050256472,4.767738091401332,316,Summer,Shenzhen,28.753315151481782,100.44357600467748,Saturday,10,4,2021,Fog,47,2021-04-01
121.44329093237108,50.46617757828919,99.5646212721244,22.013004176330643,3.5655592805192566,112.58178194471634,31.806327936596706,11.34517566006749,9.396369011462252,110.29586423536452,1046.1357894328717,5.296061013914116,7.563784108667534,218,Autumn,Shanghai,31.1850086993016,125.65528056778908,Thursday,15,5,2015,Clear,4,2015-05-01
215.7694188358313,229.71501893287012,53.20132517678464,38.8550857713584,0.3307657629790124,62.712377876702085,35.78062665911142,14.235521869248652,9.978272800826009,119.84635906572824,1009.7137458311304,14.982503998582924,2.226747986109276,338,Summer,Guangzhou,28.461288352242917,116.35817913312955,Tuesday,9,9,2020,Clear,86,2020-09-01
86.94060158236296,193.5044393032428,49.66786134928882,42.57071853548877,0.736636176792963,139.7801124991689,38.709101995569135,67.79884532575198,5.8241535551621695,23.416715221821693,1010.0137831569692,17.061766145670777,4.465143813239189,328,Winter,Shanghai,28.683374506913005,108.8752727754378,Sunday,13,7,2023,Snow,73,2023-07-01
192.01060831316815,234.7238956534743,56.43619292650599,10.13104270149266,3.078549798566895,81.20965790515649,-2.602435721451071,53.3111983515673,0.0954027856940942,313.7352014479324,1049.8337502266895,12.39485215718276,8.653700007371405,83,Spring,Chengdu,29.35889630570633,129.7226066329216,Saturday,5,3,2017,Cloudy,98,2017-03-01
220.4091772793848,86.3576884354056,58.08248894719142,8.987754057615213,1.5109070817550334,163.31080317986755,30.526040810738827,15.340116279279108,3.898046947892828,318.5170932869757,1014.2761183721276,6.222265456734216,1.4908408306130323,482,Spring,Shanghai,24.260033585785635,126.76902895494862,Friday,12,2,2019,Clear,86,2019-02-01
184.76454810652376,223.0842386152637,12.220998389325056,49.05225997693662,0.8554321842602158,40.217577769443984,33.0377709688449,22.305683249557894,8.120888354092976,282.5708447101387,980.1132652335788,14.130105692721424,16.90037184798658,59,Autumn,Shanghai,30.570018081547914,111.02522205074096,Sunday,14,8,2017,Cloudy,77,2017-08-01
145.90728111927044,59.6721019353214,64.02343427960771,31.88788121708752,1.2068889869453705,69.57959116086361,-9.735076081201193,15.379698251084708,9.606804792509104,140.05720624051227,1017.351395543361,25.43174867963816,19.61039176035671,159,Autumn,Shenzhen,28.18035890746218,110.40995630142136,Tuesday,13,2,2016,Cloudy,18,2016-02-01
204.6779683788137,47.60372039944508,82.97764049731437,47.28963534592496,2.9005737599939114,40.88356187243011,16.237754056614097,87.54890849836494,1.5124473376745873,203.06875341078955,990.85640544179,39.49896945597552,9.561674333121628,38,Spring,Beijing,38.53616912090309,101.07000840848389,Saturday,9,5,2023,Haze,3,2023-05-01
34.61757855802702,20.8113659145115,5.895013735596391,26.540338667887045,3.529282499374084,31.8636573386666,22.79337361931158,55.3056122644607,0.2721284214311514,325.54649433927005,1047.2332384762967,45.9938194131419,15.666087944770435,69,Summer,Shanghai,20.0094463032112,114.36300060915596,Saturday,18,9,2016,Fog,97,2016-09-01
139.62891174494808,135.71895387231314,8.760823764030684,13.270533028053158,2.81724653786346,49.28184037497992,14.78781268134702,59.37028892485968,5.866298241425224,351.8484946742397,1019.0019529033756,10.296854953439372,3.765657330229837,319,Autumn,Shanghai,29.374851728609187,121.9859068777868,Friday,18,6,2022,Snow,1,2022-06-01
65.98585291247136,131.51312298886523,12.464482404183473,23.811085308076557,4.937835747286618,109.12755191903705,28.75654749088853,21.43192869759634,9.5729201930318,173.77138783374036,1001.3447994121112,13.861078404044395,10.873244811077084,314,Summer,Guangzhou,38.18448560220063,112.40483837450198,Friday,8,2,2016,Cloudy,67,2016-02-01
114.9112503349375,222.87324943609423,28.786609727491346,42.63079981133213,0.421426237760593,126.01777475588636,28.30284121152485,55.763177196024905,8.68363474744699,257.68319502078845,1025.469487041794,15.671186537688431,5.3667851441430505,359,Winter,Shenzhen,48.72794160055984,104.45914652111964,Thursday,0,8,2021,Clear,69,2021-08-01
127.86392318655216,163.89239186489093,88.32090977437501,47.131506512668935,3.050903057682331,118.848523898822,2.0549784709404744,20.717420078635303,1.3562489336444827,268.8122322476547,1035.3169795800543,2.505622917691669,19.074115060317677,167,Autumn,Chengdu,42.32346826722579,90.54160829429124,Tuesday,5,4,2024,Fog,63,2024-04-01
223.9619408096315,89.06372847365209,10.886286083416984,12.260233400432757,3.232637100328242,105.26956281344992,27.495309075547603,52.2214299699981,0.274781834008726,95.53629524597244,1020.7201948487248,48.036445973045,12.64536805312148,429,Autumn,Beijing,41.616938881433896,109.63843262706985,Saturday,15,9,2020,Snow,97,2020-09-01
183.3131262127953,44.93986555919477,10.231238996914833,32.1085186465958,2.269474908094793,66.74143833726976,8.219672743759872,50.61890149491317,9.61529568082289,38.49700956488721,1011.3766799560036,6.235832928349211,10.503146830286155,337,Spring,Guangzhou,39.2386297173303,114.81208583133257,Saturday,2,2,2017,Cloudy,35,2017-02-01
232.14038372209808,46.54188436390182,85.17060296058946,4.986913542797814,2.667821367210867,195.9083067686829,14.908916839146922,93.72756776028244,2.82735819000297,87.093483028285,1042.4693521703894,15.21954662839397,8.574570806203788,495,Summer,Shanghai,44.33549693676724,105.06274200302876,Wednesday,3,9,2023,Haze,32,2023-09-01
227.65056498770724,180.0659359096651,43.29191569997588,10.472547489648912,1.314921135042504,157.54119427727306,-9.48858391830065,24.91332710510534,0.1807348332274494,238.2420922110084,1030.186896352605,45.97322250537099,14.16515302895868,480,Autumn,Shanghai,32.77701384235797,114.9001086896224,Sunday,13,3,2017,Cloudy,95,2017-03-01
246.80265778652145,155.17022127059934,73.77092658748676,7.19494986488121,2.960391168885606,76.11735111843316,38.94052924776647,69.54020589461646,5.3544643769512765,180.8395537973791,1006.7196226202516,30.851028138941576,14.245858175936648,461,Spring,Guangzhou,38.32211939865399,129.92199118027628,Sunday,15,12,2023,Clear,56,2023-12-01
210.83800379153436,42.164696863750855,13.343840428514394,42.74996146154887,0.1845654384152897,183.5191727012284,-3.3030971405717944,93.86478413671873,9.204715441015654,19.97759643579753,1012.8673374774296,19.11670207924441,16.724974843887715,124,Winter,Chengdu,31.33572525616624,128.42325655621914,Wednesday,13,2,2021,Fog,64,2021-02-01
164.46158499658165,136.17734267792682,95.95936647126486,33.215570961549034,0.7534244532121624,69.75994942491445,24.693411610000226,24.068827953713424,6.5740854413013485,273.0876125088381,1018.0119634362018,48.17009173186812,13.641454074010516,424,Autumn,Guangzhou,43.80174023896084,107.08626645284548,Thursday,19,10,2022,Snow,54,2022-10-01
218.29379305754335,94.32513045662948,98.20815158127895,10.783753624147728,1.0837577356738364,68.58487396795786,36.47341899868595,39.47565182777194,3.0472570250055284,245.91285615897937,1022.9647211116217,39.22576282461566,2.3936403726432185,24,Winter,Shenzhen,41.3367625370804,120.61244510156774,Thursday,15,4,2016,Haze,92,2016-04-01
27.50794846414289,39.25359798709042,16.251224122153047,3.98347766736022,3.6957376395867474,166.26433297331198,38.63722021260812,36.73409411198794,4.035614312677197,136.43263543138437,993.501090105574,30.534452624760995,4.583220040381284,138,Autumn,Guangzhou,28.860008254040935,120.01810162185224,Saturday,2,4,2017,Haze,37,2017-04-01
123.37983286531455,209.4761360243427,18.22285080447092,34.78589592770785,2.499748124657513,103.52299079710237,6.1910090937790585,98.5748871999782,7.513916308489527,40.05685341400413,1016.4413507680912,41.68412623924093,18.760796057478384,67,Summer,Chengdu,47.50592734723202,90.41895411862605,Wednesday,19,2,2021,Cloudy,4,2021-02-01
112.96189832621876,134.3827867349106,63.969115166667706,49.03704477509304,3.841939405796657,66.44494977635557,0.6550193833042037,20.51359020398774,6.6037050504168615,214.49135244436184,1025.860414800551,14.781005210844084,9.260717622702485,346,Summer,Shenzhen,37.57094628634961,91.87352457577482,Friday,21,5,2019,Haze,34,2019-05-01
54.937971619152506,150.10455683530526,67.03321055988005,18.878933932784044,4.288035033940294,53.01960237429742,13.503670948832994,27.436679574941248,8.08915620673815,46.948275945883,1021.239850117872,40.900713734912046,15.55217468844803,231,Summer,Chengdu,36.263768573423896,94.69946503154034,Thursday,20,9,2022,Rain,12,2022-09-01
69.9694785908726,271.51151345717005,18.47718107389556,9.241620495776967,3.780422553819217,129.52525478674164,-7.454796467710992,53.11194252530166,6.075036917270563,351.0402441531991,1033.7041061220302,34.01911492693625,16.126313726990865,238,Summer,Beijing,32.6676588181845,111.1738541657215,Thursday,8,12,2020,Clear,73,2020-12-01
116.97362952360852,105.60547632733574,62.11698869906776,1.9767041688887328,0.6250547328905166,84.13629682558484,11.367905296171262,74.32618872001171,4.9098889955780765,146.47844660433398,1034.814382109656,33.7057160628594,0.1820268549460112,39,Autumn,Shenzhen,42.83545143437293,94.5204036510962,Thursday,13,12,2024,Cloudy,12,2024-12-01
88.15797014700041,267.45204218853496,30.573891322154253,11.736344725835831,4.354453575128369,42.19702355941355,4.074474822229776,19.537203665883027,2.150307067243717,130.80981030856245,981.375765992326,38.76334376276162,2.4920729328907347,456,Summer,Shenzhen,38.75567720912201,101.20739668624046,Saturday,23,6,2019,Clear,58,2019-06-01
62.23001596691106,275.83128904249713,67.29084476368485,32.57388126894058,2.8794405999725807,73.00231835721459,6.785125900106628,73.64293275875525,5.893321214820608,79.71026206002661,1034.2673707157385,17.76076790846441,1.5086782899120792,150,Summer,Chengdu,45.66996156589147,125.66971760431856,Thursday,8,1,2022,Clear,63,2022-01-01
51.42015496983392,114.73031536317902,84.16133601631921,29.158475041375528,3.268348922628053,22.75616681191784,-9.557295103817406,28.504008313606437,0.8520224258627196,292.63513505648564,1028.292101853895,16.696967602678153,6.685895959013697,101,Summer,Beijing,27.307806437927237,128.82834182999477,Wednesday,9,6,2019,Haze,61,2019-06-01
233.8576223929863,33.17765216159788,90.3859437962011,4.202945570150151,0.9601704157681996,190.51328678551667,4.036014441553263,50.968498354693416,8.608524227994655,211.1184170531244,1014.3296571344844,40.42297867329852,12.179918546860332,388,Winter,Chengdu,47.049775718035306,126.19657125062696,Sunday,8,6,2016,Fog,27,2016-06-01
211.00464309805585,205.78156495236303,29.881603789820865,26.54134951732653,3.8508807527999127,54.178380640347655,19.432734266246875,41.8099783393489,0.2442334252601274,330.0560370180568,1019.3054094903324,38.14289940877765,15.80196653056206,99,Summer,Shanghai,48.75628719342458,102.47817554478186,Thursday,22,3,2017,Haze,88,2017-03-01
141.93610107876938,126.46955919904946,55.9387271882089,49.00889690665808,4.778195150211289,181.8187266867669,8.580919572968163,26.79781292986892,7.703993191513007,234.66472278273028,1014.64495240719,2.709590122119332,0.284631139632292,51,Summer,Chengdu,33.182834661865904,110.42486700730043,Sunday,5,10,2022,Clear,65,2022-10-01
219.25960897485996,152.49903296482324,87.03589028959702,26.73498400401799,3.1754804212706897,28.845296120364356,1.283320355939663,16.28904565523114,1.6460170014628297,242.13436024517787,996.3848225529372,25.66927392230354,7.018426166150351,338,Winter,Chengdu,28.804929499689862,103.3605269168206,Monday,8,11,2022,Haze,42,2022-11-01
247.2849761621585,45.60665663995356,81.81091180016699,19.61937742111288,0.1438685001064198,105.5770380187365,0.4103707274667449,56.45962206947896,7.29788698596681,60.029569323918224,1045.7161394547638,28.604483466361717,15.990708886270257,65,Autumn,Chengdu,24.680499987748004,121.04343559440386,Tuesday,12,3,2019,Fog,64,2019-03-01
167.94617655313186,291.6122815307379,60.97244357638861,6.896169719313534,2.4467866686578965,48.93801416100504,27.07316425656176,99.39476909378163,3.908402656252,77.35063679175008,1038.3002561442252,20.148291328075068,10.637146061848442,302,Spring,Shenzhen,25.731841913507715,97.32417024796158,Monday,11,11,2018,Fog,22,2018-11-01
189.0794415732587,294.54212017072274,35.40990041630981,21.538847114330867,4.841695466788953,67.07067978617232,32.49833926937246,74.28446880999957,0.0571161057532954,347.72143041500834,1003.7802007853066,3.813940612089034,11.64713500167175,126,Summer,Shenzhen,24.914074732337667,128.39741280036796,Tuesday,10,8,2024,Fog,60,2024-08-01
37.572529420064086,55.961067039035086,62.49236258951082,17.776279214754737,4.201264039103626,19.171516206880533,12.092907486122996,61.11591929958946,5.294579517102064,58.777358330655,1032.9785647029864,44.1926438490409,2.253766999814496,240,Winter,Beijing,33.99718546915384,99.68341847000204,Thursday,1,10,2021,Rain,20,2021-10-01
140.72088299280642,102.14564086395764,8.178328776942232,10.43434136245502,1.858462742436444,59.284521170033855,-9.411837699526124,23.24412514503201,3.934788286029504,193.57178858662243,1043.624489627263,22.375195698030964,3.635890243112408,378,Summer,Shanghai,37.04127348874852,125.85059768197362,Thursday,8,4,2024,Haze,82,2024-04-01
120.88655288460258,100.07911173526932,10.548950481214789,4.443316705284476,4.853246380011255,56.98968095489575,27.4910166432569,12.04336740732244,8.507365839215383,107.16208318618028,1029.7405735186408,31.039362622979063,2.0167163911155126,53,Spring,Shanghai,28.350232192118742,104.13464447958236,Monday,22,11,2022,Haze,40,2022-11-01
27.494034504438357,198.5777571481291,52.56622947950305,49.459996714383465,3.2377276552722054,30.805708103428792,-3.838065252100128,89.69842004471839,9.638487749917884,280.60147074974464,989.744332758198,4.668994611827825,0.6089707040677376,89,Autumn,Beijing,32.827015636944594,122.06814919762736,Tuesday,0,5,2019,Snow,12,2019-05-01
66.23796874604658,185.390281119661,88.83546302712209,41.57690056657685,0.3080515970592525,148.78007238004207,8.257300610246169,96.0229950584648,8.262921340742764,337.00965511341576,1022.26990017769,19.30302663978392,5.01161185860262,421,Summer,Beijing,24.236583980850945,110.82827301652785,Tuesday,13,6,2015,Clear,13,2015-06-01
62.85803517430888,298.96033623260723,10.23470224811157,13.941466603703777,4.5501854182459365,14.986132073384155,25.107674779561663,75.56203546819995,9.261730328982054,341.0804207501575,1022.7158409034164,40.50077526766495,8.122944750290438,368,Autumn,Beijing,49.36952402598443,92.4801074462868,Thursday,5,11,2022,Fog,94,2022-11-01
156.1953068471117,101.83469825470848,14.405715064687724,32.16440298759203,4.70103548640907,62.88354331914391,6.384922760250209,73.23905952150116,0.5996477579292969,246.34112607753133,1005.5391327214976,44.23474795200988,16.038481539071547,207,Winter,Chengdu,47.27103267347238,99.13509496308414,Thursday,10,4,2024,Haze,36,2024-04-01
145.8608777048355,294.72276797975,99.35310303804684,1.462686004242015,0.8523027711443111,129.18378306784504,24.390293762744086,85.10908602009047,8.280520069074937,11.614633529851726,1047.573206144831,31.46924901790048,11.2612827101398,466,Summer,Shenzhen,20.916470074394194,115.13108737216396,Sunday,10,12,2015,Cloudy,7,2015-12-01
204.79121416763763,144.17589886733447,90.79998526775368,7.43613523182664,4.694546162326936,158.65991045220773,3.2484839665231675,55.60630585830017,4.914197907335067,52.4444754878834,1027.0060111831067,47.85838240436412,11.709566060029482,207,Autumn,Beijing,41.98688169088739,108.5923069261755,Tuesday,18,9,2016,Cloudy,68,2016-09-01
41.1984627219549,35.265858311769705,67.7308538098188,4.279393480596782,4.264759870734627,56.05543919702807,-2.679610493900433,56.83714852951056,9.786323500172715,58.24349213123435,1002.1410233778712,34.919368378833795,13.631812132890364,125,Winter,Shanghai,37.865857740497496,116.8827799066642,Friday,22,9,2017,Fog,30,2017-09-01
24.709111317272267,186.52323985206291,26.46298032993222,13.168630014932988,3.046228771704744,120.78044951654648,24.46547444207012,91.82442713340932,6.547982459006185,176.52299196014602,1022.829282903912,23.611649788181392,1.8383413406748328,37,Spring,Beijing,24.01237544549621,117.78725462430236,Tuesday,1,5,2022,Snow,52,2022-05-01
69.96187001487473,27.57584980891846,49.21882200369408,47.28884628712634,3.595497757716962,180.41088897972625,9.342596586188886,15.211617552446256,6.2976777735794895,79.84139402886896,996.947204621469,2.623570751669113,5.391823107529584,288,Winter,Beijing,33.018698027031974,105.24305064409975,Saturday,7,3,2023,Rain,7,2023-03-01
233.3554905725834,78.86025980426916,72.52614743926215,9.66695056504921,2.7752313298502136,72.96354825637934,-8.702097063786331,58.792669445357774,1.765804694893145,202.01139741296365,1014.4257434018298,47.38261763396423,11.888743899723154,334,Winter,Shanghai,30.79987155632795,94.87913864437364,Wednesday,9,2,2017,Clear,61,2017-02-01
204.5219818927043,53.388224680191584,88.03195326998072,33.72744026408127,3.387400898509031,91.74383375367633,39.60274586378171,63.792196539975386,3.926673896354248,352.6237696807151,1014.6227077005472,33.028826119702046,16.75652645100965,423,Autumn,Beijing,22.00356947603544,121.88502946236534,Thursday,7,7,2015,Fog,63,2015-07-01
12.22299241599358,270.137114615589,35.87170237333635,22.77194374188085,2.723078528055717,62.78691263751468,-5.2685653285673,29.520390335601636,6.776974859203497,53.141322545730944,986.033186663486,28.03106063393376,13.651885790914864,43,Winter,Shanghai,46.16985680357655,94.39272793853,Saturday,19,9,2015,Snow,32,2015-09-01
167.39487161520674,242.28288902279212,49.37814802575272,29.527773269758445,3.0349742911418667,53.84203016939387,11.915238632094596,67.09363509190388,9.214894517300571,240.03638672613224,1025.862482696738,5.971814557236449,13.947405796379574,70,Winter,Shanghai,28.036847842402075,113.00458481667724,Sunday,16,11,2019,Cloudy,83,2019-11-01
244.49830899991727,259.7699059431606,59.77392503511152,26.638140557729272,2.7247262902751563,168.61249993370745,-7.514696453097905,60.067169553108975,7.659397651354157,156.05914875345647,983.9663595267268,43.32917204154011,4.938668905813407,294,Spring,Shanghai,25.42608800645884,128.33249158176935,Sunday,21,6,2019,Haze,66,2019-06-01
89.75376660779526,200.01894212598455,99.90526002103792,35.95397725629714,1.0545345238148602,59.0741616668356,8.404521802298863,51.62979390083261,1.012803237703518,167.81685679177608,1032.6702013749548,49.2828046289304,7.259701184254439,277,Spring,Shenzhen,20.005033918039835,115.48282907389776,Friday,10,2,2023,Haze,8,2023-02-01
44.72567957218284,120.56349689716173,66.42744150825366,26.57813895314432,3.526593270534394,62.7568689610468,34.683751285005584,10.22788111751501,5.462402058058635,85.02616641270605,1006.1349414989804,24.01476729689319,8.01799041782392,411,Summer,Guangzhou,44.81179641672576,129.5761873620727,Thursday,1,6,2016,Clear,91,2016-06-01
164.46631311258875,261.0472014281107,26.017559284175544,8.571274457719685,4.045083688970629,58.77315866133424,36.65548702288008,54.6783383850506,4.375117191533534,289.8003170631171,1044.1513609010444,8.335666561351513,10.573548790612428,367,Winter,Shanghai,41.74353307550636,107.89480946794257,Tuesday,17,5,2018,Haze,12,2018-05-01
16.216361918596142,219.00435092573449,67.27755449680743,32.74269224834344,0.4767964001590931,111.87556962034157,-5.299144856074508,32.94556622518116,9.761949824848353,104.44415453020976,1001.1725846266128,1.930838740188373,10.667444649035913,159,Winter,Chengdu,30.21992871116897,114.87578883679376,Tuesday,8,12,2021,Rain,11,2021-12-01
142.15290750841615,46.59901612594385,82.70514119648662,6.123161925420158,3.9578713634140574,169.04427513052735,37.04802423610408,21.866060179028217,9.549790927633396,29.59937290410714,995.1912292454662,39.3972106783514,17.600048891815003,203,Winter,Chengdu,38.91828416430472,122.02879144318,Monday,23,10,2022,Clear,24,2022-10-01
142.94252532324495,263.756141732247,55.43066998701922,3.23359731598754,4.103470680165739,165.41887856236997,19.897393871463823,67.10880637566716,2.7314514302723856,272.8794924045165,984.2414466330272,21.368398262679243,1.0038520223286138,84,Summer,Shanghai,25.14497605117689,128.9387274257037,Wednesday,17,10,2015,Clear,48,2015-10-01
227.75026012202548,216.1071548793265,42.28840942141872,29.67325008131745,0.2421464477113775,77.60559542757358,16.99393894517473,99.2496894229194,0.1691607388185534,236.15293674159864,1001.5328805779328,38.08468096783365,9.416418851970098,359,Winter,Guangzhou,38.9062829313981,100.92352655721108,Sunday,11,5,2017,Fog,31,2017-05-01
43.979711670446505,47.06223763855472,48.48525333949767,13.71303046731154,1.7050004476652256,90.88020584763169,21.40672581417085,95.41610590292947,5.511553591025616,80.03757083326774,1008.0713990551338,34.40414914308751,5.929889555549515,204,Winter,Chengdu,40.0617429212197,122.89086668061856,Saturday,10,6,2015,Fog,59,2015-06-01
93.51879390228348,100.81736085528932,10.677011913229268,48.26068099881039,0.8950492520246577,185.5820920767976,4.747850679041152,33.17380011203356,3.934229235240043,113.30774083708772,1036.6018531415464,44.2799605882429,3.076030768358602,366,Autumn,Beijing,25.617416616070383,92.04768002472952,Saturday,13,1,2015,Fog,89,2015-01-01
244.22769547895643,109.78647679814736,78.16099477439265,28.06488874219812,1.1014513741568055,60.954421435612105,24.458753716515886,27.671040779123175,0.7306500367922741,343.8591029034367,1008.2309688046018,28.23865757306634,0.3473689436765372,296,Spring,Guangzhou,35.05234377914727,108.42275849995114,Monday,20,7,2020,Cloudy,11,2020-07-01
33.55554495176618,256.0020377197051,18.096996881296448,43.134013414169466,3.0549175765919654,199.88019873146615,28.340550489294607,46.45077388032765,5.346215976120385,22.450817725650705,1032.820026598066,35.566556970930144,19.02158802035433,385,Winter,Shenzhen,21.278056276931345,97.48894931521544,Wednesday,5,4,2023,Clear,93,2023-04-01
195.45214878415905,134.36221455571211,57.77598519462299,18.920572946499096,2.1991519581593475,168.251740950312,-5.586466019786504,95.88178632169762,6.394818643615707,28.6387052324568,1007.0705316744532,49.37857502917575,13.93905508433664,393,Summer,Chengdu,27.18803636924067,118.76116232610627,Sunday,9,6,2019,Fog,26,2019-06-01
190.11839085300343,58.66140004048112,69.63572107320853,17.968489241482057,0.6686390079876149,46.30493306465368,-9.836103620436155,30.923524505998664,2.342216052854751,211.0485005656412,1043.525479820158,1.284134037060081,16.805534714080668,343,Summer,Shenzhen,38.85264449975148,94.77486081577376,Wednesday,0,6,2015,Cloudy,82,2015-06-01
84.43056734013892,135.38304404400952,65.81066527716305,30.421663225217056,4.646607023917315,117.67406064833284,8.065831483218563,65.60686241836947,6.6829655317955305,82.86856183817095,999.732175471154,3.334710240964717,11.479616235211362,74,Winter,Chengdu,32.9641148763178,110.95280931535302,Wednesday,6,1,2015,Haze,10,2015-01-01
27.493516952815675,190.2125559787481,37.71982470573467,45.795013806703096,1.9103897415111968,169.4527940208939,-9.979085692184588,66.88227957048288,0.6636140666472945,256.629092019072,995.8295641550134,5.976533228207054,5.329094771535127,356,Spring,Shenzhen,27.198141868327674,123.68974939538089,Sunday,22,9,2024,Clear,2,2024-09-01
226.75050977223657,235.5438896253344,91.83892214835832,46.657854876304754,1.9880596477527583,83.34703248922882,-1.1049714653252405,70.06414673924516,4.316591866775431,39.149552542797714,1038.1608181533004,32.01537740786274,2.550307389515298,222,Summer,Guangzhou,31.31776032218949,98.41055830172532,Monday,16,12,2019,Rain,15,2019-12-01
90.77407356008791,195.16754936388887,61.22289841271418,6.230143624841119,1.13903126619611,85.4221028562948,13.345771773440031,46.76836060369625,2.543917503485613,25.06189925820297,1046.6515561152903,37.08508006459839,14.20892780001844,40,Winter,Chengdu,43.23038318736298,112.45462821299373,Monday,18,3,2023,Fog,95,2023-03-01
209.16173968039908,111.03089663608796,95.00449750915392,49.57522035630033,4.9664243180192615,136.09211128258949,27.572324451759783,65.07515525126928,7.370681930187629,235.0061299863887,998.9655663302354,17.64896134547918,7.95911682690768,425,Spring,Shanghai,31.028460154584984,118.10510260238524,Wednesday,5,4,2021,Clear,62,2021-04-01
234.43318706359815,152.26853438351017,53.898887697248696,4.091348058926536,0.6951097389273668,135.59456323852464,35.78368721338175,67.37961886956597,2.202838521577223,64.24806412544136,988.190933493848,38.04279251319278,7.888255337738962,153,Autumn,Guangzhou,49.09434347636824,105.10684151192514,Sunday,3,2,2015,Haze,28,2015-02-01
131.45347802819742,211.80111997437407,83.4686697328834,49.87128530033523,0.1232206492785309,40.6208757627224,15.829508489798371,32.109047577371584,4.723219446133344,277.6601225389388,984.248641026226,37.426315988389504,19.289767931762924,45,Winter,Beijing,27.412568756096004,105.19820929074416,Sunday,12,1,2019,Haze,20,2019-01-01
97.89963947296457,181.26525868260364,46.31006744639274,17.684695510239777,1.6794633635020937,103.86874546755988,29.36647292216363,83.9966998618548,4.140153000654094,202.8110700293299,1042.4287207629586,29.588009181297902,2.9301788404841766,418,Spring,Shenzhen,20.35526544158821,100.27495121254772,Monday,19,3,2021,Fog,69,2021-03-01
132.06946014159325,259.0143775553681,89.44547190146919,27.55621990594636,4.853069304759046,19.472134050809537,28.151073429447045,61.95520010338547,1.6151093470092392,204.0145482345269,1017.9426154443964,30.822866309478265,13.23643163877284,376,Summer,Shenzhen,32.46952493885441,127.63198398137658,Monday,8,2,2015,Fog,83,2015-02-01
120.43077859539922,68.8452108457219,13.691720334257395,48.24345215730264,1.6665448517431616,173.61578336231042,-6.938631192796287,49.942846970061936,0.808510015283701,222.3925489990526,1042.000253939041,38.03708032114656,10.210612471281356,482,Summer,Shenzhen,39.26670882828695,128.03961755079618,Sunday,8,11,2015,Snow,77,2015-11-01
10.713247916138906,214.236900748685,39.33374175259138,8.097416661642,3.5482565452612964,91.42842762872708,7.912234784775666,81.10316584188308,8.169441966579575,327.2748707193923,1030.4299032613671,25.87526135651151,6.77114866846283,60,Spring,Beijing,34.90122768031867,124.4659472638232,Thursday,4,5,2020,Fog,65,2020-05-01
98.8424548345644,33.75710500349656,29.05330617253709,15.5047694976197,4.114132760760495,140.13391172959325,16.950170295331787,29.884154444811887,8.550916036291664,275.49330596001806,1010.0310845580376,40.71283647596574,3.070187970535633,109,Summer,Shanghai,25.366334896792107,95.8814337417954,Monday,5,12,2016,Clear,45,2016-12-01
220.4485566482368,171.8347783735801,35.83249539345974,44.208872689012416,0.7479105038575601,14.587638949738649,36.27455899634091,72.56143940307183,7.339830722580817,272.1379054569254,1023.284942411397,43.72032956079843,1.735067870647827,336,Spring,Chengdu,47.42257639582518,96.86263105837948,Thursday,6,1,2015,Fog,40,2015-01-01
112.48481776579813,106.2993275027032,58.34645679169505,29.478088185662934,3.572811338764347,106.60509375505882,-0.2057934653728139,68.07851186870809,3.916329644451669,48.28221481884312,1010.766410469135,1.7312416769785566,12.91696908911378,358,Summer,Beijing,37.3933701150354,123.81122802657572,Tuesday,9,10,2018,Snow,96,2018-10-01
30.170132348119694,144.71249885562992,96.46836828206894,31.313008058099488,2.3919260584670905,166.864332413153,5.233153229893686,53.425333259131854,1.6565134676738955,137.40524586760017,1023.627887371169,32.664127954185936,17.624168976133667,122,Summer,Chengdu,36.44253627309331,125.68405433696154,Wednesday,12,11,2021,Fog,6,2021-11-01
119.30017428560836,137.47628120200494,12.180708651219806,35.74765823335132,3.5900209207150358,112.42492873297252,31.07520029949876,26.98544106350682,3.3337247290625047,163.12045418378196,1026.4646994709665,23.29818400003299,10.133016542262329,302,Summer,Chengdu,26.34324326070304,116.41387074393973,Wednesday,11,10,2016,Snow,35,2016-10-01
67.29712508802413,180.84704525632088,98.8187029105825,28.33786558725815,1.4227959579373206,198.02345928521692,17.937165124497497,98.00656786314768,3.780832902699648,277.2920340898527,1007.8931321952432,28.48372410077125,14.080468182525816,133,Autumn,Guangzhou,48.28305737334709,112.59322692860437,Tuesday,18,1,2021,Haze,30,2021-01-01
99.26083843070026,131.80882150881928,21.873295903685403,21.972309459625105,3.761159452735904,118.87761919435502,-3.790530880489431,20.41051023364693,1.763793868294109,219.98249437769945,1001.7577304763583,17.833606251204216,14.74316057721782,112,Winter,Guangzhou,49.72296461747978,114.0969864078709,Monday,12,6,2024,Snow,79,2024-06-01
124.75338500126632,177.73225419885964,30.009664438989,36.31052828746943,2.672624041610721,135.65013424281454,18.625297785576524,90.33404378966344,9.60067433826228,213.18600340921705,1000.4524091236,15.781076118174948,19.013973096572958,121,Winter,Guangzhou,39.223723455072566,102.26733571608304,Wednesday,17,8,2024,Snow,16,2024-08-01
184.79903113130013,52.61528579025911,76.89420274313352,16.914915660157895,2.9418296587568444,16.963332873498963,-1.9706180962450648,18.09809709498099,9.38938956071282,6.219948299073921,1048.3530406156915,1.8938575685274408,3.736374200174507,6,Spring,Shenzhen,23.17314789271666,117.81479084225468,Saturday,14,1,2018,Clear,8,2018-01-01
124.7484782664627,177.83781994206558,94.23730932957643,2.1542825256917766,1.783710279438529,112.59773526532037,-7.050904161865742,92.50124319731523,2.568291560458852,355.2021208393255,1033.1436495530252,18.390249071688736,17.1042489116888,484,Summer,Chengdu,41.65868784090539,120.00871265140836,Friday,13,2,2019,Rain,10,2019-02-01
210.72264818698144,188.93802410520263,98.34411242333996,35.56166706717035,3.88532728927044,108.12945533981052,5.970910179854858,41.210701161783646,3.331991254835593,352.471079363855,1009.8983448642556,48.25044554494913,18.031855404035987,422,Winter,Shanghai,36.99521490296578,115.05098258755672,Tuesday,13,1,2021,Clear,90,2021-01-01
203.29353179106693,146.4400435478954,72.58566047359751,13.954162512091743,4.25414708225846,22.441611079921135,31.597827208601597,71.70973508829117,6.454433417609026,78.20336384617025,988.1903924262772,0.0424211682041819,14.776887014677577,154,Winter,Shenzhen,35.00907183176142,115.39220325415852,Tuesday,23,12,2017,Snow,15,2017-12-01
224.602110531776,266.8913343776728,14.049700585927516,22.69012071843085,2.140210554408264,120.55575913277409,36.898433234627504,15.762595744414218,7.0543842188049,141.59202203306987,992.0970546702366,12.44294794419626,7.076874723319151,358,Winter,Shenzhen,30.284976644962867,121.84462769592984,Tuesday,0,10,2019,Clear,63,2019-10-01
33.076401913751255,100.79399358871444,16.035698873627737,32.294658251707546,4.260558551409498,119.73379027337369,18.970444908562055,14.075257531998131,5.111856289804454,353.77649771592536,1037.7502824915332,0.8990210508396046,16.923915200451642,204,Summer,Guangzhou,44.17563414813877,110.79794508137287,Wednesday,18,7,2020,Fog,8,2020-07-01
191.3379385295932,114.68129035327786,73.56157287038621,39.49008950112968,4.450538770700316,19.374832075486136,2.7215001706833366,73.64809655913982,3.183614598414697,281.2292056779225,997.9533595642736,24.909425554476016,5.507470230030052,261,Winter,Shanghai,36.767781926388096,103.96261548983836,Saturday,0,10,2021,Rain,70,2021-10-01
88.10918312828767,133.17672708291855,86.3703082535705,24.071680263988025,2.579970885637903,150.2564831742761,17.49025205951542,12.656399330290608,1.4261100167529428,62.25340257270277,1021.0416698505657,35.39768431241669,18.362600104801487,325,Autumn,Beijing,42.28100707123015,97.20231149804528,Monday,14,10,2020,Fog,33,2020-10-01
55.14788416386463,115.20522572889,35.86695805704767,12.444451795870211,4.941798770223778,170.934923814643,36.21495688544879,53.54979400582725,5.253025987327208,164.1662483826663,1044.269153705474,34.8460061153796,14.452907977170376,486,Spring,Beijing,30.32437445141773,99.20862009396438,Friday,0,11,2023,Cloudy,40,2023-11-01
195.33947985261176,296.556155485356,45.64426084116723,34.53374021374644,1.9523961685678624,92.93086176085043,25.552281886646853,14.798457333601018,9.336707151670163,222.07060807079435,990.597530867495,35.334134026108835,1.1154565792550228,55,Winter,Beijing,49.0998373229165,99.84563744817284,Sunday,0,4,2015,Fog,60,2015-04-01
44.31425464932829,123.45216062714758,98.02994771270096,39.02355410428994,2.765080360899886,88.5000727928354,38.79560991124395,52.025359995494526,8.63176921799375,180.94740492404716,1041.8894300938532,9.226096328835704,4.625511497881785,84,Autumn,Shenzhen,37.87923809091237,102.35797200484956,Tuesday,7,1,2022,Rain,99,2022-01-01
169.20594591036675,122.85931553144545,19.52463778585264,34.87977400782233,0.8811453223151559,112.97502751793026,30.53627021289584,88.60735833144602,7.199065846380135,35.98800086505626,1035.3995951727777,36.47168703190224,10.560942182403718,357,Spring,Shanghai,36.71548253899212,127.9618937424694,Tuesday,0,8,2017,Rain,31,2017-08-01
13.412621461644116,142.38582142484674,7.872405036665385,37.09059487959114,4.636320065476476,134.73282495349892,-6.817842668770765,80.1111889350187,9.35601730472176,114.73028877174042,1022.2638516458964,10.816026102387688,17.302613978533074,467,Winter,Shanghai,44.63200255945863,120.00683098899395,Wednesday,8,4,2018,Cloudy,6,2018-04-01
196.47096915797803,246.16753110833895,91.04113240705256,48.52964145584336,1.56564349769204,40.11880529344311,16.677342152910345,57.096867817426734,5.712160771440964,332.3558598760744,1037.3792667839434,1.6326731984619869,18.75631553953589,155,Autumn,Shanghai,33.859399911984994,91.94936102781232,Thursday,19,4,2019,Rain,41,2019-04-01
43.64365397972671,231.2557816420789,71.96063565235012,5.9240919376921495,4.441279870858757,44.20988632975642,36.69165267623599,66.7295226406655,7.323647072386325,82.42598876558874,1028.3469431409824,0.7044612960206753,3.0670972274494344,128,Summer,Shenzhen,48.15954615033232,106.0764478355812,Wednesday,19,4,2018,Fog,99,2018-04-01
232.0092390615906,79.03358859967469,17.88591978196014,24.820487678355523,2.452901788421708,126.84315662257109,10.690511664462662,16.329884678982907,5.520811976193025,294.0238607938457,1030.2529264125778,36.580947530644174,5.74527338864424,62,Spring,Guangzhou,29.289846090830544,92.82142985179702,Sunday,14,11,2016,Haze,70,2016-11-01
132.85005746294792,202.81351591070543,20.421849621120334,2.848857327772286,3.530783171699474,129.83754799869462,-3.246981132244777,34.59197934891515,4.061937859751654,314.3289143967348,1031.293955062455,15.56151229348472,10.07575238843974,273,Autumn,Shenzhen,47.90518276527391,103.8503369664974,Saturday,3,8,2015,Fog,29,2015-08-01
12.339249683426896,255.7672867934588,70.91734984115118,28.51966186279197,4.511490240536202,29.6880532344337,37.634398964434446,85.47459524781783,3.5613109539484853,123.22748180837384,1007.7889911070398,14.333810749323868,15.782869240674732,410,Summer,Shenzhen,49.11752529326233,122.98115547842664,Saturday,14,11,2022,Fog,31,2022-11-01
32.126748388045485,290.4335993196359,79.09598429539687,46.975379969028246,3.198380007845637,82.03531813658307,19.162829101990734,30.529540450672084,9.625751919314425,261.57663207313215,1030.6114421265493,2.1737380027157527,5.942789062593477,485,Summer,Shenzhen,34.615387220238105,110.53483617892216,Tuesday,14,12,2017,Clear,97,2017-12-01
57.61841076011687,291.65512786481355,79.70240170896145,44.79560563148289,1.138445950297823,90.9537459082101,0.2969130711002616,27.144321470085902,4.863405950961343,302.1672224366044,985.303322309054,24.78156385140261,12.09121999032494,61,Spring,Guangzhou,47.846868369203605,127.22748502371545,Friday,2,6,2016,Rain,10,2016-06-01
21.659019855032085,144.83920116241984,66.86078784067803,1.9555561204352891,1.3086788232474975,196.92285060581605,6.529998880818514,42.80285248532997,6.367274422847563,297.6734942759603,1020.9134783953256,12.357078860465542,5.583380938739278,130,Winter,Beijing,32.0605701450753,93.27250738922518,Sunday,12,4,2018,Snow,48,2018-04-01
25.232149777974875,210.9286167286654,52.92268967107637,41.36819027196631,2.931725475335476,39.49510052884057,6.146429427287838,90.13073752624388,4.971925857643328,285.33943189651893,983.7458930614216,13.089592389310278,10.808469836634748,268,Summer,Beijing,36.19214931993318,117.75483576421496,Friday,12,10,2020,Haze,10,2020-10-01
221.30100612745983,172.4623685646129,17.776678245074315,33.639580827326455,2.671998367355143,177.75260672902806,28.0812520696689,95.09180096991057,3.824774125021034,353.6405626553809,1045.9049899201182,20.186313282392643,16.51165974247803,364,Autumn,Chengdu,36.17254660401846,104.24514103486317,Monday,0,7,2017,Rain,17,2017-07-01
75.58342014350204,198.10352719371213,50.29098155329967,17.946903837330495,2.830800327852485,144.14732468459573,27.222410789715724,68.68021983913076,3.797970099455101,12.482206835652004,1024.269095328049,48.50431520424877,10.657642909492353,196,Winter,Guangzhou,28.86721227995176,107.30822978392828,Thursday,22,1,2022,Fog,78,2022-01-01
53.899693237630245,259.75767555733546,72.17301203085601,23.70275856677025,0.5119362584558242,62.37189861639711,28.97990622551692,59.54573207959351,4.727844220828286,327.3178355953028,982.0854533072288,36.299151580433794,14.231354050712454,332,Winter,Beijing,37.69827951504926,129.03235364324365,Thursday,22,4,2019,Rain,50,2019-04-01
174.0647017251574,40.16626623081997,56.3184195446781,26.51601100314683,4.265111681002387,43.29009925815424,15.778277906910262,12.684724041347735,6.385623281772799,153.73452454290205,1049.743183801509,7.717251915152201,19.965147901082503,329,Winter,Guangzhou,42.82931622401699,98.9331274611192,Sunday,22,10,2022,Clear,54,2022-10-01
110.50607708543238,208.4548985110153,88.36194811852991,13.519870117938767,3.9762011801652064,193.8002508895342,14.11984844759301,72.7152376375274,6.0911116534309855,272.8534457844403,989.3498265248056,46.13715994330567,5.62702714679842,157,Spring,Chengdu,49.005857626041305,99.04882524023232,Friday,21,9,2024,Clear,14,2024-09-01
105.911623698693,156.68861375923328,9.393427792513014,7.888959449766328,3.2387371263473512,191.6225693350461,19.154689850849124,59.74927304490818,6.911416163005786,196.42341162629063,980.2878117017792,36.71937112941554,15.45178670597361,210,Winter,Guangzhou,47.22937606041479,121.22197756246022,Friday,18,2,2018,Clear,97,2018-02-01
56.98768459074368,239.5483213304288,90.81171334349672,37.10381648404918,1.0558045476765807,65.73085959212597,36.43965475125823,65.5002406207494,0.6409741333851127,53.36956709283224,1026.114457671565,32.12512799369872,6.820404478657543,125,Winter,Shenzhen,30.428298488258587,118.33491680005876,Friday,11,12,2015,Clear,3,2015-12-01
134.51188794776124,92.2800839190473,67.27897933297929,46.33056475196126,3.306866947358163,89.49889044176409,-9.490830222229516,74.94577735404576,4.414452000757453,190.79182570594892,1043.470136747408,1.9717909917088936,14.487631912715948,126,Spring,Guangzhou,47.04498590326024,108.93273637198656,Friday,14,9,2018,Haze,7,2018-09-01
166.31908442005505,242.42855538398052,99.62407287556776,37.651468242360025,0.8515426545778116,19.593934041178887,-4.418734714260305,53.62407316249633,6.921774615367454,292.0411980315049,999.0528312972943,12.60985523326148,2.0183168244792897,328,Autumn,Shanghai,20.49368061857949,111.34323774070836,Wednesday,20,4,2022,Snow,40,2022-04-01
223.4456771925275,185.8946562663245,93.6479376148703,9.68314644036743,4.121163994945677,108.16078388751464,20.2971886897757,62.78644498993694,9.490634877847974,277.21276698769253,1011.894828790934,1.6815156560569866,19.010700739014016,227,Spring,Shenzhen,48.39902202341463,122.37133839944346,Monday,15,2,2020,Haze,75,2020-02-01
35.19725877596434,229.82650784551203,56.480610634409686,14.465865507437416,3.086624156900176,50.5142287467986,-2.737563747758756,14.34891337201384,4.381677674136019,297.8852059247133,999.1409227326668,20.927358891772872,11.28173289895322,15,Spring,Shanghai,30.6342469385192,110.32735152791396,Sunday,4,9,2019,Snow,56,2019-09-01
207.34954208224215,194.61933140902224,67.02492232877327,13.439151265787308,4.246633934978122,33.94678380277643,33.938581790490936,85.25828242549078,1.883580356056599,278.30864242808053,1044.6847836671964,19.98237749527038,15.664038621506112,426,Summer,Shenzhen,30.083926190175223,129.7900721886799,Monday,20,10,2017,Haze,59,2017-10-01
230.04453399535407,118.80338635455774,85.07640414019991,14.793729211262818,3.5026949612038223,117.2094339737343,17.63372377371109,11.231386986689134,1.3176682357177838,17.19568609574891,1022.7612454202956,49.32848650394879,5.215784719871116,30,Spring,Beijing,47.42940447797079,102.42439023553398,Tuesday,9,8,2019,Rain,21,2019-08-01
243.74469857113883,243.4979828870219,56.25270696515148,40.38331689301401,3.3303030377865084,137.64508412179333,26.29010242112008,27.2470318829087,5.6069427743631,326.324193062098,1045.1087447069424,26.20778079353844,7.613194438688621,313,Autumn,Shanghai,45.10939892478982,126.87054552380904,Friday,15,11,2024,Snow,36,2024-11-01
101.02601552917812,44.525686648794505,32.767412765867846,2.029737431735668,4.55979968458072,130.82583289003657,38.63157366628773,47.94130612246428,5.98021711989505,312.2083526732705,1010.2923341704234,36.35623756600698,14.74056471388088,274,Autumn,Chengdu,30.95760175149592,113.63101388579342,Tuesday,1,7,2015,Snow,98,2015-07-01
47.09043069517452,244.1689603715461,13.864995604112856,30.30551950175612,2.663607192709141,95.9442480585027,1.5579373281266218,52.13993711890656,4.022415231828927,278.2116965023088,1034.057497369205,7.697845981096507,0.2075090860909668,483,Winter,Beijing,49.595043037811855,93.32771261334298,Thursday,16,3,2021,Cloudy,32,2021-03-01
106.27302067185532,217.46226131358247,49.81010319512338,12.028906320229227,0.5126025145342225,197.83995368605372,25.248195102373195,51.15492101422909,4.985762329576292,123.45282944604546,1024.19809653199,34.78479525663528,12.01096581443851,470,Spring,Shenzhen,25.51797701168077,124.47529430065916,Saturday,10,5,2016,Snow,30,2016-05-01
125.4100878334983,79.61882573077719,59.76876562936207,5.851975799426192,1.67398190860756,165.36284213329995,5.137276114528692,85.99093956338639,1.973885391728013,194.31192669219885,997.0473769813387,12.092497804684532,10.209905299060924,390,Winter,Shanghai,25.858816812750483,120.39337873698736,Tuesday,5,11,2020,Cloudy,91,2020-11-01
215.9225869979641,89.90168741124631,77.48002846147193,23.75745949989745,2.460508769543063,111.47151060139748,-4.849996364108585,40.00067816251624,5.782508327986401,331.11645549070033,1035.0725393299758,26.247467854026542,3.4938421757511287,120,Summer,Chengdu,31.816107595418444,92.35722400319425,Wednesday,5,12,2023,Clear,15,2023-12-01
194.0717618261543,46.64081548949157,81.07976182222987,36.22083702904924,3.285469792808602,113.17987656979632,-5.282219705548238,26.53197291261152,8.49459133889685,224.7782216035372,1009.4489329446347,42.90863562175991,4.954834328807829,419,Summer,Shenzhen,20.519149756063825,111.35402745778572,Tuesday,23,7,2015,Clear,1,2015-07-01
21.108909823731025,96.8322247147977,46.49637567418266,18.31030235374092,3.3752632132197817,157.8741913443721,25.7826936990686,89.79077271945391,3.026547901201954,97.91981898178472,987.1353746823602,36.88424429715339,16.80455644040542,76,Winter,Beijing,35.46834252249627,129.9057356163615,Monday,12,8,2015,Snow,92,2015-08-01
184.73942222464157,208.2301504099095,17.883035809002017,25.40966535185149,0.389874490517616,11.58980564554676,-4.077645443807007,38.72815398332975,8.79284496795632,341.23800301618843,1039.031388065379,43.620360524773616,15.224852948650366,259,Summer,Shenzhen,45.4792567647823,127.55713965925032,Tuesday,12,2,2019,Cloudy,32,2019-02-01
222.03482713002887,38.72836029063992,35.84941215461193,37.857711252988125,1.905038333060786,52.52906610178536,7.535463530374969,62.98333115405474,4.048631775172854,341.3838082931995,1048.8010256852065,32.61283887039363,4.380395530978662,191,Autumn,Guangzhou,37.58384596962114,106.84115736024675,Friday,12,3,2021,Fog,7,2021-03-01
69.1971483251865,195.95243172253305,27.49092798104158,19.117861924756337,4.4894636461914805,150.70802888053572,4.301305673667041,14.856284210954849,1.0951195377562817,314.99447057544,1008.6402975605154,11.83530085204544,17.903155037716992,144,Summer,Chengdu,22.281401552107383,97.9479553548218,Sunday,20,12,2023,Haze,70,2023-12-01
65.67905604698117,228.7729158828876,11.41244243751816,45.62239071529911,2.06677077739574,69.26170001317047,26.508547550937053,83.99416279424462,4.387571274046308,168.47551849900935,1022.250525782682,34.03604006861106,4.334591592581428,209,Summer,Shanghai,38.053714072847015,100.3930574157816,Wednesday,19,6,2016,Cloudy,57,2016-06-01
147.96345622235663,211.46690770912505,57.102004771417946,5.71274275560328,2.5473327265430896,192.7104042598915,20.451034631435306,71.58471130721621,6.173933990271382,16.381477020210973,1004.4904140354658,10.606344799105988,9.264382728740388,36,Winter,Beijing,29.499392676320745,92.29307385008852,Wednesday,17,2,2022,Fog,15,2022-02-01
244.3331497628175,80.47007185283127,10.564171334599015,34.834678651323074,3.98998118593882,181.98440715864723,24.58508601055459,36.00005066797078,2.728220058105111,7.894360988534181,1001.1519376813584,49.00838753977148,9.790638136714264,119,Spring,Guangzhou,48.352470968007054,96.2045819214008,Tuesday,12,2,2023,Clear,75,2023-02-01
42.24956122385598,281.02411378474983,65.23996255069872,22.976965576730024,2.224564869313544,38.29935869197188,13.114148019122675,13.411674787290448,8.650871668020587,177.82075045318427,1027.1093961495037,5.45211641219458,1.388727036611728,33,Spring,Shanghai,38.54581941767488,114.17615813135022,Sunday,9,12,2024,Clear,40,2024-12-01
30.96767627095868,207.6983371516065,86.76417517219451,30.392871584640957,3.914080974959299,122.64359849184088,6.492609055999317,42.79499690245591,7.020271668532567,292.5248176676438,1007.8211501296656,28.56017891855185,15.947260954953586,358,Summer,Shenzhen,44.16781975967152,123.93699066532233,Tuesday,17,2,2016,Clear,67,2016-02-01
86.44565880739124,167.42561993762558,71.76975167648835,40.87287400960004,3.0984801776766244,35.2305689609367,23.02973966684236,27.67579800440792,0.0072924793690731,72.06821409500812,1012.8654175773062,1.935476073489512,17.104214261558585,110,Winter,Chengdu,35.477675464421914,127.07005092696689,Wednesday,20,11,2024,Fog,31,2024-11-01
219.89045528767085,271.5716225391563,11.503176302930044,25.32146670199552,0.4536031486569566,158.37139151357258,37.82617026419981,32.92067916075813,2.412239258966697,260.5132621569823,987.534918869826,17.660406504779225,17.691225142038864,326,Summer,Shanghai,23.4078252248302,102.3365519920022,Saturday,13,9,2023,Snow,72,2023-09-01
39.705208144731486,49.46533044931866,11.628239489202809,7.670390601260208,1.238382807273626,82.89171269039167,19.040428398897244,50.91196832308584,5.920537853812594,343.48856722954474,1026.2927232965458,25.32063054093618,10.698923799695148,421,Spring,Beijing,36.81752994761258,111.90765303525409,Monday,1,6,2021,Haze,74,2021-06-01
182.7744549398896,79.31957430366393,99.97951129085968,1.4187175817980642,0.8047940685496296,26.72055946775383,-1.9815644578535867,24.091574335076096,9.025138423014957,112.29171526818745,998.2557567423488,17.860453175072383,13.97245717828828,11,Winter,Shanghai,24.361918914619856,126.26879278669004,Thursday,22,4,2021,Cloudy,66,2021-04-01
216.04828302245767,110.1537862256707,96.73601958612976,26.010110920765538,2.7265719982682337,151.89678411160193,16.25165405563185,79.25858506087692,5.90330595775233,181.95919533723244,985.6382756254376,17.516484032531928,14.063827784681369,152,Winter,Chengdu,32.72052068998548,117.63246155839944,Wednesday,22,8,2017,Fog,39,2017-08-01
178.36232789636705,168.7307513079242,12.452706800430567,5.522876174678283,0.1715345576759315,131.2242500693199,34.572958921648755,81.03374948985505,1.443142288412027,89.55229403222127,1033.647360162523,43.04182210045924,10.519290740474784,456,Autumn,Shanghai,39.63007447872589,103.3919140477114,Saturday,12,10,2023,Cloudy,1,2023-10-01
174.85700541022402,45.602100275260064,14.516630142132366,35.28447646174439,1.2880376690341762,178.3604474514843,21.57176387801371,29.23037371505793,5.549403363480194,320.22785957049217,1035.0446791871718,21.298431425622866,18.881561410250523,248,Winter,Shanghai,20.90645540094985,96.01023636090378,Sunday,18,11,2023,Fog,72,2023-11-01
124.79438112186092,201.34538446195504,87.22363751497048,35.009522160956855,4.487186809205282,189.1818093782381,29.53393416147925,31.58270999737939,6.486616255960072,258.33591023872765,1004.4510067283444,28.666732065365625,6.127367775034156,142,Winter,Shanghai,35.13639266074037,112.63305510217306,Wednesday,8,4,2024,Cloudy,96,2024-04-01
120.20327751249997,98.66115548600392,83.89825753161347,9.054582532232514,3.1867667874522176,101.43544300637804,32.87573399814277,73.38946217479636,8.63892935907786,25.282468114060475,1015.4211149550572,11.784761126163383,12.371192694336338,250,Spring,Shanghai,41.07801004346255,92.07479061937046,Sunday,3,6,2020,Fog,35,2020-06-01
248.52095575283252,150.61566826540465,90.20433101955088,27.067335573067943,0.926710781952938,178.27179430374952,2.712367245454592,12.477964584029202,1.400777790412664,191.13642606345968,1042.7228947720866,9.428435254791896,6.724411754908272,187,Summer,Shanghai,34.71518116119752,123.02294004234452,Wednesday,23,3,2020,Clear,80,2020-03-01
122.1908427170668,260.78574505132167,21.11576025384284,6.090441314498395,2.3829092754973717,67.67129629667329,28.809270741018068,94.43081814447748,2.059282151220861,22.65465966765539,993.6662704635552,6.800103420197045,10.656794654012833,97,Winter,Guangzhou,43.323240440390336,113.62554178984658,Monday,5,9,2015,Fog,35,2015-09-01
149.84290753143907,29.14051947582945,12.16627975256544,10.442698119810805,4.38716011813597,181.80747667758567,23.44697624611654,81.14605227714083,9.98263467560955,125.7146044468214,1008.4335498033938,31.989358164301517,6.571044764279307,357,Spring,Shanghai,23.92717602106491,128.3800368975315,Wednesday,4,5,2018,Haze,6,2018-05-01
131.88805063616445,137.82563462504817,52.60385938980464,27.20658869701071,4.121489081941438,89.97722286681727,25.610091964839967,25.943940845006445,8.811647291784762,54.08241721055808,1000.2108976140444,5.041120851495129,9.277761760791924,176,Summer,Guangzhou,39.107543862006814,121.44395212112536,Saturday,2,8,2016,Snow,46,2016-08-01
50.91315251800727,146.20140479430535,75.40792237070774,19.4915769812232,2.903286581700796,160.95523022375778,28.832302207712143,57.79153761711958,2.610364406686844,230.669391624423,1048.500181710309,18.372801877237997,10.35573701628094,309,Winter,Shenzhen,32.66643117928755,93.2860751720964,Monday,20,4,2020,Rain,15,2020-04-01
76.7723775968982,38.40908780994695,31.424130826715707,10.072729751562216,3.4348341585481243,64.0052071563262,7.235339379868613,32.53745689701378,0.7198384500945854,305.82686197457,981.6052301133388,23.09100462748915,1.773723412645918,199,Autumn,Shenzhen,20.596259691982187,101.4269224598158,Sunday,0,4,2018,Haze,98,2018-04-01
187.700474868111,102.5047106591346,7.095972177861421,19.981618274450103,3.1410877122842327,14.859245861887224,9.835498384387542,99.25222230064288,5.9119898961129,322.4651142610543,1012.0754913738386,16.81963050073618,12.621472880921097,387,Winter,Chengdu,39.81257045247075,90.08269925049656,Tuesday,19,1,2020,Haze,28,2020-01-01
26.93627953014852,118.18716034814192,91.12190735709996,8.5005712188068,4.409554642273198,52.02440637291985,23.026121980680912,39.20462850083821,7.199107786386976,306.5685338470696,1006.926613039535,39.92067752157509,16.090349036014906,107,Summer,Guangzhou,49.79210488991364,129.89715958976632,Friday,3,5,2019,Snow,95,2019-05-01
73.0316917299973,246.04840065346576,19.538621215314524,15.286580120133449,1.0880120516164975,151.3210364436139,15.027766499635453,47.287453848510346,7.873851707894931,350.8069516926835,1029.7982754568231,42.53144883908272,4.262551668538202,240,Spring,Guangzhou,21.705260827622816,109.13209163262792,Wednesday,22,11,2020,Rain,4,2020-11-01
53.99403511112645,64.34563078862496,55.42285630661739,43.7142407399079,4.618028366496966,62.8586538327636,24.2156482149428,40.5905373475528,6.537326789692238,10.996841403568794,1017.4104673594446,41.33382652636327,6.696074219159386,250,Winter,Shanghai,42.44528006648301,102.8047036533436,Saturday,16,6,2016,Clear,48,2016-06-01
199.5741667037455,44.89230130504425,15.08783218953702,47.52847219962424,1.4226953379043004,69.22279896352497,-6.7810651509835695,82.78257478050257,8.41338725449863,30.56261353379263,986.3610347518796,38.61682241619231,8.373033328984633,419,Winter,Shanghai,21.53076279833293,122.73405906063236,Thursday,15,12,2024,Rain,44,2024-12-01
238.34061095639336,138.40338423160654,20.242781555190533,5.6779359769906765,1.4171584879436585,151.92120921192296,-9.003788483087435,81.20957907669658,9.343922300959424,27.65543390636408,1041.06747029921,11.24883629410367,13.118904726896,392,Summer,Shenzhen,42.59456034007578,119.73758509715694,Friday,8,1,2024,Cloudy,13,2024-01-01
114.46688607259736,51.92790668997034,59.5297589832523,31.301022582475422,0.5687368883030492,109.19763070444375,20.460757899295228,49.43104853217094,1.035952069645938,139.09010639976498,1020.4151125366776,17.897169528659383,14.356438549520112,296,Autumn,Beijing,26.90274324824994,116.40113822633953,Thursday,18,12,2019,Clear,75,2019-12-01
105.97366549489678,255.12521172225547,22.54285631955521,36.690082697291714,1.586105442471257,90.1654313748666,3.637728906398877,16.51692812200733,9.68487024165328,44.356740572817166,1048.485420835156,8.086073959809347,15.83511559755334,312,Summer,Shenzhen,45.82569556586712,108.62977371187957,Saturday,15,3,2015,Fog,12,2015-03-01
73.72054227408704,258.0104441483545,11.990580328837757,11.995589010793742,0.3732905675206238,147.27398309090736,2.7871181777186536,56.0444662643539,8.900551924156819,258.064272448485,1025.5835223781776,16.37377954480283,3.429898271096625,119,Summer,Guangzhou,35.08403570326282,93.2993223032298,Wednesday,14,12,2024,Cloudy,77,2024-12-01
29.40161939427861,250.38751341822896,98.3172871015711,48.194386701251375,3.9360802422607177,100.53234046488244,31.18055769238044,20.86795366677129,2.521741288323799,198.4453523879473,1015.0505665172356,36.09841924438086,5.289457999251821,334,Autumn,Guangzhou,41.53684211353573,99.04035659125984,Saturday,19,12,2024,Snow,40,2024-12-01
197.26699831978004,198.28141015136703,76.48397686911062,8.820276731173145,0.8903534817463726,174.5747664208493,-0.4103973635208113,76.12727597810127,2.521132015064297,78.25570393626671,983.6118529386924,6.015050560425333,6.936864136527525,411,Summer,Guangzhou,20.893621212658832,121.48903472480804,Wednesday,23,9,2016,Snow,72,2016-09-01
232.107156754585,108.10146504433872,62.814754817854514,17.042319923775846,4.523120478459983,35.616834922639164,24.982772463273967,50.34280671995613,9.852935717855155,9.545994286587844,1029.8808312670626,21.360164555800743,13.902197929101456,8,Summer,Beijing,45.314519643616,128.11785051769638,Saturday,16,8,2018,Haze,58,2018-08-01
96.90153902587932,132.5452818694411,86.15634013251533,46.15783434770878,2.9265097248043506,100.47529621642865,32.01117019871415,97.40047771165844,7.424483146806853,345.5568189552771,1017.250980992991,11.030513122823765,5.675541182607774,166,Spring,Beijing,43.7264556547709,125.30960925751532,Wednesday,7,2,2020,Fog,91,2020-02-01
90.75406185493068,128.6745022402622,55.528265558425865,39.915966680932016,0.6653186460207537,88.73880716789496,8.282904428161228,51.113194997013125,0.8908220038886949,262.4415028099315,1019.3743975324516,18.07463771427113,13.846131074201224,314,Summer,Guangzhou,41.21587994924437,120.78555142376972,Friday,0,7,2017,Fog,55,2017-07-01
100.29949330692344,123.95484967530672,11.473460491313968,39.57244766118836,2.019325153697444,49.97049780622441,-8.98868579264724,85.99624201186349,4.013812337037802,305.8334057064146,1003.4372100585996,34.05018492252514,5.072584392005706,321,Summer,Guangzhou,21.666942003627803,97.0841788102414,Monday,18,2,2021,Rain,19,2021-02-01
140.05073857904836,50.90201306574998,32.042776854378246,3.434847063630023,4.1527581199975545,85.65397503608844,31.434369039042345,81.72435992472911,6.915798979135815,208.875747808122,1015.383804315821,26.56133659903532,13.638342189506933,129,Spring,Guangzhou,20.15686466545484,106.71138368888764,Wednesday,18,11,2019,Fog,40,2019-11-01
223.95847808302423,146.9714717693882,12.535294209878554,13.161395464659066,0.1545481675090091,133.71949176158012,0.5797905103210521,33.91044631962328,4.982987041412224,220.5013199805712,1036.2613023129586,19.726153478277222,16.070826100869162,277,Summer,Beijing,25.11181957824525,91.29133889644912,Thursday,10,12,2020,Rain,26,2020-12-01
139.49974124990226,276.27601415340825,20.04181381039489,24.85514066951724,1.1383162321943132,39.3247020298152,6.5568400066273895,38.43496210283288,8.970835084525234,90.79376306669016,983.84764513079,21.447037187357708,16.767540167190578,372,Autumn,Shanghai,41.60622365374687,94.18984997959072,Tuesday,12,9,2020,Cloudy,1,2020-09-01
42.92248339978099,200.9566837829757,64.44895857001852,34.40321536993949,4.444718372070653,176.58220411823808,8.950825249432608,49.50056072459761,4.2540456441372045,298.66038529920394,1016.0248635753086,32.613414948521246,12.464940486437689,426,Autumn,Beijing,30.63490375963645,122.7207500609054,Tuesday,0,1,2019,Haze,19,2019-01-01
81.2019153366557,29.8042976182302,44.54414403183789,49.3905629655638,1.5962452338860895,33.43843220326126,26.082051998752384,26.156019954873848,3.65138870409489,258.5389718456952,998.7931212056808,46.75805174688376,9.435232493791776,447,Summer,Chengdu,39.00706102003768,104.17082812738448,Sunday,20,12,2022,Fog,55,2022-12-01
249.0542538343563,121.0758967782348,39.67976356120422,32.30867108838804,4.372473859653156,74.59801084373902,-5.673103953309996,27.895837021530912,4.546932658648734,207.51471708030925,1031.7196649839857,4.728834041824115,8.15050914659238,401,Summer,Shenzhen,38.883425763950925,124.6007409267778,Friday,23,12,2020,Snow,2,2020-12-01
143.62655323146626,213.25791930673824,89.52098117622312,23.06884053577045,2.6581539178107434,117.60668689932916,9.774738353517002,23.439891958862773,7.779908432404063,347.8761600470569,982.977676634515,41.43496892478641,13.76977345681997,335,Spring,Shanghai,37.7509692525298,99.3923682373292,Wednesday,8,4,2020,Rain,34,2020-04-01
138.97979169743735,245.67943653935757,33.694118385474496,9.7264864216756,0.6907975359100705,46.75885497893743,32.360607865369346,81.50347769710996,9.921082663582414,21.718537658301837,1018.4979463693088,29.050674358909827,3.1346452669970533,108,Summer,Shenzhen,22.92862670847645,103.41929890722156,Tuesday,20,3,2015,Snow,32,2015-03-01
23.3265448446598,297.1157615349571,28.25398801103775,39.2449814294717,0.737815862351395,92.3748341049615,30.97193151472687,54.72302795759598,9.920535117091234,180.9903661380293,1022.1305551903586,46.93801225401247,4.6189124362692935,263,Summer,Beijing,41.17358054153588,120.363395396627,Friday,1,5,2023,Rain,2,2023-05-01
76.56591220887657,113.16125075795205,37.85112896352054,4.490566734317236,4.560255895127711,179.7567251316975,31.288875787246155,14.138276881586709,2.770703475406806,37.56603572596792,1027.954837313316,40.102247174733336,12.288374176941206,147,Winter,Guangzhou,31.52551772319557,93.01001970225347,Sunday,20,9,2018,Haze,79,2018-09-01
75.29327770770874,220.6635749644257,76.91194317464209,43.06568806850572,4.962834645673916,89.42954112714901,22.16698051257752,12.01966815799592,3.718994855757086,264.695298465764,1001.1618826832414,37.99323458803625,11.555511064385549,296,Spring,Shanghai,43.06511323224295,119.23360164776294,Sunday,20,9,2021,Clear,93,2021-09-01
151.81493955965058,64.20748813329821,89.04971901343797,17.181500014200235,4.922839886824439,145.1776434186812,37.32200271810432,25.192298134160865,0.7258569284344185,180.08219349177494,999.917359114487,34.94917789341181,3.129248849317107,155,Spring,Beijing,45.03231758563118,118.49765514814872,Friday,1,1,2024,Snow,22,2024-01-01
202.44061810038,67.64510731515385,50.607261399537705,7.0243378792023545,1.4806797995049057,166.1402844542964,9.682586248120042,39.9627631437272,8.281981770305494,151.4142969675811,1030.4360454540983,30.753800332790743,5.466484582520045,119,Spring,Guangzhou,42.89849555283144,106.1332216498057,Tuesday,14,2,2023,Haze,24,2023-02-01
175.81025819799592,255.16913489672552,60.62582298479814,24.875299115290343,3.364423999292089,149.13171221394887,22.24770080111197,82.58168004644061,7.942792057085075,42.27148202518775,1000.3089374647684,36.299008652051576,5.466057376091897,467,Autumn,Shenzhen,26.13210352146657,126.63941857414189,Sunday,2,7,2018,Fog,58,2018-07-01
116.38446857613064,212.4915727000955,41.77286345860722,34.2147695323618,0.5045383241214462,58.64788427692467,14.59411414042535,55.25900909697541,3.202202665548662,164.03738558795098,1032.7513681076305,43.92647993629146,19.16748090301681,422,Spring,Chengdu,27.09865191509351,114.57485984323236,Sunday,10,12,2024,Rain,18,2024-12-01
178.1257293674222,59.922190925691616,53.05887510294495,1.7754316071566991,2.347150563663847,48.72097649819473,0.0035450376289141,90.12148842687142,6.129417699647925,107.47017547333124,1003.468906990806,43.59799550812582,14.502144814078854,248,Summer,Chengdu,21.342140022913977,102.86083639383854,Thursday,17,1,2018,Snow,10,2018-01-01
144.0449797800225,141.62714646850208,55.26032306971449,29.92253092665777,4.160347780805104,150.0686202112773,3.062600728643014,78.1226952780047,5.20583208069315,80.65553866593154,1019.19538464843,2.3440991957986936,6.522358026092488,459,Autumn,Beijing,46.5819316793862,104.01437372363908,Monday,0,4,2017,Fog,32,2017-04-01
178.496199122143,257.62254798410106,38.57983099865524,27.29884325040349,3.270854484532133,17.730962420379583,-4.25724391763482,63.80527612794783,6.643924658486837,134.54524533728343,992.4228529217957,11.593403632781971,17.31709902125262,451,Spring,Guangzhou,49.83359431674212,117.90387751648396,Saturday,18,10,2023,Cloudy,12,2023-10-01
40.55036592724925,21.766621851904908,96.54828614709136,5.398987535153523,4.475377247104164,94.59167345620808,23.719218562790623,31.120147218531788,6.63831806961333,129.1338638192572,1034.8934016850317,16.591477344965334,9.703138175217829,114,Spring,Beijing,43.34727830364169,96.51734932238696,Wednesday,23,8,2019,Fog,97,2019-08-01
239.1942860147351,277.58102973164665,98.18744427804992,15.100518245387551,4.499226747764641,26.4637002994644,31.819653593701844,11.537163822708386,2.965591878727065,138.86545058010137,1027.6691401051462,0.8499830749635895,3.865306146726424,358,Spring,Beijing,28.01984250834026,117.53958626518352,Wednesday,23,12,2015,Snow,96,2015-12-01
216.5969174507187,289.770894452239,9.942406914172867,2.8418979305822587,2.3203706907760697,171.6970193466717,29.8921707050896,85.7858703627221,9.68392487553922,328.5912161691906,1022.624713505899,44.8966153090533,11.837607044353152,376,Summer,Chengdu,47.64471511990342,129.68044930609364,Saturday,4,11,2016,Cloudy,78,2016-11-01
188.50288159089155,65.51050655723634,63.117890595690255,6.290747889371693,2.54753637803502,168.46069029143572,-6.896618234987553,53.07399483835646,6.614505837397743,249.33746428420025,1007.1893491500924,16.232706408220622,16.54212372004799,48,Summer,Chengdu,42.12696824672516,90.05031245257355,Wednesday,13,10,2017,Fog,51,2017-10-01
143.07526073616737,186.9935080159704,51.41331884953461,33.61557231590496,2.286654321355398,185.4122134378673,14.537128965196104,37.96371810638399,0.1132360884124916,189.70700898569237,1003.317707002427,25.67523478366433,0.6303170204936586,14,Winter,Shenzhen,31.10203731015624,105.79732807108992,Saturday,10,6,2023,Snow,99,2023-06-01
158.4490659335314,56.877792333820665,32.76928791897108,14.407101392953225,4.0853796397160265,101.09632865193468,35.96338856417667,22.61318427292283,1.5751420937424077,59.79252470134831,986.5404920561272,49.47949862842053,9.13956347436623,113,Winter,Shanghai,26.250095542134723,105.27791384107546,Friday,8,10,2015,Cloudy,31,2015-10-01
163.6937770043772,240.44269527848675,7.759182173866206,23.210524110427517,4.8439623880063305,185.7209925456056,-7.337024677090456,16.668929220883427,1.920151366408629,178.12492605035382,998.0287096156952,28.09326368513066,9.860296734758458,316,Winter,Shenzhen,48.64484524835191,128.03303318782037,Sunday,0,5,2023,Haze,74,2023-05-01
121.46404777791504,251.2572949182658,88.5004474613247,3.762127340142528,0.1385003193700247,85.83569243539694,-7.405965749287649,55.23446129154553,9.915599701261744,88.90623225793858,1010.357490849642,42.81964391407449,1.6216112044062263,467,Spring,Chengdu,24.229258197703132,126.51419773959871,Tuesday,20,4,2023,Rain,24,2023-04-01
91.92805608263296,292.2609143742971,32.22490125353435,28.1890681926326,2.549715810816122,47.31152018687076,-7.718693796059563,77.60107622583133,1.1466181691597432,176.34431691480128,1010.3848018509678,30.05838145998115,8.85985117106349,106,Winter,Chengdu,45.386475724022816,100.11247787948378,Thursday,10,12,2020,Fog,22,2020-12-01
245.6667317404752,86.87160892983053,94.06718927875588,2.095464733292695,2.1164474443159995,115.5733046084058,18.98402427951031,87.2645057790988,9.25500658426458,91.8926090065299,1036.3251763968492,49.58934940019283,11.180131787899388,428,Winter,Chengdu,32.03800282988892,98.2595914670541,Monday,17,10,2020,Fog,21,2020-10-01
128.5075941695347,153.55418489317867,79.73756649744794,17.20727119876627,1.648291640019644,10.099367641761422,0.4447248716827872,23.95065751255316,0.6808049348908074,184.43303443579464,1042.1878865522997,20.904837731249188,6.599032683501206,78,Summer,Guangzhou,38.19920128727525,93.02570769941872,Tuesday,15,5,2021,Cloudy,92,2021-05-01
100.3307733298166,225.48927397986225,30.59354910692404,46.903062440161165,3.258465848464858,107.90331663929064,5.078784384287275,81.60248577920191,3.606121744577946,172.65867674683443,1045.6645218916003,34.93601282094676,4.3417668430700935,332,Spring,Chengdu,45.20898559413414,103.47936847199357,Saturday,3,3,2016,Snow,48,2016-03-01
193.2898642141144,72.44258573021985,16.161451349216698,21.810287364248374,4.76823606081962,48.88691587508463,19.947944893993096,13.798370739555686,1.6496918630194723,325.7826266306496,1014.45387857884,32.613003879491096,12.109526497601385,441,Winter,Chengdu,28.280824377118137,115.74826646697356,Wednesday,4,8,2021,Snow,69,2021-08-01
239.4597601102977,32.261023901353894,61.90850740714151,40.76117605786997,2.2668059674457,132.94442657389314,39.35096732832768,11.322028249643642,0.5947580415739084,216.0732161200996,1008.2997421895172,12.958993437753277,17.196410605662994,341,Winter,Chengdu,30.201828026990107,96.57738725787098,Friday,17,2,2024,Fog,75,2024-02-01
60.80191392544258,49.92358118614688,44.32582664910844,4.084189092400749,1.6431737744745876,156.6411564838261,27.9897644674226,37.06455811145669,6.444935763886624,213.18119539282648,988.770872908472,39.86088048557462,6.1009776505801865,428,Winter,Chengdu,38.09548793732627,123.06530515525478,Tuesday,4,1,2022,Rain,30,2022-01-01
217.48425016509756,168.8249175536078,34.96178293850438,46.13332167905138,1.9335062088835409,77.67262442612636,2.8766908091304373,18.611554954671885,6.504859372907621,178.36928668436025,993.2394374407722,30.46542491880079,14.280013867641424,8,Winter,Beijing,28.62744041900348,127.32291519773084,Tuesday,7,4,2023,Clear,66,2023-04-01
190.0813809059805,70.38751149215747,25.17810831080276,5.376765668426411,2.6220031043346026,123.9835187881668,7.970003964674564,29.322953551787403,1.9903672264849812,349.19090107574823,1013.2985053465192,4.720751915739813,18.41830811310368,150,Autumn,Chengdu,28.095635546089483,99.4499233393922,Saturday,9,6,2015,Fog,99,2015-06-01
33.79571287357328,93.93703869317658,36.848169140049066,31.968119798561247,1.6529616447237026,92.75636798382324,-0.4000023646627078,75.25728174555161,7.93030173449715,310.36734713355986,1009.6589011937576,18.74926270382093,10.758090407118388,127,Autumn,Beijing,41.41597619282352,110.33534019935648,Monday,19,2,2021,Snow,15,2021-02-01
159.04065595915048,90.71168549404304,34.2663845877118,14.467683546881482,3.367773514619842,181.11872066231945,31.500397164570337,20.205438370755324,1.6796973123747738,54.97272230194236,1019.0865371452484,34.65494157533292,14.929772643828075,427,Autumn,Beijing,41.56526314717962,114.45286716438758,Thursday,6,5,2023,Rain,49,2023-05-01
180.55204594181092,114.68794283325936,28.77631259646201,10.927965119131152,2.7796765468098577,100.2771652543808,-0.6543196290407582,56.27345076903728,9.918330114800291,352.3267105549762,988.640821656717,31.638106193518578,10.47059935455274,186,Summer,Shanghai,40.243818124691614,118.7467153529942,Sunday,0,9,2017,Snow,83,2017-09-01
234.13774816495527,110.08732149619276,24.98995636229871,5.551507500763626,0.5019466997347771,77.67779489825219,0.1482501579000015,56.973003925070735,8.706785090152463,89.17662478953703,998.6721971709914,16.173906767950125,19.22639504463904,123,Summer,Shanghai,20.982183695158536,92.49820203243584,Tuesday,8,12,2019,Rain,67,2019-12-01
16.625365124012433,214.3331229638085,5.357793288752905,16.343774771202895,2.8556042149507976,122.3095883483538,23.06853328907203,91.83290872909733,3.4460563872246395,170.47798808622613,1042.966920788552,16.372356383925474,6.743068915965121,229,Autumn,Beijing,46.24070968650376,104.15809478902597,Thursday,19,6,2022,Cloudy,42,2022-06-01
99.97196942200112,80.29038026239022,40.68423894871175,15.381882558190815,3.2867125376193496,155.24267699016735,2.5822134526504588,30.65808998962525,1.7642959878150066,71.27909820825347,1047.2614659308642,0.1565188548649065,8.926670101578823,395,Summer,Guangzhou,43.78193333979719,97.70818538330664,Sunday,7,11,2020,Rain,60,2020-11-01
140.74834424963365,145.42888805334636,40.18301400956213,33.51072173218228,4.014960096861421,138.60145068692682,4.873277522421418,55.20191870299553,4.045262046214307,264.9198272072761,1011.8187788828574,7.318100405352817,6.051221395301394,286,Spring,Chengdu,22.329665006592982,123.3043613566176,Saturday,2,3,2018,Snow,44,2018-03-01
215.81186086260152,34.68978203281154,6.293451060812939,47.38183094095666,1.8838448083466397,188.9743815598004,22.744774464066133,55.90846220975148,4.093624225939676,40.73623188294625,998.9903440134634,44.32286539854925,6.089620778814877,100,Autumn,Shenzhen,33.56725082077698,97.13854193933572,Sunday,5,9,2018,Rain,42,2018-09-01
121.92545306018006,222.05260664674452,84.42711835866157,46.77427825205335,2.007275169652788,47.08563108302404,18.034987486321107,25.350260938049807,4.88646652574152,161.5085034259587,1007.8842207518188,17.203000033841416,17.00514280227756,369,Spring,Chengdu,37.804488743911065,112.81314246651336,Friday,14,2,2015,Snow,31,2015-02-01
39.69960736546667,169.84240253729112,52.9121186728508,21.187650058883555,1.6830982189445458,93.2924521175811,13.819849849730542,30.325843126480173,9.089757178172018,69.68857565800305,981.0076676644192,46.550950479020806,4.511107646266974,198,Winter,Chengdu,46.32225040854821,95.09117467228,Monday,19,2,2022,Fog,25,2022-02-01
101.09057704550074,85.15279991350769,54.86779541507595,11.598910189685554,3.389058341432437,143.2968198677604,7.072236822032433,38.39545584816176,8.825188821030787,289.5492172598656,1008.3762189142936,2.8945586558769945,2.234820949784297,421,Spring,Beijing,35.62936303864157,106.94920548620463,Wednesday,5,11,2015,Clear,28,2015-11-01
117.5355770175701,279.6964615951788,98.90157953857464,14.822886456278251,1.235869130196238,122.95680637885954,-4.378775044367513,41.54485382323572,6.586847821962908,311.4218413913861,984.160514207928,0.6343880380549893,17.982971290630633,320,Autumn,Beijing,28.36611828833535,101.86900907818044,Monday,19,9,2024,Rain,36,2024-09-01
249.22012297098436,235.47382518767031,12.522819094286584,29.15612120742876,2.708556114906537,166.98701885019565,15.321179199146222,55.89613763978372,3.600590950731765,27.57325515167549,1002.301379633546,5.250087807273052,19.209716973322404,17,Winter,Chengdu,49.30723209513807,111.88803895098164,Tuesday,20,2,2019,Rain,36,2019-02-01
39.83040319197144,133.15422632995845,53.11903530447277,34.20281586259758,4.039857023403076,124.8269077346852,36.442039746035405,83.08886668082461,5.811291395537324,69.48212420958689,1033.6137121399397,24.25728162956989,3.054812551743192,74,Spring,Chengdu,42.514785965826434,96.24205030847152,Wednesday,18,2,2020,Rain,11,2020-02-01
28.213963185426376,181.6515621677687,17.677362834614097,25.42356907965816,2.024574709547202,45.57482627510136,23.035055390093547,51.37527091080179,0.5823770734767186,294.45997418843626,982.7373638093076,42.68537366054942,3.1619253896170663,28,Summer,Shenzhen,27.376820692062143,114.26848345766044,Friday,9,1,2019,Haze,65,2019-01-01
111.65931926457736,275.44228192902665,23.17980263816617,33.12805944588584,1.83968859684978,82.98386068007493,39.26923076289004,75.05558420324347,8.22523523579536,215.59568345285516,1009.4427197882054,21.857626478223874,14.610403984467832,326,Autumn,Shenzhen,46.38872930243272,115.8284250109796,Thursday,23,1,2018,Haze,25,2018-01-01
165.64194610214216,296.19990392944874,72.70536146063527,45.81165553930724,3.616041943860451,43.122816669516,3.205675804664857,89.4648956951173,8.943073967982407,311.91198299837856,1024.063756661948,2.9808961577958923,7.696026683385251,227,Autumn,Chengdu,44.88011811494614,116.28051130080998,Saturday,2,6,2017,Haze,33,2017-06-01
175.6377830371206,68.81794642922608,18.449417038366988,34.606930985687065,0.3375978521052073,186.2497730080826,16.28941457015977,72.28416150746287,8.811973627726857,75.08924123245241,1009.1803634346668,30.50983254293693,5.280207459841241,443,Winter,Shanghai,31.38900251158488,90.36139755154646,Thursday,5,8,2019,Haze,54,2019-08-01
15.010773640517217,94.33658453328144,50.68145320630935,9.986994778209066,0.1077319683860634,128.28561717166653,32.8995574843597,14.892992417644008,1.373915068863818,258.7212861288353,1042.2051403126115,46.48018629555029,9.87723195058696,369,Autumn,Beijing,32.04675700633678,102.61284419724672,Sunday,22,6,2023,Snow,79,2023-06-01
168.92995890380843,47.36947680142555,49.46640483692435,1.5171678011581533,4.024580328762967,118.47585338064306,1.0918064442536153,31.410678940898983,3.30240101357231,123.51721749818246,997.6628819522722,49.234179528206354,0.8867425889456598,287,Summer,Beijing,42.048819948693165,94.98776209005688,Monday,17,4,2021,Haze,33,2021-04-01
98.99310793657328,52.54347194671277,94.53926081076456,17.597292707182266,0.837233773435948,12.557043674221102,29.68950181418731,53.10121167650625,3.606859755760805,91.3124258545884,981.9087581684356,15.72194654217035,1.9852362120807745,57,Spring,Shenzhen,40.40310228965794,111.46843711903443,Sunday,5,12,2022,Cloudy,34,2022-12-01
144.91120343363485,224.7561813670858,91.07793665169991,13.894368713196076,2.785426267502684,161.13772715428917,0.5830251766854566,75.21538201914905,6.557951539246973,357.3030168884878,1028.5602874849055,19.50493721296917,14.81863589884881,58,Winter,Chengdu,24.861597170468293,116.94171728653652,Friday,10,6,2018,Clear,52,2018-06-01
70.64564224101068,221.5796154138768,36.94013637500147,28.47101469962742,0.7903424227707957,52.96640101291258,16.729442764332596,72.60715848702543,7.09082198034134,217.09492476756824,1009.6525811042007,31.55684441103887,15.597329317238058,426,Summer,Beijing,22.543757318852077,108.38309074016274,Tuesday,1,12,2019,Cloudy,7,2019-12-01
19.09414017297304,294.6350389012962,91.6014684307346,42.68574565266318,4.435434652740307,90.78923207868844,20.62576655233296,23.57641227202399,3.1946164153213097,12.142712361911387,1033.6379869214763,29.504775746341856,19.12404221842019,126,Spring,Beijing,40.76858209349381,125.8194056891462,Saturday,6,2,2022,Cloudy,76,2022-02-01
24.010406410369427,71.12746871524469,26.031746539667147,33.435382658588026,1.8207127143720947,70.05744192966112,16.813713855325048,70.10302199608502,0.6088923237007626,201.44604395820912,1037.683422585882,2.541311247443984,9.51172809337368,109,Autumn,Chengdu,45.93678441305696,122.19321210796456,Saturday,17,1,2018,Clear,92,2018-01-01
171.2834701413378,285.8795613013258,96.13078650614872,46.517295694763625,4.302431493545669,29.725497830023627,15.114073781074342,65.18471836895591,7.148870599398912,340.7423291636683,988.930066258033,41.39952795199812,5.712789056472109,392,Spring,Beijing,42.5675929109009,90.69041363123424,Tuesday,18,5,2022,Clear,83,2022-05-01
149.4494328379153,112.31928580406554,8.798828510264833,24.908313977247214,3.0627473272954133,12.14793354602391,27.26517883130525,20.50194816016617,2.8897386700933403,325.80582440538114,1033.3841465161872,24.892335798045973,2.452852396726459,4,Autumn,Shanghai,21.68120495024718,129.78496327596935,Friday,3,1,2018,Cloudy,29,2018-01-01
79.09707839837954,261.0784716880611,28.072900906104245,42.550869001034926,0.5950871353179357,191.5218428873603,15.074576498627284,72.08123524936775,1.0437102715290558,189.5205874981721,1028.8960624932497,39.79025216850398,0.8415726669747892,17,Summer,Chengdu,36.86669592969464,117.2946658148072,Saturday,5,1,2018,Snow,56,2018-01-01
80.37060414721371,200.4469840824114,59.711358151760905,26.131993074431225,4.480258368263893,167.41259678250165,-7.218824436606233,47.42391348395614,4.189085872542037,323.6172796439272,1035.7007363053713,40.22551606493404,10.43847035577339,10,Summer,Chengdu,34.46771803505171,97.69706039823336,Monday,1,11,2024,Rain,67,2024-11-01
108.22859872999048,243.70687145271276,66.82165530162301,12.559176700094117,1.394887042987737,179.35404643476116,-6.261730061832212,51.39010690859858,6.254146804479404,198.99156590878357,1012.4270748061292,37.3360974720575,11.841018532132583,8,Summer,Chengdu,31.687379750879536,104.9073172973918,Thursday,21,6,2019,Clear,17,2019-06-01
125.66179435944646,265.91796459470163,27.726337937353662,49.15615431912295,3.4260793902003623,176.36737003794744,-8.726187731194088,86.08124750665684,1.3198594080191195,326.3035211768336,1047.337180534337,39.12018479630838,19.30611784931474,420,Winter,Beijing,22.048079002907667,100.0283929504661,Tuesday,10,11,2023,Snow,65,2023-11-01
168.79211603019357,202.92003045442087,68.00133995634934,48.45919062145312,3.786995181326361,98.007090650582,1.1011243258021537,84.83120355581504,1.2208753041808096,330.3705916389188,1038.471636942189,1.575633400743326,16.47979691187716,346,Winter,Chengdu,47.701456270311326,109.767419060745,Friday,21,6,2016,Fog,55,2016-06-01
184.32225871094835,61.57812824796208,70.26054292742265,1.6170385399601166,0.1406504378640055,175.63714765538734,23.389664651978656,40.57758110068207,2.617602471624493,147.00001502542895,1034.238612795893,24.793455318978523,4.52786570743179,408,Winter,Shanghai,28.080181198085736,126.64528523518688,Monday,10,4,2016,Cloudy,71,2016-04-01
147.55454792498222,211.33115016599768,95.86469096941178,35.08582872085282,1.0890952589398173,132.4466394368315,39.56864438282005,63.4436353810624,3.008225571380168,45.72805715552592,996.5364557408142,18.08080292505699,13.886956294688398,51,Winter,Chengdu,44.59082635171769,105.2562243200669,Thursday,9,9,2018,Snow,69,2018-09-01
43.43057609801727,71.70266239182742,82.27828168701654,34.63719588788722,1.9339650897639733,142.18344824872074,24.739997262509,71.21319603198583,1.8052891830463504,119.69700400470528,1001.5019000456092,15.345435560263192,9.76318582913386,329,Autumn,Chengdu,49.50614111101197,119.92356855567238,Tuesday,21,5,2021,Haze,91,2021-05-01
231.48005935186995,127.54104874690849,8.261276049529386,39.42948070331081,1.1614396109323477,186.01219513470508,38.3386570389188,43.87054103292556,5.989570385814895,151.11733534848022,998.1920728609064,40.60477044073811,11.466516610690622,234,Autumn,Beijing,41.67865577247815,99.45215224096312,Wednesday,6,3,2023,Snow,84,2023-03-01
213.5189573481726,274.361254808714,97.76771533052758,43.23315752497289,0.3754093657594666,177.662011292501,27.449557995875693,52.24581900719309,6.286329881688606,126.40251786629176,1046.5086585152123,42.67608307633145,7.655071243076323,388,Winter,Shanghai,48.58607820033697,94.96538468725429,Friday,10,1,2020,Haze,96,2020-01-01
30.771509033921863,81.2264986749859,70.25640151921958,43.16122333140973,2.4413808112340565,134.38327747028688,0.520925770431699,98.50101038503256,7.921313416212631,307.62713526649173,993.8553482551936,4.197947394741525,0.4336111657423107,496,Spring,Guangzhou,30.59010135584705,127.98807497215137,Monday,5,1,2020,Haze,56,2020-01-01
198.7643145698499,51.14440855412532,39.14738434796491,4.527729740321599,0.561541552542754,30.805217893787148,29.59356926410632,13.48103862448851,3.604965562104061,15.837466316043171,1015.0910505401986,29.41896755486407,4.371996547505297,424,Spring,Guangzhou,44.38732207615671,113.32387721724244,Tuesday,9,4,2017,Clear,48,2017-04-01
201.6719025001505,230.85001851577613,86.6839419716254,20.272411172269187,2.702219429882203,196.7544819706345,30.376301664846387,65.59630778525815,5.512960384671207,350.4924013282937,1046.8533419260496,28.961693195965157,8.111043390635869,123,Winter,Shanghai,31.660306830961225,116.68403839262449,Friday,1,2,2017,Haze,52,2017-02-01
61.84843278668357,254.46291122156288,96.01538527410943,35.621726478587256,4.612848135291199,105.68205211827735,34.99636146967656,68.93308918186838,5.7914369053601655,249.3048802167312,1017.1419789545596,37.43190846461887,3.5215779591878373,80,Summer,Beijing,28.664684678082875,96.97700688222233,Monday,7,10,2019,Clear,10,2019-10-01
80.59272995309435,173.67110442001083,50.36030218864497,30.31243039155405,3.996068862422916,191.6653685925821,18.140675050966703,95.75883205066948,0.6313473703808958,107.15132262852217,1023.7396730261188,29.723648417955147,0.2113369101549537,132,Winter,Chengdu,23.427384682082995,125.15323774516656,Friday,3,2,2017,Rain,13,2017-02-01
148.8866609350435,68.12948297218402,93.8845592870278,22.89127949099321,4.515148064942626,102.973917096034,15.269985091149008,54.64299086335306,5.178062275019207,254.41562986440871,1036.0179529773727,20.59655063333057,0.2678237029295818,378,Summer,Beijing,42.79138689904326,92.96720810935062,Thursday,8,11,2016,Fog,92,2016-11-01
99.4911273858101,115.40870098258794,18.1491615745632,30.62359180727137,2.211471125192785,39.51828258958689,0.4028861210160919,84.98638696992758,6.285827316496641,160.84974003150276,1009.229713025623,27.369676061742275,14.936040804252524,388,Spring,Beijing,35.21641552309924,95.26575843885878,Sunday,20,2,2022,Clear,15,2022-02-01
186.56171794462276,221.62500053347827,77.30483612620343,10.205423573413148,1.907281847191532,89.95679396551452,28.64666329282665,22.910111197996272,0.0827876029724627,130.49664753033673,1001.511630551022,6.219576055364573,18.15959501922064,125,Spring,Shanghai,39.7069846571268,102.18728765766544,Thursday,18,4,2016,Clear,45,2016-04-01
78.92017662214107,260.75851636797654,77.70887401128107,2.596201794690176,2.636584617270677,147.2129839340955,13.54050736275002,50.45627896834104,9.672061699667632,245.2252593962317,1028.9801540389706,29.8090725776482,8.1992742179417,442,Spring,Beijing,45.01391321553295,97.6595373433326,Monday,12,2,2016,Cloudy,97,2016-02-01
41.86608974388107,223.69982611659168,13.511243440282952,14.351633168726,0.450662947955996,10.527587279834457,-3.846555592473269,93.01530445172654,4.444490866371997,107.83971751884266,1005.8778568650324,23.21952415364952,8.468875803546295,234,Autumn,Shenzhen,38.30949759174389,128.37393626358033,Wednesday,1,3,2019,Rain,37,2019-03-01
199.9986652005681,242.5470084463258,62.004029690188176,42.15424824425492,1.0438222349331383,143.58305641218809,34.57277602202526,65.08513927500813,3.555468867560352,236.86245314387403,1026.771694744313,47.21205619111888,17.327348105830215,248,Autumn,Shenzhen,49.38913740844924,125.942156938872,Friday,15,4,2021,Cloudy,13,2021-04-01
163.49990706968106,25.949186834740843,41.728137884601885,11.528516888981027,3.3995093783156074,155.87480038347243,8.7334471577431,21.401658499243155,4.756944146808672,140.36118190452228,982.7177271671392,44.80237133669933,6.978857020178208,55,Summer,Chengdu,38.2263217465436,115.56951371677482,Sunday,12,3,2024,Snow,14,2024-03-01
26.990746537529404,261.6983291795044,32.42813430582181,30.92226901938001,2.529759368588149,177.49033421024177,16.069537852875385,69.94689783883699,8.784034207479182,256.42697968007604,1038.992155698718,0.2354068752675575,1.4251406377331193,402,Winter,Guangzhou,20.679743538697625,110.73138926970258,Friday,8,12,2021,Fog,33,2021-12-01
172.76311038413235,112.0088913477519,81.28652086199841,10.778280346928174,3.067713176811754,85.01783579245028,33.36284180906806,66.82780271157878,0.5908452861890456,187.7810163206863,983.0607232588304,5.449602102798084,0.1710778978291694,477,Autumn,Beijing,27.89235982439497,99.63620008870268,Monday,9,6,2019,Cloudy,9,2019-06-01
95.25710953061176,157.58260405741453,32.30287775303327,21.5224697880345,3.968206890429948,180.6191109316768,-3.294137613184485,30.61848824081326,4.954816969037087,141.56218618124106,997.6411944398216,25.133700942583044,5.101414724962685,27,Autumn,Beijing,47.91950510506759,122.91951959189213,Wednesday,3,2,2020,Cloudy,5,2020-02-01
222.85168720225923,192.19566260572577,55.469541925535474,32.22761529082637,2.1718750975837198,72.05572152956009,33.407030179065096,10.26149164731617,8.210477358949571,296.68555171975373,1004.9299841757914,25.855855517147504,1.583401127095425,374,Summer,Shenzhen,37.03048763272585,115.5734621973037,Tuesday,15,10,2022,Snow,28,2022-10-01
18.78026080589157,170.24703177223532,70.8246496177076,23.43601844795824,2.583196011061081,25.583808714388308,23.94804592752186,84.65850379551695,0.8707376606060646,26.327728738786288,1023.3101428848606,22.63519449931616,13.099276462079375,379,Summer,Shenzhen,43.03557162628343,101.2915775899516,Monday,16,10,2017,Clear,25,2017-10-01
148.41396677454412,201.43159030729697,53.96052431670446,11.215691219613348,2.006784792496438,46.29624646510933,-9.005457583225558,40.89492122779375,6.298431162174122,206.39280804314757,1005.1583664442446,43.72650646811949,2.119486197965144,358,Autumn,Shenzhen,43.74368626639566,120.98518876111564,Tuesday,23,2,2017,Haze,79,2017-02-01
62.32247434098271,168.52684402806386,98.70797842607467,3.4490851279925248,2.2387166031414663,101.16142370407572,28.30450845391052,56.7550051221023,2.259661727015232,238.71247023592676,995.2129258218766,14.953466926697612,10.6508560030213,292,Summer,Chengdu,44.48687352434554,106.7624073847228,Sunday,0,2,2020,Cloudy,17,2020-02-01
120.27270456981412,100.957234492848,46.19795519872072,6.708439732024676,0.2798633991503657,97.48069344957788,29.65630304321426,90.22042824849314,5.722798420243086,255.86983500024692,1033.4837231660838,8.540766906048525,9.41728714785995,35,Winter,Guangzhou,23.373206535433123,112.94816265703608,Monday,13,2,2022,Cloudy,35,2022-02-01
106.1759125600295,231.1092252818324,46.12446656345728,29.709098266603743,2.9916472951495026,94.75234616538462,19.28546213096365,41.61057731837687,2.0516461832204103,302.94345090042793,996.2267231318548,4.776151915747789,7.635973984229414,285,Winter,Guangzhou,34.7979433240536,115.84659025363536,Thursday,10,12,2015,Rain,10,2015-12-01
47.883697532482685,190.1250819510065,42.18085368190064,9.315678354678877,1.4754708985174707,139.7934869394137,-7.771748701400068,17.713080307608543,1.2707334700085082,83.76158206973311,1019.7002701603768,0.4263725991779654,6.334523062161366,228,Autumn,Beijing,26.2923218225548,99.35049519357776,Tuesday,2,10,2024,Fog,34,2024-10-01
242.26683070238548,33.47617265066572,93.55661585293208,13.157069660443849,4.297064820356986,107.98712201961668,10.662065002096782,62.08785166730084,9.418677281793672,44.9336101466068,980.2057443254226,48.723434152072926,8.758404117654665,44,Spring,Shanghai,39.764876882922735,104.98181617267076,Sunday,18,2,2016,Haze,55,2016-02-01
202.9962696875949,277.669487125184,29.50773678204552,8.789934930303469,3.4705400729874145,18.48362545416605,23.024782303488934,16.84190334433027,6.839251168529684,340.06887336827225,1040.8753290680356,11.344031394676152,12.451546238232854,275,Autumn,Shenzhen,31.472658509935727,114.10447941958893,Thursday,6,10,2023,Haze,45,2023-10-01
159.42033197858737,45.25413323854802,9.094699420153695,7.746800237922239,2.289690233724829,96.99809945934884,23.32513378858981,53.84757149221823,4.1428843966929545,30.162272955052718,981.694843426336,14.089384387009927,2.283891519636131,269,Summer,Shenzhen,25.9770112255128,103.33430330204158,Monday,1,8,2023,Rain,25,2023-08-01
64.6937248918347,208.70704643980565,59.62368668545094,18.355036370485752,4.454232347137209,68.77040667308762,18.56692543989941,51.19993181713449,7.988375713809735,89.83948343019581,1023.2265000043076,17.408455118362454,4.5224225551997375,336,Spring,Guangzhou,33.64754380015966,108.71040414630492,Sunday,2,7,2015,Fog,96,2015-07-01
14.580558446649883,187.40193600847596,6.37260879701352,5.666298144463278,0.119385128754512,101.83909221111324,0.4944824021784288,83.20729673967736,7.672823667911778,147.82955139495212,1031.118401375933,34.28307881294202,19.30971069562681,344,Summer,Shenzhen,25.935085054362624,95.15423693012067,Wednesday,9,2,2020,Fog,33,2020-02-01
196.41970333185563,20.634428773183227,60.98985563358897,1.4258319973792832,4.89151139323528,119.19017304834055,14.765422575860484,19.39141924075019,9.381643675032876,50.684776947374665,1000.4438831866466,25.91795120948779,15.911063406322578,327,Spring,Chengdu,31.21518867965866,116.30815609441537,Monday,22,4,2017,Clear,71,2017-04-01
240.42367333815184,114.37847096976874,20.57416793182686,39.678255847557615,0.7526338813205179,150.47137550847245,11.64902159347961,57.7987526200514,9.69424718622387,210.22192088741275,1047.6133910159076,3.1560380361378093,14.990483244903094,174,Winter,Guangzhou,36.251798956626544,114.69228061460537,Sunday,19,8,2018,Haze,26,2018-08-01
107.02428485133812,282.636563783859,57.52640845003688,9.853094869845917,2.865561080031914,161.69097371302485,-5.370333381865385,25.461877950891814,8.033401852337184,292.6566492547166,1047.1847852429378,18.95562082070676,6.399314552141684,268,Summer,Chengdu,25.37645276376391,116.10458614060444,Sunday,19,8,2019,Haze,26,2019-08-01
99.13459621882596,209.9079187031476,58.75617231892107,1.3870986646939285,1.5138213429843554,99.7319209072636,8.345871635684137,62.874654652113705,5.9878716736508135,3.184810754867597,988.2207954266286,42.63710985708248,12.121270148411435,151,Autumn,Chengdu,47.92536781111735,95.07255817902124,Saturday,14,4,2024,Cloudy,47,2024-04-01
67.63107529306134,49.04910273300028,30.15137370548787,36.552239454259286,4.944262963735767,108.7505188587292,-2.815519401903873,49.75188741734006,8.950971576421503,192.0484119758462,1016.2236693149438,43.308437546629655,10.948331468306852,68,Winter,Shanghai,35.516161525713244,126.07974088967252,Wednesday,7,11,2015,Cloudy,39,2015-11-01
124.6675877623515,248.776743815502,68.45044360389326,4.655122743464666,1.735718228282835,66.95698761974711,27.898863301560677,77.42127594185627,8.420723232742256,255.00147243823136,1037.397948374411,38.75179275104706,12.87599582657202,217,Autumn,Beijing,34.827832071334285,126.49219585788794,Saturday,0,12,2017,Snow,58,2017-12-01
16.871532053993377,243.079368002488,77.21482613438414,18.535178688386985,3.602580335245096,175.67423858492128,16.68336157675831,75.747795297471,2.716021945722554,341.03119581127464,1010.1281250651095,0.1236404102809507,5.336878609336787,280,Autumn,Guangzhou,26.734375228293857,126.34112403215728,Monday,20,10,2019,Fog,63,2019-10-01
94.58244722918428,234.52186407883173,64.76961709634702,19.280718391753865,1.7239564078294711,139.00382110872172,23.58802528161275,70.75325695323914,5.80172964185304,241.08583161385792,1046.4456277130655,41.97139128298142,11.899519921599722,267,Spring,Chengdu,26.30221076905949,116.22188723640284,Tuesday,14,1,2022,Haze,57,2022-01-01
179.18650353163756,102.64465114965394,70.12929443326901,23.91959356648384,3.1074597646313555,185.33367543671775,-4.372023242640618,89.19917966630105,3.731753954593058,49.97108937930323,1023.4015773080196,14.049239968713373,3.457162780016122,141,Spring,Shanghai,25.80824609737653,109.49950597097342,Monday,19,11,2018,Rain,93,2018-11-01
90.76347590238976,171.21785080653794,74.50408421043188,44.2296805322905,1.5977989657921383,77.78491306282346,20.145713048836093,85.1277768296995,9.304400517517802,335.5868089818453,1042.4349184130567,6.193061010217699,3.027078115350298,20,Autumn,Beijing,30.744701414527245,108.75816548851388,Thursday,3,4,2019,Fog,18,2019-04-01
73.69557227322355,173.60167059248502,91.04329763298536,22.126197174223407,4.636761622875694,167.56909526007485,19.004803227420567,29.96252309659119,8.285804581998015,189.4863745271403,1032.6589760110232,37.5423751157586,13.722989333442928,68,Winter,Beijing,34.724441161988366,116.94327662186816,Friday,10,6,2023,Haze,23,2023-06-01
116.02833876427496,44.47358159987837,59.968756620998526,37.99086674306359,2.117471065596407,36.35937767093627,33.28068176321795,33.94495156252081,3.1420027626136635,130.3671959267301,1023.8720422876368,2.676367809858543,10.519127577567774,138,Spring,Beijing,22.31889322759448,121.81090063631032,Monday,16,11,2019,Cloudy,79,2019-11-01
176.46196989733335,284.1669810602714,38.2136994845661,24.98253521246504,1.86747667670162,91.10196037659942,2.026084534119713,98.81945096981016,6.660109582106717,296.6001436258478,985.0780416587552,30.750026671977803,4.379966070532763,163,Winter,Guangzhou,28.50972868194832,119.15903022300655,Saturday,11,6,2022,Rain,38,2022-06-01
151.36282775756885,212.1041322384889,76.59575253958452,24.6420028365302,4.312847817554886,103.1171110606102,-9.990808444653853,95.94777476122736,7.528965669350347,17.781011127494306,998.945955536918,28.95630062912509,12.084496520977575,117,Autumn,Guangzhou,33.61348210173425,121.82604570420082,Tuesday,3,11,2020,Rain,79,2020-11-01
142.23101463275466,296.04150272539897,26.23671531992879,2.919173396021328,1.7092105923541316,13.075510152173532,-0.9595012962864208,90.9758341636458,4.607675009898066,89.42261106945264,1028.6368162420274,34.29144133621635,4.973845971839949,210,Autumn,Shanghai,31.395166626187684,94.82536441618257,Friday,3,9,2020,Fog,87,2020-09-01
220.1637711698343,174.38258934069648,77.74408340727399,12.056089734688078,2.783830399901329,36.94325001370479,26.364908461210653,79.06419420063685,9.810281794005803,190.76321923725143,1009.9603004913504,45.396982864338895,6.154540477841301,230,Winter,Shanghai,38.50424288945899,116.4292750157449,Monday,8,1,2022,Clear,86,2022-01-01
62.18393266084365,272.92465242004835,5.384793888470175,16.48016860677967,3.4848738751271946,105.62843818779166,33.457945803252,43.3915536258029,5.646330150698915,336.9195884939118,1010.4233263402684,4.546219608465424,5.060753228036066,225,Summer,Shenzhen,26.292483900056663,101.2636581264507,Monday,3,12,2019,Haze,53,2019-12-01
242.6454920209281,231.06522646159004,30.22537343613465,41.073790257677736,0.3651950048925142,58.03000696717284,-8.309438846897967,84.13482448141198,1.179422728279691,316.359297833531,989.3047164761105,20.38643230888355,12.426188972554112,72,Spring,Guangzhou,31.110883119656208,94.30766395517844,Monday,14,10,2016,Snow,12,2016-10-01
14.077797332314235,296.4500389112728,52.20143847956162,10.180893625193214,3.930630897352972,24.930239670364152,2.0274843348573306,83.56800314909262,9.830751165472966,172.8768777091593,982.0326754600331,48.115341797805165,13.33701614441128,411,Autumn,Chengdu,22.84041266797409,125.53942153438084,Saturday,15,4,2023,Clear,83,2023-04-01
213.0413955530371,273.7843834557068,11.903057911039902,32.0527471114041,3.215167016701167,47.81937400434195,14.397842633742853,24.006775966007368,3.985193083085514,241.97565747484683,992.7144510191024,5.06689307012147,15.842053473891577,143,Summer,Beijing,42.23413831723476,125.088827937792,Friday,8,11,2022,Fog,71,2022-11-01
38.7410596114094,295.746167102892,49.310009200064975,6.965081546224626,1.9425234645034732,144.8606472298992,19.36407348421568,65.84924965487082,6.6077926001974205,115.93111482926048,982.739744580104,28.348200343897524,17.825859187766646,243,Winter,Guangzhou,20.19824991757081,113.40168879917496,Saturday,16,7,2024,Clear,24,2024-07-01
179.10182382409684,298.6707900486447,30.003392684169995,4.026125434281592,4.955578707028534,57.88501192440493,20.89232635913795,35.26588664267511,3.183260279690736,222.100615146375,1008.9956373357288,31.23051900840625,13.186341362120675,487,Spring,Chengdu,29.457380218585502,129.36792251529567,Wednesday,8,7,2016,Snow,91,2016-07-01
193.5467448025198,242.9797598261259,96.50049808803745,40.49907706539643,2.5621530186656902,67.17023792844554,23.973910275173807,55.88594629590386,9.45371482850594,164.66314854045729,1034.253431110117,23.046803529269656,14.246635199774053,398,Winter,Guangzhou,34.09409814709903,119.43070240019428,Sunday,21,5,2021,Rain,84,2021-05-01
110.99226370542335,179.5197673171382,26.029159239017613,44.80808630702814,0.2585134915217461,109.34630574757271,17.357455312444433,17.486501813712167,3.140727775204316,190.62184001249943,980.7808836959448,44.10778111047504,19.357992682306,332,Spring,Shenzhen,44.19576724667392,103.7309462411818,Tuesday,13,11,2024,Haze,72,2024-11-01
40.03100734367856,255.53906069362824,60.562318972850015,42.81568287084242,4.483669153938935,24.41339559560024,35.08797386972759,14.275198300006863,5.340728987782094,273.4327496350353,1036.3860555751269,30.138395801738756,7.837135444752962,103,Winter,Beijing,40.81759500508822,117.70160292159852,Saturday,8,1,2018,Clear,11,2018-01-01
110.4984019953398,70.27516229633264,31.07497370583433,2.624331217753768,1.0226821043295224,18.105130031378383,1.01542138968874,38.10789715261383,6.751964203011517,271.7562704855225,997.569665690002,33.19440344191536,13.262448306233985,413,Winter,Beijing,36.08360978815722,98.17430910564332,Friday,15,10,2017,Fog,30,2017-10-01
247.3903026394004,27.467214012551064,60.37218782284544,44.21766027927512,0.7566150738351523,124.53115176441912,16.2359239090237,94.0344728414452,0.5729139103900871,261.43974284450474,1015.3103973362954,39.447188618195305,16.55591574701476,336,Autumn,Shenzhen,44.384087800872905,125.34136505261296,Monday,4,11,2023,Rain,64,2023-11-01
31.187874800938094,49.95170715309873,27.52421908284956,23.079253889069623,2.514085949760506,179.36771377653014,-4.812406866525062,11.493912460542893,5.223275036711258,152.13209188979295,989.4727275562134,48.72261970799842,3.033328219058828,273,Autumn,Guangzhou,28.367257166460234,94.5087791340122,Thursday,17,3,2021,Snow,92,2021-03-01
109.70465926435624,42.86692106344739,54.67019886219377,15.52282304401879,1.1059396247363245,89.31062723646704,27.00075851947183,61.3773979944227,4.773053799082407,267.81312109270925,1045.6114516998466,47.07826259049686,17.392701485327798,376,Summer,Shenzhen,34.021509569844994,95.92643368208849,Saturday,9,9,2018,Clear,63,2018-09-01
117.03479107488955,200.94205699776376,12.621938814774506,25.83722784338546,1.715156688648488,138.9677890796751,26.137124539416263,14.28271617992411,9.379092187156372,136.8296685651717,1003.3802781125012,40.16260116445382,11.202290583170544,41,Autumn,Beijing,21.309539289221288,105.9747008004439,Sunday,22,6,2020,Fog,57,2020-06-01
197.4391635616351,269.70126839733774,30.542607721173663,46.70016780199152,3.334765061496253,89.51133704757109,24.649163965613617,24.417341360846613,2.905178772827346,61.09175570064424,982.94297242848,14.672111078608168,2.440438461914394,364,Winter,Beijing,48.45395761834467,106.1396533969907,Wednesday,3,10,2022,Cloudy,3,2022-10-01
47.75570614015698,202.0587057553305,99.5839104775004,12.755842888333133,3.8075884106621607,162.10527410333947,4.047730637708462,60.19066171987961,2.960238201630312,267.1973467569249,1015.272571335258,30.789291868734285,0.1700262399327382,51,Spring,Shanghai,44.88466755422248,104.10687570804116,Thursday,4,4,2020,Haze,47,2020-04-01
155.5819948156587,226.25557001568592,17.294632090431804,25.686670869983107,2.6716357964788475,132.93227980495294,0.021211533186225,60.0143349581522,8.859733823766984,86.42428679741258,1029.3639127584904,15.342743384234009,3.542241854843064,134,Spring,Beijing,29.11228178008417,108.35811492380726,Tuesday,3,12,2016,Haze,38,2016-12-01
211.3097912545648,35.71837538312343,50.29847669227859,3.44952353392555,0.4776351450551355,49.65800898455098,24.596679889843102,43.02626822603155,1.6846270928627505,2.688361134311399,1028.6031512936438,39.13423322809291,9.39343080950902,225,Spring,Shenzhen,41.06336805689386,112.62955077149894,Friday,11,11,2015,Cloudy,44,2015-11-01
163.15189816687715,205.0468710249424,76.4228592343967,32.43995785935724,3.618796617214013,142.96895879897178,-5.640606963029246,11.71962355644321,5.3855362583662725,39.06813458721768,1032.67580208941,15.302087661192626,11.776515916522136,48,Winter,Shenzhen,28.504712861264096,117.98191915248452,Saturday,0,9,2019,Rain,85,2019-09-01
222.4182894721261,52.74497834281671,60.60410450758141,25.06832805706709,2.6938907868113704,86.23666677185759,-1.2491447553376354,94.39508680670907,1.895322505180933,208.14113285157768,1046.876211808662,21.4065990510838,12.506023197922389,410,Spring,Beijing,35.785100028796656,129.20293139514948,Thursday,13,3,2015,Rain,49,2015-03-01
108.4227446121864,152.59524705004702,54.0375799053581,3.377256249550803,0.8522831706827682,112.53208838927532,-8.193339907314586,99.51738105070662,7.777281819275657,139.0986295591304,1016.6982250465884,33.77152775929897,4.475069547613095,484,Spring,Beijing,34.60418261902855,98.35757051763828,Friday,16,6,2022,Clear,53,2022-06-01
125.75192183058748,169.31268902774138,76.12973056934545,29.149158662126183,3.598968046826149,158.6814511789694,27.30267354224752,39.50629033982125,2.957575700452738,278.6419292576418,1039.217828001199,15.674378037174735,2.0043777382176478,272,Autumn,Chengdu,20.893242985539803,120.21335363660236,Monday,6,3,2015,Fog,99,2015-03-01
46.70169286948287,112.56232535250636,66.84242920125462,12.198175997326638,2.8668738773921567,197.53782300214945,17.069717971404444,97.62060742481962,1.583145826694986,337.58689412633544,1034.2119128943566,47.81697659977285,0.8589484299082852,33,Autumn,Shenzhen,48.87120896476816,123.32766491585744,Friday,4,11,2021,Haze,82,2021-11-01
108.4132624210896,23.830261587431288,27.32612914425367,27.740701458656257,2.293467035136346,136.40108270667002,11.249316505226762,72.44437934398407,2.1257896897572017,283.82414143618945,1010.9499799751884,24.19793754794014,7.927867503583446,412,Autumn,Shenzhen,48.31631588738959,127.54749614314198,Friday,21,10,2015,Cloudy,81,2015-10-01
18.456501699120807,139.93031023743927,6.126028069418405,27.236893738173816,2.462430736967711,98.9736485652886,10.468448347611387,11.713671198896892,5.136218795596567,45.23490645739216,989.1932335145676,33.936499210417395,16.97958812930196,133,Winter,Shenzhen,30.97098652966843,102.51664595975154,Saturday,5,11,2021,Fog,57,2021-11-01
184.30270562354957,148.00442552376597,73.57139780248622,15.63049767418615,4.579921026559847,180.30400584779244,4.120971412746863,86.02684675762332,7.038642337938239,295.38883142340063,1037.7505219725838,36.365765390100805,10.343890460444188,57,Spring,Shenzhen,24.6116616608918,94.82601132878531,Monday,4,2,2023,Haze,3,2023-02-01
163.1183327859241,179.9831180232492,91.32862302236929,35.31469208238115,1.016532329731996,147.57524024365475,16.289674058586655,80.87388988766835,8.275160189521843,107.91585283209965,1046.4351256928917,16.545515883012808,4.819914626913737,76,Summer,Chengdu,20.782543307268835,118.32987105409164,Friday,2,10,2022,Fog,87,2022-10-01
87.75228343829568,198.7794671900198,59.00024926959673,23.45770663046595,3.079932836753487,176.59863406279294,12.137194821148189,67.57335423688323,4.610856662093433,346.92146989135864,1033.695219894102,23.619746542186377,13.752425969297413,339,Winter,Shanghai,45.63694551295733,91.99611927596511,Wednesday,5,12,2018,Cloudy,99,2018-12-01
109.56423930522251,208.70076951718457,81.05309531455616,29.46397022124952,4.339937461695098,34.49864999309008,0.4430370494108526,21.365818791352744,7.400730348734095,174.84345462655472,995.9147435069074,30.58332723575534,12.990891490430087,414,Winter,Shanghai,38.5133033266147,99.58580970083386,Saturday,18,3,2024,Haze,51,2024-03-01
238.81293868412556,90.82557783746944,54.25247223362969,43.7193236860557,0.2866668724517549,113.07179660407336,14.1392929233954,91.7072445112743,2.161325507546812,321.25794118459106,986.122322500832,18.938242917097156,9.522227885430292,139,Autumn,Guangzhou,41.00384449493894,95.558416282943,Sunday,11,5,2024,Snow,28,2024-05-01
134.53965143454508,280.99542683368554,16.771089882522826,21.81313924349261,1.4391812116185425,77.78043445525357,-9.465293772343838,75.92616102264502,6.17112796717117,344.1581341987631,1010.4930065805864,23.436682727516462,8.771229997392444,6,Winter,Shenzhen,30.409053559001187,109.02087508664395,Wednesday,11,8,2024,Clear,89,2024-08-01
246.478933677612,47.06688049221896,7.105733994484908,7.641549223233877,3.200724956309649,191.8938056053072,11.663004210594432,46.02039862752723,2.155262044574348,126.99807287724909,1018.5879905099548,40.88478600683258,0.7192938574976872,34,Autumn,Chengdu,38.70508274755905,93.71239696966812,Tuesday,7,11,2020,Cloudy,79,2020-11-01
37.43902601537202,62.89877404915185,89.26669635147374,16.567599865884286,3.0356493050851574,109.3133185012563,32.31601112821823,86.0908034456196,6.516459645612132,350.61679117130933,980.2080141056798,1.1248890778514986,13.089096061726265,379,Autumn,Shanghai,33.30444064919601,90.98315853871236,Saturday,18,7,2019,Clear,17,2019-07-01
67.18812707835295,228.0301653596072,69.60073616689408,13.095535277932113,3.2902516082434565,175.62519479546992,8.004567367826695,31.59450534061688,9.731330794659897,20.78629619489074,1045.05103084471,4.645287265400927,3.8639587325085896,262,Winter,Beijing,26.794029245037457,107.65186741525854,Monday,18,10,2021,Snow,30,2021-10-01
168.16275051214714,114.07017847359847,29.72552909581477,35.25197648029864,3.623275977203341,181.14357081796484,13.969093271043524,49.02545630728065,2.274499932460249,23.455920454664827,1019.5909394689368,13.512756088689414,19.74779296484249,445,Autumn,Guangzhou,47.092013842266304,96.60275891005622,Tuesday,5,4,2020,Haze,37,2020-04-01
43.405289432515694,262.0836416593407,40.15894201268659,31.37321187518482,3.834276856616533,169.43375133838137,17.788821722528457,45.88460553660928,6.500727367147492,48.75224942652108,994.6066860107028,21.216618177076395,8.922525488406931,269,Autumn,Shanghai,41.01371001903263,127.42340255926352,Saturday,0,5,2020,Clear,57,2020-05-01
146.196193305091,295.0816368014401,76.34168706792936,29.151675493627685,4.312404735757112,68.67037722034271,32.58038592725304,28.10741682226592,4.669676435743146,136.27360428501706,998.0041642614406,27.615283314027597,10.886370577359912,149,Spring,Beijing,45.427779946394885,90.12970133042548,Monday,16,1,2015,Clear,37,2015-01-01
228.76962912801724,181.5383980233053,76.98867993754834,47.48917852979103,4.534509065747561,45.98569437594159,4.797567843853782,45.94196944026959,9.973349155660996,248.82592795868652,1020.8492045886328,35.90315841705607,6.415451163006337,102,Autumn,Shanghai,33.33837061086015,124.031790830212,Sunday,17,6,2018,Snow,94,2018-06-01
32.52415740709746,52.433094995059925,87.68738784490104,42.945012578542496,2.8868024079265258,187.77057732773773,39.85798057738791,39.1224923729195,0.4127330984513655,184.77392543274084,984.2423201848918,20.27020480500062,2.952766746025837,55,Summer,Beijing,30.030064323019268,121.37035354131604,Sunday,21,2,2023,Cloudy,38,2023-02-01
90.67623464057316,83.26952489576882,50.33070741343783,30.59615499518505,2.9898874876603183,143.47442545017898,-4.678084716656419,81.09336885746451,1.996515419072018,215.41405772162065,1010.7478811961,8.601691190929712,14.982172634116042,480,Spring,Shanghai,36.148799314255534,112.93721049318115,Sunday,4,9,2024,Haze,99,2024-09-01
235.105207087284,137.2603811095463,40.1375060093176,44.465745343337474,3.5371033147811115,51.685638411259376,35.035835778704225,38.33107948879569,8.963746569787187,122.33132482603192,1016.1346989209144,14.995571231930832,6.585457638487263,275,Winter,Guangzhou,37.47588107873168,119.85670932181664,Thursday,4,6,2018,Haze,43,2018-06-01
88.73937803692351,250.84682395199675,11.031086258704896,39.28989496604628,4.722077597276708,18.66557873235593,18.1770397905731,26.84813143900815,6.484025126535544,358.12957952313764,1022.8889395901748,26.65901391313524,10.339556175917124,226,Spring,Beijing,22.976823186795755,91.13901930561806,Monday,7,8,2016,Fog,65,2016-08-01
40.108328793351895,211.09223663886232,33.81193380987644,23.63064462414004,1.843909432133619,100.85355265405911,-4.264276199220215,24.850577719846545,1.365935181453315,164.33090053182158,1003.3811710624184,9.103048923254724,6.686539543387753,319,Spring,Shanghai,34.70357113690487,129.9539482515022,Thursday,10,2,2015,Fog,41,2015-02-01
219.4048420778797,37.76291735854031,43.29608816510651,40.74863132634101,0.4975729846356932,155.21765602061964,-1.7948756060735942,24.09813758098368,2.880856032975785,259.42254960747886,1022.8639308363256,41.98216098386032,5.867923033698135,158,Spring,Beijing,32.386282549076746,93.36006221389484,Friday,7,10,2022,Fog,32,2022-10-01
57.32108487291525,195.9579565690536,51.37128284826864,16.973535273570754,2.955994955765834,166.70710333651635,-0.4813966027937795,95.465487225977,3.5747769820106337,57.20856562853981,983.33669827327,42.19241750064208,19.496199420117705,5,Winter,Shenzhen,28.241988623442204,104.09598239033694,Saturday,17,7,2018,Snow,84,2018-07-01
58.66931618383458,262.5471152339019,52.286982961100975,36.70628001154639,2.51346375471564,196.48070334338647,38.634106808435845,83.35687184200985,9.761796458712643,87.78471028952275,993.1487933914696,47.93098770038453,14.10909182701347,58,Spring,Guangzhou,44.46722903039517,95.54257508595602,Thursday,15,10,2023,Clear,19,2023-10-01
134.23825617679506,79.7945614788674,81.49166198509131,44.858831516231895,4.469374519976695,174.06050714893595,7.432870826895595,13.090284159930803,8.039428667885067,285.97966101956985,1032.4051505928437,32.61326361941442,9.14306145229946,168,Winter,Shanghai,44.65680028915927,112.18242304008224,Saturday,15,8,2015,Fog,43,2015-08-01
137.17140473370495,43.93486282166788,37.84797470950623,42.30161983191244,1.127358611311664,41.33235193391982,34.78919222306019,11.034443535697667,8.632211156922397,348.00884561578937,1031.0002033616006,6.1674083135351,0.8125690310579843,164,Spring,Chengdu,22.54659524618463,123.81955731337678,Monday,11,4,2015,Cloudy,53,2015-04-01
85.14887870941064,145.70579641662323,16.22291517914401,32.57940098688748,4.17686015934568,184.40385837254703,5.74337261774294,99.69145049743122,7.7419371266573,206.9419225801241,1002.1270845822628,28.5472433130074,6.633066276988814,6,Winter,Shanghai,36.87229199614333,108.5462715701367,Tuesday,14,8,2017,Fog,94,2017-08-01
192.61029785949884,146.03607373675004,78.64682231307192,15.69760836592802,3.8720760547030952,34.383450671969555,13.056412037009856,21.62028227344241,9.637873316842478,262.60732277167153,1013.250149499603,18.58513277505491,16.954014802661604,192,Summer,Shanghai,24.52089080236507,100.20312791073869,Friday,21,3,2017,Fog,76,2017-03-01
184.835401071904,117.2372981947602,77.29903643280947,3.48734321008582,1.553449197711895,73.26000860516658,-8.11098369416314,52.16736050326799,5.376402940366962,346.3552196119218,1040.341798269872,39.90224090829491,14.745191030842914,38,Summer,Guangzhou,20.468637556787748,119.30017570693052,Tuesday,3,1,2023,Clear,52,2023-01-01
151.5444055495221,173.47245083331504,68.84894566904418,18.715953267902997,1.649793806817981,104.39423718340473,7.537170110993955,48.71236133027167,6.445399363132303,159.1051192097204,985.2442498711052,18.20309440481347,7.501731952854564,27,Autumn,Shenzhen,40.50437941225222,119.2707734150681,Sunday,9,11,2021,Fog,29,2021-11-01
135.9990545108855,211.63541314835635,48.42511824663899,6.5022290010949,1.126848046296063,112.24558037105832,-8.359772288263603,83.20599133700792,2.0746883873453625,136.28445298199833,1015.4399001852393,9.395552297571864,18.356296057808567,366,Spring,Shanghai,30.06116533443036,125.71066842622984,Sunday,20,4,2016,Fog,75,2016-04-01
169.1454196548784,59.1972067016747,22.829516887396856,14.680669566454828,1.226690779004664,101.02680896669392,-4.872495259709755,85.48946530817256,1.8246502217968683,240.00467624909857,986.4248946813703,16.655486650832163,10.224924462006555,486,Summer,Shenzhen,26.06865843440164,103.31381343444126,Thursday,1,9,2024,Fog,95,2024-09-01
56.57337576367809,62.15685627327832,47.661375684072354,2.530734649723626,4.14035463927192,110.95965893141734,35.2068183339624,95.53208974950412,8.03487733119752,291.9697856706361,981.2225952867992,16.625951262393006,15.498120042341766,124,Autumn,Guangzhou,43.53630462517715,115.7732893277192,Wednesday,5,12,2019,Clear,40,2019-12-01
41.58866546916738,243.07812930400627,25.440541692825843,26.43687756468216,1.868771269125733,96.83934319867548,29.379165600959603,22.105626482003352,9.559272295875475,14.741661807008924,1026.697408152212,34.08607906293708,5.817707363935645,496,Summer,Chengdu,24.704534279903,112.59952334423514,Tuesday,8,11,2023,Clear,83,2023-11-01
76.58300237590839,191.24130441634043,68.770381824653,4.212440984314121,1.6467348960448909,143.00408219708387,18.5779736159951,46.880628137247136,1.3517767589015384,180.43944944106295,1009.2413649706828,22.606435414944148,18.68743336187023,449,Spring,Beijing,32.0915721759374,118.46817043626206,Saturday,16,8,2022,Cloudy,85,2022-08-01
203.89229494850665,51.67663875643359,50.67608354544844,15.03527686079252,1.215993125353603,108.7471467497813,28.457840557305765,91.19661745914138,5.378302837283632,223.74941846370592,1028.6305034689997,35.27887432136068,13.805326144017132,490,Summer,Beijing,26.152300083714596,120.0741097800472,Tuesday,17,6,2021,Cloudy,20,2021-06-01
62.09718957106868,225.1222777553661,95.77793757221797,10.177098794766032,1.9103564105157096,173.19698230107065,1.5136298130368182,99.77607196260742,5.387056853449551,338.3866754552012,1025.7056835750836,31.042813486244015,18.65504903342057,147,Winter,Beijing,29.461007707464866,118.81356760405684,Monday,10,12,2018,Snow,55,2018-12-01
116.3173637245566,209.52548476197836,61.93416651214553,27.0439537086152,1.8708238782894444,176.562196491685,27.285352861327944,11.964246603405211,7.152105835671849,359.1248424015946,1041.2804379106326,37.59595459498544,17.182629676954406,399,Spring,Shanghai,29.407165434856648,100.4697028034124,Saturday,6,6,2023,Clear,11,2023-06-01
168.4026789034558,295.3718179696191,21.622964734356685,40.68194876396168,4.698120267731519,56.41783601527301,-8.752582566942548,39.22395430342262,1.8322326948652048,17.396319453843994,1016.4881020256562,34.82198416652428,2.8865551111061114,137,Winter,Shenzhen,46.06824509342516,125.203945610191,Wednesday,13,1,2015,Snow,86,2015-01-01
26.670527980528966,289.9882853919915,40.67793999728474,17.326047099212158,1.8436255088171691,158.17464220920448,38.37082531457841,38.21670450375625,7.9796784213077,196.2276070809735,1038.718886468847,26.8935066717844,14.116139997912612,402,Winter,Chengdu,26.69793617172225,96.79163964805008,Monday,13,8,2023,Rain,54,2023-08-01
81.8623277870079,262.6701723374996,60.92649344393422,4.798266738100008,0.1978680175271355,29.881121298383007,-4.866364065277198,49.03321549735184,3.558587320202725,42.81937116154544,1000.83091329801,6.427542144876098,17.321713720940945,272,Summer,Guangzhou,47.824540237009785,102.170443577733,Saturday,20,3,2019,Snow,35,2019-03-01
228.54454541428265,238.98681319251776,50.9640122388,32.779080208813724,0.3308691523946729,65.47475063396354,4.022010574351745,67.93762408085514,9.576061573943203,52.21126640948415,984.8186061852052,27.22153238131661,17.47247207455866,315,Summer,Shanghai,45.62296000647191,115.60513296668934,Sunday,14,7,2018,Rain,27,2018-07-01
81.825574711452,259.6276375046824,31.093547559749982,36.944071090197056,2.8830509710909853,43.34901141454143,9.522956988525872,59.10174531292033,4.796043650980182,125.80260944257954,1020.673670743776,14.134115900593525,6.410977883321769,499,Spring,Guangzhou,32.62864636836625,98.85479112073922,Wednesday,9,6,2018,Rain,1,2018-06-01
191.3338837031997,41.65032781121626,70.61731750960189,33.46116782295469,0.6008591364906674,126.85165877547703,0.0052213600978276,42.47653321560099,9.95645057907215,110.43468692532367,1022.942956654086,20.804128550054983,16.134304146431596,371,Autumn,Shenzhen,33.10189837241772,91.83965910995067,Thursday,23,10,2020,Rain,2,2020-10-01
161.34496579855875,48.37080844090868,60.07377784334405,32.672993878393704,4.890278924140626,32.26113026187322,15.861992129301264,90.52846526787836,8.068161380753802,171.3636108375737,1045.988991403135,48.77392500992596,15.350048700138938,319,Winter,Shenzhen,29.29098718377895,113.97096137168872,Sunday,11,12,2018,Snow,60,2018-12-01
146.5741175688015,68.17342608221117,51.47136399114783,7.877407411684604,3.50473072770073,46.02298155087461,8.012956681150815,86.05849122084196,1.929976164448971,157.22224854676926,1033.1142791036411,11.555084817878408,3.0641286033684967,37,Summer,Shenzhen,36.229058904785546,92.33686658164856,Saturday,5,6,2021,Fog,46,2021-06-01
84.06058298962327,281.38064215797186,45.534427778275486,41.67558802468585,3.553671435767037,10.248479988371178,12.317714825241186,80.86005391406331,8.980166790005054,26.10019877751737,1002.1904585141342,37.4710562844912,1.384662889541414,441,Summer,Chengdu,39.08679016172077,124.893054342652,Tuesday,17,6,2017,Rain,12,2017-06-01
212.75786255487867,239.55420069626177,31.56052188400468,1.220623465905914,1.1988723000192452,169.873158094188,13.831084538984689,21.885242573697678,9.493474041131083,264.7766959879032,1005.708765929078,43.1556491550225,14.627736193907529,103,Summer,Beijing,34.8657030495142,93.30191413071648,Friday,1,8,2017,Haze,21,2017-08-01
86.7780268089662,127.06888232905064,35.079054708426405,22.712640088935903,2.3485085120153144,34.332055179033745,2.106748810147245,30.92342889734294,6.564583878997098,69.00836939658761,992.4861996493956,37.54923499391256,18.168234452695216,468,Winter,Beijing,42.553005457809206,114.55623868371865,Monday,19,2,2019,Rain,60,2019-02-01
159.89230822266427,87.34945846424225,24.38545067249021,1.7095993643101457,3.895539810000427,90.35406759600558,-1.2544334736538565,56.69565594384813,3.604902617714128,65.1448523093913,1046.6200277016142,40.41979154444895,3.109911233629864,330,Winter,Chengdu,26.4823741391988,123.35070235464218,Thursday,12,6,2018,Snow,78,2018-06-01
216.06997564809748,92.62732326899064,80.81342149923121,38.13490296193154,3.2012275076993624,62.66886283044015,-9.53466042385562,31.932624929764213,3.3610054705039616,157.8540038355955,1015.883815887117,6.348754173910997,2.542874424320463,361,Winter,Guangzhou,26.4555307377191,117.15702734108775,Monday,3,8,2021,Rain,78,2021-08-01
104.56438136621416,213.26062315370763,56.401606043076,25.717262801868667,0.7058991642771811,11.579172282636256,26.005265256654013,85.2983898072644,1.9650101022864157,33.57022325039699,993.640037670842,30.149995640113143,18.20178196926888,482,Summer,Guangzhou,34.04572038305458,117.52915644405944,Saturday,21,12,2022,Clear,56,2022-12-01
137.91150129821062,41.119242000311424,38.84430527730774,31.964362498946706,1.6416830182378668,116.0985025081365,23.949492328522247,30.96026844169516,0.877487037676361,288.5824067219718,1030.9699622190649,34.825937701717706,6.8642575244190285,10,Spring,Beijing,25.09663014048713,107.5018071030154,Thursday,16,12,2015,Rain,1,2015-12-01
67.03794153576278,198.3369703563726,91.86887774214794,12.041223301418372,1.0929390608236491,24.465612787916083,29.94502465864513,10.733108321850436,8.902285796239958,84.50522512569621,996.6660763744642,33.31031884480824,2.3165246438075595,276,Autumn,Shanghai,45.76507905617848,128.76433686101836,Friday,8,8,2016,Clear,95,2016-08-01
66.68760141870882,170.94553861865995,53.79652887330726,8.729970923096413,0.8253698665615782,128.33060609129308,-4.974618107784936,75.89409339342284,9.08687555224838,105.43974169548106,1028.7321127648008,19.038052080400497,19.65051471352211,58,Autumn,Chengdu,36.74144463472384,129.6579100813947,Sunday,15,11,2022,Haze,7,2022-11-01
104.5328091991128,185.01262866285705,40.29905869912004,48.28872981787937,3.426730044863318,65.7001774404628,38.50663465528925,43.65344911965477,9.317116678366132,124.84511299669064,1025.047008898584,11.101619245204567,18.80266376151489,114,Winter,Shanghai,33.9911301631435,127.63424608625644,Monday,9,11,2020,Rain,36,2020-11-01
245.06187648927803,74.85208823398001,62.78069440584937,9.413918006687366,1.4655943276450272,28.377430196271455,22.23969758628133,84.52354496515656,3.076713455644048,295.73983077938186,1034.8528962124717,28.5659653784411,3.408768988875089,429,Autumn,Chengdu,35.16247426777879,127.42056959001452,Friday,20,9,2022,Haze,97,2022-09-01
195.35806296295024,159.44984085048347,56.68579507640997,33.336389156339,0.9432726468271784,161.64129273665424,18.645083854802834,43.5176552867805,2.411477490780189,9.472280621785313,1046.368917973517,18.67070562227518,16.30632328123912,165,Summer,Guangzhou,20.709772544519023,128.92854421252474,Sunday,11,10,2019,Snow,10,2019-10-01
12.05803881827129,255.9979726401291,94.7884397023536,49.819749019951146,0.1493128144708565,101.42795566373024,15.775352237914568,98.74227278138352,8.182690132996367,57.33414850411883,1002.4966505808216,1.4330832061696663,13.785653107171898,143,Autumn,Chengdu,23.41068798621112,103.41814622195297,Thursday,17,4,2015,Cloudy,31,2015-04-01
140.0988269877137,250.9084768841356,67.35525539214436,34.255762102450205,2.456194601470964,113.69018617836984,6.425732368938267,62.73474126693783,4.6531675539257344,123.14707482594116,1027.6025813703382,24.74149445381744,13.130760270065776,51,Summer,Beijing,21.85178270664184,95.74776233779454,Monday,15,11,2018,Haze,20,2018-11-01
165.60965413840975,69.4911466153558,83.21207166274729,13.70649972226322,3.810199614397352,105.57334216472964,1.1174398278200588,21.289435820473933,5.2492628050288594,206.12420952422997,999.3773419044104,30.252526722945845,17.477147335080797,310,Autumn,Beijing,22.056342005214063,106.75309550069484,Saturday,8,11,2020,Haze,8,2020-11-01
15.169831627376851,172.11035697648978,10.294303932464892,17.416107048891757,3.804818018231997,71.16436149066007,38.45955573405677,78.84283261173007,5.379943931706691,158.98006751762236,991.1655228213976,33.80345502876676,9.822504113319257,257,Winter,Chengdu,32.2463017925401,101.28709849123796,Sunday,8,7,2022,Haze,12,2022-07-01
30.368890803965307,24.700430390778912,40.15764943676334,24.719720516492647,0.2836060511117346,118.71070325068057,6.736652488050151,20.344252145182075,9.820084544319784,70.16762879147245,1020.6939950121108,7.865962538552718,0.6088957242866195,156,Autumn,Shenzhen,22.02312787897624,103.61210694144644,Friday,11,11,2022,Clear,96,2022-11-01
77.32882221671795,44.71499569004386,28.12670409196505,6.1767677742932925,4.942854177869079,129.28074789724485,-0.6369319606403661,99.69756814096309,4.061317765437816,9.633494951483756,1000.7798166418158,31.09334809320401,4.307026779786511,447,Winter,Shanghai,26.20133685524045,114.3762584787114,Wednesday,7,7,2024,Fog,29,2024-07-01
194.20953343863903,35.73839791416255,85.94311567692054,35.72984801387937,3.0925848216584217,199.740450063746,-9.45430020816785,84.54600753384811,0.7512330747255547,6.88829263775395,988.0226184886724,5.825213818424746,9.039322468325334,22,Spring,Shenzhen,31.95618937956523,127.45498282015112,Saturday,22,2,2016,Snow,19,2016-02-01
32.05921574565221,193.6274868517044,70.6315498501414,8.620169588912665,3.915838487685965,40.91351836951553,33.027621187573104,80.12459724454388,9.768284563193845,59.52906072879597,993.32610311516,13.403049672118645,13.142917679911928,168,Summer,Beijing,38.97586393308652,118.73458388946192,Saturday,15,4,2022,Fog,26,2022-04-01
232.45975725342103,271.4614017472152,92.25661710520556,45.56373252444461,1.2000363196386998,137.5659233634873,-7.716865918579277,61.10677346908951,6.129864840114864,239.36455723941376,1030.2121318577726,31.66908313212136,1.057470253987574,7,Autumn,Shanghai,44.671148726120094,97.88374584289056,Friday,18,10,2015,Clear,38,2015-10-01
212.50490400630548,284.2937540709577,13.123562003553046,4.163792804160563,0.8100426879878934,113.9765789686414,3.249853656997852,59.44890810364323,9.109483171092538,152.52632281729908,989.0334841689364,1.9546447721637996,17.88921412192818,155,Summer,Guangzhou,25.45688801447405,113.32677053628764,Sunday,10,2,2023,Snow,40,2023-02-01
115.57463404201496,203.36156687134076,75.59640161235912,4.5735445208283405,3.328631488080929,74.84306700825539,-5.569640233490349,10.704019236220912,3.2308304108477137,75.61954864663484,1038.6847443696822,22.34749769641045,10.624521330582017,314,Autumn,Guangzhou,28.150869416633583,100.26738319061064,Thursday,4,8,2015,Fog,16,2015-08-01
248.64363299690856,100.95293465985688,58.976594123893385,37.85269389726479,3.673496168433806,146.2031234613806,32.6604312166932,36.82860788076003,5.9188714595843575,76.03773010955447,995.8159672435098,4.404146487878574,19.9706085878749,310,Spring,Guangzhou,39.26160101456144,102.97312420669918,Saturday,15,12,2016,Snow,99,2016-12-01
178.31600362314057,220.4817108123228,89.94070760647253,21.035930279373037,1.0187720118761292,148.61356658105254,23.49219620106188,77.9564855777978,3.2291827464263934,145.2637512022736,1028.3646755378793,29.92703121972894,8.138168045324186,170,Autumn,Chengdu,45.6104455957336,111.59517081875325,Tuesday,0,4,2018,Rain,18,2018-04-01
164.64856911732085,257.9485844609046,61.20168063507901,30.606073639157387,0.318601638728375,170.1633975887278,21.064375944999934,88.77518073167637,4.502911052719795,268.60717010436525,1025.7767390092356,11.4217344464273,6.684498242106831,25,Winter,Beijing,45.10153176997264,106.90671284587928,Wednesday,22,7,2024,Snow,69,2024-07-01
184.94592344122375,53.09643626633362,87.20823493135528,47.99477552993766,4.77633830917283,39.54337055808666,24.34826889910147,15.883270984758544,6.891098429960928,221.10473072139325,986.2783874587744,26.35602154666032,1.371731995109125,398,Autumn,Guangzhou,21.11303974012018,99.36161617068812,Monday,14,7,2023,Snow,20,2023-07-01
81.74822260918907,253.65945302263376,91.0040561039861,17.457552374109756,3.403771175430264,190.8318611993381,-4.167689834974489,52.42751478413576,8.008796551333212,272.1915071769436,1025.5931723175995,16.927616799717388,13.334974664129824,134,Autumn,Guangzhou,49.84464744502611,94.61964198387852,Thursday,7,3,2021,Cloudy,42,2021-03-01
174.54806108992824,108.08345635580451,47.32082142087625,11.992870325844136,2.5230504587155016,161.0354281074686,-9.532970690007549,54.93407022571462,4.2447385682902095,245.6328713403735,1043.1203169752391,19.63602364799934,8.898960873749125,314,Summer,Guangzhou,26.31068194810703,125.59245035094122,Wednesday,12,7,2019,Haze,84,2019-07-01
236.2395559177504,270.3995840444362,79.08464675867629,2.266111687593632,1.8276288675955936,21.38473367912017,-5.660951669738731,10.808814656211208,8.254543438437528,30.63339679228076,1027.2746797825966,14.713090665156624,17.385548383370026,366,Summer,Shanghai,45.723976718664446,99.91486399951631,Sunday,8,9,2018,Cloudy,76,2018-09-01
98.71241229818656,298.2881969005797,27.81304585274636,23.51988711785756,4.036350562261138,139.0777353289008,8.23923223891023,91.42011580901374,3.082399451327181,191.72435974261987,1006.8415233706704,18.632081824023604,2.8950075847397843,21,Summer,Shenzhen,24.310001612966435,114.3810997430552,Thursday,5,7,2020,Clear,60,2020-07-01
118.96772818611872,232.1466749219259,11.110388304893917,1.8873337214927672,1.8222986706168416,51.33714547022563,17.796227526363744,74.24429473138731,9.58015955208785,73.22517645412657,1042.6518795511931,18.32515149227813,7.382599416617745,475,Winter,Beijing,37.566969458307,102.34011823450984,Wednesday,23,5,2019,Haze,2,2019-05-01
213.89191669125884,166.83414196288004,75.23116258745227,24.93857123640264,1.4059901435313125,138.2448370360649,0.696504193702399,34.1172123865251,4.832374312876353,214.13311925532537,1002.8212067286736,16.56701519623203,11.650538048939405,229,Spring,Chengdu,39.426388138386926,120.0671932356533,Thursday,22,7,2015,Clear,66,2015-07-01
105.87261798344662,253.51623353098853,7.319211602133498,32.06702817600372,3.198043455969428,105.0219087857416,34.049510305422274,31.91917163517212,4.233209671682307,266.96492870837767,1026.172918340234,18.16166547883028,7.14395677046682,234,Spring,Chengdu,30.371857592745798,118.97294253963857,Tuesday,0,3,2022,Fog,1,2022-03-01
16.29052571880706,113.21306203550314,17.488344467959116,32.2741611424105,2.3853712934091766,192.96053139615012,16.305629922241053,66.12049074923378,8.15484818636407,24.07730737044995,1025.7214482846562,44.356659975857376,11.547589717989974,475,Autumn,Guangzhou,30.39734806611252,106.2317627876302,Saturday,6,4,2017,Fog,93,2017-04-01
227.6892925248502,169.61536253277436,99.17019556771888,40.47440458605872,3.318610648890066,180.03870412103618,31.367276002094258,38.01562144702034,9.707403485621292,352.8762081613053,1005.4044803798668,39.73914733594766,5.051539178728048,250,Spring,Beijing,31.351160517063228,107.43278456299176,Thursday,11,2,2023,Fog,8,2023-02-01
78.95221199803521,144.0379477853034,24.842153994723827,17.73227166241406,2.195982194795818,156.53162853553505,12.56285422448897,17.68517945559907,6.238896880013449,17.561184996473038,1023.5189591245286,42.33648931980986,4.040337587192458,436,Autumn,Shanghai,37.79180776238202,100.04022763568092,Monday,23,10,2020,Fog,57,2020-10-01
111.04166082961852,62.64404597455406,98.88217181974407,26.51798578241916,1.3014850984405182,199.55834010630977,-3.0900773147100797,11.633553823477383,9.057964769991004,136.58853021671536,994.770057833092,33.29394084347141,14.719753602080395,256,Summer,Shenzhen,36.815770650683646,93.09593186134362,Tuesday,9,3,2023,Haze,3,2023-03-01
113.41611514662505,264.52640088808494,64.68509819739693,45.22587766187317,4.204218540027341,111.48774558253548,33.73034438523634,96.49702733317106,3.7261998492503,24.54480382533909,1009.2517052170869,10.54871890291137,15.838335575187262,176,Winter,Beijing,38.55126507203647,127.92190216775192,Wednesday,8,10,2021,Fog,28,2021-10-01
178.61337569370613,294.5980110339263,66.10773088262792,17.695171979185798,0.4805490012212136,196.98145365383309,6.108710933633162,47.26630261945684,0.5190853054121602,323.089623650038,1035.5365194606668,46.8861869927332,19.963181389165165,51,Autumn,Shanghai,36.27209567331565,105.04684080268028,Wednesday,14,10,2015,Snow,12,2015-10-01
108.76578412945486,145.24570143765885,59.66664552455003,28.485540128375963,4.789002271348998,15.801333193358593,27.886667014824692,14.352459919215557,8.48438855611504,4.467090411258168,999.28442181895,17.874927798333896,11.44309103322612,402,Spring,Beijing,48.25993533611548,122.8444061814742,Tuesday,17,8,2015,Rain,97,2015-08-01
70.57998085082815,133.54416042917987,47.12365801503636,49.63192350917292,2.5111328119441527,60.767198807470265,4.309987561715076,81.96740452177491,9.61252728896967,111.30151206147012,1026.940154449514,43.31618797088972,7.006090874005541,12,Autumn,Chengdu,42.861496019869264,93.28524381127868,Saturday,18,9,2021,Snow,73,2021-09-01
81.55610230627983,270.6117988543667,76.52696229628339,43.152187708229306,3.3856009067283246,80.90598652795438,22.644483546319933,21.13413400540858,7.298537964793452,300.44238911673114,1023.8503605316372,27.57062012444665,19.022372859973206,233,Spring,Guangzhou,26.079415380201198,100.32129763004244,Wednesday,17,5,2024,Snow,77,2024-05-01
160.5675561533785,244.3238784507052,70.14090228234468,40.14919715431505,4.24443066631444,136.1842784807763,28.783012310690538,35.615518377924715,2.648759651661872,52.11385339973316,1018.307603203648,19.11416424920358,10.153861840190288,14,Summer,Chengdu,30.769792857317277,108.57960921128392,Saturday,7,8,2024,Clear,92,2024-08-01
232.7859582933022,273.7047427880932,91.09451584144912,6.926825673299788,3.720913941192409,99.81824979025882,18.49812704110517,22.527935303270915,5.362265965318068,122.35756723942106,1032.1059423513334,29.352859139043314,5.150965962378739,477,Spring,Beijing,24.487253120423645,97.97076043245296,Tuesday,16,4,2021,Fog,20,2021-04-01
156.50900492340608,131.71715725803236,90.33828520675792,35.68196910627195,2.868979864100197,21.734143884465013,23.023954789525497,18.62486183139644,5.947999341742005,92.5249288080951,1047.7012614697455,24.174785170900847,12.22005075046838,391,Summer,Guangzhou,20.669696812598676,127.46516598927325,Monday,7,7,2021,Cloudy,75,2021-07-01
144.01391944717844,235.59727513408507,9.107649553870132,9.228505075855905,1.9926927517021715,12.208755946425716,26.50082929304984,45.82096539980964,5.08210998766489,313.18833092150834,1038.1615440614858,24.07524114600847,17.31461227097322,85,Summer,Shenzhen,26.04772773167612,116.74784558790743,Saturday,17,2,2024,Clear,57,2024-02-01
76.42814862563478,48.68100050735325,6.448372448716276,38.583707435580784,3.4331895234111878,188.3684975433198,27.37182576125029,89.61512094020472,8.665406889101341,265.15866851914,1005.68163149463,7.123428566883416,18.19108987423039,158,Spring,Beijing,34.62081733619297,108.08171075839785,Monday,12,3,2016,Cloudy,6,2016-03-01
112.0501928407925,119.99611280627136,75.90951600813743,48.89909802206018,4.349476655764641,182.40416902109897,29.356698869047307,69.47125288171466,1.0615289060451116,262.19918784071126,988.5681996464276,4.493755161391161,18.295970216286666,495,Winter,Shenzhen,32.28199848425872,106.72574336438024,Thursday,7,7,2019,Clear,9,2019-07-01
131.6647157298723,83.64624788818028,38.80133250204315,27.184184339780064,2.477576267956403,169.8572015524462,10.322790471603664,62.97941957872717,6.558178294145228,1.2172422003901628,1045.001476059638,35.931940067947025,15.761242547510992,469,Summer,Shenzhen,23.0803167445048,103.04617596460942,Friday,6,5,2018,Snow,84,2018-05-01
37.06637937656759,154.26845231607885,73.6777174969547,42.83394533524633,1.2673701832981696,61.174055246553095,12.086988146030674,10.951272856425147,1.0199418118380632,171.8148194635553,981.7551297229312,38.489943799216334,9.211660971827934,400,Spring,Beijing,30.05974055817429,122.13133080606714,Thursday,6,9,2016,Snow,29,2016-09-01
210.31304947981025,156.74041157881703,33.90899909115299,24.38090562128877,1.8486912737543837,91.38154373721052,17.130266173712563,32.56828159417269,6.424546029609942,88.04076482442986,982.2527863398176,6.818201134485364,0.443711512347497,389,Autumn,Guangzhou,29.062682171219773,99.53920089666715,Sunday,22,3,2024,Rain,35,2024-03-01
152.80197352413737,56.58458259068286,34.30549726617424,36.26578185200456,0.6251601082965661,94.93186945752142,19.29345069341889,55.97782371464773,9.76064908070976,93.28994414059198,1046.100482868335,23.655230746754807,4.060950840926968,135,Spring,Guangzhou,44.06818953471499,114.47230448704046,Tuesday,14,11,2017,Snow,20,2017-11-01
53.63532586042572,32.377736544417374,42.78769901403413,41.177917353490905,2.0875066942227605,11.157361508623516,26.067532182738034,75.295355695134,5.934260747846055,64.87289942448098,1015.0078636988592,27.614843018739325,8.958600602066007,376,Autumn,Shanghai,30.22621127345007,122.0668169794372,Saturday,1,5,2022,Rain,80,2022-05-01
131.7860025535503,60.06379387772751,39.01724941093127,4.069079011699069,4.9134280569848965,110.92216963259902,16.036377617073136,47.23489076236447,6.374841843476675,238.85750577212764,1026.768119908321,33.96727673537444,4.663020057866445,213,Summer,Chengdu,22.94258878385009,113.17780597335718,Wednesday,4,8,2015,Clear,58,2015-08-01
44.82918545265149,142.10600085911892,67.35782237892431,30.015037762029365,0.4614022527253619,66.80319674897018,-4.0855091341241785,77.55602347558839,2.5178908411869205,268.6988903352117,1033.5010041015262,36.18548471259234,1.0122395178528147,156,Summer,Guangzhou,46.13001630912743,108.6042131391942,Sunday,12,11,2017,Fog,45,2017-11-01
185.70685978666225,100.83697364898364,81.8435813533461,25.25102006401609,1.3107310097996152,107.36821839109716,-8.64561541297387,66.476046152575,7.676990640495617,138.6662077501209,984.4783868941536,38.88906320845585,18.97747428622016,346,Winter,Guangzhou,24.341087219977425,120.82785053763682,Saturday,16,9,2017,Haze,45,2017-09-01
96.0024452102558,210.74854231506572,27.03662877417459,48.69411634229748,3.972188430340184,185.70748232408943,27.52097141976008,86.2206804791445,6.062402980935321,2.92987310924147,1025.9175899391537,49.98412627700941,14.650652976626487,442,Winter,Chengdu,20.72594863413218,101.11047467951092,Thursday,16,11,2019,Cloudy,92,2019-11-01
181.69069544979908,139.01461380973214,71.58875473869726,16.497424262562546,4.4710803802309504,162.4769675372715,-0.0864439087871673,84.68613236896071,0.9134960674032612,128.8358925869819,1004.7235445518982,40.17279945964327,11.173529419345124,55,Winter,Beijing,29.333920484601972,95.9460847727238,Friday,1,6,2015,Clear,86,2015-06-01
129.49459355461275,269.29308630464755,40.64147322668052,35.534644098798786,4.341917265293197,39.68657386500597,-6.290980583847224,24.166079592206703,7.932402082687754,137.90606843286787,1045.8958804779895,40.465780285630686,19.69487468403265,191,Spring,Shenzhen,37.45477213542009,100.68663764628694,Wednesday,10,11,2017,Cloudy,32,2017-11-01
160.03882171445315,298.3981560484849,81.13468684073408,47.2921472095516,4.284796978148889,12.573906356622944,4.1247407124247,69.35700012414799,2.974420477860553,273.30433196783093,990.807159286567,6.414402997644631,19.875152768272343,322,Summer,Shenzhen,46.64048880837584,101.86937926291064,Wednesday,8,9,2024,Cloudy,86,2024-09-01
61.58451622676856,119.82904275366684,18.550683619282587,3.448867070955333,3.284833811995694,74.45888573000772,-8.219922240365054,15.828090052365615,5.000663546201293,131.5751900922168,1000.517235108682,6.902899499260578,6.3318785151544645,351,Winter,Shenzhen,31.125585736688954,120.38351340559254,Monday,6,7,2020,Fog,22,2020-07-01
156.4705318636469,224.93821112388127,16.892964589829994,39.33808951141162,3.305244635710902,31.34571340760283,38.55282174600214,95.0360337149764,3.483195051227593,112.605755007999,996.961547468362,32.25551337717342,4.594756362188273,478,Winter,Shenzhen,49.38323339675683,90.1356355320493,Tuesday,20,7,2024,Snow,40,2024-07-01
176.12428954692172,105.53178540244193,60.71436212922821,37.36856085017483,3.650977151346513,88.25015835288887,8.973011289886255,30.44168934465328,4.258678436440336,85.66100915085791,1018.6195528926352,0.6056501086315169,10.524770190826652,141,Summer,Shenzhen,41.33394237761868,90.47286586613946,Sunday,23,12,2019,Snow,81,2019-12-01
233.8303787811738,165.8089583669587,89.00995311872774,21.47316726146888,2.282498620525603,99.5426393418058,19.120474404501724,38.05357566066037,9.269060907520943,65.17816191107816,1040.7352909586907,30.946557517614103,0.5229833302711955,80,Summer,Shanghai,32.43969098995044,107.4305703378214,Monday,2,3,2021,Rain,97,2021-03-01
143.32853876752523,52.56754968803297,62.14867147817131,5.091140639399017,0.4430540407858264,119.3198097675321,9.15235125796232,93.51353136596948,6.20644040280647,117.55865344316096,1028.127630335188,10.057793436203877,9.179525265815023,194,Spring,Shenzhen,49.57573866355053,127.48243787705135,Sunday,18,3,2018,Rain,53,2018-03-01
78.68462603285556,166.9934014375175,70.24992490863332,3.338993210735823,1.0501314185947772,75.40716587417657,30.88106191788833,66.27146469425183,7.918331614810855,5.967296969807507,1019.9723937806772,0.5825450110150954,0.2100855362255134,202,Spring,Guangzhou,30.97278257896564,95.44266007877948,Monday,2,6,2019,Haze,54,2019-06-01
124.56405674055468,55.162148953838255,83.07787967272357,18.51165567118644,4.1573464700017695,193.9847811818841,9.079846953223475,72.10014621774377,5.8932053173899615,105.45695857509804,991.2950270644872,21.88498163199028,4.082395146859716,321,Spring,Beijing,36.788239735800126,92.63393550832996,Wednesday,7,12,2021,Fog,89,2021-12-01
214.55901239219747,29.91587591359511,71.32367789883995,7.326995483192148,3.013139720740736,94.27002123165086,-6.936606020185378,40.184681982225314,6.903479672157865,359.114918383254,1042.3179634822047,16.569783390768695,14.601751378946233,162,Summer,Shenzhen,43.4590102051353,125.61561080484503,Tuesday,0,6,2018,Snow,83,2018-06-01
130.57024277765083,23.259284721334623,86.65174596298537,15.925567202277476,3.9507116913518256,170.91961415108852,6.802367913686105,60.43583279123607,2.370313932432637,73.20110002810426,985.4593638978474,21.65468928701581,1.0402220193557428,384,Spring,Shenzhen,42.7237040174393,95.28053515615083,Sunday,8,5,2024,Cloudy,57,2024-05-01
149.4098546605789,73.76170001418217,9.681506376574305,39.38478876933343,3.5107864877919828,88.71853541817521,-0.2973944535523269,75.14447578064627,2.146458320390268,169.81440970344747,1036.13134834853,46.87256675162576,14.48076785562478,25,Autumn,Beijing,36.848726815574096,112.07448561896422,Sunday,3,8,2015,Fog,96,2015-08-01
28.812525758644625,230.487715433808,47.13696378458024,41.04260251918853,2.921797913269183,138.27663795965057,22.27774571136161,81.2996213505422,5.8043617540057255,95.30971750108036,986.249354707466,8.85003233317579,15.841085577147794,50,Winter,Shenzhen,48.95661398006749,104.384381868855,Saturday,16,4,2017,Rain,73,2017-04-01
213.568444010676,224.42736578346904,67.85798432512954,26.54231755429373,4.555879850748142,134.93882217056267,7.457365105858368,32.87146055180789,7.525950244571657,75.2787212579371,1029.5363697013802,32.25745134951789,13.029253314673854,269,Winter,Beijing,45.13907970023727,111.95266939014408,Tuesday,7,10,2018,Fog,43,2018-10-01
13.742995266060074,144.54117616783867,52.57058221970399,23.580171139608925,1.8115683430922005,132.33068571497972,37.84064445291815,87.03894103315766,3.4438034560870534,318.4439976262461,1001.6889516705596,8.614479417603238,3.675702485113425,344,Winter,Guangzhou,39.34590110877632,120.0620867915572,Sunday,4,6,2021,Clear,89,2021-06-01
70.96347005091165,164.65206874549523,52.124141865106445,41.7643683618111,0.2456834541072498,44.58054313252498,38.90599824233631,99.29708066006164,4.734814539213107,137.61488271774564,984.438677969102,39.36952373271952,6.302600972932641,400,Spring,Shanghai,43.43169857656139,120.80288908054916,Wednesday,9,2,2016,Cloudy,55,2016-02-01
144.98814467526674,286.32137341941524,71.0777879840666,13.831118668104043,4.081697714529114,195.09863411907463,-0.2798845094356874,37.721256012980405,5.126416053965856,255.34064054971336,1015.7681489130782,26.63274161255849,3.3163306400087733,314,Spring,Guangzhou,21.40909970738684,112.18584227749848,Sunday,18,5,2017,Rain,60,2017-05-01
113.3193506243862,98.08637672415983,35.06154402140996,32.77117460583325,1.0419457964665615,166.22599432785617,18.530874843409283,12.154558988109194,8.177388788036149,280.0768765795946,998.7382321228288,3.9268528339518,16.311293869238973,320,Winter,Beijing,23.309041487512857,118.63376479108736,Monday,12,5,2022,Fog,78,2022-05-01
165.30474256423344,149.84851416941808,11.043369047988673,19.33533986418584,4.794783752801428,166.1611336826277,6.305230778038414,57.82297950087938,7.7962675955505425,243.7295121588114,1025.100886691701,6.583136754676988,7.156259358568864,202,Winter,Beijing,46.991182570793455,115.98907740562352,Wednesday,0,5,2023,Clear,18,2023-05-01
196.419988768348,35.83100606933856,94.2915508111784,21.99578168224065,2.8786902882628995,83.8906936813382,15.825247083639349,47.02322052808339,4.496597312230136,222.49981213255356,994.5442886637568,41.68524586987692,8.977220429594752,57,Summer,Beijing,39.93366134108416,125.4145372656682,Friday,9,2,2017,Haze,45,2017-02-01
192.4679267189288,90.9108829684888,46.79021206382104,26.15944874167271,0.2253552598480504,140.5762925742168,-5.600609612686737,94.95045909821356,2.8811543239141555,39.034555802263256,1000.0162007245378,47.08365994364634,4.46274533947479,498,Autumn,Beijing,47.4024227377835,91.58032178876182,Sunday,4,8,2020,Clear,73,2020-08-01
176.58575378441518,69.05894286532498,65.58660809912175,20.342297727349177,2.633672514440274,108.43530007209532,34.01450105295186,19.69002390216941,7.142866284040882,235.58392588899417,1010.3879131595291,38.426190703338754,2.868705215881629,32,Summer,Chengdu,48.13470866485278,116.57771965065606,Wednesday,15,4,2020,Snow,91,2020-04-01
166.9758911616707,58.11705010796344,27.676842850271388,33.671794853386594,3.2005072473000244,173.89610502396505,10.728114641144272,98.999010665928,7.64682102789214,328.2500494538507,1005.9932809006018,42.30022295784075,13.942256546542348,164,Summer,Chengdu,26.237093909406404,123.15357051181866,Sunday,14,4,2022,Rain,58,2022-04-01
52.62085369569037,93.46234254768908,51.1813530715358,29.10493953695144,1.741756040862482,117.6603514874426,36.24923401802397,27.733301795243356,6.984368774579165,297.217764280896,1040.45522262034,23.263535485379283,10.627895088294553,276,Winter,Shenzhen,41.37230781696381,115.04397938649896,Wednesday,5,8,2021,Fog,41,2021-08-01
163.50126336449273,53.20556821363175,22.340923664176778,45.210541425058935,1.0926142298861836,95.82152244536093,26.89219949902806,31.389646329027794,8.404546438656006,175.51802605193097,983.1015938983588,4.5834828768891,11.662123962391364,370,Spring,Beijing,40.41209266755429,111.3964519565856,Wednesday,6,5,2018,Cloudy,97,2018-05-01
56.333929735786114,106.52407260603496,49.40117233833554,4.754768194340076,1.7817139898250085,75.35301763288518,25.390407063506288,14.56290406479152,8.506343769600539,254.6190428401913,1048.9443742541316,6.530791022192006,12.069584867354571,356,Autumn,Shanghai,23.27591581353284,126.30577218580396,Wednesday,6,11,2015,Haze,97,2015-11-01
14.527990483946622,138.87680394280144,89.19822008644807,20.167536493292133,4.939778287424876,36.01722706339277,21.910887617971667,12.950241769167448,0.5977254514316499,243.96124721501812,1016.68290433193,31.568916626476103,11.375389117001372,218,Autumn,Shenzhen,30.00912036687365,118.74521385921722,Wednesday,9,1,2024,Clear,39,2024-01-01
176.608829167221,44.15793467862365,20.06506475331878,29.019759757574047,1.2525438707763672,196.6886897300101,-1.670600249225032,16.785729534413385,8.067007891171905,268.70017269179027,990.4397054543804,44.0701567332559,18.72676199710875,182,Spring,Guangzhou,31.307072666417305,107.9143626671059,Saturday,8,8,2018,Rain,17,2018-08-01
100.96716053134274,139.80030718825165,20.21920546774076,37.62370313135608,1.4918785934433776,194.8611235914005,12.422408713480351,34.72793796882877,1.810959341639965,106.1834944230488,1036.3226262531325,40.70003866755496,19.74264684646352,135,Autumn,Shanghai,34.56763566893546,114.55543351804717,Friday,22,1,2024,Haze,36,2024-01-01
198.431272742828,134.2202533008132,96.25524256227176,47.10045464816995,4.639110096408193,43.00511863397733,-0.3165737713397192,80.2402780612815,9.85370063633977,182.303569371541,1029.9779101584888,47.14489280222171,14.344869477982964,30,Spring,Guangzhou,42.84603075943623,117.66804611750518,Tuesday,15,11,2017,Cloudy,17,2017-11-01
125.84908087204232,178.75858389738386,22.119851036178407,23.744839671899825,4.394079661190518,178.04804227227658,16.410791804969136,18.94053145161132,6.739772126647308,79.42000035820058,1000.6674935532754,15.974578426371144,15.492240577812224,380,Autumn,Beijing,30.471311245791945,93.98964220889114,Monday,0,10,2022,Rain,77,2022-10-01
94.73732257576096,219.34959751056564,32.386663408319734,8.723896277026878,2.0491515985079425,63.57930776424092,6.5894758515459415,30.66557506489688,5.949148339274206,27.37393509402676,1007.7002934259108,16.165452363188376,3.304387850115844,25,Spring,Guangzhou,28.897312399690637,95.15325949310484,Friday,20,7,2018,Snow,56,2018-07-01
114.14090979952594,132.4028495142445,46.65511190411678,23.03352621943667,3.959550378524448,71.07886805044095,10.948338713701936,90.33727902881812,8.349979602013232,294.50553174516966,1017.5359420802116,20.251752682840944,15.28987326676869,453,Spring,Shenzhen,45.97655450984334,94.12224169127327,Wednesday,9,10,2023,Cloudy,69,2023-10-01
150.57325195545874,239.73438857379188,91.32941611396438,6.974979024215664,3.2839554225170176,120.0956216587376,19.3703504673198,28.980275974245387,2.966054723364435,80.3522714179401,995.3897521917928,44.02866011019903,11.652219737186009,148,Spring,Chengdu,29.299186689094675,113.78237734793876,Thursday,15,5,2015,Cloudy,97,2015-05-01
143.58419062722163,237.98800782855395,68.72650949401078,43.22880303482326,3.786212015315921,163.20670185704654,18.649309780141238,66.87373828800995,5.671680016620121,12.283086407740814,1013.3077311090636,48.08885123883615,4.137903528014084,421,Winter,Chengdu,29.5193760832395,120.86575794758508,Monday,8,1,2022,Clear,74,2022-01-01
65.17704442870442,52.15850777136952,86.37754912142445,32.19068715793158,3.64151333370823,121.69181602530249,-2.894891880704023,87.74004986585601,1.3850893146061016,267.5443607781368,1049.9469983976387,29.62426109983048,12.337363478456634,299,Autumn,Shanghai,28.416613393824903,104.02225790804066,Thursday,20,4,2019,Clear,7,2019-04-01
33.81363573692822,45.515977029353024,70.97953173170082,45.75135537356137,2.3451636919760386,79.22379605258261,24.68887269873904,52.641749642516345,0.3841507859908155,259.0316343248323,1048.119044220039,11.587581190250956,16.769335884287102,103,Autumn,Beijing,40.36563940189041,117.81494427566588,Friday,10,4,2022,Snow,31,2022-04-01
189.7941303637159,54.5732845933532,21.07053202648254,13.652590894231231,1.491134503987871,14.31479282305839,33.152833238982176,39.21024136417988,4.283634547148157,241.42866216871573,1049.595404034219,34.43786780384232,17.812382937241647,450,Summer,Beijing,26.46863256026947,117.70846029049837,Tuesday,13,6,2019,Cloudy,13,2019-06-01
124.31329230100606,266.8585919236628,87.29768828490651,29.29298134032178,1.6343811334870162,70.36712705443284,-6.252730941639991,50.03601034107274,3.915069462351255,277.1640325518424,1049.022371248065,27.342733097041226,17.075355172648635,191,Summer,Shenzhen,38.805671735525934,119.92328313958797,Thursday,2,5,2021,Haze,67,2021-05-01
220.29807031735967,193.44406243031105,89.93038836935341,36.381122668106734,4.454832346949024,89.57965635045458,-2.8316217053259285,80.15520756974531,8.409253403921236,78.9000771637471,1009.7266359657772,49.7732671447356,13.964514627476074,304,Summer,Beijing,45.118443984930266,119.14824993827084,Tuesday,9,8,2024,Rain,97,2024-08-01
159.89102443140263,147.99879479173228,54.10124144914907,15.39567365080325,0.9279375154696696,112.4453658983348,33.11535038479495,47.96929432672383,5.062182954520474,179.63944577389407,1000.5331817745988,0.4900824452833685,19.10468817322184,464,Spring,Shenzhen,46.96982216067887,118.37886268048572,Saturday,18,12,2022,Cloudy,19,2022-12-01
215.2636010616473,57.3765062907527,71.03642637663083,27.734789815918464,0.659531443225064,134.5457873376532,8.458244616000968,71.76808888521585,6.849035501847266,172.3376991262766,989.4466926698628,0.2886931410658711,11.501136498127783,417,Spring,Shanghai,41.79506691968207,107.35377852843762,Monday,7,10,2021,Clear,63,2021-10-01
231.3193523487901,237.88120497602523,92.62493191947172,45.994774002952695,2.1528261024492514,110.2305089108175,1.9886335804807445,94.74156004369917,0.0099717731206183,318.82785377000084,980.670992405642,2.628217226474611,12.83477113488492,380,Summer,Shenzhen,28.746757812519448,100.77981678539258,Wednesday,13,4,2020,Haze,85,2020-04-01
246.9750084641832,97.76524916841186,86.71275966589141,13.870371966972236,3.293106708408323,114.81920844909013,2.4568341231099886,33.93014067886807,3.457544078589713,92.24633698211922,998.8077979952816,43.22048489428191,6.079019280240312,213,Summer,Shanghai,41.53361012500533,119.30185912946888,Wednesday,18,2,2016,Cloudy,29,2016-02-01
175.66309892930747,115.20450956051944,57.19946408735572,45.37731286822826,1.0022058320755671,63.92175899401973,30.781201315296023,82.20342355636889,1.0612695208715928,165.3322136821274,991.956339943825,8.495458771137343,0.7293878799907164,247,Spring,Guangzhou,48.49216376908906,121.9447441135316,Saturday,3,1,2020,Fog,16,2020-01-01
174.52772622319094,66.70527888400086,19.510369727907,27.64669445586681,2.486574536710357,13.996496690459423,2.316572158792328,81.85829524523913,2.0419212766006387,94.28526789565731,1035.5839732874404,8.533295329641039,8.101831445206317,336,Winter,Beijing,30.309488954333084,119.04076575555318,Monday,9,4,2017,Rain,1,2017-04-01
83.07272382411712,114.99011110039798,73.6957017836434,44.79098744697941,3.7235960984836103,133.268968553248,39.11295085335928,50.64709168696654,0.9521347799424174,275.60661789456924,1001.6618649250016,45.40970105082164,11.93392069927886,174,Autumn,Shanghai,28.9282839474873,117.8320065080443,Wednesday,12,4,2024,Rain,92,2024-04-01
139.9534675209485,190.42898285687104,55.45022559326532,18.371641486824096,1.1780615677947552,21.04547103679516,-6.936967903804444,64.68063842299152,1.1165445822793718,163.59645811849458,984.7070688040686,47.19343443666434,15.74655707516825,155,Summer,Chengdu,35.73217895019713,103.68873724144916,Monday,10,5,2015,Cloudy,70,2015-05-01
101.9078140797476,171.61842970007513,46.91262728190018,7.481575445717831,4.975128458616211,166.32090012250862,13.0342774527002,97.390333803838,9.38295265094662,171.94375980203208,1003.9855923211236,23.162040046685,19.04377602453421,292,Spring,Shanghai,22.18800600489156,101.44794243150378,Monday,17,5,2017,Haze,83,2017-05-01
195.56960456309315,134.00631684838345,86.5350572678623,26.63865879445987,2.6427025670131266,46.7365630042231,24.26485281883903,17.125645622728776,6.662006749847804,345.19238319753043,1005.6330099424666,20.48739460189653,3.406313522551785,455,Winter,Chengdu,49.83209891887248,117.47557816897265,Monday,13,12,2019,Snow,66,2019-12-01
185.096316142565,225.0555010619669,44.85122697820571,11.011025552640085,1.5767130950151622,50.87244281000539,-6.601270035506221,94.3115496152609,0.9585161518309993,37.88992261128435,1034.3380939930355,13.662264321605749,9.80893582001941,201,Summer,Chengdu,28.2880611266203,99.98544594745547,Sunday,19,8,2023,Haze,99,2023-08-01
90.14085337226491,144.91330379766802,83.25452023965319,36.41930635836482,4.044466472941861,99.33520196414092,25.88842523329741,27.00668921995197,7.045400844314668,308.3880294664536,992.3239505927492,43.80019276904071,18.80131752628014,337,Summer,Guangzhou,21.17603146593285,120.70005739502722,Friday,14,2,2019,Fog,29,2019-02-01
53.45403370194795,25.418264024044756,62.03804682640003,23.550683220054683,4.146231333261671,181.9351379908277,-8.71363041035725,28.663522272689967,9.621400343149864,336.1652278204101,988.460176084578,28.71039945369428,7.543540095258443,128,Winter,Shenzhen,27.218829422770863,97.58356827480812,Thursday,20,12,2016,Haze,42,2016-12-01
189.84021334716985,146.6779446593967,53.86076993639254,7.656921963188365,3.3673717708932536,128.60875671255934,20.751870948423004,84.35942024503528,3.367232742524777,178.9695629286036,1008.878238988352,18.74848425061561,7.257562210439085,183,Summer,Chengdu,35.01665457607293,129.8162505486262,Monday,6,4,2021,Rain,7,2021-04-01
230.50850286756696,27.05332095319949,94.92248612155774,21.2039096790082,3.3118058262215024,21.80630972618997,-6.299010088714221,87.17627947751637,5.3045987323323125,2.9303816891599688,981.6371578269668,13.723579010218446,5.343905015890318,156,Summer,Guangzhou,45.39789584394079,90.39390360875866,Friday,2,10,2018,Snow,63,2018-10-01
196.03199263146988,113.32723332081667,25.409272418763308,33.835512624665874,1.5347853497056003,169.51344036008322,0.5256712905860965,65.3724549467423,1.972246195817473,27.931419385541183,1035.9763013354038,10.255403913918135,7.338297519916296,13,Spring,Shenzhen,20.49746382892224,110.13124816432008,Friday,15,5,2022,Haze,48,2022-05-01
221.39541373488552,190.6437998659291,10.4745563624789,21.791156735872413,2.4168099773638394,45.24345339355743,39.16776103648552,65.68159239490646,5.386928425665261,193.7192378693366,996.8047337053304,5.025100403878291,0.7690387783819403,96,Summer,Beijing,43.23693628134977,105.502534066714,Monday,13,4,2020,Fog,74,2020-04-01
56.18820523744965,268.4824898326236,40.10472738168778,5.276984419359747,2.10615453494899,60.52672669588996,29.260116233976483,41.34196963653879,7.650198741762089,236.74146823844296,1039.351738925984,26.553709190809105,3.368531857008715,13,Spring,Beijing,42.42377021533831,90.00653276268729,Tuesday,1,4,2021,Clear,53,2021-04-01
25.782793484589668,235.51760334765305,27.909036436912125,15.026812096564738,3.197357817242456,110.19670013545624,14.70686530885402,89.12371104828367,3.7419334656528234,228.31978178719044,1018.1615128697068,4.536884508955136,8.748609051971501,451,Summer,Chengdu,41.79818085768408,93.16931743629527,Saturday,7,10,2016,Rain,27,2016-10-01
186.12598996289825,155.96620482692043,87.35033025936471,34.66177923691538,1.5253060820152784,115.80832099407708,30.408249151566963,39.56339470590856,0.2585179684611527,97.16222340172337,1022.0152636215324,40.177695664577456,3.550427973691292,496,Summer,Chengdu,28.585630232783405,126.40260364300082,Saturday,3,5,2023,Snow,29,2023-05-01
189.97605482875625,219.2435890945601,42.55193464418058,16.148861764918024,3.475748181217574,68.91158078918639,18.569167977175635,41.51628678796282,2.218535084346809,250.3333693165645,1023.080708766882,26.39577955888688,7.640069151989276,22,Autumn,Guangzhou,28.6542780074439,117.5811035153298,Tuesday,12,4,2022,Rain,73,2022-04-01
60.07794301505453,278.3234239749269,41.07241053848203,13.261892384190189,1.4084791441541278,193.5284028204258,28.51673059892103,92.81916190852512,8.419620575857241,204.48489545471116,1037.5155184300795,15.455949264092922,7.156405292788734,222,Summer,Chengdu,37.14965396709811,113.75358169403216,Monday,14,9,2020,Cloudy,99,2020-09-01
155.02693159139815,222.6956408507804,25.36337768486281,44.11390443533367,0.2536872810507886,91.37409227665152,33.87390215693604,70.5621576636759,7.477971712332788,206.12951612850145,995.9738792683272,3.3643630189426843,7.479000522699367,42,Autumn,Shenzhen,24.58362323979221,116.34995501047378,Monday,16,2,2024,Haze,41,2024-02-01
155.05883994091883,292.9768225295288,67.44334522177121,18.861636985919997,0.9987437388380944,107.64473074367586,29.07119439262263,16.888678216085932,3.6753456790495154,11.139898979597756,997.1717718082256,5.974430001452625,16.863120598244013,8,Winter,Shanghai,23.653838994857,127.21224518260787,Monday,0,1,2023,Clear,19,2023-01-01
161.60956438733143,234.20735026105336,50.095460915087294,48.01761082364188,1.133651640861621,36.32330668203012,-6.743049733872343,24.18367184054457,1.972275935156528,246.5089538014835,1013.4979554038453,42.3631984715522,19.82482358604617,326,Autumn,Guangzhou,41.13960266221913,115.39132675253288,Tuesday,10,2,2016,Cloudy,40,2016-02-01
79.40527634209994,27.48530592289842,90.10329583481068,28.229070793855005,3.1689362163586523,128.67659017550716,-3.0455375240412828,86.993632490775,4.9343084893872815,318.41994059738005,1047.3674925372409,33.880084423926874,6.677828918113208,298,Spring,Guangzhou,37.61358451543798,127.21316077308548,Sunday,9,8,2020,Haze,37,2020-08-01
192.3576015413932,141.5158828216841,42.088137742885024,36.01614037820751,0.4421441057553081,180.0480877750268,34.517833726832514,19.02452494982019,7.960041781230443,133.90803747500942,1026.3254536637637,32.79598222400972,13.638347417531898,149,Spring,Shenzhen,23.52671145030201,112.26518003170642,Monday,21,7,2024,Haze,99,2024-07-01
228.3442161364488,283.1393023616239,81.14185240169653,48.1333661769349,0.4810126109860201,11.107003595013516,26.360056912258223,88.25389983484057,4.202983934312455,155.9062448836885,983.3325958615558,7.593375128693841,17.888982681975552,239,Spring,Guangzhou,28.06388753986565,126.27763975508913,Tuesday,11,3,2020,Cloudy,76,2020-03-01
227.19916270311964,237.56201938188644,86.2915172464979,16.10150410797724,3.030092627573199,75.63528715590301,-0.3418451650757284,22.56510056370129,0.2589900625413988,40.40203403777637,980.682044004271,16.84857530850625,0.2031095292290446,204,Summer,Shanghai,38.9242912903912,102.12320594735596,Saturday,1,1,2020,Rain,75,2020-01-01
200.29197605071136,125.84179501027,55.07137984676756,9.882997522999746,1.7598588091262186,11.670922171305184,33.837370611273144,12.361779782555988,8.558694079898698,225.58190869222344,986.9920884237088,33.58319759964331,1.8325334145806704,399,Winter,Beijing,21.89230859665767,95.6160801861684,Friday,2,8,2022,Rain,72,2022-08-01
102.69576964709864,208.9705209976932,44.53603335927932,27.79277477112721,3.434293754492371,161.85435791605784,19.910366377537866,61.98267111503169,7.527268536024417,85.8561103597875,1030.23206196575,11.86244266721716,17.787789693953343,311,Autumn,Guangzhou,46.0195987078766,129.88084758600044,Thursday,15,3,2021,Fog,37,2021-03-01
232.1027182604694,239.28269163532576,25.69610460505349,13.240901105801594,2.944388944781404,175.63200816786517,1.3235095115281688,77.58470034922287,7.455519522775607,334.8885923107604,1044.292291880369,26.488319188343496,4.401145893815529,207,Winter,Chengdu,47.0649699420668,124.41682370518856,Tuesday,11,8,2023,Cloudy,10,2023-08-01
100.06743023763042,263.24119873003866,88.43458667514943,32.10889256168843,2.5117142444319813,170.9967070224698,-6.717628111705562,12.721719703821549,9.987826809321248,268.74213290874906,1036.924158197007,33.06068921349404,8.05998282147322,139,Winter,Chengdu,27.222236066110604,103.44999203449068,Tuesday,21,12,2024,Fog,56,2024-12-01
145.477464025658,253.3031772317427,51.263906363371305,15.505056555656912,4.744692159405676,182.98481229297923,39.955400401080965,22.5153193631994,5.4278775794015015,97.40796691618388,997.8792545663524,15.22594430830202,19.403706615875222,463,Spring,Shenzhen,37.99127502904082,118.68059019419944,Tuesday,0,6,2020,Haze,94,2020-06-01
128.715078787152,52.0840165175034,84.22865153782374,7.591328305009976,2.998193242660021,119.68499889248524,30.57643085472418,59.20574723254737,3.4445056614298943,103.70473943649036,1048.7282260701295,20.620154328822203,2.31781004087424,196,Winter,Chengdu,25.68026015343343,96.01188557608452,Wednesday,16,4,2020,Rain,16,2020-04-01
101.35855069405288,113.2064638848878,53.09427246142895,22.14054774751808,4.5978209667393575,38.27805022945853,31.84448242246725,73.97761067687492,5.866897690223527,183.5101228965533,980.5426592987214,29.15866615067848,10.238615417466342,198,Summer,Shenzhen,43.5904844419027,124.52011766454712,Monday,2,12,2017,Snow,80,2017-12-01
202.14537830816437,134.65974680085168,56.56899437707515,28.948730602332628,4.7492168793731615,142.0283129962568,20.19594928732724,34.69381873129544,5.605028449507902,269.49470993244074,999.3294278518176,0.0231572988095951,6.324304311915091,352,Autumn,Beijing,34.79397448375009,92.52657639957673,Wednesday,15,9,2020,Clear,74,2020-09-01
28.019544784222035,172.2140845918548,24.80082922927336,41.6186638061366,1.1670741086012029,136.7529285120409,25.83454314033057,79.09026766461152,3.549375713675837,295.19948806487696,1016.3560991746664,1.63301607649618,11.22708750309461,252,Autumn,Beijing,34.03044005358689,111.81718005829724,Monday,2,12,2022,Snow,61,2022-12-01
60.9381213418507,177.96285578501718,94.560383292684,17.348321166901073,0.1722086533849722,16.304387811835813,32.36104310703404,45.79153471621627,4.934717282413827,157.68831470301603,1010.6160174985994,33.87141546367802,2.8196870065344446,320,Winter,Beijing,20.058505550196063,103.37734067227272,Saturday,13,9,2023,Fog,79,2023-09-01
193.71150702647296,262.56074591795647,45.926026742639365,9.491478497646808,0.4645175876897356,13.800302589201568,27.028584243430423,63.13541515993417,8.30646794717066,37.33568639109807,1013.5145363824232,5.9816180202208695,7.098857358846345,383,Spring,Chengdu,43.425957663064686,93.87817281015278,Saturday,6,6,2016,Haze,82,2016-06-01
65.24997355555246,252.51262855784665,47.29001854636487,28.484766235910637,0.7378312069483984,47.87190778730606,5.997604989247922,66.47701137882954,8.710606876350402,333.5157548010589,1008.5316011741572,6.043634906046302,0.1992287762324056,75,Summer,Chengdu,22.221689755427548,106.39496813196794,Saturday,16,8,2019,Snow,93,2019-08-01
232.4137642437338,235.572381165741,30.067164902404944,24.326142587725915,0.4151747020472699,40.356261419887744,30.056896601480403,25.554106401402727,2.114888156221432,164.26715878368273,1028.9737333491953,22.44146781736965,8.121729100504961,301,Spring,Shenzhen,26.936953873873648,93.28699260018998,Tuesday,23,10,2018,Haze,37,2018-10-01
177.6049330521723,119.20624213670968,7.460056692733179,45.25867272292892,4.589082720248309,79.16033117201036,30.56020933814297,33.29706057793406,1.7476382361600762,124.63833413269444,1038.1739011264378,43.62675808126032,2.354430766135902,321,Spring,Chengdu,42.71453093918758,101.0488627527584,Saturday,15,4,2018,Haze,29,2018-04-01
191.1536475682954,121.38332433258437,56.42453422054691,23.08384643478503,4.450597920903602,18.069592003979256,-1.769691234183238,88.59505409608842,6.635641448929429,10.868823173468405,1023.197423427001,12.767873639107563,4.522627561410828,396,Winter,Beijing,36.112524907799695,111.32884836653396,Wednesday,15,1,2021,Haze,48,2021-01-01
143.59659769811446,187.44657207659907,24.800910422261545,45.51631198354699,4.058757782055252,15.185950794536865,26.407129147543216,35.040641751581035,6.064467792223823,249.20200891562632,984.6484610892936,17.623375701851664,19.413367373631868,241,Winter,Shenzhen,41.97490943543458,95.23846335503896,Sunday,4,8,2017,Haze,97,2017-08-01
102.3708341117185,178.84941807926734,17.96325232851214,32.52462819288364,1.4617858015431209,39.21718598731807,-5.733107678672019,55.88123541960661,2.437537590495161,305.5879374296159,1019.555141336444,44.79262484314407,10.517364975692953,54,Autumn,Beijing,22.991376821820708,124.38023959569608,Tuesday,19,4,2019,Haze,63,2019-04-01
235.63486608788645,178.5778884811766,22.17125580724546,49.330019608551886,1.7633448596775063,52.90398073116791,9.968935352378402,92.1194494217104,4.457092897306526,112.67692627365489,1030.6601300858806,6.564776078222778,7.637330995285327,208,Summer,Guangzhou,42.61974366876055,112.24132594287332,Friday,10,10,2019,Snow,18,2019-10-01
67.28186402696352,38.171494609447805,34.4815456899982,3.779593469453884,0.4021997170700754,108.35411926308458,37.27519161546083,38.715025084761415,9.991276694329162,333.7702680489862,984.01310513176,22.13704216375386,12.186612248956392,110,Winter,Shanghai,47.850689731494896,102.85558399793656,Wednesday,3,5,2024,Fog,34,2024-05-01
146.358115817366,217.5247232785925,60.94240200689608,36.45840544081811,3.503408445869359,36.46284914354884,-8.084187938176187,16.705290518440854,8.131378433940398,76.15204551749613,1033.9890456486114,18.77667877240276,12.29553288857885,217,Spring,Beijing,48.10774883020039,124.22938599283044,Wednesday,15,9,2016,Snow,46,2016-09-01
233.9592768026666,256.7809375415196,23.355340053684884,4.628888468907134,2.995958074325316,137.5180461643348,14.134012560962642,37.04140242729952,5.439197506602657,19.991172750624514,1046.9036213058744,34.71889956988498,14.158266125781209,495,Spring,Chengdu,21.981199969968287,123.73824523974416,Saturday,21,4,2021,Haze,77,2021-04-01
204.600362578732,87.02001316943905,84.91703117492884,47.13241341741695,4.285445582502943,173.03360349381535,7.330120936736549,58.6929506467821,1.221645968443068,154.0878579658866,1027.418830314462,39.642295290957854,6.390707691990515,474,Winter,Shenzhen,34.231233855869135,118.98498478998036,Saturday,22,10,2017,Cloudy,57,2017-10-01
191.8041264163255,93.66189152764063,26.239471050096306,27.02201516215171,1.9951604580571196,156.01124955269717,23.609302317092805,60.4115565275028,6.008689883267869,77.0912491612735,985.4977124920892,9.153047654291829,6.138234981070517,359,Summer,Shenzhen,37.4650286916104,94.35533302048756,Wednesday,13,2,2024,Cloudy,47,2024-02-01
187.0508699156944,224.59458104961683,61.8823923651886,27.649262378571144,1.7662187159185423,128.97288138762485,9.865008687731269,97.3367623492699,0.071563325328916,211.6820811839449,1004.6758392138308,40.25181195609087,19.60232910059371,317,Summer,Shanghai,28.669890753803188,104.94136742539388,Monday,18,9,2024,Cloudy,24,2024-09-01
55.71468153880042,96.4595059744882,10.63740560126478,4.217341173477398,3.6965077452258153,34.58002831737723,-7.957401665710392,22.29870787120832,4.962373904404037,192.22601495213317,1029.6030842917137,46.00593823383564,11.805931502562167,198,Summer,Chengdu,37.64863851565963,103.24155702521692,Monday,8,5,2024,Fog,18,2024-05-01
232.8240498616909,120.61857361025814,74.77540068216382,22.23164746618036,4.770389895989314,93.4094414952238,35.96382544822351,24.645345907177862,4.008490760419113,235.2659741975561,999.6893856655968,15.427746500599964,13.81686707503741,193,Spring,Guangzhou,37.72536660894211,92.6720284210742,Saturday,20,6,2023,Rain,34,2023-06-01
215.12386725560077,210.70152513184252,94.72143027938556,43.17338411562237,0.7494319558515891,117.24670083513055,6.982875462384467,51.57638184045464,4.385320869163167,19.23683743444595,1032.501455857634,5.003551262343536,7.801463373932698,89,Autumn,Shenzhen,43.11966127755004,124.32324746590164,Tuesday,11,7,2018,Clear,84,2018-07-01
86.5996154935114,263.30819286041174,51.00398337668837,25.15437724590419,2.670483959199628,21.979824131937843,-7.372749967210487,74.71532195910912,9.913598894954708,135.66275860360724,1023.5575667947032,47.16737232528244,16.983331443216514,355,Summer,Beijing,46.39885213693079,96.14128733453111,Sunday,19,9,2019,Cloudy,13,2019-09-01
218.5331735544922,26.086435086441444,33.57057763452738,7.880025993294277,1.1325674279881486,75.28216020156351,0.447838678356808,29.238086000849357,9.86019275911334,189.88943330477332,1047.0503899808402,15.931672276729875,19.439080942764186,39,Spring,Chengdu,43.39785870967437,104.72373988683924,Sunday,6,7,2022,Rain,37,2022-07-01
38.043029385725184,120.66854625747176,64.98505198702381,27.57364551958713,0.975424370505983,164.55286029775678,10.425763291469156,45.31222959411247,2.5600253534368944,252.01430501193877,996.808098093891,21.0675412723452,2.8237988094318256,423,Spring,Guangzhou,36.77040972005877,111.9846924694348,Friday,7,2,2024,Fog,61,2024-02-01
34.17109576873888,251.7173140379528,8.29231691822893,43.06720403952761,2.6385846852707795,110.35328290887873,39.57156992468013,58.00356467346996,2.7920546601114493,340.8566671976935,1039.4458390813118,21.17708948353283,11.795934984755515,273,Spring,Beijing,38.108146891696,106.09910284743911,Friday,9,1,2018,Fog,57,2018-01-01
45.78130728180619,279.2857585762546,34.54672725429319,20.867979118178496,3.2947774328150987,32.99234417263677,15.235057956164642,70.28710334869496,0.7243055205637383,207.8866481902925,1034.4247176151462,39.12736809547242,4.236092879898888,136,Winter,Shenzhen,38.825741862058095,102.20317846198937,Wednesday,14,1,2016,Clear,36,2016-01-01
243.83836710514248,133.139725590325,37.381010320474864,46.21652648498194,4.534652776858993,97.6224513431801,23.66154463536021,32.435211275207145,6.753066719151738,246.29415231653877,983.64408914558,1.7246456080406425,12.616361035349676,61,Winter,Beijing,21.193730815826065,93.08421231581588,Friday,1,6,2022,Rain,25,2022-06-01
137.31239733593094,178.4003062972533,93.46448676567869,11.48681049465008,0.1306697690021278,178.61747989217923,11.309089766621238,99.83330894034232,8.267936978664979,295.51217637127706,1026.610566013736,42.31817662603737,5.062112208132543,197,Summer,Shenzhen,44.50579332254314,91.74676233713656,Monday,14,5,2015,Snow,97,2015-05-01
130.89759315981388,49.78877019663836,23.839769134025367,2.969506873123259,0.8387012438033721,15.062912866161144,20.70983525330489,17.310785379662452,8.944932298105035,95.00572517735482,998.3815227738106,5.634546396715434,19.66147803316577,164,Spring,Shenzhen,37.148841876667326,117.69909507041734,Sunday,9,11,2020,Fog,10,2020-11-01
173.7956764938761,285.5513957654134,49.66568517135797,43.479705757546846,3.7064321660533817,147.9417249403865,17.35999019222796,14.626566876521832,0.1111310521394282,67.46702126833664,994.6993642160688,39.366530224899854,15.047216952151777,249,Spring,Guangzhou,45.8077768441485,98.5397773389962,Monday,6,1,2017,Rain,48,2017-01-01
18.392237131602336,114.84780308405588,16.00681968937141,31.932747510419283,0.3866553188310817,160.07211408331452,8.232520458259199,72.96965189789978,0.5279057930763886,241.48297535585812,993.419753857118,12.599787892193516,7.4637742194511585,418,Spring,Beijing,20.87705787998819,109.74622672850698,Thursday,13,12,2018,Rain,98,2018-12-01
159.62871913331267,243.54908228472476,37.51320718023355,49.04857328243362,0.3261521895034318,32.52947237533161,32.847119619128904,78.72436920875982,7.630530704682796,281.8441448108354,1025.912247263115,6.954355604677925,6.772258339953024,414,Spring,Beijing,34.1478424308413,125.84403286277674,Sunday,3,5,2018,Cloudy,11,2018-05-01
187.79118284828004,204.2159428144089,51.7518934476868,40.830139125842045,2.998873801318752,45.94513231432199,12.409312576867414,28.2797191402308,6.324877055313088,351.56258408632937,1033.4004711020368,44.527617689221984,11.69455195536348,20,Spring,Beijing,23.76360055313021,113.9637190412211,Sunday,20,9,2023,Fog,59,2023-09-01
39.02490815579358,178.46708399223357,61.4221467867692,34.251933513831425,1.073951830606079,89.96946038554309,-5.816903807016162,31.76658139160041,8.708593764217149,265.5647101713134,1024.5821358696471,38.57441503910883,6.470348608674548,63,Autumn,Guangzhou,37.13749381244975,93.06143440452868,Thursday,6,12,2021,Fog,37,2021-12-01
156.67050984770353,217.96234400498489,50.62307079057703,39.62517735029433,1.6565811873725471,141.15095821417756,19.666515830206677,61.40106930298101,1.9049817840866057,293.69387207596765,1010.0469061844096,24.32545785809459,14.282987993876924,439,Autumn,Shanghai,20.809138927793256,124.25119984513378,Sunday,6,12,2020,Snow,34,2020-12-01
155.8505136405824,141.64995869770706,35.1491899487336,43.21203835706667,1.7918709375681283,177.03392628385302,33.483412900584014,37.16239149513039,9.20461622958016,314.2215114523466,1036.0980540682212,23.123753933778445,3.5746458613813394,109,Winter,Chengdu,46.70491673800581,92.4657608805614,Friday,4,6,2016,Cloudy,80,2016-06-01
238.2730794810581,160.3893893776124,64.57137872610569,32.559024662780146,4.868194040604213,29.19958983314641,7.0757063786697465,69.09474214012101,6.192209784601383,354.9487133406358,980.2775525916812,6.494382721915986,10.259587672247102,435,Winter,Shenzhen,33.80735109846319,124.50086708306443,Friday,18,2,2023,Cloudy,81,2023-02-01
130.29295280979258,93.39001460335498,7.286433916022795,22.18189191704856,1.4883882559681365,160.09630855657252,24.97784542854832,68.91256933409409,2.5780758888164703,66.09408481251594,1022.6539181674854,29.94305721743607,6.337674689697035,121,Autumn,Beijing,49.27734130733148,116.3382273620765,Friday,7,1,2020,Snow,59,2020-01-01
100.55973672304084,288.7217558504984,96.8960198178978,38.44053280891517,3.065190355653894,161.97668002569787,27.227584482043994,85.21382055775108,5.933869836694563,308.3228607589364,993.11530025882,1.4632377300360044,18.827136792089597,45,Summer,Beijing,27.302197387560227,126.17623065034488,Tuesday,16,10,2017,Clear,38,2017-10-01
100.5114581995976,270.6473522504132,84.38766099822674,1.0146934222912058,1.6238680580505478,176.7005284501662,5.88698678565531,73.67993966144246,9.778313265347842,165.78683240544814,1033.1338469873822,40.72795763185502,6.789811067012592,307,Winter,Shenzhen,34.54642959130872,95.74137733862004,Friday,14,11,2024,Cloudy,60,2024-11-01
78.60785820804308,286.3366840745773,59.33387905862973,6.410722882471795,4.830340421692087,179.1399559977345,5.430533283191533,69.27039448712449,9.603346567039647,81.15387702026005,1001.105049993595,38.20551909958936,18.155478942478457,207,Autumn,Chengdu,45.79524730591574,121.53058685324078,Wednesday,8,10,2016,Snow,43,2016-10-01
103.88608454910607,110.726927492878,81.96707263049097,12.538642659477938,2.2342761052912143,190.78632510206683,0.9571677137985386,88.32394044304057,9.129090169818728,358.8940638955521,1030.4372562513274,46.26856291026935,10.083246447119247,327,Summer,Chengdu,49.24486575285127,112.56361422124785,Thursday,23,2,2021,Clear,87,2021-02-01
18.762346062393178,177.47996987807022,36.58511284986686,29.478286485335072,2.836846472457152,19.670311291690016,-0.9299670558043508,91.69853610606526,9.681430674986306,211.77743676019028,1006.201093565469,8.464565028746085,4.881263431784395,125,Summer,Beijing,37.7730133758303,98.47589771161388,Sunday,6,4,2020,Clear,48,2020-04-01
219.87175434520125,81.34062706708141,52.350327530903655,12.126760370510024,3.082541997259116,60.29944620525,11.35485441641332,11.817624530182472,2.5055777978881832,288.71637854084094,1039.771068409375,39.63137064685549,18.987364083617397,408,Winter,Shanghai,47.314813326947856,100.18272140931346,Monday,14,10,2016,Fog,29,2016-10-01
69.25575725404008,256.7727282580701,54.36919325146868,7.586007478661089,2.594711970446815,13.768191700142705,11.090749941265152,10.637339333021927,1.246910667059633,178.14816480313235,990.9369992254732,13.89308410431423,8.926679464922314,411,Winter,Shanghai,35.35711167585773,102.73643479703384,Wednesday,7,12,2020,Fog,88,2020-12-01
246.0702665289192,262.03750991977927,72.564100972253,15.621432282645268,0.6119956087619938,140.92335257690627,29.489567271439604,99.33354679244532,3.0706971396595737,0.2193786623757709,1013.9410923819896,44.49352545753128,11.83351080383245,207,Winter,Shanghai,21.72861733165197,124.07941317792418,Thursday,17,5,2016,Snow,45,2016-05-01
202.920683906359,148.06924476705277,72.87556203548831,24.97588523561181,2.356003792168703,74.55598203903132,35.45167467755656,61.243506563469495,3.134862158768298,10.933664673228416,999.750743451771,10.217510764727,0.459650865776773,207,Spring,Shanghai,35.48208845780304,101.11421732646716,Friday,3,10,2024,Clear,77,2024-10-01
246.6159302368588,292.5632536199564,30.607009745928725,36.116432997271765,4.714952747122113,18.01922360877699,-8.767891710025356,64.32837279700504,7.643638262947699,9.565151169165338,1012.3415712278124,43.62656520597,9.777472346078303,365,Summer,Chengdu,37.59293850398791,122.71891574677662,Friday,8,11,2023,Haze,93,2023-11-01
115.5344939012281,22.290358692315163,66.45789937823359,46.03680361707575,4.642683460802121,194.16723272881168,28.333062680005327,69.00560081723077,8.580193463056457,106.11559092657996,1045.419310496158,5.466666309962043,4.490197714300045,310,Summer,Shanghai,21.192483397275527,124.09138784331267,Friday,14,5,2018,Clear,69,2018-05-01
228.85570416679025,135.54269999700392,34.61899253360002,30.35065547385558,1.447429985909744,156.897176224091,29.41379284233159,96.67338690524794,4.6433202632094925,159.11717147840088,1002.7635403096892,17.560468272091313,0.6892646723917134,475,Summer,Guangzhou,34.1247245001837,106.80163246560122,Tuesday,0,10,2024,Fog,62,2024-10-01
170.47930289975787,118.44726417662784,60.01530815088212,4.931148788562892,3.9396673338192416,172.5524490624811,24.18705665371062,56.71206759368597,3.303363828862146,253.9766840129061,1042.481172505769,32.12562025153619,17.22745240993561,269,Winter,Shanghai,45.98381223257304,103.16145272749417,Wednesday,12,8,2024,Haze,51,2024-08-01
219.0139446604673,64.28281643210829,5.792422019046763,10.445655086892875,3.0175488360266063,34.88394258683871,4.57388754099086,36.59823234083643,4.411612374378647,43.97732076736488,1002.6137222599132,2.843939602524348,3.661409044902721,144,Summer,Guangzhou,46.6734724274004,96.49726370766062,Monday,7,7,2016,Fog,29,2016-07-01
83.77208593835233,203.22112769498543,21.781015344122007,43.89846268128041,1.895005178725599,153.17644948998384,6.044509910967392,67.85393137180297,0.553728399209531,348.5341377361694,1027.629854828096,32.47608624451548,3.962844731538905,486,Spring,Shanghai,26.43865231597,111.50304343921478,Thursday,23,11,2021,Fog,7,2021-11-01
29.319978404966378,243.22336795127885,65.48948665963643,3.151844265715593,0.1883239082425263,131.97436926708076,-4.426569871530841,93.84159781603198,6.6801096240615445,66.96851902904453,990.1414334906495,36.871768102382205,5.087907891225349,477,Autumn,Shenzhen,24.432827511155143,111.80130569515754,Thursday,7,10,2017,Clear,5,2017-10-01
77.80933926738614,94.94837717247418,27.241157787380164,20.73622367529681,3.026494088792408,183.84511129704865,-8.155247478278135,95.19469183331525,3.192784444275143,241.5696832052034,1020.454139312224,33.77651930759533,8.39676079070245,91,Spring,Beijing,39.82546585145568,94.42107469398852,Thursday,8,1,2018,Rain,83,2018-01-01
59.07045885956455,22.893410264699995,38.92411231702378,49.52243575003823,2.560412857012002,76.35388358090333,-4.9092912340813335,19.66368509997192,9.570058456038954,20.972840815478023,993.866221100066,0.020201094368355,9.749275657150156,316,Winter,Shenzhen,22.4081859257406,119.97479471437774,Friday,16,3,2017,Haze,14,2017-03-01
39.16563622608754,65.36096128863952,55.418103871475225,7.471295057008593,0.7749889685361051,167.65681989497207,35.499295292460005,66.62208661943106,5.502639203614146,112.50431039336983,1033.191168508538,45.79994572882857,16.273027244382156,68,Spring,Chengdu,41.73769299161084,101.16798203584015,Saturday,9,12,2021,Fog,89,2021-12-01
161.57579568499165,232.0980181647681,34.072770389604216,11.104984828532343,2.8478146146409147,23.85838077491316,16.862982729976693,59.13929916841628,1.8666084926947712,34.14836125781563,1013.6540481203576,24.04515204451202,9.112721135418068,332,Spring,Guangzhou,36.12673770252049,98.91301700920894,Monday,17,12,2024,Rain,47,2024-12-01
103.1869378512716,222.3705156774041,50.73455765138737,37.49413289915472,1.845883610896176,17.91070280078897,8.746214562345521,46.80216237282898,1.7775756098183535,234.8048333055642,983.6087401748714,44.24822664678885,8.183664552261122,237,Summer,Guangzhou,30.33647541265489,123.81170347230498,Saturday,22,2,2021,Haze,72,2021-02-01
155.46754724275016,270.89856353511846,85.33399465672646,39.72347704361306,0.5260567782072877,138.49578035233577,0.9519419697291678,90.72680569321008,3.9961523926941824,216.24785367132483,1042.198259778376,41.14043080241064,9.47331068659205,337,Autumn,Shenzhen,20.770431464891143,113.01223521854078,Sunday,17,9,2019,Snow,28,2019-09-01
22.222051956008563,274.4717864811969,27.661095415803253,12.665688889515348,3.854062676228832,19.417403824376443,20.923263121557675,35.27145323440546,3.954118940670244,359.0026555874234,1017.401975479086,13.922978028052349,9.11942961018748,445,Winter,Shenzhen,32.18644800673832,110.24517468077708,Tuesday,18,4,2016,Fog,31,2016-04-01
186.4586133094414,42.25808280156255,27.4508068657605,44.38647782302115,3.710868915475914,59.79083366353897,-1.5172081364898808,18.063017969283155,7.023308482493685,344.9567354664267,997.624313906272,24.01843112320573,13.833457877445015,456,Spring,Shanghai,29.940753789133897,94.0638150766384,Friday,12,2,2020,Rain,46,2020-02-01
202.04839492419487,153.2825810485649,42.42814247262299,26.069671389653127,0.6933184751240113,176.96301770113428,-0.8890621064199813,23.86135270161447,5.258003953204462,198.2971143766368,1022.6820449411808,0.9746693449283528,13.63143574022912,181,Summer,Beijing,40.05769190950311,121.05323019234564,Thursday,10,2,2022,Clear,60,2022-02-01
163.82591550713863,212.4527714074252,64.6047340245959,15.678497901289914,0.4445122489676598,131.66213942908738,21.51537421575099,99.35602174228306,3.837737636573841,300.7442439223442,1029.8102554258146,33.10634977511914,10.028882795601554,115,Spring,Beijing,22.02338926701429,91.30175311885344,Friday,5,8,2016,Snow,36,2016-08-01
77.96853046165444,77.94009403964193,91.8695553960066,36.68974041913612,2.605854371854708,108.44357068910266,38.2342766063945,32.584582495262474,9.977319531759168,351.2137233789234,1044.6365989461117,45.22203021900357,11.634800554960016,216,Summer,Beijing,36.57222458584849,127.9412822407594,Monday,3,2,2024,Haze,92,2024-02-01
88.6907641360153,24.062214026121943,25.60216356540454,38.00887728737632,0.4931453200689663,17.244683612130466,37.071894942520366,38.93601946997738,7.712687186346412,146.8684573216259,995.8087333064788,9.697699120966712,12.94330108510982,286,Spring,Shanghai,39.16510551440653,119.50896697841704,Saturday,10,9,2022,Cloudy,9,2022-09-01
174.05476328408216,126.64331459705716,43.29058514977855,11.62511722266873,4.088775675226812,21.002987550133845,1.725053259471096,34.31499833546227,3.8669164727511856,256.7833535227859,985.0525281422164,14.89234133094598,5.590370603013519,258,Winter,Beijing,25.73231060972546,116.68553056677516,Friday,12,4,2021,Snow,91,2021-04-01
45.005232750719166,43.32665135672524,10.424213304761464,40.30996187797886,3.6408033949529863,125.56065634586034,36.22550974728048,20.33972623418401,9.715728868388544,175.37460728422465,993.1342219247366,6.682051745628071,12.216416849791994,113,Autumn,Chengdu,20.78707051689246,120.04738658649106,Thursday,6,10,2024,Clear,49,2024-10-01
203.43779826334372,179.97595121092738,42.45037821776013,34.57120211288392,0.9339668893926728,163.91038878039188,23.643219363331653,97.13059604992928,7.143602998632676,328.3573212463969,986.08533764539,15.897802392836876,0.573145715969361,178,Winter,Beijing,47.600556414015855,121.01220516447476,Friday,21,1,2020,Cloudy,65,2020-01-01
96.32898468108569,295.5072981387912,26.24404481990121,30.795090377679507,1.911112321022025,28.61929911728102,32.199472636503955,82.06712532737751,8.071360802104783,241.57503466596637,1045.7535247616258,8.659655826839618,1.4066464960102605,105,Autumn,Shenzhen,22.12682908259796,120.52695029341878,Thursday,7,3,2016,Snow,22,2016-03-01
194.67422898950755,131.94934430780185,9.827747913017337,26.32083724108768,1.202901601757908,136.8146133185612,23.56917411309402,21.0175282221522,6.567503158987701,264.135730062164,1026.9133147046914,26.76059041798616,10.680207470701548,67,Spring,Chengdu,37.35221019485898,94.36581182344828,Wednesday,18,7,2018,Fog,49,2018-07-01
216.0788107595906,194.2683693909244,56.80904298525715,21.67495272998144,3.2913390449040136,134.13029873855322,13.188830293703532,55.1425258759461,9.82759512239369,53.32418592870185,1009.562670951278,36.48149570106922,14.799008329125188,400,Spring,Guangzhou,22.3172297215686,110.27494798497256,Tuesday,23,3,2017,Cloudy,43,2017-03-01
96.40838993515412,119.01484657696852,41.76579652200671,7.229109475238657,4.967167197410004,76.1696845673093,-7.670732886981809,31.72492536951996,8.991909345979352,31.400596074948112,1014.976051681798,39.671431633183694,10.304089186591233,204,Summer,Guangzhou,40.755948324055794,115.62807362732084,Sunday,16,10,2016,Snow,50,2016-10-01
216.8182276579917,121.93324919298804,7.400346498343558,42.32869399209359,4.205150161638882,10.812093956365167,10.00044682269434,31.662200686246365,4.669903061803801,257.6777675690964,994.8446856381782,5.214938471056096,11.877856909317748,42,Spring,Shenzhen,27.16219510173302,126.08705585743915,Monday,4,1,2019,Haze,44,2019-01-01
124.67542141563342,147.0209525703121,44.639139477260485,28.069370855033878,4.649661402006186,189.05457428665875,19.330422439918703,15.802734689851135,8.388190228489957,139.93339896519035,1032.803503330182,30.56802002500189,15.128899270556914,33,Spring,Guangzhou,23.11852669874463,124.88679644177644,Wednesday,12,1,2021,Snow,47,2021-01-01
248.2180642923712,144.63272100083566,28.529465539298577,28.06287766902989,0.3213996244845131,11.04974307153014,9.8523904674346,88.0303504987775,5.367420978733994,241.8218552847275,994.0773199165778,18.856937742034408,2.5521965370990536,16,Spring,Guangzhou,33.10436230547081,94.45882377407818,Saturday,23,11,2018,Fog,89,2018-11-01
177.4266070171018,210.46613176072304,38.30266994050841,26.93299462802233,0.9949020741307004,82.82611986746866,-0.8399677601991584,85.57379968249869,6.776393878286051,11.359957472009151,991.9951646152164,37.66101960437653,16.161110220873265,137,Spring,Shanghai,39.61595508322611,124.03880441721266,Thursday,4,3,2018,Clear,34,2018-03-01
154.8286405970099,209.45437142465585,25.218316448453656,12.687507545790286,1.1734481100544971,135.63766480756445,18.59038535907831,83.18377105054854,1.0580358627612083,255.2119013620156,981.9231398302736,29.843632899646767,7.329902436290846,116,Summer,Beijing,28.19628906669538,97.61004870280595,Wednesday,13,1,2020,Haze,16,2020-01-01
102.76620253645326,91.59240200123756,85.68611504125316,47.42791588772255,4.879074414773716,112.31707710203774,13.29118999486423,32.590964060637106,6.387363511036579,86.00514701121205,1024.5597014039636,22.52837013498676,14.278520473276007,262,Autumn,Shenzhen,40.20344603497922,114.28817721594676,Wednesday,21,7,2024,Rain,35,2024-07-01
100.318650282723,203.44338346843807,67.52617195920593,12.19660498338179,0.889620337615404,85.47117292584969,17.167359693867336,43.882464552082936,6.600735140183516,100.6976787248132,1022.336208054635,30.63119304759015,12.24958129386916,294,Summer,Beijing,35.614353684587286,105.3109205271524,Monday,1,1,2015,Snow,8,2015-01-01
176.77049386083365,237.51542479572552,78.40366854258785,41.59228249669676,3.566937373516162,135.64129624049758,14.441223064443625,81.00863769592699,3.978692839295178,96.35740452799088,1020.1369929033026,2.063791874931631,5.0539966385569,86,Summer,Guangzhou,38.350688952353856,126.07366026738576,Wednesday,21,8,2015,Cloudy,87,2015-08-01
222.01246274126157,127.69765120387837,10.586367303553526,37.30037787404701,3.873710386293576,155.03896764743678,16.104138224605002,41.11452015134875,7.649768869200601,200.015627684052,1049.9017042049586,44.85119130048296,1.3558678007299017,91,Winter,Guangzhou,26.80978000373087,128.4575414425779,Wednesday,19,2,2024,Rain,59,2024-02-01
143.77030594786171,139.76079162970092,17.073111692359035,13.68100804618491,4.896264332570062,158.69836850441223,18.377663371973416,18.06478867092417,1.481189785012097,199.3626781741275,1016.3445863110444,11.451864666519644,16.724530115086054,164,Summer,Shenzhen,46.51101809943288,90.79353016620388,Monday,23,8,2016,Rain,52,2016-08-01
43.76664677365,77.98897295253094,93.94879047403312,32.03488532897035,3.7341261758058737,50.587497614588834,18.70377871972582,83.86587978366595,1.7453350511182486,171.15301369734837,1042.3449595548798,6.108713069732636,10.979646515528804,318,Summer,Shenzhen,41.66041459632974,120.65065569250775,Monday,17,6,2018,Fog,68,2018-06-01
81.55656171623694,181.3257827415476,86.04933723832546,5.618237411933784,1.753871656130304,126.97373580933323,5.036055571134533,52.70576382270155,8.20510857989006,4.228644729631603,1025.613464879688,38.53811187796704,5.983455480159816,231,Winter,Shenzhen,24.04988356583835,115.50916100616432,Monday,18,9,2023,Fog,25,2023-09-01
76.16147341698739,58.28907488652301,7.913749205549929,20.0228491846599,1.550591680210024,14.652026728839978,-6.450327034439693,60.96066621567772,6.615953835276788,14.677960418614424,1047.4641923821616,2.066798971069783,18.508595769042245,214,Summer,Beijing,38.56136562566604,90.34268934671566,Saturday,18,3,2015,Clear,71,2015-03-01
106.79955460953272,298.32536691471046,83.88879606098732,5.515485884296841,1.212629458595481,188.09567208107563,-4.099289267492586,19.06950866665432,8.087122000829435,207.8093898827728,1020.4710716962184,22.142205310718293,10.039323725317065,90,Winter,Guangzhou,45.019510631358685,101.79705027701422,Friday,13,3,2023,Fog,25,2023-03-01
68.69947799391781,46.700868954016016,53.44811896088485,23.4330263436651,0.8036158560379313,39.1245357865201,12.529686050430048,92.91260468112102,2.4333541837551564,357.04896179558165,1010.3260378006992,36.30418142143586,12.08579524800748,242,Summer,Beijing,40.08212501841837,102.3937815164008,Thursday,20,2,2022,Haze,98,2022-02-01
142.78094368717734,69.16506260565191,33.15370546098416,25.387637995749028,1.5331954542124415,179.99352801804386,14.333285020749283,73.74078169977889,2.49784101805583,95.50181521937628,1047.9372987447412,21.771476589593213,17.9401354639906,240,Summer,Shenzhen,20.70470301741414,125.51139464503125,Monday,19,6,2017,Rain,73,2017-06-01
206.04753487044613,236.794549123091,35.45959073265399,40.45705703317929,4.325183304422901,136.22800855197949,6.500317467907255,77.3644286366424,1.8301522875952947,198.58392383497045,1026.9210594627634,5.231683633019079,1.7590345010848434,230,Autumn,Guangzhou,43.46882083835848,112.285536073727,Friday,14,5,2018,Cloudy,43,2018-05-01
243.77543954978813,113.03623799418116,41.25965019439638,29.26478991530224,1.1795023809772769,35.59749669079101,24.63604216269971,46.67984195386154,9.364966234708827,107.55480168822358,1014.4284237352764,39.60292305800531,5.572380601223643,213,Summer,Guangzhou,24.212477380846718,126.89293467361044,Friday,19,5,2019,Fog,34,2019-05-01
90.51784920245026,258.7886962443887,81.39151038541885,37.57415347408327,0.6460583356895532,156.0495159164437,18.552823555031956,46.954836727125794,8.964528453805883,287.9361564318949,994.0272771428512,40.271739106692834,0.9500113362822048,425,Spring,Chengdu,27.47075347282493,123.49765144694618,Saturday,3,3,2016,Clear,12,2016-03-01
106.85062953111586,272.86835902884434,35.8254053005124,29.180970165580263,1.46064499452285,161.43855790853831,9.723080207458114,74.11813710990553,6.669630586437645,102.84953950528022,1039.3721776993627,20.984227363211744,6.871868171504616,393,Winter,Chengdu,22.248291702832468,97.19398923969328,Tuesday,3,2,2020,Fog,32,2020-02-01
74.71822284856025,198.6402951600587,64.2589763055085,32.872779347850134,3.3603683726039963,114.5342564687062,10.71649778836715,58.73893662364125,4.264305234988281,191.69311166163777,986.1622098122716,35.25736666240095,3.2495637088068547,340,Autumn,Guangzhou,35.11579550291694,94.42852231585051,Sunday,19,10,2018,Cloudy,55,2018-10-01
165.4360145411511,82.36193016122915,38.236789460276825,32.827830997278554,2.5848410431874167,20.83060682846333,36.61723803018562,94.47044905136944,8.67485979251841,252.15465111274057,984.64220980814,44.83465796359468,12.03447932064777,224,Summer,Chengdu,49.00635336184023,91.25429677940424,Tuesday,8,12,2017,Clear,69,2017-12-01
237.2974220774564,108.71099209489354,80.34030759725405,1.9323973476393697,2.6773054367013365,98.07128362008356,17.86204460240062,72.76354260574404,9.955807158115151,133.14965058380076,998.4847138168813,35.85938964085521,7.058646904753605,213,Summer,Shanghai,46.36797849996198,114.67235793948332,Sunday,1,9,2018,Haze,95,2018-09-01
79.78169609480662,236.29993324696383,7.232469458073163,7.83681504806913,1.5828547018752592,144.47424635975585,24.747178146903337,38.55054338503321,1.1333610273203298,50.238679233928806,999.7640527364588,8.394990813324938,4.485504687581786,375,Winter,Shanghai,40.36232580685086,117.75368225935703,Wednesday,19,8,2022,Snow,66,2022-08-01
99.77107943543596,297.38205509304834,75.41225386282458,45.030909447305945,4.672622488119655,120.94127200256877,-8.397974599588029,78.82761292862622,9.636873090882109,40.14491008912822,1031.9116100316342,11.471763426008042,5.13473634984269,424,Summer,Shenzhen,26.90369530858812,106.21908651572124,Sunday,6,3,2018,Haze,26,2018-03-01
28.6952052481357,71.87382552308223,66.32738246784285,26.75567337828549,2.167659219135055,144.02870399342586,10.709071479389896,43.42803715573668,2.208928300739684,241.845003187779,1036.4690448649255,49.58594153422896,14.544792448052837,218,Autumn,Shanghai,37.30109612244132,128.93731009434975,Wednesday,5,4,2022,Clear,40,2022-04-01
34.156893729428816,116.32381083447495,30.38241539857598,2.0600661898170154,3.9889082346894025,78.1908002829772,22.27132331113745,19.01798051909436,9.974142628591084,216.3222107747175,1040.8195902661034,45.74635822901499,16.73526784284632,16,Winter,Shenzhen,21.42189816902522,126.16989911980316,Sunday,1,4,2021,Rain,43,2021-04-01
192.2386142835704,51.91189444293514,29.42985897728849,44.9462640333558,0.8167273007244898,163.62945059394983,25.77969110154274,35.90142640159719,3.1426280947680265,129.29685699000237,1039.647069331537,26.74291063873455,1.5822949364283223,66,Spring,Guangzhou,21.002288238397316,129.25392429017518,Tuesday,6,12,2022,Clear,38,2022-12-01
162.43809725683207,252.6557056288816,28.14514658616316,42.49620652068749,0.6944929622247752,103.15396089838288,18.64245262096144,69.3377975209107,8.828520780659682,124.78063373813272,1033.8818239415878,46.15382962876349,15.552277284043102,45,Spring,Shenzhen,26.813323766049272,105.9972051394997,Tuesday,7,11,2021,Fog,2,2021-11-01
82.6735508084372,143.63737470861668,50.37932088012237,4.754714943287003,4.059608624367341,46.0253976573005,1.2985899845894124,37.81756274764698,4.83092916057923,190.010244860232,1047.9281525791123,20.038483455338536,1.6671913828501546,27,Winter,Guangzhou,32.17578738009128,112.80618850623564,Monday,8,5,2019,Rain,2,2019-05-01
55.42622726248546,147.41589205170297,20.55535324941738,22.155158412890536,2.715067617314268,33.615121389870865,32.84260223563754,71.27657470007864,8.628063777786661,270.54330798457835,996.2916458875692,26.954663010427065,6.773516944274064,484,Winter,Chengdu,35.120806260185034,92.35004709009075,Sunday,23,1,2019,Cloudy,92,2019-01-01
47.10270691866779,148.9131884094615,11.491134414610505,3.3876292800375687,1.720126399460436,115.9239051543057,-4.725878205818565,45.859792167944256,0.9592151957643036,320.78201483639003,992.8968146263376,8.694227937821347,7.570254043483023,61,Autumn,Guangzhou,37.0197099332419,101.98641225038588,Friday,10,12,2015,Snow,90,2015-12-01
89.71408540748322,29.51732215010665,99.68685175591202,37.747777465838624,0.8553583333253536,67.53088705262863,-2.851225403835624,20.094493185473908,8.698735252987477,304.36199429007985,1004.2052156846984,18.413961231021677,4.646422094357595,485,Autumn,Beijing,41.53800079489532,129.4044643916326,Tuesday,9,4,2021,Fog,4,2021-04-01
56.53657915312731,74.7744323703254,97.9350325793462,36.88014208944889,0.2202826978328949,108.41751614103433,22.369699720476028,46.566033478678094,2.000382148707549,127.0905980719006,1049.2601162460114,9.769552071915216,13.383010531053118,58,Autumn,Shenzhen,39.74138706583764,95.25217303483794,Thursday,20,11,2018,Snow,87,2018-11-01
142.86544988331318,120.2063164785654,25.648756734900736,6.066985923328883,3.6117744455586647,89.0806189391699,33.9259264005189,58.440787997312825,5.50367889485767,268.8595618120118,1049.490610623959,32.1074712629164,19.113654643418,83,Spring,Guangzhou,30.797968387530037,111.79725445153537,Tuesday,5,3,2024,Fog,65,2024-03-01
103.93493760521248,80.85232060850566,12.619790056834349,40.67728295558958,3.835073805391728,119.37111520857178,6.185688378077906,24.924312652024767,7.751505964200032,280.63353012340025,985.1005067515488,10.71341230175732,3.97274858346253,459,Summer,Guangzhou,39.66616816557916,129.41771665331288,Saturday,6,1,2017,Clear,50,2017-01-01
132.5891138507466,188.10361579227364,38.21154813239432,32.10968996366263,2.3162835484197384,12.750557282270744,21.862972112124005,19.293113485783454,1.568065466488593,71.38177910609349,1040.0750501591283,32.644343209165896,11.914349779907656,386,Autumn,Shenzhen,46.90886321213956,108.53400850490414,Tuesday,4,8,2018,Fog,38,2018-08-01
172.77186919741638,195.30505732306708,33.987145490656886,44.60980268151406,4.616822493613412,85.15505859547619,19.8965388860802,41.06259828047905,1.3463768715724178,238.74058542377105,997.868401929936,22.05331889917559,19.446442151277903,273,Autumn,Guangzhou,33.31745988651487,98.95884258621602,Tuesday,14,8,2020,Cloudy,47,2020-08-01
150.0102644389017,250.04853432923449,93.02604008017316,4.516483360385807,0.2748227766382755,82.22940420635167,21.73897769255128,97.75252603013016,8.294192591807834,139.46208375048695,995.1384398686612,15.428399331585648,7.260561318013028,356,Autumn,Chengdu,21.81867376509049,105.12271116031155,Wednesday,12,9,2019,Haze,2,2019-09-01
121.20891016621984,120.47769115021286,82.31666877599429,7.990421837879668,1.435225777449041,178.57332280081192,-6.727787798725945,22.65004461374297,2.093606044068986,248.22056672508023,1031.675883107032,29.390607796721884,13.236353289336696,71,Summer,Chengdu,21.731833943819588,125.65758563034828,Wednesday,9,4,2023,Snow,98,2023-04-01
93.6635850007374,203.6403000124393,86.53375421151577,20.91782070878993,3.649845511939562,10.429392170091807,13.361745028057186,33.838042567651705,6.9611959606960285,166.98250968526364,1005.4594647564926,12.641178755871444,17.820411335455358,479,Winter,Shenzhen,21.131616310981023,91.09410769381384,Tuesday,2,6,2017,Rain,68,2017-06-01
118.54089257221456,279.4853111396764,8.040174856811491,40.8431529549116,4.477435238349535,47.3821947951236,32.22654475310443,18.147056742951197,3.1411778194264075,284.5167839542726,1044.8611272250685,38.65899354173322,16.33340624344122,306,Winter,Beijing,45.93115871455632,91.2065480304593,Tuesday,18,11,2021,Snow,11,2021-11-01
191.41913487397292,245.59970356885736,34.4513600081272,21.04614467444286,1.4521382724259233,154.27034778077768,24.728055941198413,10.208016605381063,6.04377404674845,222.93660510949,1022.7285286773777,48.17583693658653,2.096856943790741,444,Autumn,Beijing,48.256531221700165,92.31417270419004,Tuesday,3,4,2018,Clear,23,2018-04-01
163.70898013686994,240.89960701066653,20.71485516570839,45.46480157851947,3.7165666782042273,34.07701060618402,33.983551585103065,30.45960534575972,7.624092725113298,352.4044065048343,1044.3935088562248,49.19492677063349,10.703757500646212,472,Summer,Beijing,41.50051818738972,98.08830426592284,Friday,22,3,2024,Rain,16,2024-03-01
165.83080771460766,185.19130164971216,43.62327348230531,21.71833424823897,3.990644402057265,149.9032584521091,3.903481846672417,82.69484766924313,9.737640904406554,11.57192104944142,992.0841221521962,18.439073687447777,3.195958655944207,440,Autumn,Shenzhen,38.423706081214576,121.81447626174251,Sunday,9,6,2024,Clear,46,2024-06-01
181.9456534177751,223.01876323978348,58.57617627876177,49.96733933641943,4.35339371786833,63.05747094645599,19.79401011811362,82.67032622151557,2.9290828286108206,198.57482648868395,1034.180650134814,10.62011581782028,19.0596756926757,82,Summer,Guangzhou,24.3862044016248,110.03366526742832,Monday,7,12,2022,Fog,70,2022-12-01
233.052698752869,21.80404230572315,51.99473742081623,38.27298019499444,0.8114860813058112,198.5958067577593,24.363124468578867,16.97184305979597,0.088810135042483,9.479921588844029,1001.9449730099434,39.659114761260206,4.967443293684016,105,Summer,Beijing,31.519021653146844,92.60433325342176,Friday,12,8,2023,Cloudy,56,2023-08-01
194.6720848952109,264.52393636966065,75.3452830428579,47.81698054318037,0.690610892741958,152.27907359134673,27.40205014583566,45.56253886497903,1.027054567304152,17.11948145023596,989.5031178821456,36.24385801856728,6.850860059548023,100,Autumn,Chengdu,34.16339909417125,114.96870207522916,Wednesday,16,6,2024,Fog,79,2024-06-01
87.66428168925286,291.5046876283201,47.10495534631449,4.924407840907553,1.5698620262214842,123.17491039730292,5.049469844872048,92.091970096124,8.356791669295445,129.685027577292,1035.9898663857505,40.18077520977692,7.191428952306966,263,Autumn,Chengdu,23.917691171760808,91.10312774588054,Wednesday,4,4,2016,Haze,36,2016-04-01
21.53287054231142,242.69541701484889,77.66869480241672,9.026723131489923,0.8813850660890056,51.37621235302176,-5.37587648739681,55.23724666013738,7.1008438467278046,236.15120268750832,1000.6451383842324,24.25617433058403,16.796043773478797,184,Summer,Chengdu,27.35565815233432,108.42425640535484,Friday,22,3,2017,Rain,61,2017-03-01
234.2826586518796,247.76576460016017,96.00682655081134,48.837478746902775,3.612856318354786,112.75694020155564,34.51485566627302,72.06847350409302,8.163139216672196,35.64369280642484,1044.44569251718,37.422779976393045,14.284010348485692,243,Spring,Guangzhou,27.759123382399157,111.2603772888686,Saturday,20,11,2022,Snow,27,2022-11-01
226.29587189579857,142.71922512310448,11.051350055139924,7.614514824388715,2.5357750608589718,69.33859054886851,35.84562941688273,46.69486107023489,3.4570102482081246,111.04554327932672,1043.0766031997916,8.189931330411355,11.274454499707533,318,Autumn,Shanghai,43.055155389968775,95.90274170713973,Monday,9,6,2020,Snow,58,2020-06-01
103.9432443702136,57.54149571711555,14.188483205479962,20.339214828402344,3.7189615589350495,58.56424386256917,-8.323666971730422,88.52164941924872,7.774042324565798,269.4310558023562,1004.8937518688056,18.520035939440955,3.542276328546662,274,Autumn,Shanghai,40.32046765745042,92.31409278185951,Friday,21,2,2018,Clear,74,2018-02-01
157.61274562193083,227.6872876969436,9.813803106245016,43.92049871074014,0.1142426527395217,86.87327815140026,-0.589413144413399,34.85717001925629,5.7778929083061525,269.6997619332022,983.7252359886072,35.4533654921367,7.867149391896381,352,Winter,Guangzhou,20.241001557888065,125.87054150859709,Thursday,19,3,2024,Fog,68,2024-03-01
184.32122035401792,98.77625354235671,19.27891233602681,1.9705556749028157,4.444324250649355,72.84718842940713,-3.830437782411363,13.012149941225264,8.639733436729037,186.212829869819,1027.801392140744,25.32880661352237,10.983086782305476,189,Autumn,Guangzhou,43.5065146114672,129.95795471257787,Saturday,12,4,2022,Clear,38,2022-04-01
82.21110721855932,258.2552334935174,82.50640570610459,15.049739297120668,4.556976852216928,197.6604387628528,22.09601784561194,31.541029315068425,1.011963560419874,194.4016896858451,994.2943604509364,12.971355116789834,19.0123530310672,258,Summer,Shenzhen,25.98297560774005,100.35051768425792,Sunday,8,6,2023,Haze,5,2023-06-01
135.49978362208452,260.3159992566018,21.844243849063147,21.426478927582707,0.3237451932172261,85.29951340873602,4.130636716496031,36.59246113905968,4.513139822398466,210.61154643966532,1021.8771654869169,23.14236274165245,8.073259122177259,174,Summer,Shenzhen,42.57048336713603,105.96328604552292,Wednesday,15,2,2023,Haze,7,2023-02-01
114.69164533794904,54.55231984843041,66.20108159918308,16.818101997660996,3.8010458875857966,55.047073926301415,26.75381540691371,73.6578070427586,3.176496849478619,203.96562513572016,1021.3948469249484,0.7914413366091333,10.215113293906928,416,Summer,Shenzhen,22.65443019806709,112.35599236487964,Monday,10,4,2019,Haze,45,2019-04-01
127.53160673690164,283.6370709193638,28.09944894295483,1.8155960790145835,1.62286600733749,55.57074876964695,31.313631553059658,23.00176019195131,4.536286647268493,319.48591381477564,1030.131924482135,5.31878098441817,14.864389473573532,168,Spring,Shanghai,20.347273468628487,90.8549813000716,Thursday,19,4,2024,Snow,17,2024-04-01
74.90789015354227,274.5887729277592,46.59466661990968,6.057589739945214,4.671100372541376,77.20419491583347,39.75900720601578,63.24555998086792,7.796921837180903,188.7409339753377,1039.0306677589176,32.95347504189389,16.15166818795054,85,Summer,Shenzhen,30.540759948543982,120.38433210491968,Wednesday,11,8,2018,Fog,64,2018-08-01
173.19266377281826,296.7064677588017,96.4925801235472,37.90789250310761,3.276904251692745,49.08518530300837,-7.448528799721156,21.17920475066741,6.524703998354023,39.83301299361287,982.2734306105314,27.278779534055055,0.9138978298446904,27,Winter,Guangzhou,32.18896893796811,121.073071999199,Sunday,14,11,2021,Clear,57,2021-11-01
73.94060584936891,49.21431302014321,53.36843523140664,22.02372274464204,3.029236071235847,80.74142651468988,1.5110939586918768,83.3412409473337,3.143376867548521,276.7952004975672,1013.242783887333,39.06022547781473,14.921067807324071,93,Spring,Shenzhen,25.715035712770536,106.59162695292828,Thursday,15,12,2021,Clear,17,2021-12-01
32.05564575649469,132.0469493395845,91.46581561964008,1.943290838017389,2.794404297096799,90.54548982841446,39.59429345892348,96.31768522052448,9.986496180603105,289.7351508953376,1003.0786687702936,7.965478150909422,12.02813680121514,175,Spring,Shenzhen,44.22400031466819,92.1796253788236,Thursday,10,10,2016,Rain,26,2016-10-01
21.904245505344075,255.3170362649725,18.695376845302253,9.196378348443655,2.2092248199127,102.50406022535216,26.34378742410592,78.37525853443859,7.1157645984200455,330.2648834451972,982.2258033611952,46.62364150196113,1.5893581251998483,196,Winter,Guangzhou,48.48200171929679,93.87805111861152,Sunday,12,12,2016,Fog,50,2016-12-01
157.58676095255296,232.2348765725446,32.81670673366514,3.23666344058999,4.310689468294075,126.01957684579972,26.49556123657305,73.29498149629251,6.847932649036964,257.9340977628667,1025.4345981500712,20.6920905759953,1.8767073897888429,374,Spring,Guangzhou,33.28613399351961,119.38908924302407,Tuesday,3,10,2016,Cloudy,65,2016-10-01
77.44221409791177,95.77848833962406,34.653775340010625,32.88889862570571,0.4892682067838095,97.73721625698528,14.819817533761023,11.693766670812275,4.76157646367898,51.06901370770876,1024.312289080416,32.410618252821635,3.3029717311375117,306,Summer,Guangzhou,36.67617744931843,91.87828786806128,Saturday,9,6,2018,Haze,45,2018-06-01
93.83501073535405,97.23045269466697,67.43901361252132,49.052477357605405,1.3390403228318162,143.564641257212,-7.81655048876044,36.14603648759781,1.0443392580657385,200.5541243050572,1031.9049631771968,33.88705198308355,18.4983877080963,71,Winter,Shanghai,48.41568423445708,124.66081080268104,Wednesday,9,6,2018,Rain,63,2018-06-01
180.4822794645307,165.70182779454927,43.68329822744044,17.35401357230507,0.6082435838153597,148.43542234562577,16.09032018483618,76.44555229689287,3.44807494812195,114.7717124731327,1012.075825684258,48.90297219624088,19.14499627307121,389,Summer,Guangzhou,44.824261912774254,111.46132716433502,Tuesday,15,4,2018,Haze,46,2018-04-01
185.2779909213176,118.60716219066374,57.389166544912094,6.454032892546704,0.3270856582538219,156.1431149252796,3.7562156763560255,15.13940606474663,1.9767483460993185,137.31618833152476,984.1170120614702,12.943672864877392,7.088090049793502,223,Spring,Chengdu,28.21475943078732,101.00105362693336,Friday,14,12,2020,Haze,91,2020-12-01
124.72452342814567,278.0941087185959,92.27781967297,30.472132975097622,1.7397240641327203,108.00704635790792,3.62398961855758,62.5753653805962,4.5462926439919045,93.980773687984,1005.2394148622466,8.2756800181414,19.30617898426365,188,Autumn,Beijing,46.07424510348263,102.56355689610902,Wednesday,0,11,2022,Cloudy,26,2022-11-01
99.69905840616936,139.43978653724523,39.22430587665336,20.667677577249552,2.1253871142879546,167.12124670189513,8.125795004745342,35.53885961469513,5.799510498060375,178.75827936894208,1034.197560450974,27.34695057173912,14.918199679476327,201,Winter,Chengdu,43.67163105112439,98.9824374624976,Thursday,21,11,2020,Clear,26,2020-11-01
53.38297198520385,104.70511545897678,89.54162048443686,1.5313219259850082,1.454168387814948,81.82427052782747,2.165097541543662,97.1208066908785,4.302497926967713,156.5692952362977,1000.1848047798092,31.696211645087537,3.1622974323395154,156,Winter,Beijing,29.65667533882636,92.209855778579,Friday,17,9,2016,Fog,57,2016-09-01
109.691642503643,97.52846551334936,43.514250931717136,40.46057370759369,1.437865057447665,12.41867276095442,32.264966687077674,61.11596363755614,9.592459410946514,54.56807394647016,1005.367556314876,4.104436323070648,4.87696110498447,380,Winter,Guangzhou,25.76812862159045,108.05082220016766,Sunday,10,2,2020,Haze,5,2020-02-01
144.1997061853107,245.84062058252192,44.7214798733458,20.856697169159677,3.796292012361585,144.86613868371813,3.369825148095204,69.75075241983883,5.986576696928717,23.87847558810009,1022.4982934608508,7.662503415151944,1.1771390695683026,40,Spring,Shanghai,33.964211086280685,120.22097232658452,Wednesday,17,1,2021,Fog,93,2021-01-01
181.73153059035863,269.5531573522429,36.25801989357922,34.928952924405884,4.521227745163062,84.09801312985516,9.471649318507144,91.55948733420804,4.036720274984504,33.73039223562905,1001.1163221414344,24.45827923136663,8.2422588656729,312,Winter,Shanghai,24.530979449580933,96.29555297896869,Thursday,4,9,2017,Clear,14,2017-09-01
134.4816568375814,68.19847931655494,19.54743481925549,14.131185788564578,2.263578858186207,76.47498805173834,18.541897984742302,51.53468829553808,7.167139138505121,330.6782959833614,1014.276853630496,23.79982137768292,6.019222332442445,271,Autumn,Shenzhen,21.343762950261485,98.34982423319435,Monday,0,12,2020,Clear,88,2020-12-01
197.5843700212848,31.605910680216024,47.04817260818973,28.08828378036633,1.3782189347942606,88.69247950298161,20.540191358797134,99.5740883465856,5.971755658483796,317.1883161568412,1036.919391871475,24.88245617676266,10.918452261199954,293,Winter,Shenzhen,48.03007590933157,116.90710975182576,Thursday,16,10,2024,Rain,72,2024-10-01
118.6175364873122,209.60396785701988,15.823481764452229,3.489753968579869,3.891409466562095,165.40594365929812,24.42051984099826,29.31497749304673,7.440011554842496,245.7111387282233,1049.5238436842983,49.20318828353979,7.888984393502439,356,Spring,Guangzhou,23.22163216160762,96.18872429752382,Saturday,15,4,2023,Snow,47,2023-04-01
90.21948950375642,163.7256965314971,99.94981500553676,11.513374548063842,0.8440098493604864,34.51987347434645,13.35396666079539,46.01486738961372,2.291852686169885,234.76861581990528,1026.146341934181,31.70647031034522,4.246113177120625,473,Winter,Shenzhen,29.03421041941536,93.659429887871,Thursday,10,7,2015,Rain,81,2015-07-01
243.84671727157644,129.327227159745,20.1470690463275,47.09844157413713,4.784350523415382,163.74578696607568,13.345948085590509,28.85770052127661,6.732095181915873,166.051440334427,1045.6036466033818,2.1422888883793565,16.13442303668786,222,Autumn,Shanghai,38.858814896988406,93.6856497198435,Sunday,2,3,2022,Haze,58,2022-03-01
202.21510091533,251.44067691932943,83.43100036789721,2.3262710175594936,1.1442918447378665,154.16417742098147,17.139293602690458,56.386013030976194,8.031337718463597,62.8136535278553,1024.4303845840634,19.209042940271804,10.08621168810685,169,Summer,Guangzhou,35.74844617766513,125.360246548024,Tuesday,18,5,2015,Haze,55,2015-05-01
247.56517753917151,118.6038714613238,46.0519222287378,38.87423610395921,2.6392049809193567,192.7057354698758,24.901143702363896,11.413611533429949,9.004833009825196,292.2189385977352,1039.9710084850285,3.824994513896768,11.458803806380288,60,Winter,Beijing,47.5951236457226,115.74867527060393,Wednesday,9,8,2017,Rain,2,2017-08-01
202.684337184244,258.0259432859092,28.058570432211365,5.020796189317551,0.459247004425368,193.18476926767624,4.763847080874083,37.2658130242918,5.583197415518613,79.03813618880264,989.1390303966884,36.305591955016496,16.72377320144957,458,Autumn,Chengdu,42.61482971545448,96.0127120925458,Tuesday,13,10,2021,Snow,23,2021-10-01
158.23090933383796,201.368138512364,78.38021208830996,17.611598566419527,3.8347844444435295,126.83172395555678,31.16205631210056,76.394371068941,3.571660830658084,50.77577741163373,989.1251132474756,23.92750696539693,19.941270981615254,28,Winter,Shanghai,25.94787819964839,105.97208130490006,Thursday,8,11,2017,Clear,55,2017-11-01
39.33778172804209,44.67726099005026,28.44902158897225,34.720402685744695,3.6695543074562496,108.45848353660163,-5.864475479184974,36.09373974705664,4.275601422176516,212.0213182738714,1000.8530802862612,26.43255838527352,17.400076352202674,227,Summer,Guangzhou,44.89011703237413,123.6033220078395,Sunday,15,1,2015,Cloudy,54,2015-01-01
101.39886159830186,199.2398550426984,79.85448597051045,24.90041856527159,3.475049453366179,111.00747801557247,25.24466222331703,15.63894320300084,5.309776635274604,144.46723428645495,999.2554261761924,7.159294050049725,7.626410151083827,297,Summer,Beijing,44.705979504257705,91.98523388713586,Monday,3,10,2017,Haze,63,2017-10-01
150.9290353706507,297.1035379477262,75.42396277967934,45.13854330387706,1.0730618548021311,147.80637553065327,11.174957103907644,26.69357746430508,2.2389673393485863,194.1926983500273,998.2319771548708,49.59644718960779,6.239645654994667,79,Winter,Chengdu,34.96384790747525,119.44121521008964,Saturday,1,4,2019,Snow,44,2019-04-01
172.50229884731235,152.47177662889672,69.74438074806298,31.19405757756207,3.230083930411236,90.03204011934244,9.216496814638951,37.373549208486025,3.577563426730296,262.6615452458885,1016.8232872196312,26.92641533677574,14.0772288855249,462,Summer,Beijing,21.945473939847133,102.07675770589528,Thursday,3,5,2023,Fog,13,2023-05-01
210.8417830272084,183.1781322948404,93.82324630408004,41.61867408879896,4.050351670644305,103.1535274852353,24.08743826238755,53.53273034217917,4.4670560447824,74.05090792500005,1029.6709058506472,0.2903632449820448,0.1623751293923582,470,Winter,Shenzhen,21.621126830355585,94.2582547185317,Thursday,15,7,2022,Cloudy,22,2022-07-01
30.088642512534108,64.09336086026588,73.12980801682278,2.4580953262801937,1.0096965307768515,188.7106312684226,29.852852435315725,53.010108377656366,4.95439033677752,200.32661767880924,994.1633012098744,21.958021998264744,8.037658293136092,474,Summer,Guangzhou,49.92464381355014,121.6204462923002,Sunday,17,4,2020,Clear,31,2020-04-01
36.68891547610728,65.0134652792596,68.00421206776898,6.322141798607973,3.656165213389584,51.271609835237285,16.163278610499173,61.25206918469964,7.324594264943686,346.6480915757246,984.6757744477188,2.6767227935379223,8.962871221398043,87,Summer,Chengdu,46.21280071699917,109.98489885879744,Tuesday,21,4,2023,Clear,33,2023-04-01
52.9947091542859,228.20838903388272,83.99534636570567,26.748788526095552,3.755694402140042,150.75742380536207,39.04640177163252,45.34737276165736,8.886594500853699,152.8239036981176,1007.227657782639,11.930708848650871,2.6264444342902027,320,Winter,Beijing,40.84554742220098,126.80204534449724,Tuesday,17,4,2017,Rain,32,2017-04-01
211.8276373591622,228.5035806580945,33.771410807037945,41.04409913225472,3.368302561421119,76.99879696867852,17.11816213949274,39.530653961777205,6.662182181408774,358.9720043528444,1048.313081955481,24.938196013577446,16.336001214532427,230,Winter,Guangzhou,45.67864515812641,122.54369533903592,Wednesday,10,7,2015,Cloudy,83,2015-07-01
116.01537099062344,260.69672408718054,72.79597005113334,40.37407865236575,3.706592704123657,124.18143401837538,37.45083112227121,52.1899941942183,2.5449768431002,199.7283911596533,1014.744208724508,45.09787476428724,5.378282251562387,145,Autumn,Shenzhen,27.27908457911559,101.4822551410514,Wednesday,9,6,2017,Fog,22,2017-06-01
24.56724408729162,230.12075266985445,94.88178974541329,3.142579782802704,2.790350078800678,146.3148503203203,-7.403099471728632,62.27045280582316,4.78477597689316,316.407697783127,1015.061986747838,18.333437720920937,6.335457687710175,8,Winter,Chengdu,39.36179801156784,110.52516306190354,Tuesday,11,9,2021,Fog,56,2021-09-01
195.92293365414628,165.58722403717056,34.342102329824314,38.39962210748644,0.3352176434744428,64.21577732448355,33.97429621672922,35.534079226096274,7.437911653572825,336.4782125609383,1005.1656685297334,39.79120051410951,17.145471646115794,61,Spring,Chengdu,33.99435289894494,97.67237616981762,Sunday,21,12,2024,Cloudy,20,2024-12-01
210.03416265803244,156.11178950403595,40.84666912685186,8.737840725262515,2.0361402028515783,25.99610283873783,17.66985094003507,63.498439700562606,2.557339314574275,1.1288159778617546,1008.3894828056556,20.440953798162177,8.885556276096084,249,Autumn,Shanghai,43.68680893258397,90.61670893570086,Saturday,4,9,2022,Snow,89,2022-09-01
243.7539196617578,195.0594684271844,76.85639148002326,33.9530256088486,1.913298192696256,46.15043841741694,5.909271761760763,99.737674433865,8.735907575807726,132.01514613014058,1017.7689469335276,3.052161264207337,12.453597817740464,169,Summer,Shanghai,43.9138840970282,126.87702096311848,Sunday,22,5,2021,Cloudy,85,2021-05-01
194.8743734525277,179.26069287163295,48.459148350685126,44.99390469932944,0.3297116556084766,91.85197495732469,30.33596253623576,44.4659107410625,0.1024793833422088,85.30733211313718,982.7594594325296,9.36405266887656,3.640206685027726,393,Summer,Chengdu,43.632833380058486,128.97521496265412,Tuesday,7,1,2023,Clear,25,2023-01-01
148.33660055858775,236.15577419046133,60.91972939691431,10.71386238735054,1.5765571277653947,184.9007753216349,-9.641383785739258,70.51234623478112,4.173839080889142,330.597574895545,1007.3381762124944,37.16486978588363,6.198088666754018,492,Spring,Beijing,21.12569071618622,100.00430026044808,Wednesday,8,10,2021,Cloudy,9,2021-10-01
147.6136154340827,158.89985439798107,59.990807057051335,47.46059733909873,2.875272145755741,20.00030232564895,15.61835796340856,92.5101875930934,6.383850328703571,136.0277731247546,1023.57096581972,11.601289421496386,1.9363400934761024,335,Spring,Guangzhou,24.412032319994218,97.56146936743184,Sunday,21,9,2021,Rain,14,2021-09-01
228.5239446368644,181.66504403310773,97.15399085032811,48.818051835493286,0.9802662968388156,145.52959996912085,1.9027725273389,99.67468907133112,3.2750048035483683,66.74427562579295,1041.690132176754,19.114680452350512,4.55422476857577,428,Autumn,Chengdu,38.27714406560632,97.45063261726526,Sunday,14,4,2024,Clear,31,2024-04-01
90.22580307352538,178.2973600832081,93.48540783816928,47.398939185479165,4.726228331576174,190.0209337288847,10.615953738266596,50.93350472454271,8.17417955388392,128.28495254071888,1042.6185266600628,28.99860435053745,9.325480377149006,101,Summer,Chengdu,47.33774486747846,110.90883615949748,Thursday,16,3,2017,Cloudy,40,2017-03-01
130.88640547832196,167.36787091161665,78.39293232680699,32.26191392913579,1.2127328383349216,133.06148691820945,5.453581848037313,14.68695186516792,6.7086790965188,83.22883156238579,1005.793199723072,1.2250499561675787,5.401017479018419,491,Spring,Shanghai,26.229263294329783,128.72005016049656,Sunday,9,7,2018,Clear,57,2018-07-01
136.68833523398376,191.38385812553372,37.09985933872224,44.16547951411089,2.7703026483451034,27.223985115616117,28.47183815143658,18.889442674441437,3.214917712812614,145.03713344047048,1048.391032808148,20.57512574655903,8.789633429213232,379,Winter,Guangzhou,45.5551934381414,93.00731298003168,Thursday,8,7,2018,Cloudy,60,2018-07-01
29.469405143997783,281.3052316570569,19.16944141859467,21.279711480266847,0.7616167865883988,119.70968296479876,37.3054533257671,67.85850223113304,7.674681209330282,189.55450850665065,1021.0032939334774,46.03605481069563,12.890739869820194,63,Spring,Guangzhou,48.088798044029176,105.64286078316516,Thursday,15,11,2018,Cloudy,95,2018-11-01
119.09746092390736,91.40080981547077,63.25178518903311,24.311254901024263,4.461525312647156,66.0473862398787,-8.043155193008392,77.43095197616594,0.979710095009575,166.85961193730955,1034.5152041931294,25.419311090245383,8.562575930548046,267,Winter,Shanghai,47.43611875463916,105.86770072280096,Sunday,18,2,2022,Snow,39,2022-02-01
100.3201765639438,178.39970356349028,53.68166187744345,34.3455236310969,4.124683661602869,96.1698172627079,3.210400212324952,49.5972134454401,4.199015255110142,281.7395061802588,986.4340420624249,12.06323737998774,18.122881240155188,12,Winter,Beijing,46.09911923321776,93.70521635697126,Saturday,0,9,2021,Rain,4,2021-09-01
101.60074077173591,243.34213854948385,22.007325758849305,12.056510727027678,3.4129813105564897,181.07650869560632,-4.656480639759705,27.211443441898663,3.325382317691287,26.18497529663717,992.2539060522028,12.320052523716353,10.25004475975049,390,Winter,Beijing,36.59429840595482,126.77782223294722,Friday,16,7,2021,Cloudy,54,2021-07-01
126.81257158411664,144.69754486374904,53.18807690831926,14.57586680654602,4.24624613864627,174.85262829738474,-2.8550495015593054,81.31974290919273,1.7062040392066236,234.25351288981923,993.1716022966924,9.009335511115868,15.887306457446686,88,Summer,Shenzhen,20.26080574685249,128.67275338168884,Thursday,20,11,2022,Fog,59,2022-11-01
65.34327781826292,259.59368176093426,18.92462052790775,45.07571208073443,2.2171857545151776,127.45463237037396,13.575708944452558,19.185046847357853,9.417039477757289,347.51645195725973,987.6994750991756,30.17872025702428,9.502746357330263,231,Spring,Beijing,24.52577377033313,111.00117505205604,Thursday,15,12,2015,Clear,70,2015-12-01
11.318754724265323,173.81314846101955,9.870475212743685,28.38812341861288,4.5248253837397865,167.17336630112223,29.58268592040892,38.714134916200734,3.1372387023448534,79.46513649729883,1004.6617892301394,31.57743793289331,8.783134976036273,245,Winter,Guangzhou,39.0920496277634,125.98397948559858,Tuesday,3,7,2022,Haze,51,2022-07-01
124.0150703192006,289.0269490252739,81.06301931417843,5.42897824262594,1.565217965097075,143.8962011361912,32.9469728166813,31.40851909397393,6.340144778831577,87.84972742255194,999.606895922038,4.06506793344642,3.459078303007793,246,Autumn,Guangzhou,40.41291609160217,100.97418917896916,Wednesday,16,7,2018,Cloudy,99,2018-07-01
197.41046387162768,275.35666526387564,47.30227448181101,43.7577991298647,1.0446350766153143,42.02180463967989,38.88630222312855,81.41164164751551,2.6140081728203635,164.62610538822958,1046.612142602459,49.28422393169097,10.91690153143591,125,Winter,Guangzhou,46.91320804287285,93.51026721886154,Wednesday,22,5,2020,Haze,16,2020-05-01
20.59060599504206,283.7010689602614,92.8895877475788,10.456865394920236,1.9592620984811209,106.71189652190084,7.757170744820488,47.27672526817843,3.213552328731569,300.2679985979796,983.952573560074,11.05558477969209,9.96482687211566,385,Summer,Chengdu,48.79131026798455,105.34872760088064,Friday,3,5,2022,Snow,13,2022-05-01
62.18784815008646,153.50834146791726,66.73445512094568,16.992770070623315,4.532030398891608,29.676367274033623,8.870809253544422,46.65066340925453,7.403830432050303,47.9933277332327,1041.441181651334,23.438721368648917,16.685902580278213,361,Winter,Shenzhen,46.59895842577744,102.58119851994635,Thursday,8,9,2019,Rain,51,2019-09-01
244.8466421846092,104.4382716619908,66.35118370721707,12.912316299419995,0.2196324798260083,158.09399179237644,11.802272313575957,47.90145576174763,1.1465148679319404,76.14102800650693,991.2071713341865,24.480247361699703,3.502593555467948,152,Winter,Shanghai,25.79511576140149,116.04708979049693,Monday,7,3,2017,Cloudy,44,2017-03-01
100.89331505099948,69.88069265346282,88.49496783625058,21.427460354089614,4.845673023069078,20.802312372396287,-5.0304335051036455,78.8845883106765,6.828617413819447,338.2305635832536,1046.3645859757405,19.589561352528985,8.339105697883452,430,Spring,Shanghai,24.08364859033093,122.13304382907327,Saturday,22,2,2023,Haze,73,2023-02-01
130.95393425718638,36.38386310546127,46.09000951430299,3.553001236744973,2.912289567246157,57.25792160603832,16.92769120214063,74.96232989587224,4.296948611379139,236.6835957566504,1022.1576405928216,16.02494763223693,8.744648131071958,345,Winter,Chengdu,23.847975539938165,114.83268549016934,Sunday,1,2,2020,Snow,23,2020-02-01
68.70815576789374,293.5572588396494,68.96830039808751,1.224361292095097,1.706695845103502,43.96683559695583,-8.617434675467313,85.99104321048513,4.967897688672221,234.29633040136693,1001.4972182941432,0.4971031418602778,3.3313891179340973,494,Summer,Shanghai,37.91857413558233,128.94012999844497,Saturday,8,7,2021,Cloudy,3,2021-07-01
42.35494508021123,93.10204168794976,87.14762300715422,24.53615518372109,3.381011914027683,95.82155815326644,-3.411795583429491,14.26495194490422,7.612606939760818,68.27372038985963,983.7512597749902,43.47092344648097,12.467840306009556,402,Winter,Shanghai,20.92540006993409,91.16697009065813,Wednesday,8,9,2016,Cloudy,21,2016-09-01
132.4608873922346,262.8139921523931,95.0415639844742,8.164980482178173,4.231676104917408,46.59728777201631,30.879780577224103,81.31027140964906,7.888623207678832,285.29021219699405,1029.6565370353912,18.171028190975484,12.548729089343102,39,Winter,Chengdu,43.201717778866026,102.08972910925314,Thursday,16,12,2015,Haze,38,2015-12-01
239.25202283945728,83.46075934380181,46.29028694239143,33.460376442055264,0.1805189890623942,13.083355388868046,-2.542723268691912,59.3923112165779,2.593250546311874,177.22243152302042,980.1983310399723,49.35819755303646,2.511615853173224,489,Summer,Shenzhen,39.01156256517348,114.88238171370298,Sunday,20,8,2019,Haze,31,2019-08-01
181.6229712450656,289.82895676007365,39.00053546973032,14.119783763746645,1.6930921610543377,152.1393694817052,11.041098127892749,24.160422642054836,5.91444053296938,55.17061839512883,1008.8068789553588,38.99075498764073,4.857273192065681,306,Summer,Shenzhen,32.32884457380177,128.3212992698054,Friday,15,9,2022,Cloudy,23,2022-09-01
115.97051600915094,129.38513184026633,36.16509930953164,43.29379615452593,1.9308543629333723,184.3731978568008,1.620683874671677,13.53900017186097,2.068070211382885,180.2054727476159,1045.6226043049478,17.916220616246452,2.68532823364598,229,Summer,Shenzhen,48.43544010274955,108.8610111564606,Monday,6,4,2024,Cloudy,70,2024-04-01
68.11653480111877,78.72247456399734,38.66789751046533,38.52670511101636,4.708847377330837,150.19854815364263,7.170473671430543,93.34257361803526,2.510388760163874,267.74768865455576,1040.2159825964156,41.90925294382428,4.116862527730383,332,Autumn,Guangzhou,32.17159231362702,117.47126107719554,Saturday,21,3,2017,Fog,49,2017-03-01
123.4551404667963,218.3191269312932,57.69282026042133,19.799248991180885,2.909823798530133,144.87915990622855,37.72851634838166,75.29325969659602,5.163071636837392,65.00655144178712,994.5590778937744,26.58668276985724,5.457422664767035,271,Spring,Chengdu,34.290622020990334,119.36325757410688,Monday,23,3,2018,Haze,97,2018-03-01
229.18598852765288,192.9074792153932,58.59291410987032,27.7595616042495,0.6063040408852125,145.28063141713926,-9.836411096605094,80.495803512769,6.346271397713411,3.5236574727526992,1003.0838209227036,22.56982207609724,7.370067177899767,26,Winter,Shenzhen,43.03871077762717,103.27516544963323,Thursday,0,7,2019,Rain,88,2019-07-01
13.469667488423491,262.1010330088112,86.73302509175915,20.384331425827483,2.328148805948428,194.24492671085008,-8.785941689895601,42.76479462466602,3.932090875048395,214.4864445133442,1011.899368571385,3.089980808118597,3.383259002075261,90,Spring,Guangzhou,27.35799414180301,129.783064841561,Wednesday,5,7,2021,Haze,21,2021-07-01
163.40055819849542,216.7658596831781,22.361264333073933,22.04964042409341,3.369547223740273,150.0050864552589,4.481314462833195,88.14535224529918,4.470578388585915,73.61949119074328,1008.8336581249235,32.82176775790513,19.04312510830671,133,Spring,Chengdu,41.89055776168759,113.641967278184,Tuesday,17,10,2022,Haze,20,2022-10-01
176.58731687518193,284.9537940031576,41.12085700238434,29.914319571418776,4.016136205902231,30.163442154126127,18.89508594242268,86.02115858508328,7.631699032368433,125.20925223756832,1037.560805196782,38.17511122765641,15.278113834131323,25,Autumn,Beijing,31.27617053334163,122.58684260891776,Sunday,2,7,2024,Snow,48,2024-07-01
78.30287344904384,124.54682578079318,85.51742747281924,37.94058889691984,3.737665628604019,95.28855647864115,39.29622446733719,87.33852688383809,2.093646161602348,6.597317501288993,1025.6601101478936,31.837913374598926,6.90552879030816,365,Spring,Beijing,24.79632088303848,119.888686518969,Saturday,7,2,2016,Snow,43,2016-02-01
206.41461601469112,99.27566594176396,38.5841039122251,4.671952759242752,2.4703075579151257,40.78214513412753,36.13986246768031,76.6683140584886,4.955036632762797,204.88296583439435,1011.8885702493938,46.329227867985054,4.8015321676787135,465,Spring,Shanghai,49.59315438673693,112.8730317506066,Wednesday,16,10,2020,Rain,81,2020-10-01
128.8018041642837,43.420078322008514,33.10120758204042,31.63909471998221,0.2378174894106808,14.24839887858611,-0.2678470491639846,82.95332309068546,1.283930008425458,133.35766984588668,1025.3479870176438,37.724929647664354,1.9220718552816949,455,Summer,Shenzhen,28.938640785542653,113.08867209315744,Saturday,14,2,2020,Snow,2,2020-02-01
125.07065410765004,130.87568284185917,66.31993234450889,15.514819788506443,2.444098203288537,122.38250779793891,-6.524298621801807,22.006064486315232,0.5980752562405234,299.5532887223228,1045.9872056785773,34.3770730830432,16.025807389844253,381,Winter,Shanghai,47.43018399442697,112.77030609976622,Saturday,6,4,2019,Cloudy,2,2019-04-01
114.59776787489484,253.88960829324955,45.4433743681937,5.471994312694108,4.524654152330457,77.76127955044883,33.96328174405168,33.52342690361274,4.57742954426134,309.4225784044214,995.649207331911,18.727867905452037,1.3417510184282566,392,Spring,Beijing,29.62217009024318,128.6620256413715,Thursday,22,3,2023,Haze,35,2023-03-01
70.15198505148524,160.51835969287075,99.4365464076212,8.926930820107838,2.619602232988275,68.60569149342854,-4.4895784618333625,38.5812544213864,2.896544374110724,258.8595452283576,1023.611166559138,23.8002951191946,0.8924134208579356,449,Winter,Chengdu,22.96694667873415,114.87670412008126,Thursday,12,9,2015,Snow,3,2015-09-01
151.42673990737012,159.79651036613703,52.08527601946618,11.898473163358156,2.559910046813555,12.409509170518293,30.876600928295915,34.72057550185083,6.344784996948269,245.4894194820617,985.3174349823312,38.39902021368956,4.646893418479984,219,Winter,Guangzhou,48.03769884072686,102.80429948096833,Friday,6,9,2023,Cloudy,69,2023-09-01
73.27144089513976,101.7336338497036,16.571282909432117,46.9337065952396,0.1747564772493335,58.67719364880062,2.8516616009321787,68.97628818944158,0.4833612165069845,42.28963073052048,1006.0148870512232,12.176961639570605,12.45807489338669,386,Spring,Shanghai,21.80083465258908,117.17472276926226,Tuesday,17,4,2015,Cloudy,96,2015-04-01
150.17364907439827,43.87370736312195,57.563910497484535,30.9992942679842,4.425631225774168,75.38024966705497,0.793910323997153,87.54364957483526,3.1550456017410724,278.1285738820333,1028.3498735043229,19.06289689549987,0.1487125929784958,417,Autumn,Shanghai,46.351487208880414,124.10285606050812,Monday,7,10,2017,Rain,62,2017-10-01
59.35448683476643,188.8998357293337,98.0954673593774,8.015818921133025,0.3854050375021481,134.5712197194312,38.73632178499985,87.2379179932175,7.649223290737343,240.7858357480168,1012.477066579796,46.24668816536558,5.438372334966133,431,Winter,Shanghai,47.717339589971786,109.61389414941416,Wednesday,3,11,2018,Clear,73,2018-11-01
60.64304697649644,78.13174300621552,31.5017721911178,2.072849417286605,4.920640466168132,157.2190304709445,13.008604820079649,12.674602354192835,4.106207023594758,336.15879574536103,1006.5862724160088,43.38951731140854,19.058402191592656,17,Autumn,Chengdu,49.49689599561293,107.50268908202372,Thursday,23,10,2022,Rain,54,2022-10-01
107.5034778508506,233.0051042555788,52.45622891993928,28.70261446192334,1.0600690013256773,113.91683806148065,28.396521722712087,78.38038795761852,1.3097434497612448,0.0791371630953197,1035.361520165572,30.346324203523555,4.947213649648891,382,Spring,Beijing,25.207785682499743,96.8660877405142,Saturday,23,3,2018,Clear,48,2018-03-01
56.12268559917929,158.7430196188858,19.14575306994716,6.678516382348971,4.71924149234255,75.93798186720954,-9.949215535431971,69.18253363895727,9.524263193093764,31.19060451220131,997.74140036677,40.36220125426507,17.411910304655304,227,Winter,Beijing,46.24021681134493,128.6768521893468,Sunday,13,5,2024,Rain,89,2024-05-01
24.567853339621195,197.0225643867771,18.06271331974605,21.895504335249925,3.4569866518759804,94.81081482934586,18.677693844481123,73.69200210400017,7.057122615503415,201.72737285876096,1038.360088136539,30.809265157829795,12.654186027486706,211,Autumn,Shanghai,32.04050803641553,90.3141052728172,Wednesday,11,12,2017,Haze,37,2017-12-01
144.5728547839676,82.28278567642177,52.22779001888186,32.85659840428315,4.993573932378768,34.819767996631555,-5.900346281312876,29.994549209518084,1.3825798012305213,324.5435991015414,986.074070012509,47.586144868583794,13.147245101606329,347,Autumn,Shanghai,20.935689268187478,114.73045461294424,Thursday,5,11,2024,Rain,94,2024-11-01
91.14931356098565,97.92844395456412,36.05632362797625,10.401145371124892,3.5806718489182043,80.69460949655976,-2.6951007693126776,28.362858922476104,4.707660895565301,155.92986497670057,1007.7035219407514,37.7996094153401,2.563453342811858,202,Summer,Chengdu,38.23497191726483,114.71560673273284,Friday,17,11,2020,Cloudy,5,2020-11-01
81.93409013830467,262.83866044909195,38.16027240812668,41.80953227294586,1.1015828298664894,159.8559402104661,24.86197921660964,84.5001436531958,6.5889270280216286,111.83552643707615,1029.6550898798196,30.593493954943423,11.725098135242453,309,Spring,Guangzhou,48.57208020232678,121.4902974295928,Saturday,23,9,2016,Clear,75,2016-09-01
152.37434159984065,133.44360267556382,42.8201085567672,3.0304184168079207,1.975832104030739,67.97277442379331,18.97856780851104,46.31615239960941,6.107057254997854,298.4280384150589,989.2267692428488,22.54779574593708,5.155153183650019,18,Winter,Chengdu,26.527740262185688,112.16584472767842,Thursday,2,6,2017,Haze,46,2017-06-01
64.62658223436013,60.31087278004542,86.49488645690988,5.2674111858631925,1.827021187700139,11.918402230428145,19.810654477308702,77.65272721574279,1.6596750328108911,70.61816585267827,1033.6716305604723,30.901897691437615,12.219962432894969,448,Autumn,Beijing,44.62900913150597,119.5444916326299,Sunday,19,8,2022,Clear,60,2022-08-01
211.3257024556313,179.487824455764,41.57887745992835,23.05503490896057,0.9913318361778476,66.88906654444537,37.68919205367641,97.09103272360647,0.4172583084972614,344.8495409147601,1025.4437879303157,27.029522939259717,1.7170623853336384,393,Summer,Beijing,27.707181738060005,116.38712704202447,Sunday,20,7,2024,Fog,4,2024-07-01
19.562578992243694,257.3632966792716,41.92073543194254,46.4908273132009,1.3712349208214023,130.32731618772397,20.68055324226413,92.86824186361012,9.490515290561586,343.0234216030645,1040.4497349542364,22.991830024495304,16.822240007381453,182,Autumn,Guangzhou,42.00091936107574,114.812768965998,Tuesday,6,5,2019,Haze,93,2019-05-01
56.15144011354167,233.3021049849893,26.30285693743188,11.775136730723329,4.317812231058773,88.5351846867923,21.84249059648212,52.64145002488867,4.7675075971241245,16.869581290995978,1005.5007368167112,35.06800509351586,7.042341168130335,454,Winter,Shanghai,44.64937385961521,123.19790592426088,Monday,6,9,2020,Fog,29,2020-09-01
208.8980109424592,278.7468475309424,36.24221363629744,38.885129018458606,2.5419708051470598,12.427970890569586,-0.1727993948144792,53.61437126261431,4.452564147604564,283.59331436077207,1030.5754796455726,44.68846805471508,13.34657990041433,141,Winter,Shenzhen,24.38716897698319,103.0829535916649,Friday,13,1,2023,Clear,33,2023-01-01
95.34208129972588,27.3506386993759,8.61091227804467,24.837023552084236,4.35367592930371,188.9474793251994,-2.6633589231501187,94.03990136501362,6.598922672868922,342.0880683459868,1025.0267325333543,32.86320177045152,16.02756969066078,105,Spring,Shenzhen,45.12027724436529,92.1840169960592,Thursday,5,4,2019,Rain,91,2019-04-01
212.0566120511221,140.6264776506132,11.34397810671673,11.65169190795272,1.4304034481849306,20.19049301384242,18.64527959280189,93.78981120804566,8.52664855530226,118.8541645522313,1036.6060912676307,2.491341030568539,12.206915115493162,303,Autumn,Shenzhen,31.559448292883992,117.94586356256636,Tuesday,7,10,2015,Fog,60,2015-10-01
190.8562072115962,206.33992361928344,95.17094241217994,44.33110064920376,1.862828996738676,151.12593711576417,5.305799530072084,62.53544845383914,9.21992030269474,202.40790586399208,993.0737509344922,18.682578726898925,13.118867706356156,38,Spring,Shenzhen,21.78745575050021,114.11107354687388,Sunday,8,5,2021,Snow,67,2021-05-01
81.39858387612793,41.64917911276232,23.824008639879043,33.25340957043685,0.1241921563252528,56.63691470418983,8.124772133198558,65.5362694166519,4.173685728950598,331.938929753824,1043.2790525076236,18.58826113922168,6.625837005635197,446,Autumn,Shanghai,48.11298157585183,98.98574095563508,Tuesday,17,3,2017,Rain,9,2017-03-01
152.01904465343162,59.03693676691538,62.36088702116333,3.456523275491197,2.382260046310809,42.94297139358359,-5.077598133111457,20.920262593019515,0.9715618019647798,143.4308027340128,1039.0084776432404,35.117966389467455,19.506866854527114,237,Autumn,Chengdu,42.63881363928989,122.49851167596184,Friday,18,3,2024,Snow,41,2024-03-01
144.55796066776782,281.7908041142903,15.578121556380207,2.282109868985478,0.6130770461408549,101.29584430395548,-9.559601601718455,42.20562117261176,3.0519676416222605,171.16221423210962,1009.7903975714042,25.52730339426633,18.321073208366226,293,Winter,Chengdu,29.49939471785213,119.44746269346044,Saturday,1,5,2018,Cloudy,83,2018-05-01
97.3290591162163,190.55025891818747,53.8488152525299,13.6082554921605,4.623417413466288,51.68445951153894,39.85810419118165,47.40962444067512,3.1889718274416734,278.7739154049752,1010.1374513232208,10.542012683454788,15.077129812903712,118,Spring,Shenzhen,36.13964629325636,109.30614640012482,Wednesday,9,1,2018,Rain,55,2018-01-01
58.20595517429752,296.21660983249444,74.26415376002574,21.546252789282104,0.7941597809108601,124.27948494472776,7.864781940340261,72.23074289659368,7.670737522844927,124.00010898604756,1001.0648390656662,31.657156470902223,4.589901456240731,31,Summer,Guangzhou,48.90392495151958,116.28285097898016,Saturday,10,9,2016,Fog,4,2016-09-01
119.61234824228876,220.6015780356084,51.90978210489315,7.848170965841477,3.157157774173944,108.520968282729,13.247825716103186,24.58433381526679,4.285428309709775,282.8496009769776,1039.1779246115343,24.69975370230347,9.629682202741652,388,Autumn,Guangzhou,49.322124788997,112.34570659548724,Friday,9,4,2018,Rain,11,2018-04-01
79.56568596372395,146.1137336379996,20.89263316240148,39.95671985773677,2.113277628378701,166.39077427337264,34.65017645001036,31.593437335191197,9.296186325651512,188.04199912184225,1049.0743265968583,37.18697655318589,1.1073586004956764,123,Summer,Shanghai,33.19456374817544,115.16853662728454,Wednesday,21,12,2021,Snow,72,2021-12-01
81.46991704286287,120.96849921974923,96.4795158701591,26.677030320361425,1.8635950592024764,51.98715663832928,27.85685894982783,83.70279149340887,6.368903947860271,71.31591366246849,981.6795400134522,48.10328455353801,19.48358770359795,480,Summer,Beijing,47.05403437770834,91.16389441147156,Monday,12,7,2019,Haze,78,2019-07-01
216.3159253223992,291.39528120793017,29.54630839145768,36.821865941149376,2.97155827169468,54.673394493512106,12.851228588361437,80.94988831288094,3.97279498954474,350.0404015362224,1001.3712328201834,13.10443718722148,6.160057712311798,34,Spring,Shanghai,48.530974856188905,121.38037371190512,Monday,22,10,2022,Snow,85,2022-10-01
197.6432272544216,152.37306656819322,77.94634578739631,27.68813919225695,0.1654087490671831,197.07350673181125,25.098226936415813,53.96128976997139,6.310013503181261,205.9978283201371,983.1015941555712,47.500041618314135,2.29868843137138,201,Winter,Shenzhen,27.697631095033422,123.51492738650376,Thursday,13,8,2017,Rain,39,2017-08-01
203.6709921300373,106.07610985090452,81.35260771591891,1.551340633113966,3.447281428913332,156.0268809130484,19.32293552630968,75.84967606805604,4.305826134418523,200.68937112200425,1047.0753522858197,31.082418289538406,14.62141471215647,325,Spring,Shenzhen,28.35331142613989,102.0046572753088,Wednesday,23,7,2018,Clear,43,2018-07-01
198.47903869743035,80.13517770553045,31.407579494699764,34.92360041536096,1.1709640717539995,73.72925898039978,8.220069577122022,87.9316257686485,7.236799679964384,293.07824477230594,992.3547400364296,28.44650858001394,5.159591859654152,315,Spring,Shanghai,47.96933858592287,108.39952866617162,Saturday,17,5,2017,Haze,73,2017-05-01
78.75642348089973,165.6765318028119,21.46413269939916,22.709830096641294,0.59236610187383,56.14972656939626,-7.718846490850996,44.520461846186,6.307161434578973,160.3727586603896,992.0897836041372,47.36350436409566,14.527842535667524,178,Summer,Shanghai,26.410002069032014,117.88430914143385,Thursday,8,5,2016,Haze,85,2016-05-01
121.13604781341672,160.61468366036968,57.829965424510064,17.441258410115843,0.8248258251285856,64.44089447610904,0.335400130076005,74.92932255878658,7.029730449118176,13.50587493604396,989.2415730123968,10.529720332215886,12.316687335577791,168,Autumn,Shanghai,43.77835074390663,97.06916453963552,Sunday,1,8,2022,Haze,46,2022-08-01
164.29366343467672,180.29260123811747,13.158613077450372,26.474494219182777,2.599058722589914,167.78049872638363,9.343928920826585,98.76913368199504,2.47840899136798,323.26287643085163,1009.285222882878,3.852135426720671,7.1200740175729,105,Autumn,Shenzhen,33.15085689055449,123.64911457348406,Wednesday,16,10,2015,Cloudy,99,2015-10-01
62.41970823964232,47.40485226013921,40.79935260149964,41.48609401233719,3.790084996708709,194.5112536260405,-0.2812348138176173,64.7720441623537,6.757605820559323,29.017407172774945,1010.1688754174768,24.528625256621545,14.069948572335052,311,Summer,Beijing,20.91214614251816,125.79970688874116,Thursday,10,3,2019,Rain,31,2019-03-01
234.0837243902569,208.59418075225545,81.92961631127463,9.759951563674663,2.6819916893244007,91.7781002356442,11.598096109579911,67.67208490470105,1.333819759570546,75.09122384997453,990.5266425611676,25.419000231138245,4.590379068195223,8,Spring,Guangzhou,43.25263418885464,100.25598209520044,Tuesday,19,10,2022,Clear,62,2022-10-01
136.4524654395455,257.46500778720747,73.90616725037442,37.28035549996754,3.4413415129295224,99.94187357232248,-8.76083795574156,87.39444980382248,0.6782750771982693,182.85381241267007,1017.0768081162732,47.20863282405905,15.63517259231077,403,Winter,Guangzhou,36.43125924016433,113.35597068551915,Saturday,12,8,2017,Snow,14,2017-08-01
26.865838240343717,71.45491919556042,21.383474675452256,33.13885987955408,1.3856663332918666,196.38831621655277,-3.6631283259951433,78.3575368729236,8.485275198981805,28.75249617270699,1041.8468036299944,19.0981879470756,3.4488514724984274,312,Winter,Shenzhen,37.29985158003308,122.42369478622813,Saturday,0,9,2017,Snow,17,2017-09-01
230.49835959607597,117.94695945704972,79.17131222390373,39.06850611714922,4.159776716406433,98.09650059663308,32.896424033035125,21.16579815225028,7.741519749384578,72.40810402689968,1014.3170470653434,31.54457180876414,8.06247016848116,25,Autumn,Shenzhen,25.62545985279302,103.17890676292312,Monday,23,11,2020,Rain,75,2020-11-01
37.98125969527423,42.5155395846585,52.21981714488779,6.423080344076682,1.708811750637781,54.88733916865095,38.12936162836188,83.0584735781499,8.777690865934705,323.84947208558015,982.5745215494004,21.71454043067832,7.921985307735808,426,Summer,Chengdu,38.4062205064108,106.48854879229256,Wednesday,16,1,2015,Fog,17,2015-01-01
17.391633371739992,38.64920460312803,89.51085573432627,6.599280099634877,2.523511172037338,193.7199289562683,9.59058933043865,61.3841985953913,9.899411863887714,159.50876795076778,997.8465072508142,40.00642686477208,19.634397835444,345,Autumn,Beijing,49.43666176744429,119.80774323341632,Monday,20,2,2022,Clear,13,2022-02-01
206.6343530529365,289.7850503160697,65.91103133565045,47.12686711423235,2.2132795070481883,143.67879103637276,3.3945942593227727,32.34626644372644,3.270833775495836,356.2110376041229,999.9174792448258,26.557478652426752,18.997006243979797,102,Spring,Shanghai,20.42462462656005,97.58629878175606,Wednesday,20,4,2021,Snow,13,2021-04-01
219.5178254722261,240.81767358174108,13.65172921955262,29.10516856086021,1.4047866235042152,72.9229613298288,7.703023298599756,32.501821195517024,0.69155071258442,229.76594630819963,998.2749266285548,43.68296397466036,6.767173315580083,405,Winter,Guangzhou,49.70758496761164,115.2567554610275,Thursday,1,11,2023,Haze,39,2023-11-01
114.51068554723572,86.51116412865886,48.71198889540293,18.020473772979745,0.8161486504522005,139.1067768216891,2.997461545306937,89.94111286625645,4.543663614075916,243.54713755109347,1023.0467225484284,32.322592161899486,3.38762921019601,478,Autumn,Shenzhen,28.238224607711786,124.759733113776,Thursday,11,2,2016,Fog,46,2016-02-01
122.18447294235014,46.616931804717645,88.44452392972154,18.893099247101357,1.8240044998772411,54.55106224379618,26.52171428153371,38.16622089798723,8.379821142053986,169.22994715122925,1047.9298347431702,30.77988891785232,1.5847424608126015,332,Winter,Shenzhen,31.3453521880332,120.45273117277772,Tuesday,19,4,2024,Rain,76,2024-04-01
155.4581065125495,217.56100072640757,45.188973535170135,39.04891498067562,1.5029665732266575,40.69499012637256,27.05491787681788,37.31042041769543,0.5370652551286337,178.06035453175312,1006.317372758829,18.271816425752263,12.337041767498974,62,Summer,Beijing,25.186423599030228,96.4369489173954,Wednesday,5,12,2015,Fog,62,2015-12-01
205.28613230920467,208.62563995770412,20.083340843569424,21.507867537771357,2.7294105107793785,135.9922525307378,11.517470824534684,68.17428595221178,4.320387589951247,312.6843392221476,1029.853835930619,1.292796603896612,8.192212182305168,397,Winter,Shenzhen,37.963761617574185,105.81647517226185,Friday,22,4,2020,Snow,3,2020-04-01
86.43948529895462,234.7573633676071,99.14931048557256,19.922457378059217,3.873784146983532,139.8902372141751,3.477663580831651,43.670956165282405,6.515603138877823,198.6757167243211,1035.20364378941,13.484733101451946,0.956494244771158,351,Summer,Guangzhou,31.18775307681362,107.61534073767596,Tuesday,4,7,2018,Fog,9,2018-07-01
26.58031508281742,297.14368609611137,97.0050735544512,18.18777241590181,1.7348582856095032,190.0808064348972,2.63524139118919,60.50778934551277,6.473464711882326,82.29395697705283,1001.7569590709934,49.45565232946304,0.8247002018329331,354,Autumn,Beijing,46.64818574259489,126.7179444369587,Monday,23,10,2023,Fog,70,2023-10-01
88.69878285765724,245.55612110668625,20.541341755852635,29.06703467819789,3.8532017106620766,182.41771115700547,21.035036526353583,12.682430271694718,9.21184579877698,209.1411897932263,997.8666455225512,37.70318212433998,17.67042839143261,197,Summer,Guangzhou,28.778305366580312,96.38008471383591,Thursday,14,9,2020,Clear,12,2020-09-01
219.69177011043507,23.51467692277926,85.98327074024529,34.82859649634301,2.6219578678027307,24.664360437324625,37.60354085451157,33.60704749699025,5.6149149636609454,148.89535179962178,1034.521445351283,0.0047274084330417,16.092959513336815,484,Autumn,Beijing,49.94138892791322,111.00401783587498,Sunday,21,6,2021,Clear,21,2021-06-01
87.76499192095102,125.20307353399144,38.45109184334603,8.628377976956001,3.9883685588787134,151.69394648493332,34.1494071468292,13.981934476292375,6.154797412683902,318.34623257395435,1025.150879680842,49.03246070320959,2.584831450856911,78,Winter,Chengdu,23.545116876863304,117.4097143225523,Friday,18,6,2018,Cloudy,91,2018-06-01
52.73790060373467,253.58345721049255,53.37695761266193,18.83400833974669,1.5228178535006227,48.67864430958643,10.442096085166334,40.612741119980015,0.3153716333837486,159.38789655871716,1013.327256657726,30.7456263827514,18.910361454952756,369,Summer,Guangzhou,38.85592548691802,127.46287812102784,Tuesday,7,8,2020,Rain,51,2020-08-01
187.44850526938836,22.657260272888426,91.86086484930875,14.41095227231968,4.160021269321537,54.61447538931508,14.932977768540574,78.4952269614776,3.123532539842836,352.3131720810712,1025.2804617065165,5.02641912403452,3.99572606209778,16,Summer,Shenzhen,46.655119601463326,90.221749071268,Friday,16,6,2015,Haze,71,2015-06-01
215.68922783302648,260.31662991475,48.79150000292351,38.13547603179583,2.1043941249504745,56.11987609418654,3.4327633807068523,25.8718605584973,7.109510613432271,310.7760199913876,1035.432342311204,6.418931734658434,16.26314229702192,230,Summer,Shenzhen,34.68624929287463,108.4079485162169,Thursday,22,5,2019,Snow,70,2019-05-01
111.9059514795218,93.7456053873782,83.96431137142628,42.09155553484735,1.729096889495734,161.24720005930993,15.606265600484672,18.29835471603629,7.972242307804564,272.2989828776144,999.0422514435814,40.82045610291944,17.087207950091404,486,Winter,Chengdu,22.828729238104614,98.46795281527127,Friday,17,11,2018,Haze,88,2018-11-01
242.33660347704097,230.2888231295732,34.96567406181863,17.996517012318524,2.213208930725424,113.9581746344604,22.062478948910723,63.12210484061072,7.266667072191415,230.3028087126408,1000.2736180466349,5.096229759067255,6.384902821352622,226,Summer,Beijing,40.5045397395057,104.15282989274743,Wednesday,12,6,2021,Fog,71,2021-06-01
138.00143090210804,54.52988812920485,79.76770223767369,21.61322143647552,1.993799125943638,52.59396503410534,-4.414736830958901,90.13775603830426,1.19705055436356,129.96701537075387,982.2521237539414,10.643245930903062,14.913538959729584,89,Summer,Chengdu,29.0394698429774,97.11557675591574,Monday,2,10,2021,Rain,92,2021-10-01
130.8997802637008,49.06455635608872,79.05656433330499,32.775179211694,2.0382457669409537,83.32817022695592,35.994669171321455,47.588600418109685,8.140166838928678,148.51459797868213,1006.5871445067,2.428927572377609,8.504313991123308,358,Summer,Guangzhou,20.51720759901366,128.89938216654122,Saturday,10,12,2020,Rain,55,2020-12-01
29.43017635293312,56.20828466397536,17.643197701712978,12.05610579629792,3.457379652486084,142.9401546284242,-9.060149054614588,98.0934508909903,2.2828952986318205,341.3549620054211,1034.8272608605196,2.018455462709717,8.99294043968318,149,Summer,Chengdu,49.86745416096926,117.28538426520282,Wednesday,16,3,2016,Cloudy,83,2016-03-01
56.8585735204673,67.17487027710123,18.703541253970798,41.83336804659667,4.97516896534176,25.02717770253529,31.963690307995694,64.54511798631343,3.984655180005984,265.77164790014257,1033.376869720595,15.892842210683018,1.2015461345299714,146,Summer,Guangzhou,22.48032012241324,106.46403046051908,Sunday,19,3,2023,Fog,9,2023-03-01
128.7276292252829,167.44401031348897,70.6168865269289,42.66626215577291,2.124874123027721,148.92704652123868,24.39063370813584,12.571034585704677,7.932852293820059,172.21419450155568,1001.1643227620862,36.99506001454672,17.9544394799826,468,Autumn,Chengdu,35.096197123637,103.6012197688968,Friday,2,11,2022,Rain,90,2022-11-01
12.464539990073876,177.20391365240766,5.842299861502075,16.632472838826793,0.2072944638531308,59.18205103669331,24.880805889466032,31.82113338031483,8.990016986435682,229.5885191259376,1049.620891007808,37.40040201776223,13.406981923157543,306,Winter,Chengdu,27.622294451188324,102.328568820665,Tuesday,22,4,2024,Fog,63,2024-04-01
31.69633696180548,70.0581494755814,29.42462217505138,25.396557705674653,2.33000750859714,110.10947806393683,27.06879667251885,73.5239489098692,0.3932101373617913,160.4050402076388,1014.4254591768068,5.286999110735192,12.4070371435762,486,Spring,Shenzhen,39.69820821395136,93.2881318630506,Sunday,7,12,2015,Haze,75,2015-12-01
99.18157613274542,190.0661806458577,5.956746312451808,9.429104616638169,2.9957739073814365,184.88470988696517,3.33241391995285,81.34348909124044,9.725668685204065,143.48411614045176,1008.7872255296592,3.6148116320913193,14.477191399966006,282,Summer,Beijing,27.94991067072872,126.45421055485318,Thursday,15,7,2021,Rain,67,2021-07-01
140.38865726970096,294.42391901512383,22.59685233071678,22.60728632297856,3.750262963818208,180.66115554342468,12.589055623660958,22.652522862413456,7.932082232089202,233.78181321237653,1002.8139930039922,27.46836729940277,14.168611138200646,31,Winter,Shanghai,23.91016576538548,111.38614068096688,Thursday,11,4,2019,Clear,30,2019-04-01
166.27621210947692,219.2610345401305,90.830570608088,14.954398451272718,0.6211601060860393,31.36727357647541,-5.944034860623456,16.453122295030692,7.55084072120503,278.32604108380457,997.245914473704,16.986841126222334,12.779243463379611,182,Summer,Beijing,20.07923567188791,108.0642437055761,Thursday,6,11,2016,Rain,70,2016-11-01
49.35476468653526,210.2480480469638,93.2136269732464,48.93766807055327,0.8568631782028671,171.71094515499837,-2.119306375043985,50.87840833198293,2.0332450479583954,165.6084884603594,989.5096738567872,25.67747290801541,14.701933799818308,243,Summer,Shanghai,47.65796814774824,125.78255469459783,Friday,15,9,2023,Clear,96,2023-09-01
215.3435060233016,251.5798786437302,53.82810243151943,11.35541633801016,3.103908302963297,39.92374914109023,20.253109468501123,83.29425689892885,9.649974354372976,257.8504592385695,1013.2481999009848,8.343636115240171,1.693737348277398,47,Autumn,Guangzhou,27.33282493527117,100.26825368732074,Thursday,11,12,2015,Cloudy,62,2015-12-01
143.605383464665,146.23163881047637,49.78403199555515,10.035974267291651,2.4983458469850865,23.734602365533654,13.08620754743233,64.83582855157695,0.2920966771137068,98.61748738721472,1023.3469869546316,14.08722844963901,1.8746607428606128,410,Summer,Shenzhen,22.258936967069744,109.64610239143371,Friday,1,2,2016,Cloudy,42,2016-02-01
16.396448480550234,277.11599980077807,26.960261706342237,43.98482114513866,3.680029519057672,26.284420931294505,9.359069784461616,43.62037752861716,2.8930755604656437,273.4014941236876,999.2388346562658,29.69294983818968,13.421299937982395,229,Summer,Guangzhou,45.15382664388004,121.3953022269156,Wednesday,19,11,2024,Fog,54,2024-11-01
145.74714685451735,195.5952271893661,87.81344737044905,37.5301858192862,3.02944562798618,112.93710272839664,19.313448006380334,46.5685852239446,6.443661665081946,357.7132926986484,1015.3608262119596,34.82533666615016,6.495650948313083,132,Autumn,Guangzhou,25.296688962473404,90.59958701298422,Wednesday,14,3,2017,Cloudy,90,2017-03-01
35.3346903264775,20.81760531206183,15.541732554422838,45.7925510980569,2.24142242165677,80.16613859253471,-8.843156231352115,43.04837194591991,1.7306597368163867,319.7051083507017,1005.486836179218,15.700598691672472,15.983913311935291,403,Summer,Shanghai,21.136954409226043,109.050289644716,Tuesday,8,12,2021,Snow,87,2021-12-01
72.69099503468716,128.72291693020725,5.007444196564492,26.0009706481204,2.6130388126625586,199.19228433217555,30.09710812799071,24.92280379685287,9.514418618654668,117.7567443776035,1048.2446405520454,25.62575782300444,5.12231432711171,198,Summer,Shenzhen,49.30262248128395,119.38123276752584,Tuesday,2,3,2022,Rain,33,2022-03-01
244.31302331321504,57.36732338551641,83.6105150761075,46.77646805531846,2.360267345507762,199.5215396041115,-2.6919793429518464,17.287155739081157,8.664574269571943,57.03612237898186,992.2480448846871,49.93614328676571,1.9537386120588085,421,Spring,Shenzhen,25.218426092708555,96.5321844103631,Friday,21,11,2023,Snow,45,2023-11-01
11.432858996481228,247.54664477603345,69.85048468929863,13.740873593843125,2.6575618901439646,71.11788091632505,19.881106528495327,90.03611363284837,7.787764114071486,259.35526950083914,1047.43779751567,22.50760761358749,7.8347986870683215,431,Autumn,Beijing,31.03064609193255,117.16119684548784,Friday,4,4,2020,Cloudy,36,2020-04-01
160.89009755567244,73.81532482329246,26.42832168876932,26.742062849732527,2.8442050412029065,137.38031940658368,19.9805588084142,25.73170772019131,9.423870548493552,218.67498389089064,1016.992315632836,46.72974716625259,5.55191679220686,140,Autumn,Shanghai,46.20594997470417,123.65984574442464,Sunday,2,11,2021,Clear,88,2021-11-01
245.63427418326268,231.53159997378623,53.67511162098128,24.60674613382093,4.822652637967222,70.61293682306459,33.64728718337595,88.6825768277069,1.8875126880223012,322.8505288083455,1022.1892513432648,28.071488933700078,13.130177812187927,240,Winter,Guangzhou,24.296975443845543,107.71108333591248,Tuesday,2,7,2017,Rain,16,2017-07-01
112.34403071455418,288.73588471576886,55.02051062035606,47.37741280409468,4.901196677003821,95.5248068717001,32.358398617358475,71.38893999362858,1.7208709784010134,131.0990409259601,995.2072079490814,1.7425499598553496,6.122315407362224,62,Summer,Shenzhen,42.02414920986718,94.10389065345232,Saturday,10,6,2024,Haze,61,2024-06-01
181.90286635384925,218.58020572997228,51.49061729472315,47.190185149025865,2.1934269098272696,193.9082161880026,26.50776188302207,50.55801174408955,2.4960428282664084,225.33848436553225,1023.5998030498556,41.55828621745884,12.576384522614331,268,Summer,Chengdu,23.17233697018633,125.53299224597096,Sunday,13,6,2024,Snow,20,2024-06-01
189.18557545472305,46.67825913566151,95.69728537163876,12.208124319128038,2.263085238519708,124.53617359545152,-0.1055131129156023,84.63682533429333,5.770518893983155,208.1836019256909,1033.7716314606923,8.704522107648849,11.580728205294154,146,Summer,Shenzhen,23.59767432926338,108.27883849119436,Tuesday,4,3,2021,Clear,71,2021-03-01
23.572292581048423,106.29107565078498,99.00177578580605,21.04194946088159,0.8854266245769314,171.32652778170234,4.535161591018998,56.0217281779199,4.600898203875051,319.0855294305799,1028.326577509352,23.557496677857355,3.7388895856613487,351,Winter,Shanghai,38.22539391888683,118.87117761412432,Tuesday,8,12,2024,Snow,81,2024-12-01
51.31845254456341,224.92576693653865,30.740832806607497,32.774269209108176,3.0584210983918867,116.70921149763376,17.866322175594714,70.87552629630473,9.098858752586008,253.86103945544525,987.2009058861364,16.950077024056302,11.66161247659615,95,Summer,Shanghai,44.7120328336172,115.25625231832232,Monday,6,10,2022,Cloudy,82,2022-10-01
151.3647245539314,50.559286290169865,62.32177035126087,6.590475062342899,2.6069350396708866,125.00551593515102,38.87578157711077,75.79109243964146,4.02304614292217,161.56227125217944,1025.0535062656545,17.485107276510725,14.63212360480062,407,Autumn,Beijing,49.803516419236416,101.36680478393278,Monday,12,2,2021,Haze,57,2021-02-01
43.88653060182732,125.72952219483798,71.84545001229466,2.295930508881652,2.12876930162554,114.17970839855036,19.33733072808464,74.87550950660314,6.441712438417214,209.2278096018096,1033.672955283062,25.514117565753278,9.042771984982672,288,Summer,Beijing,48.53014952330878,96.46533862961628,Sunday,3,7,2018,Fog,3,2018-07-01
157.54337926776194,291.51379794845263,23.910950403341403,3.8047537129547937,3.172450953779086,50.99146873612672,24.035894575867907,22.882291260591824,2.062651191059942,165.0228594903647,1017.9782650882552,24.10831266908805,7.420191747814838,101,Summer,Shenzhen,28.461095786993614,96.75701644737876,Wednesday,11,10,2020,Cloudy,71,2020-10-01
101.99607518566684,233.8200930560372,47.058496191820254,39.68608550770464,1.638459859495104,150.81636893080423,24.405639580820136,39.26072178646194,2.194240815594484,165.9084232968592,1010.3478465411798,44.7009318060391,8.332582150310495,492,Winter,Shanghai,25.31614062533177,93.85471373351233,Friday,21,8,2017,Cloudy,27,2017-08-01
124.98461376331484,97.02541484679904,75.83274010008171,23.036783670568767,4.237046713739522,56.275575021961615,19.68592129089565,40.72247327345562,0.4507027937843255,304.5989884323282,994.862018572508,41.07222044996667,6.689473529205203,178,Summer,Beijing,34.30468218128597,106.49218356702995,Tuesday,7,9,2017,Cloudy,95,2017-09-01
76.31622025300948,67.03528667863291,84.17207832002552,11.849346052445377,3.2049369414485245,82.28344025990171,-4.472854536681239,93.5857469319476,6.010604684585083,136.28557112500368,1040.1533386185138,18.93085113968469,13.078480582866884,206,Summer,Guangzhou,29.810910780215625,119.388120324616,Thursday,7,5,2015,Snow,81,2015-05-01
105.31990861561636,86.17104455547816,8.938503431306628,30.53588509455394,0.8926374606270346,149.98227279401394,21.25479904303674,54.33917083507122,2.072059004882284,200.43178245781596,1029.5001300046204,29.836507401501844,1.8222758552958296,179,Winter,Shenzhen,47.54242527471308,118.99779731932642,Friday,16,2,2019,Snow,63,2019-02-01
171.0995238108405,40.33766441806088,65.50502783748544,3.3101841381092445,1.9730029129283368,166.18009953426784,-7.872918825117372,37.526574342535255,7.89772672358114,35.58788389577818,1046.7804785219894,23.975864720511357,14.059117797419752,423,Autumn,Beijing,26.761888358372403,102.12943680595482,Sunday,21,3,2024,Cloudy,89,2024-03-01
56.70859861661726,256.09894394886635,91.42145183856304,18.18985119748552,0.7405638714666202,131.0615504458517,8.72601471436834,99.39987743879368,9.319262681858213,93.03007488830104,1024.2445440340057,0.7527993732295901,19.41457953838885,228,Winter,Chengdu,30.198058638244675,115.33751757078252,Sunday,12,4,2016,Fog,90,2016-04-01
180.62436731660293,56.98076612922546,14.91425256286165,32.395685237749205,2.652809065990217,133.32076889412028,38.08571854566989,12.335701959987135,1.2409131170701748,30.17767037995904,980.9273212318516,46.70119704440573,9.581047497871834,443,Summer,Beijing,25.432195445997863,114.57591577610086,Saturday,7,1,2018,Haze,2,2018-01-01
32.06855180664688,186.95121901131384,53.79339927852909,30.217988677845177,4.445351985726703,171.58056672002172,20.44150727844138,12.675922476592332,5.659906635811409,68.2282980857459,1033.9153302406803,0.2173475965383975,4.598737977343813,299,Spring,Shenzhen,45.20016673119295,117.25201204141062,Wednesday,15,11,2022,Cloudy,86,2022-11-01
158.90052205803426,141.88109034204265,88.40251476215035,40.374704062855805,1.6555775675293622,151.67724122435575,-3.523585891043881,20.32509876244474,5.717592617655786,309.5749192886825,1021.8080562353748,39.783348984201446,13.82723653956009,185,Autumn,Chengdu,25.957779282096936,103.85144549665182,Wednesday,10,1,2023,Haze,61,2023-01-01
233.37625921504412,255.40240361279697,44.055209648228285,20.07457291253182,3.2168574210768006,112.99614463368572,-5.819954256728035,43.16691404096059,0.5718214824739276,183.32735504268712,1003.9051670647927,38.73153249375119,1.5678277672273462,388,Autumn,Shenzhen,43.854827599393545,109.42811984484013,Monday,3,12,2019,Snow,92,2019-12-01
242.46819800487356,121.25663616276636,98.831541295026,6.048230166734915,0.6234461669135476,74.29215296238357,33.824355720843926,63.36775500477032,9.683961279877654,336.2059728174511,1037.9059125512013,9.539613649927247,18.10709336767901,16,Spring,Guangzhou,28.69278612571837,91.81646068557804,Saturday,10,2,2023,Haze,51,2023-02-01
57.49535099909548,180.82005532167972,48.80137728862165,37.36537682091283,2.4745434575076173,171.8401176897673,26.48693634031533,72.18011353121143,6.353393374722117,184.63371710522736,982.1387227169196,28.213189299063423,2.6069380574855643,211,Summer,Chengdu,29.52975060351831,128.51623045476362,Saturday,21,4,2015,Cloudy,69,2015-04-01
168.0160065610283,126.59719380373885,64.49470911551637,13.462759376143428,2.533287524514318,137.14250485163166,17.329569063514953,66.24232295403465,2.126492784564417,333.85005346290444,1017.4920898332206,34.74255748872866,14.678088248988502,15,Spring,Guangzhou,32.47146097365375,99.55196190582863,Thursday,11,9,2024,Fog,11,2024-09-01
213.87244637583737,191.43094930302692,98.34484623261396,49.95258485067215,4.937662042930429,89.50501818443907,6.286949052062532,69.39304406351144,9.138102684930988,58.607120170199366,1048.2478809628135,47.39552610859146,18.54339575471623,214,Autumn,Beijing,45.53681011660475,108.69745458148353,Friday,13,8,2018,Rain,53,2018-08-01
246.37223496881904,257.2716202630682,92.68175033927258,4.7121041726840405,1.80001059916283,171.6052340003441,32.968515705836154,34.782362991721925,0.8922167285706717,233.3033483434895,1033.7389585416597,9.30598251351618,6.66303982801709,77,Spring,Shanghai,35.10251676370221,118.07132752161444,Friday,14,10,2019,Clear,47,2019-10-01
242.2654347109577,184.6997197739348,54.09082060260219,25.856134857224863,3.5993647627980265,89.20102375430871,-6.177880345585526,78.8679015390955,1.2232052509293423,256.0972081777139,1030.8661267764542,1.104034923016839,9.681785323698886,190,Spring,Guangzhou,24.3057059124361,93.50324268062568,Saturday,8,9,2015,Fog,35,2015-09-01
215.8636652221881,39.60875203289429,28.662271213257565,27.930127814038944,1.5337329396563966,125.69493566283406,-6.673389923147907,49.8575524085429,8.669770418314727,139.40333210563398,1012.8666069073204,37.461114605974736,1.779857941718677,459,Spring,Chengdu,33.04317016038768,123.14234956977242,Monday,11,5,2015,Snow,46,2015-05-01
148.5492677710855,114.89975963330176,28.43957472120263,26.954321473791783,1.733593675837653,140.52100784393318,32.9707406991171,53.648679027849575,4.551681935443367,200.24701162681697,1030.0997254719125,8.390641272297394,15.244326060732137,321,Autumn,Shanghai,47.15444410613213,106.44179605920752,Monday,20,8,2020,Fog,99,2020-08-01
47.1056160883729,33.631868056118215,24.164938213506066,17.5011421292218,1.4850391696400698,118.70025736762808,36.95985416751819,62.52633920422592,2.474762670120078,335.7040609236225,1003.9108393242684,42.395657160574,19.52126995127921,455,Summer,Shanghai,43.17302439949593,121.63660209014569,Sunday,12,7,2017,Clear,61,2017-07-01
199.08134715785343,138.21307625371645,55.42224132818635,31.8871854500814,4.539740138307473,139.15297048079034,-7.437942833834695,63.94307582399474,8.301320931184335,125.1642934660982,1008.3714163637516,27.67211348125992,7.553206670715589,200,Spring,Chengdu,46.51039290509807,105.19724847325186,Friday,1,6,2018,Cloudy,48,2018-06-01
115.25474430270516,138.18503996696853,40.99669352290261,35.032251918479375,2.9046936958763125,167.5522708849305,6.901775598298386,55.60341482965857,7.416313357991735,92.8934065167095,997.4757455855462,6.455684771015907,6.6971769143809015,45,Autumn,Chengdu,44.12854205952577,113.5908562944833,Tuesday,17,1,2023,Cloudy,38,2023-01-01
35.61828154778987,110.19348066851116,77.34112755579254,3.812156669997635,0.7428985674606475,183.6290203634032,2.0038484178517315,72.97786591863785,4.680210712695755,107.5509626048533,1000.4499729652124,46.47603979806388,12.583569398421862,465,Spring,Shenzhen,44.828550099929366,97.05507845608932,Tuesday,19,5,2023,Snow,30,2023-05-01
40.30299645230561,148.49150682636932,51.4516761795235,19.11108097456147,3.7073119871110336,101.65000972998162,20.026733663643192,92.48492485710436,0.4929010448588178,156.10728610255072,1037.4803660559835,27.1293378180698,6.154232915702987,394,Spring,Shenzhen,32.166480626681874,92.33911082013364,Saturday,1,8,2023,Haze,26,2023-08-01
183.11912441401225,130.76457580099378,57.314813408417166,35.82826435394277,1.6817314850688538,87.44339286528387,19.917222417316847,66.9399285124766,2.675500618469667,209.49121391242196,992.5327199481848,26.55854324667344,2.939998480212061,373,Autumn,Shenzhen,37.52051400393036,93.7362054280472,Tuesday,14,8,2018,Haze,12,2018-08-01
194.62894689862475,223.11488514314388,11.042274071309237,45.97292442796536,3.664064336881818,158.3281845980006,29.64278094067624,62.28242233276488,6.019463998345595,26.438379651544302,1040.6725235408092,25.87912838175672,1.7811025342549178,303,Spring,Beijing,32.227592408665245,120.07181554409472,Sunday,1,9,2016,Clear,11,2016-09-01
182.5219772848752,46.77674049757098,96.93802648958592,39.64258093156778,2.014990846695805,29.41581841869653,33.91405068969866,59.246265094197085,3.945464287781589,235.7824311328719,1045.6516321938425,21.78431555100555,8.586496015123517,412,Spring,Shenzhen,41.38266664754644,110.96721015101394,Monday,5,5,2020,Cloudy,95,2020-05-01
139.0018548317589,137.4392046254652,88.74207968784185,31.782985714062605,4.783682549810743,46.65029912366346,33.80463317430346,31.58600863045056,8.112838379512622,337.7762315632278,1041.4665449534916,5.379565660041752,16.276807105916767,13,Winter,Chengdu,28.52116474431345,110.30076076788085,Monday,17,4,2018,Snow,39,2018-04-01
170.72855991585237,239.66267093867089,82.44367065744322,30.155138446692582,3.1121377310178944,112.69279373110903,-9.589728791244063,81.94225031319023,4.207402273868559,85.0876464256329,991.434896817238,2.478146434525108,15.302815597358352,440,Winter,Beijing,38.185365892099085,94.90525704840351,Friday,14,4,2024,Rain,40,2024-04-01
181.60434228376107,268.3269653080647,61.312632115573805,23.80882301823572,2.503501970856144,189.9555689707249,-2.651573510077656,67.92184923437827,8.643731777375972,197.2700829857613,1037.909402456561,21.73188718215757,0.6883037918364728,18,Summer,Guangzhou,31.912961950641943,128.2007002287434,Thursday,22,8,2023,Rain,40,2023-08-01
180.58246488804625,267.2637765198415,72.69439653336511,20.19339063172306,2.5979102840695703,70.28956183147275,18.29014743562316,50.32409245786585,6.827571491296295,312.9292489431337,1026.9717567371206,2.393149391325833,2.313801034891383,85,Winter,Shanghai,42.04518761208455,115.62640517701124,Sunday,5,9,2024,Fog,25,2024-09-01
75.02227681285383,280.9417499246122,68.93446000811983,42.14247123187014,3.4462776233391934,22.28798039329517,2.742343873846673,29.31317698472451,9.32102423683762,70.12561032342856,998.05218115868,49.29531085024805,8.276309640752391,200,Summer,Guangzhou,36.955552560153066,91.23264506099552,Thursday,11,2,2021,Snow,41,2021-02-01
72.42584723295212,270.02100118884863,70.90299458871283,8.813313112080861,2.978287808206066,37.49583130576487,13.158476648524504,26.899548904178907,2.505399767124308,288.40032249366953,1041.812495524126,32.167178507346165,2.7921679329947877,59,Spring,Guangzhou,32.11118940635752,102.43120064623996,Friday,17,1,2024,Haze,94,2024-01-01
45.25499720297528,45.12668298437711,52.86901815808185,10.510659396600758,4.894525612537291,188.21293326412635,32.46668383543087,87.11333007308843,4.639444066425855,349.9525144472889,982.7008740322926,17.88341658559339,3.650665596063216,241,Autumn,Chengdu,37.16447833790159,123.09188680960806,Wednesday,3,10,2024,Snow,94,2024-10-01
246.3488732926649,79.02661386174395,87.4912844112872,1.5106874326858055,1.4679463344339971,193.6534826912316,8.180746583838246,48.68566423297689,9.319474138284576,109.21455493632148,1016.723914833605,25.993425899319558,1.1668419490920834,223,Winter,Guangzhou,27.19523647642022,112.16791061629964,Wednesday,13,10,2023,Haze,83,2023-10-01
66.69140440056958,157.19621893011094,40.420230360771285,8.670595225272255,3.960924301764008,134.65574205928306,37.75220170606417,26.87050500924187,2.464969943394661,161.04730092727598,1045.545285225217,36.62865711478041,5.082536592978271,281,Winter,Guangzhou,45.287641998502856,121.05140499649389,Friday,5,6,2023,Haze,26,2023-06-01
40.63616544875961,111.17921810768252,8.587178482509538,14.898285895935114,1.7735698297046454,72.25619506354758,-1.6486697212907266,24.66392033257017,1.0088651421286432,355.21306594357026,1047.1390128139565,46.77751496465352,5.549871409156266,495,Summer,Beijing,23.057024546928613,112.99015154478025,Sunday,8,2,2016,Haze,88,2016-02-01
168.00856555844894,239.24277572180893,91.06208389320514,3.006025585926384,4.1423241191026,117.30050815277748,27.477854923616896,84.4665391470632,5.635140783453307,207.24131864603572,1036.6182095715303,5.471450789420351,9.97544593156068,146,Summer,Shenzhen,24.92190548486652,121.7495422919514,Saturday,14,5,2020,Clear,42,2020-05-01
148.15636523713604,174.11377588233995,27.39852317405825,45.64004965314008,0.1860923404501341,141.627531441834,4.414159625744549,58.23909442244188,2.5466488436087467,121.28945757131802,1016.6208812477828,41.01460874441985,4.581081035922924,26,Winter,Beijing,35.612838575468395,111.6604724171074,Monday,14,7,2019,Cloudy,53,2019-07-01
98.19740936976748,237.09236595353363,67.6563017696181,16.16536887175516,4.233276059821852,146.5921236850235,35.64160577972481,85.67780489899843,9.209151112655189,270.86778306794474,1035.757617318793,18.923270393608902,15.466969761985752,331,Summer,Shanghai,44.24867581082462,105.71861766609794,Monday,5,10,2018,Clear,70,2018-10-01
148.89939381600564,23.077384638224675,95.19371278042584,29.60869917487211,3.8029178261314662,85.62691325521624,15.663282250224071,10.242980963514697,7.072618333590287,269.83055542285973,1014.5566838432871,42.5403379632979,12.884992267665137,401,Summer,Chengdu,31.1214254649111,95.16153605326912,Sunday,0,10,2019,Rain,91,2019-10-01
146.36314945050617,294.33507074194574,54.69816636742972,28.676209050980223,2.9996077928832285,191.79882305691024,-7.817398366029601,54.53955566805111,7.926649339155295,71.6523676162037,995.6881010614748,43.49778219063377,10.769917042107911,365,Winter,Shanghai,20.63468194480726,129.37531256482816,Tuesday,22,9,2019,Haze,87,2019-09-01
77.70887712656977,60.437873217633545,91.47227866880873,40.4566583542941,4.109384579949887,106.47768719248812,32.25676900498576,44.11170316975279,8.593084057080205,293.9170261558543,1006.765357476919,39.490431360067696,7.402413155372835,76,Winter,Chengdu,47.73124309617162,117.7415266539803,Wednesday,0,4,2023,Snow,76,2023-04-01
155.5515666382666,92.20972045669492,17.47689947014145,3.663168432565161,2.446169284803611,151.16991579997318,-7.319973580620261,89.13783176454747,2.3190127309157136,130.32124286075634,1034.0636191395597,41.37282848371257,7.814999861401955,77,Winter,Guangzhou,45.75466768680809,109.452971960677,Thursday,19,10,2020,Cloudy,41,2020-10-01
227.3903795340972,212.3684000223589,56.12237844299101,25.222669241172586,3.7675692663905447,129.30547568440153,13.181217426997158,11.64883096619306,6.619758223844671,250.34587861350528,1036.968240241039,36.899769900889154,5.879822224508113,257,Spring,Shenzhen,32.35393412689717,106.5435427080586,Tuesday,18,10,2016,Fog,82,2016-10-01
125.19025037273116,96.21801994811165,79.38235962447467,5.374825812534456,0.7574716894525375,151.28533003941857,38.0944035957377,81.37867716760923,3.5151843798852123,94.2267575649679,1020.60139309381,17.42488896839869,15.157347840490434,467,Winter,Shanghai,29.8192232369428,123.64529113742142,Friday,6,11,2017,Cloudy,20,2017-11-01
202.48891375402303,105.78410350563306,76.76128838228618,22.40507164461561,4.822451216438194,48.775145117819775,38.26745508962252,73.58035759637812,3.851059942394584,1.8190517045403356,1014.4894067608992,47.043574773806384,4.140353509271765,394,Summer,Chengdu,43.86186513322956,105.89395965399576,Tuesday,21,7,2024,Fog,74,2024-07-01
33.6324392600687,138.083581770683,92.01622537315386,24.843476545336117,1.1931267633447138,14.405890081479772,39.62192537692548,98.01094586386074,6.982302032534051,300.0119526850721,1015.1484335801424,2.758249368531296,15.42177209107627,462,Summer,Chengdu,46.01118458942528,128.55129611085056,Friday,3,9,2016,Rain,95,2016-09-01
228.04695791689196,87.20900775068463,23.733426764851533,8.428788215552348,3.9906947307033103,97.91535020639358,5.264121448417129,92.7088392720177,5.794288038255902,158.64425294835797,1040.3535791634952,27.64078868348299,2.8723350223850077,257,Spring,Shenzhen,22.404120358427843,97.96884830788863,Friday,7,10,2018,Haze,73,2018-10-01
130.97775337193167,228.50775997893703,23.366568415645265,6.000121771609092,0.557123387733454,57.05009448558305,-8.454618393018484,34.154812691307775,0.6089565724697488,37.10565921019231,1037.3731610210937,46.51526560269316,8.973165094739233,295,Spring,Chengdu,38.45282412582441,96.974566879031,Thursday,10,5,2019,Haze,67,2019-05-01
109.53578433864833,201.25107090655928,34.216508806119464,44.03068197376678,4.311337828029684,10.467525990224274,9.219548231666709,72.58353658622725,1.7639596341282515,69.96629551417254,1021.3435146493766,1.4376566863259388,16.096657486709468,425,Winter,Beijing,34.00951277751909,115.3449153392382,Friday,0,5,2022,Fog,35,2022-05-01
72.56059941238995,291.9558085421665,36.3923364029733,13.029400663376672,2.522896339480564,166.3161714004488,29.4966018215066,52.15603331608297,4.609942445654491,286.9861999999506,985.9447870762548,9.712804349198706,14.979670710402994,51,Summer,Beijing,24.469445231390736,101.40715033088487,Tuesday,11,7,2018,Cloudy,78,2018-07-01
10.432370017733632,160.4234387624161,37.45863544134672,38.68207798400536,4.4159877464402655,180.66749316193608,35.172969958929016,79.16061578672348,2.5513610193688265,314.2319731239893,1003.7125737922348,29.313942474756004,13.928995934840698,450,Autumn,Shenzhen,46.76035251655387,94.062649820017,Saturday,17,5,2015,Rain,88,2015-05-01
35.54217150757662,289.4506779986218,67.72739496126954,8.059634378858545,3.055871409913447,195.9960133735736,30.63134051533632,31.1985479794867,1.740423554034185,358.59599615426333,994.124621812592,42.72280012572043,5.454155225228911,465,Autumn,Guangzhou,26.62439768432055,91.37833303428536,Friday,3,11,2019,Fog,28,2019-11-01
248.5715560681804,138.4453012137784,53.65320487616412,44.55364558054677,4.245225833032927,196.2403844023273,17.373772424810937,59.89922534656174,1.8335341139108383,67.22940462200717,983.5648684583877,30.627116816120072,14.412699718080384,379,Autumn,Beijing,40.977708961020745,116.20502955694036,Tuesday,14,8,2015,Rain,99,2015-08-01
106.01405099179424,200.25296349656523,6.870495287015739,40.58178505018095,1.8191964355736607,56.24263004877879,33.503096955737,57.75578953833133,8.09250896440046,3.3459583951939376,1001.9655993726816,3.1374199729249543,6.907642155543128,153,Summer,Beijing,42.59530228397933,107.784561038576,Monday,17,6,2021,Fog,31,2021-06-01
185.5100164301828,80.16237682724594,67.42542248110915,26.67611263592432,3.6024675437044094,21.10074720534407,-0.0544649261367293,74.04474130040397,9.73313929118964,224.21630651283948,1026.0406771591624,2.8258715341513585,17.80673433872773,14,Autumn,Chengdu,29.695004003213555,119.9869181194149,Saturday,16,7,2018,Fog,81,2018-07-01
108.4947221112074,28.332637156965458,7.992501726833225,28.629415176814263,1.818347087349506,148.79489730832114,6.344920253535456,49.40865923347906,3.181112122670564,85.62502366228588,1012.5753413704438,46.37715214991064,15.098395464050627,318,Spring,Chengdu,45.31787455556231,120.4080438233868,Friday,17,12,2022,Cloudy,16,2022-12-01
172.9885219974736,215.42123290645307,73.48546295572761,11.757619999578344,0.8599046503879904,31.860676522683693,-1.714292057816838,40.20898852401103,9.199781797872191,106.9190867844666,981.7247540567532,47.4022570437501,16.851759008880617,271,Spring,Guangzhou,32.58249874835835,115.32921766536958,Friday,2,3,2016,Cloudy,41,2016-03-01
107.33744063932949,188.6509483601384,44.84060340874595,7.941246798218573,0.8784269634279566,29.49849143114797,-1.6105481396660153,72.27241564824804,1.3520415716425316,342.43484318311846,1001.7608733091568,45.989505528355394,2.202014238727988,396,Winter,Guangzhou,46.91780605197931,104.83343541432734,Thursday,10,3,2020,Haze,14,2020-03-01
93.28008491973792,294.145533483862,88.79425473995074,7.667885235091991,2.728775236604008,130.55009922312155,-3.0974703809242303,29.891941855376785,6.4426913302096525,127.8930297235308,1049.30791601273,41.21750659608325,15.54055013872031,479,Summer,Beijing,43.58177479797586,120.30569834352532,Monday,2,7,2021,Clear,11,2021-07-01
42.95038594387535,48.7241302663132,61.886088085940784,43.76640500548318,0.4743076714474634,79.52533960216276,7.879055504091095,92.96465072805948,7.808990810094302,35.799523903723355,1005.819400655954,36.53846444285449,15.72460214342878,350,Spring,Shanghai,47.30184217323864,101.1709996015447,Saturday,13,9,2022,Haze,70,2022-09-01
184.5235480674584,223.477013553484,87.11148648293344,11.872038604228646,4.37868564369035,111.18724290186556,9.850728870396413,91.89768850629824,6.231229466873513,55.08665064648218,998.2320178726682,47.68364225350642,10.211010151942965,346,Winter,Beijing,36.60502511755139,116.49045246173876,Wednesday,3,4,2018,Fog,98,2018-04-01
154.7268141041693,144.35742711054115,84.60874340289242,5.045254990786475,2.017381802855838,109.07616271381973,15.727796004564237,37.43649267021264,4.395535631321383,180.20797404174837,1022.4297652003808,7.092907947450549,1.640443210431742,343,Summer,Shanghai,34.26875493664371,92.38962200505688,Monday,13,8,2020,Haze,64,2020-08-01
159.81949628927924,116.87747677866,44.257732866546746,47.88462508801294,2.1872944829721157,16.74507018871751,-0.0998211055545219,49.18245872333778,8.733888882319052,2.8469801712931497,988.1977633805244,16.21168535891974,18.779619497262797,374,Autumn,Shanghai,32.91694023586237,119.9087184741842,Wednesday,11,5,2015,Haze,72,2015-05-01
127.09987742761882,140.44000856355882,47.87477807401668,1.8196718374387149,0.3961265736770848,120.2318293191814,27.61540049975724,15.673142068045014,9.776414087089002,297.1852215454036,1038.7593580959797,12.762060320286572,9.529600066234291,171,Spring,Guangzhou,37.99298706768377,125.73801618316898,Thursday,0,6,2015,Cloudy,35,2015-06-01
233.06978258641504,218.57496830584324,87.13272772451705,46.11341230379758,1.5078478082232378,40.37119190323423,24.004309640673583,16.240069198496514,8.518728438472822,322.7695220928194,1010.0787127094416,12.870743065929084,2.4049223579078065,343,Spring,Shanghai,43.84888357026211,118.37675170329187,Friday,13,2,2016,Snow,16,2016-02-01
57.10993435671966,73.54360163653267,31.887613879059103,47.298401015357456,0.9885623681702654,89.56924421041418,39.04704183569496,31.824600391900653,6.802684811162425,60.4038029035699,996.1907497761256,7.873447652646831,16.207036916595687,197,Summer,Chengdu,42.54557376643663,124.14932732805718,Tuesday,18,7,2023,Fog,80,2023-07-01
88.35326698728282,130.03813767112894,42.378527400838905,11.707315127405726,0.6149897622141797,83.80648500586418,39.16155351409685,43.37147650856115,3.0583507066027824,44.7843683327237,995.8434176347926,9.168288159452349,12.13775366444591,377,Spring,Shanghai,30.362003522998904,90.04990236420905,Wednesday,5,5,2021,Fog,20,2021-05-01
201.6268310708441,209.14679407099055,66.56957791066075,16.323721800901183,4.116275340273273,32.5732292419633,26.446318038027016,42.77896466505079,9.50486687359558,62.10025702626135,1000.3660015173364,2.1730061798492906,8.284398674886749,354,Spring,Shanghai,38.34184075742385,119.75209875201358,Tuesday,7,6,2023,Snow,86,2023-06-01
249.1326200621384,261.1558505481049,65.53842610854396,45.49735922053764,2.338578049830203,107.76677217964242,7.588874106936046,72.62388283682753,1.9667197781370471,320.6200908138296,1030.9069092905647,47.8461927896556,6.402521056970418,484,Autumn,Beijing,33.95826324127348,94.9963044134131,Friday,2,6,2021,Fog,3,2021-06-01
100.1099886614424,175.8731533626988,33.783897765966486,24.207696876890427,2.9679554715955576,40.74007645115815,26.4639833533394,31.018958152747548,2.374689906232519,183.75019166145924,1001.460192237091,38.55609765484482,8.848056638561866,369,Autumn,Shanghai,36.27820902488432,91.2218782894239,Tuesday,10,8,2018,Rain,91,2018-08-01
63.618409280056326,84.59702441926791,14.582871860241903,3.980527295699672,1.82982134863499,151.3160911521493,19.849293557515864,54.881495784006695,3.791972232950792,220.92270571864145,1048.6215565070954,22.736108153095376,3.3675667186534723,86,Spring,Shanghai,44.20069230694907,115.42860273910549,Wednesday,4,8,2017,Snow,25,2017-08-01
51.795986535481305,228.2330615117326,40.09641936927943,33.31540281834178,1.2777593910993936,131.37671627926665,-3.83301362277498,87.65776547072618,4.631726158659287,250.56628973084187,1034.8646168604257,38.87667615659435,10.35646764568368,224,Autumn,Guangzhou,20.265578565695936,122.55048239868732,Wednesday,5,7,2024,Fog,11,2024-07-01
105.04088363448798,28.968729594521,31.139057834382868,17.795648358268014,1.556915486298433,62.88523440529214,37.84856007346277,79.71098041381649,4.178860157132485,101.74793528569506,1004.869136326247,47.73996371284234,13.16038934926979,304,Winter,Shenzhen,36.35322054811475,120.29826767591,Monday,19,6,2021,Cloudy,85,2021-06-01
165.6288530513022,38.29438586454902,41.70283737024192,20.499233530482588,1.0292385708179808,131.97149383864206,14.245005202662211,12.417990900090428,0.1342344235434311,98.38241211920048,982.9418395467236,28.22436132209569,15.812432507856231,97,Winter,Beijing,48.07725444320424,94.45453068788832,Sunday,20,5,2020,Fog,97,2020-05-01
77.86532019682433,142.8492388342779,97.3613010390764,14.494308576419447,4.813464506157026,153.6758174425598,-8.460222794666436,21.652322391270395,7.098457323375754,139.16544458993337,1013.0567761983089,30.756698128926907,14.603983531412716,171,Spring,Chengdu,40.16872231382628,113.16111637505026,Wednesday,0,6,2018,Cloudy,92,2018-06-01
35.842571014533675,106.42354938003756,17.814903787778277,43.2819196990662,4.874085692017985,117.7876621234919,12.63407743044515,15.130596906434585,6.92855843487679,42.98982443912554,996.8543770752352,20.791534020695668,2.3358066900392345,212,Summer,Guangzhou,38.22088794052935,105.80034529090672,Tuesday,14,7,2024,Cloudy,72,2024-07-01
130.73901663347044,249.49477021832124,31.931320218570548,16.334917685454656,2.757293962515916,141.2030223355037,29.64495100375902,68.88572416490422,8.752901916300141,259.5913588762304,999.029102626663,4.032605115167781,16.202562368187223,390,Summer,Shenzhen,27.35274766133921,96.75664920921211,Monday,14,1,2015,Haze,43,2015-01-01
30.691148068059476,120.23908075199266,40.94603910674243,21.593337213587347,4.321756897232895,110.37694817926496,4.122797191330866,28.883357990215696,9.580272350801646,51.110291320162574,1017.1327168311684,4.474881827568749,15.750720659707286,184,Autumn,Shanghai,28.00706203045154,110.51305580569496,Tuesday,9,3,2020,Fog,67,2020-03-01
140.83595230427656,271.11063073670425,48.790482246844434,46.36557570977346,0.5840574357420671,88.57143752683216,35.94892391517115,54.25267679252966,9.647249557801844,259.6374975361,1046.5624384245475,45.67967473885706,2.7426043475662434,295,Summer,Chengdu,41.9502615497524,119.1289187028385,Sunday,13,11,2019,Cloudy,85,2019-11-01
42.05388144096045,196.0412701409606,48.00643032378048,27.46429224840363,2.553876941298473,160.88039981208118,-4.61373026730327,91.26121482674787,8.9394056336459,118.16678063297616,993.8540495470254,5.962161347118816,0.6580621280323848,194,Summer,Beijing,43.73731619979812,118.1576292977917,Thursday,13,3,2017,Haze,72,2017-03-01
86.63373130708246,217.94548845711745,41.21471958934573,43.44410260280443,2.4561836751280963,21.73532624106808,38.30193554903336,29.80205531805172,1.84180909760989,58.42969037274458,1018.0408703169152,46.44530067322659,14.94828928700926,80,Autumn,Shanghai,31.89534225357813,109.1996485930387,Tuesday,16,1,2017,Rain,47,2017-01-01
67.80109912978902,246.7214278804392,61.58737883487299,30.596381761927585,4.415031103095132,86.04161292799708,24.725514950367383,40.42961985814904,1.262153242230275,179.87478819390623,998.8655381586132,46.38141451548288,10.657017342157634,147,Spring,Guangzhou,45.15687121085421,98.2772485647685,Sunday,9,6,2019,Haze,37,2019-06-01
24.31049047929929,79.70063638807689,5.55376231671663,40.97914054224944,4.585449829192347,10.851210080410066,39.75247554724268,87.31862660182094,2.2243857163193304,76.67720168389455,1006.2020484986596,2.4457998306780198,17.227018543350642,111,Spring,Chengdu,24.476647220014307,117.4120452845064,Thursday,11,8,2022,Rain,23,2022-08-01
154.7207725395024,104.37935356891218,25.7646874780756,45.04806832782953,0.2117628067518804,189.9894886963305,5.180557342079254,17.235488618971,3.898098250335981,33.88324615556356,997.1146075672068,48.86871334283771,12.977664561686424,239,Spring,Guangzhou,48.18757059867962,125.34620641550342,Monday,19,10,2024,Haze,13,2024-10-01
185.57816003060137,74.82954281094737,71.15704972238194,46.238646822534754,3.348064524572804,141.76843749471988,27.14658276198089,63.86023327527365,4.582957021615775,231.88035084476863,1036.2226684085942,4.261399446501191,2.102347794293905,258,Autumn,Shenzhen,29.34889643963333,106.41889602864438,Wednesday,9,2,2018,Snow,82,2018-02-01
159.7316351110208,140.01767394371524,15.835518429336627,10.368432448465835,4.350702618559507,146.23571143110664,36.24658813337751,59.23168902967288,3.639850338113381,64.66291746830696,1044.099615993261,22.419016527146702,9.475518841649032,166,Autumn,Chengdu,38.88543849866491,105.31031868030718,Saturday,13,9,2015,Haze,92,2015-09-01
150.00244948783114,136.06423996000632,74.69207752531479,45.82529848285342,1.529143408085993,128.03913142394435,11.832538140606207,41.70814117758852,8.235028593780621,16.755619028141957,996.6449927311644,27.181093870374763,10.17944165361573,439,Summer,Beijing,24.41135683012449,118.92772093077514,Monday,7,11,2019,Snow,90,2019-11-01
126.32383427369788,108.30345739721317,40.614962815670864,16.330767700341372,4.007190100304943,167.871381683415,32.60905619109832,77.2949956298271,8.327151465341665,113.6682127570259,993.6505825178438,47.07500657308966,3.811343847761496,176,Autumn,Beijing,43.07791904572796,97.13937647037656,Tuesday,13,11,2017,Fog,81,2017-11-01
123.12726303986136,256.4882352586756,77.63831276091572,9.785227475203806,1.9284314985417048,90.13227390523124,-2.8148730412544367,35.63273299797113,0.7112325286654619,20.290170106815545,1025.3399878200023,13.471597045563572,3.070195238393181,385,Summer,Beijing,42.65063454867833,95.36030964627588,Sunday,12,5,2021,Haze,88,2021-05-01
131.85506071275302,96.68273588442848,21.96209644865956,4.589833416238074,3.1800289192257507,54.05243332309253,-2.5728311366996683,16.499739320836202,8.787855845312837,166.5612691360452,1006.4962022430708,30.938892618342805,9.431371494747893,451,Summer,Beijing,49.858385410042615,103.03064955560072,Wednesday,13,5,2020,Snow,44,2020-05-01
207.90637187366968,289.1401905800283,21.135388839712984,4.701537043630856,3.676244592702412,151.467004442537,19.77892209002153,40.64321426670285,8.571197541616236,103.37762002447116,1035.7945315580864,40.90009164574433,16.905888738522577,484,Autumn,Beijing,38.737281189871226,99.88118495486968,Sunday,22,9,2023,Cloudy,97,2023-09-01
43.72154561373989,268.9965401666617,44.97589846983925,25.57606186678477,3.3725179760131105,19.086246840201767,3.720015440147797,71.2308284321605,1.2630615797502875,191.0392214518132,1047.3369173425326,31.56432460976642,12.711448942997343,362,Autumn,Guangzhou,49.676104104756845,98.25717361385315,Sunday,20,7,2023,Snow,11,2023-07-01
169.23995181390498,254.0598169503205,22.719984369788484,24.908538993469985,4.433412802196458,62.27663289419111,39.61002895762574,48.76637070281348,2.526401389907357,95.38449369084928,1036.4714038604511,21.825257076143306,19.98744629528335,322,Autumn,Shanghai,27.240077752556367,107.88596057511958,Wednesday,5,1,2023,Fog,84,2023-01-01
71.59376641798445,107.5384591673474,20.650968996266897,9.685283314628617,4.886976272483731,28.546397583172386,-1.439757238826008,69.20736294671521,3.948229797531252,241.6074810722097,1044.1993836331956,39.51537380189609,3.1641531994617056,414,Autumn,Beijing,20.12286928647433,100.63395805760364,Saturday,17,7,2023,Snow,84,2023-07-01
248.69486231651888,264.69570963752113,15.911596106936646,15.008858117236922,2.0753873284575883,125.57181125894638,30.393013642050786,67.49673854248698,1.9987525160731323,348.4848609435652,993.6479205299834,11.872025988453478,5.314499712741365,409,Autumn,Shenzhen,48.46150303899804,108.6980828142582,Wednesday,8,6,2022,Haze,99,2022-06-01
155.52968922411367,207.9354535832494,41.91429238850022,16.42413566236806,4.257245021130345,184.69174306423864,-4.033501811728343,83.98911015931085,8.094939691951152,24.216538994894407,995.436236467362,12.576635355075366,11.06987412185455,215,Winter,Chengdu,24.904185929605624,98.93290474172174,Tuesday,11,5,2024,Snow,6,2024-05-01
35.92486973460433,29.497548953226534,54.10016655377228,21.03439320576124,2.011638721101605,110.01443403105873,5.421748387657324,25.594283385590597,3.554318284894019,186.1915248343004,999.5025995946336,5.522792946189364,12.357801262688618,316,Autumn,Shanghai,48.988119337306046,96.83933545778284,Sunday,0,1,2022,Rain,8,2022-01-01
217.4669204083253,56.52868467026029,33.84352332446666,32.19388224463273,3.213709387927404,68.80900295116592,0.6282870826172164,33.19368831271788,3.1897613553395243,255.7014202586323,980.201248880328,8.29289657838997,12.649662224341656,338,Winter,Shanghai,41.41667661169312,91.821116973296,Wednesday,6,2,2019,Cloudy,30,2019-02-01
229.12881713986675,53.983608054444936,92.5116873204512,29.467369573225152,1.9637619438631784,59.44417287424872,36.02469318716725,73.39278614086061,8.123288682782961,55.88865263582165,1041.236705900642,23.760137912577623,14.877653469404889,191,Spring,Shanghai,26.993815984638672,115.31916343523582,Wednesday,5,2,2020,Cloudy,51,2020-02-01
34.40867469886108,214.29128766778916,86.60498394356854,37.86908867935246,1.9277541830112703,188.9081209770829,27.259862860862818,34.52167536815945,8.983090176272537,94.99317567468296,1024.2876856439286,7.834532281848245,8.981323576813697,213,Autumn,Shanghai,33.032067170086975,112.5109043412224,Tuesday,15,7,2016,Fog,12,2016-07-01
176.6921455261679,265.90335775564347,77.09725660665327,49.74031288368533,3.779738195567805,42.46402647727502,34.818995081293274,88.17416134067264,6.938793123315715,350.8612216947509,1009.1603662610388,20.96396229503885,2.25439081879916,295,Summer,Guangzhou,33.27787578616577,113.43473160853236,Sunday,14,10,2024,Rain,55,2024-10-01
65.47925391332566,79.53149586413613,85.06972140147366,14.31306860923918,1.8856720121950616,81.74174415976863,-2.5125173095463103,57.59922804934904,1.6504674858256363,252.40646893144287,1013.1261551193662,40.786950915087935,6.690956532368564,475,Winter,Shanghai,35.91611994152514,91.68144569524073,Thursday,0,1,2022,Snow,4,2022-01-01
200.70121430989968,200.9277688721517,54.28702155987583,4.166744692846527,4.038368958633751,60.2110744102556,31.402944986853853,71.34436626125786,3.668793234766981,286.58861467222533,1003.243401811205,13.89480325405848,2.776686721012995,149,Spring,Shanghai,42.41373613325761,117.9167313124794,Tuesday,6,11,2019,Haze,34,2019-11-01
179.80911458391128,74.79284270556545,82.24849669005373,39.23116839681538,0.7887255221361591,114.40047363259372,-6.937047791532683,16.906559728466846,6.015367901021284,356.0297868406032,1020.0888664527604,11.421427427305614,10.909688743513009,31,Spring,Shenzhen,24.03883006000749,113.68644468698596,Saturday,17,10,2022,Fog,58,2022-10-01
231.89442751573955,245.7260973968337,5.327842594357869,5.818410795954393,3.566936620843198,79.42419812541046,-2.445913092864096,10.198028845809809,9.982597356463328,147.9661004050354,1015.585765007382,22.742422914515718,8.658973544484777,66,Winter,Guangzhou,21.92440639214996,90.05255276131423,Tuesday,13,9,2020,Fog,40,2020-09-01
151.8467447429777,273.09978917851413,16.493218915072525,5.905619524449548,3.4484811274107243,95.92509854263038,4.103581228453709,24.785658268776245,1.6342830186549906,66.79483984637845,991.2755106644524,42.83974460235259,14.422345783976493,454,Summer,Chengdu,20.14496374568641,110.09621680838754,Saturday,21,9,2017,Haze,98,2017-09-01
74.948665602855,136.3425694580516,30.799094396317034,27.886282529989543,0.6872905314246537,107.236948962493,11.277347684717064,50.02028130094877,4.562170567016979,156.62130991326316,1026.3260728700686,0.2407914925430798,12.859158864252816,362,Spring,Chengdu,22.09029663243197,101.502720823408,Monday,20,8,2019,Rain,14,2019-08-01
156.100267348939,203.1928487965465,56.84263797310077,46.571621533917565,0.9003594852159142,114.20831342854744,37.95306291783484,34.82745550539639,3.242581139560974,347.1143329581582,1001.9062739463192,36.85872060941615,17.090655024316703,52,Autumn,Beijing,30.500941962007616,110.22392437744593,Tuesday,15,4,2018,Fog,7,2018-04-01
105.3134191729056,156.43330165680334,91.5670458329505,46.17475514425835,3.162399943748757,82.9479544414931,28.262293119452004,68.44625937970038,2.334167227480872,218.2574394223356,1037.5297807793413,42.67284214934803,8.207933564617294,284,Spring,Shenzhen,36.06770702834756,124.78130006688014,Sunday,4,11,2015,Cloudy,4,2015-11-01
95.41918926465075,274.11511257336883,22.111426627069445,49.92983888348756,4.556909766517769,112.82487948872878,13.08079672104385,28.67041612507082,2.057588394974424,286.1302398654861,997.3335250479868,14.025841551659152,1.8545886834219445,193,Autumn,Shenzhen,20.395406039647053,99.37156644333972,Tuesday,2,8,2023,Fog,86,2023-08-01
165.0171888059483,122.31574057682752,77.28904113658628,7.7167970550349665,4.804653633510796,79.15564238717829,17.78261902556035,89.39377411237948,1.39818897937391,29.52955824996666,991.887971261412,15.003767986986826,6.271065396924295,150,Spring,Shenzhen,26.11812943192104,116.53664435697678,Thursday,1,11,2015,Cloudy,50,2015-11-01
47.77653783003712,68.77986192285486,92.69133885574836,37.81089818584785,0.8763401530347648,116.6806485985324,35.62691010444902,12.319230051361206,0.9606253835214108,142.84125059094896,1041.740237293738,48.86177620737485,13.9782653967458,479,Spring,Shenzhen,32.93733260053125,112.26836086010437,Tuesday,16,1,2024,Rain,32,2024-01-01
68.56935263941314,46.09550646278153,47.15345632806949,5.502906715801353,1.7250608546079105,159.1972703426215,19.27827912294368,13.244732595465967,7.558455415911491,108.27684328995618,1020.5962871971452,39.43014710003405,4.807365809920062,351,Spring,Shanghai,29.80484509244351,120.46109272985164,Sunday,9,6,2022,Fog,71,2022-06-01
219.9777864698408,141.1750996128079,12.109660617772716,45.90208166288343,3.5497670431483934,62.72738565598543,15.925532993285216,68.65265069656344,7.650064969146639,21.725974538992304,1017.9417098989232,5.830959389756613,2.2561206994291885,389,Spring,Chengdu,46.80109650214151,127.56939766260696,Sunday,17,5,2022,Clear,53,2022-05-01
138.38675343629563,215.46809142525728,65.19125252819126,16.680105551870682,1.5739396546497733,85.11486924444903,6.217882302053582,33.701865418929884,6.973628833539648,31.45393966167105,1009.1521894799672,33.88805089156009,12.664528804969205,453,Autumn,Chengdu,26.5578345482812,128.32902692373062,Wednesday,3,11,2019,Clear,40,2019-11-01
167.5451043732612,133.8291061844731,47.39873715936129,37.11833041560961,3.231284545911038,94.44180755490969,14.206010263575813,47.47697847936957,7.75058774664406,296.60265407872566,1047.3978854153652,15.540343559466509,14.336441447025594,429,Spring,Chengdu,33.83704366341452,117.97188909222284,Friday,21,8,2020,Fog,70,2020-08-01
47.6309777684222,168.5831908117639,85.6718529209539,15.98864169455478,2.9117678521679107,139.23057828848331,3.180939976866874,62.28104457569312,6.694710112663676,47.26623133738119,1016.4004357467868,10.523660631097814,0.119730801217276,403,Autumn,Chengdu,30.065158836360386,102.75883532487126,Thursday,9,3,2023,Fog,11,2023-03-01
35.16996206434284,55.687561155786085,28.22397830700128,15.961015162108495,2.609160082755619,63.30433125333815,37.62684084426855,30.56291313067145,6.173489786613412,146.73508807577784,1027.3885386541074,26.59539920571268,18.24908882250227,450,Summer,Chengdu,41.64918711066896,110.99356630896024,Thursday,8,10,2015,Fog,57,2015-10-01
204.0560646343855,75.98160611661599,39.93124485720881,15.223955080027794,2.694949543774025,15.738678451707427,13.560733474184314,70.65564929114342,9.049168019670324,118.3761436472768,991.7673999945464,3.6656095278299374,7.388892117406862,419,Summer,Guangzhou,38.95041411787483,121.4460439020729,Thursday,22,7,2016,Clear,64,2016-07-01
176.99976770409663,177.8878439182277,41.13403199857271,20.037960806016677,4.426187878694531,150.43577162279803,-8.910621382305436,66.2417224430634,1.7043850690002926,280.7580856959748,1043.148274133721,49.89261112683085,11.78619103684595,79,Summer,Beijing,26.595174821469893,99.955703727784,Friday,8,8,2019,Clear,90,2019-08-01
196.01488019436,111.16839901843892,66.05293365255477,11.187191363130934,0.3978816532100424,127.0554611086815,10.652804271157889,21.396381463448257,5.239246034310552,195.54713850107044,1000.339241484703,18.85131627513609,6.997852931300716,467,Spring,Shanghai,28.091255882652675,117.23020841888292,Wednesday,11,10,2019,Cloudy,15,2019-10-01
219.71208144547057,57.25998977172507,78.44234190751304,49.37313593309155,0.366283308497935,154.70858936878713,-5.896075332495418,41.98550693682884,9.94504560122335,67.30966629716531,1020.352558991924,5.795714900787124,14.369740307388804,118,Autumn,Shenzhen,47.85787023924068,119.49167081354736,Thursday,9,9,2020,Cloudy,89,2020-09-01
149.55599794259703,49.73436400239956,64.08059275159664,45.40893488879648,2.0938358852120063,33.90833305180462,2.132849795326905,26.787755369472663,2.742644822688213,349.043736060576,1015.5461882605866,5.407482548236731,11.77064269967082,281,Summer,Shenzhen,42.30941902804973,91.39713888395652,Monday,0,10,2020,Fog,34,2020-10-01
157.2552627772353,204.96295403453843,61.57256612110445,21.209218851844216,0.5735194970115035,179.05081637153802,10.197003868573788,31.568036774276813,9.099970106738123,160.77274045530004,1040.3936618431446,30.52176285429497,12.197942672402752,151,Summer,Guangzhou,32.595967814105855,106.7110159697394,Sunday,23,11,2015,Rain,21,2015-11-01
31.65529459937421,191.77540636057884,90.61202315576926,40.44167523702888,3.5037339866517803,50.48394545123651,7.789269081701679,34.981290472551294,5.92881235969703,217.41798542665808,1045.7414463338807,7.53311816954959,8.62339568908351,307,Winter,Beijing,45.13396087199172,129.62184251080689,Friday,13,3,2023,Clear,18,2023-03-01
144.58061160477632,212.67194237064103,46.96441258166716,17.054053413320368,0.2565194032107286,43.2370234707619,25.706887234748585,89.79920275690019,1.3651512690668122,213.5834746187573,1047.241513277662,13.573590223556804,17.330025506112104,472,Autumn,Shanghai,46.807259434098825,94.63445228346042,Wednesday,1,2,2015,Snow,62,2015-02-01
220.1657736682144,259.5408523761621,94.32449233797507,28.887723178753863,4.9041205433380135,30.983395763107197,39.85635747765747,98.50679270180576,5.137861991432259,15.831627479853552,997.3051916654048,23.19755321012889,10.394851095156458,260,Autumn,Shanghai,48.32788954740093,108.60385371917714,Tuesday,13,10,2017,Snow,43,2017-10-01
26.427819739921567,190.8482415126617,37.56093017371942,15.43971149120492,4.856848289978198,154.30550191504477,21.095788572715865,55.14241463860656,1.2224954639850891,308.6984796706271,1023.4258176909854,11.670688488000764,16.781178584819735,320,Spring,Guangzhou,38.62334704270899,120.0197621080979,Thursday,18,1,2019,Snow,41,2019-01-01
58.19190278779526,233.99866835208812,24.969149286999063,32.030440102958345,0.2989995837435263,159.65858131844124,27.062249914325957,89.8703191654442,7.206005688722055,112.74786385882864,989.7777858334288,25.962982247365208,12.708908820737363,254,Summer,Beijing,41.30366516233899,126.13424897072927,Friday,21,3,2018,Cloudy,36,2018-03-01
196.5422113314919,144.20515126927717,9.511333415611034,37.917273763568815,3.3488131155708656,163.6203707936882,5.207388828238189,14.151618584969244,1.2202790892152326,38.69647362425516,1027.5727122461196,4.001289873289232,15.16120523020125,351,Summer,Beijing,46.17266438336318,111.61437036312334,Sunday,9,12,2018,Snow,1,2018-12-01
104.6174167315822,39.581225706719465,59.35141063084449,22.96040400091192,1.1999944404939278,73.58337045105122,0.4711516290895918,21.00898528000159,3.331884788211461,215.52673219149483,1023.4730849314152,1.843220453556188,0.5250594846767557,95,Summer,Beijing,20.8751556285208,119.15433772025077,Sunday,18,1,2022,Clear,26,2022-01-01
117.10441774737195,172.70960715430883,28.445613206528545,13.78375721211272,4.486917743367241,84.00767807790892,1.7422776941458302,56.486578601737136,2.7724297719974658,286.0403476913705,998.6337603850118,1.4847870550701248,2.2646065209744863,345,Summer,Shanghai,46.22859992698188,122.98032384687534,Wednesday,18,4,2024,Haze,74,2024-04-01
219.4096124883901,201.3211239129513,57.19460929472133,31.412295944550607,3.3011481646283345,178.9150504545864,5.400451942079856,98.05552117066571,4.138301765977383,82.27674031050778,1033.7794029161803,43.67203865538896,16.61509083181613,306,Autumn,Beijing,33.954115834563645,111.79958248535571,Sunday,17,10,2024,Haze,93,2024-10-01
168.47529967014924,129.24094808143016,76.57507825838024,12.3134267176591,2.021376786066245,112.50841525133784,36.890965038378255,96.86200004869468,6.646268391433735,19.314970346455897,1026.2608331582478,3.0687282363133503,7.993538428636627,275,Winter,Shenzhen,33.09882415925851,116.17819968631866,Thursday,4,7,2022,Rain,66,2022-07-01
48.303122950889374,53.05762706918941,25.231986982832133,40.96969672458384,4.4772579961811765,127.3937352676111,28.90018385076128,59.93334635087359,7.840002602484732,268.3323498623204,1048.4194287641214,22.54823843197568,7.743775282743408,449,Autumn,Beijing,31.992343523598866,106.59475998790094,Friday,0,6,2024,Cloudy,9,2024-06-01
23.40816218699169,252.97841271267856,65.92187575992479,42.37229784881095,0.4955692223652612,80.46188079985181,6.464696921319732,88.024238506774,1.9238561366636964,198.7143447207484,1036.6270434808837,26.01493845840163,2.4439518049839526,217,Summer,Shanghai,46.63710866836463,118.85227586735137,Saturday,16,3,2020,Cloudy,7,2020-03-01
14.296809485735356,23.618950441340523,43.49232924686716,10.697742600405949,0.4065883783388152,69.28979281774339,-3.0043317884995835,66.31567244336279,7.2339041467431375,328.4134470373085,1018.799887278417,18.848403661974096,11.206015082293352,273,Spring,Shanghai,27.51551257126928,122.84100730655982,Tuesday,11,4,2015,Snow,33,2015-04-01
119.12339462088696,80.02869267017525,23.054005308476373,28.004688049452508,2.502969157467297,122.18406377518517,2.202600461010398,11.137042181407452,0.8062570596440433,249.1103801452592,1015.004102974756,37.566806450129306,9.736338307755585,393,Winter,Guangzhou,40.67076016511214,112.78615980733731,Sunday,0,8,2023,Snow,47,2023-08-01
186.40789343766676,24.269006858020585,71.514758084898,31.79731430292348,4.687907856383338,34.96756847886514,33.25447848613577,95.52920252303988,4.563992047553499,56.318562391563766,997.8879536646432,26.129854551350306,3.5474935436744506,328,Autumn,Chengdu,30.66050248720069,96.84934136121775,Sunday,13,5,2015,Cloudy,56,2015-05-01
55.774211078517126,70.87641214612505,35.29220119790574,6.973009800562133,4.141885652949049,29.748914778331123,-6.996383261502328,91.65255871034864,1.3467838018470746,54.42824583675273,1037.5373288647468,49.615549953044265,19.228207610504978,81,Summer,Shanghai,31.802256069258192,106.9328093311826,Tuesday,21,4,2021,Clear,18,2021-04-01
172.32517511389784,94.9289039665356,69.37365522376265,12.028523973927916,4.23823429842786,57.89089537079055,11.176954213991628,79.93692222524554,6.4741759809360735,201.19486436360208,988.050188418161,18.754392052468027,0.4261002990649515,387,Autumn,Guangzhou,34.596195082512125,127.42706519100896,Monday,16,1,2018,Snow,53,2018-01-01
231.7505926118447,23.48585179024436,39.42095031703197,11.639429785195036,3.916410863491264,85.95480927934211,10.69979852533222,99.9981081955454,9.434811184377738,85.77428322702124,1038.4423386665658,38.93588787192044,1.7726803668605022,324,Summer,Chengdu,39.99855861569713,116.69813402588646,Wednesday,20,12,2022,Clear,78,2022-12-01
194.88153196004689,179.7574975856338,69.73269431071735,14.130478010496626,3.5585167317279054,46.10151728574415,35.6716585058858,93.1555714109213,4.030620910768821,147.78922069601455,1019.3441055690856,29.89591578027732,14.595139940555349,227,Winter,Guangzhou,49.49114258899516,93.8468257047661,Monday,22,5,2019,Haze,19,2019-05-01
113.1415253906668,238.8137496513078,19.28808920425869,8.901308859073666,4.895677375926915,121.21995717521958,29.883778744845287,13.678931354931802,3.76064237290016,223.04734096375267,1023.5254517517506,32.74925699566549,19.50884790692856,194,Summer,Shenzhen,44.27324653237245,127.16954347338331,Tuesday,8,2,2021,Fog,26,2021-02-01
106.7118259092806,62.9245807332736,85.32216004530687,49.64972808782826,3.3902803097269696,54.07563328800619,-6.377798415856509,11.325651288036788,9.59988635557825,259.03711505728216,1020.6557920766446,49.67401315989491,4.682178979228488,216,Summer,Chengdu,42.27615092729961,92.38195005718792,Thursday,4,10,2024,Snow,36,2024-10-01
220.1583719905176,186.36880949272987,86.49762887705745,45.42527725153959,4.109039724670531,57.58641939302346,18.80918682220413,34.556892187302246,8.134797785127805,48.27796359086926,1029.0927911202152,44.71389693412812,15.830413646069148,405,Spring,Chengdu,32.94511642758427,111.17841265813712,Friday,8,10,2019,Clear,27,2019-10-01
117.60153539553114,205.43387676763112,13.994874956166395,21.68151480510356,1.7035794804949524,47.80788927178333,26.56164622706797,56.56687406485012,8.42089004211386,286.8015844766439,1039.9203841398771,24.420989004182164,6.09973915032562,156,Winter,Beijing,27.2593480125951,123.6889180782476,Thursday,11,12,2022,Clear,59,2022-12-01
141.84535217539278,171.53967534136046,45.46198121202547,11.320498797994626,2.897908866523522,123.80113163355884,-5.9614139426343495,58.27406329663785,4.98968303864995,105.5557965114489,1006.062103085099,26.56698085104365,18.49768221602945,58,Autumn,Chengdu,47.194664830003006,92.44575207682776,Tuesday,18,4,2021,Rain,88,2021-04-01
40.4474010084304,64.36928999392995,91.64712115107648,14.860894720748268,0.1148888811228589,48.13099141710648,35.33358846931166,66.08702607302898,6.368118275572925,57.01911048116757,1035.5568107913518,12.136088880907742,5.445881683705148,361,Autumn,Guangzhou,31.81618070666194,97.37233658964216,Monday,6,5,2023,Haze,57,2023-05-01
93.69815951421158,107.75189233409624,41.40804864561632,27.667712319992724,4.761245613360178,138.45649752103978,25.393983356141327,27.292240617816304,3.87169449040523,21.97868024461078,988.3339437702842,36.16210198836482,0.937315635737652,70,Winter,Beijing,24.20032757096412,111.17235453986407,Sunday,2,1,2022,Cloudy,77,2022-01-01
176.38172354862635,296.84631222566634,38.11195363859952,19.33639918208812,1.9662884682436952,96.36488350418102,-7.789760187156405,11.519771172844212,5.62172847235852,4.111710068855627,1042.9152240986257,5.808598125647718,16.055375833119644,129,Spring,Beijing,33.31194790514674,106.43842666412134,Tuesday,14,7,2022,Clear,40,2022-07-01
82.39197486014933,105.68083932410111,42.3882063200704,14.265818834961316,0.7133688198528292,103.2190047668952,7.2000605817388745,18.44450844747295,4.206314476544856,104.93553112874994,991.767069256293,48.51050771036108,2.4982814670189866,291,Summer,Shenzhen,29.67264222944789,97.40972556710835,Sunday,11,6,2024,Snow,32,2024-06-01
105.41899098010715,275.69848761962623,27.828674801386672,46.87168101202867,4.208657011127406,88.51192981629694,16.595886121690754,89.42571497394165,7.913810465802412,273.4244142481504,1019.6440576932746,37.55436336835111,2.436513970633981,204,Summer,Beijing,20.904534700350112,113.87804508973063,Saturday,22,6,2015,Cloudy,34,2015-06-01
187.0482035390151,27.01874258791672,78.37390492150307,13.760705593211547,4.492950188613199,127.16373800446314,18.20503401004676,80.12881763970242,1.7838665329855965,22.765937982331423,999.478305254644,13.853412279593025,7.960900182729878,468,Spring,Shenzhen,21.376478639837327,96.92758889045663,Saturday,8,9,2023,Rain,83,2023-09-01
53.53549649498576,180.017461481703,77.44489360743637,32.70273186538015,0.6275530598160666,44.32727113190634,32.29413986148643,34.13229996205116,5.265697405576533,146.882031947907,1019.323451963768,31.500354393259027,4.873967739405561,238,Autumn,Beijing,32.9520329675992,121.60302072554244,Saturday,22,7,2021,Cloudy,26,2021-07-01
198.1995964367959,45.39700654134735,67.61717667369805,38.61557026766742,2.701678923660101,43.849307665574,33.81623280440415,73.66374352079899,5.609887014265418,132.5323498085535,986.2675901050115,10.871655402653913,9.227521797439202,483,Spring,Beijing,42.86444818459746,125.09023229142016,Tuesday,16,3,2022,Haze,64,2022-03-01
127.74345815622364,291.64798439037065,5.09250814492849,2.79391571301698,3.2480859627722047,27.58084387728782,4.895938407580978,37.9457080406269,9.678637430163644,116.42005293766913,999.332672497588,30.91000356412873,9.71930617774776,310,Spring,Guangzhou,23.97583480007343,129.573233101825,Sunday,18,4,2020,Clear,4,2020-04-01
63.1415053876332,135.80303441965788,66.25388316988634,44.60855264489828,2.129674089010183,169.5543140118114,-1.938092509777885,96.95530226141528,3.451478315100803,245.7164118160072,1042.2264766712726,44.8623912464762,11.766467116316626,72,Spring,Shanghai,20.757626477253726,127.45416329796416,Tuesday,23,9,2023,Cloudy,10,2023-09-01
212.34876555187188,228.47145097502644,30.81934638320923,39.99630664153038,2.669731092102849,193.01006652978333,-0.0109898355258017,86.44141538341137,9.73910323108981,115.14637432317312,1006.282634182046,38.70093243810938,15.934871001693017,466,Winter,Shanghai,23.684458340073004,92.56287478287857,Wednesday,11,2,2022,Clear,49,2022-02-01
107.79197082309044,299.4944096867204,50.838881490583496,29.105075681387728,4.844580800641213,17.95739015465233,28.496972430905014,57.48641719313292,4.200535295683477,323.4925442399756,1024.72245812685,43.73750363883445,7.246341777990358,445,Winter,Chengdu,20.78799671559236,110.11468125462105,Sunday,6,1,2017,Cloudy,79,2017-01-01
229.90446644579083,285.7529730086768,91.62810382485344,21.559096617916232,2.6298491961861505,159.53712902948877,22.768122068942965,72.45694668716325,2.6790129625943884,261.8502068873412,1014.6865219330944,30.33121276742555,1.7993259502493115,387,Autumn,Shenzhen,32.76176886864806,92.12270987846496,Tuesday,3,12,2020,Cloudy,8,2020-12-01
150.03418743888517,120.58318968195434,74.16869440839847,44.82431924104334,2.9943989642445223,147.6565248842794,8.196902644905922,31.263536738797978,8.412306781195104,297.68183246377043,1035.1861175192191,29.224465650867355,1.129449467981455,374,Winter,Guangzhou,40.01874466664273,126.79363334848114,Thursday,6,6,2022,Fog,47,2022-06-01
106.66876274942742,207.15937476928235,62.107643795503485,40.5775406994664,1.7151180810542508,45.815274165876886,39.303600293991344,94.58080035134904,0.9722461604245014,47.96203232908635,982.5435035081064,49.28617332429688,19.78768852582103,54,Winter,Shenzhen,39.83201317600469,115.2852215511529,Monday,16,2,2018,Cloudy,71,2018-02-01
235.77446702072007,175.16419600056,86.59738103738879,21.55355418224445,1.6781079912404326,178.9136488641472,27.73889429770886,37.06122773355471,2.2606882724101807,63.28205736178267,1017.0690768452464,37.21466106208858,0.4301302999772104,88,Winter,Chengdu,20.414309901179973,120.65740222491904,Wednesday,13,9,2016,Fog,6,2016-09-01
127.48478770564176,94.81525619970256,90.2015605081492,17.911819912388214,0.9689358256457822,91.94908428132264,10.079020016354338,48.25010761119203,9.602997984680728,286.31674886272634,1021.8526533877236,35.236908430304595,8.201191858243478,50,Winter,Shenzhen,38.73283540214756,92.21528696613866,Saturday,20,9,2023,Fog,83,2023-09-01
106.98069605258247,214.49573950518607,73.81662669488288,29.881490816221927,3.756050337613748,100.91220503330511,30.5044680350042,72.76332773201203,1.6958985071069244,56.51695271469612,1014.7537198512456,29.16109734486939,19.05767694460712,281,Winter,Beijing,41.766833092111966,115.04779096357622,Thursday,11,5,2016,Cloudy,71,2016-05-01
64.11445998721925,100.87579279923514,53.09511787563583,9.946888054845653,0.771219513423095,21.670426799128176,8.931955816327768,68.70240730243776,1.756692518557047,235.60655451561425,1045.8351610891784,28.789592998339643,18.236737038685018,347,Autumn,Beijing,35.48599828216612,98.87069539987448,Wednesday,11,8,2023,Clear,30,2023-08-01
101.5840995869396,199.11916348538296,12.958617734168262,26.117510881729267,0.9513138859488488,192.50341339310225,-4.753453475915073,91.20082269504088,7.132393321870042,327.4700818192257,1035.8550488841124,33.4349452162488,13.7730171909777,395,Autumn,Shanghai,23.851431352398816,121.078031219832,Tuesday,13,12,2016,Fog,27,2016-12-01
222.1386330754995,22.01328591382145,63.25106762422633,48.60865560178045,4.586680752022297,59.08708275282136,21.764871849465777,24.08013707611764,1.0422638140427198,310.75874093572946,1035.1755537438748,7.087639946786705,1.405146475792457,319,Spring,Guangzhou,37.18641209702017,128.6529433693679,Wednesday,22,11,2024,Cloudy,92,2024-11-01
51.44679806893119,248.12110887176223,89.77818826942132,19.51523746463333,4.039930531268208,15.48908127965863,24.64458278138411,95.6319628813677,2.444602878087921,127.35820826627692,1033.478213682032,20.9892983262606,7.229249901307793,289,Spring,Beijing,35.71848618991659,106.09728600311676,Monday,7,7,2019,Fog,14,2019-07-01
76.55874402168158,225.55549438062903,96.05812173935294,36.439487654645845,1.9201297578921956,69.50312396129796,10.820187419198668,24.77715576953235,3.2991233430681643,233.58755768361115,1012.839445361347,6.4990286220046265,11.18082038286089,393,Spring,Shenzhen,30.46161714830916,129.6234185715379,Tuesday,11,5,2019,Rain,7,2019-05-01
152.73272704551735,189.2160377057245,11.37540457639143,36.32513160253412,2.843961578371308,129.6904405400633,39.34224741419861,97.66365305646264,8.092070860294303,123.88060448963012,1025.1913254105643,4.05517602330418,8.867669585017357,165,Autumn,Shanghai,30.004020887160827,100.18269030536594,Monday,18,11,2017,Fog,43,2017-11-01
172.4073972710911,141.8795717451771,48.84816686426903,25.08880214415371,4.781803530257693,79.98699702429927,-3.4852993384374447,23.52630732445131,4.585766369613217,265.2951807537119,1028.828596378032,28.6964856804188,4.929955569769105,158,Spring,Shanghai,43.34221270763287,90.0817697299222,Monday,6,1,2022,Fog,35,2022-01-01
42.83446010052493,161.0174589283971,7.5865905850999,33.63694667507374,2.02561565285984,151.22331134039334,16.924313512246258,77.88643224435917,9.120645366354609,3.43644467985039,1021.862603254369,15.142160540655352,10.051943773081748,151,Winter,Beijing,38.50370998442571,105.1060919836541,Sunday,21,4,2023,Clear,29,2023-04-01
100.75469051613736,255.1025466813239,33.92916990773762,23.181209126485065,3.015384266175749,56.77299690440009,38.649128947000285,92.72820387808382,6.537593237020602,329.4790404762584,995.67192627843,15.82388646490281,6.5084000066637735,132,Summer,Guangzhou,49.8157794262621,117.9908585751027,Friday,2,12,2022,Snow,87,2022-12-01
134.63812511751183,187.8656421080865,86.58115813829193,9.637710005657071,3.5618481044736017,150.3067842454837,-4.636996308168964,44.42541525516294,6.802110351777559,222.0869188540649,1001.194785711527,43.27164631307488,9.608080855981578,96,Summer,Chengdu,32.12976993617236,125.73505088226251,Saturday,18,4,2020,Cloudy,13,2020-04-01
219.66750147818843,66.37016719213061,48.23729789311249,14.17351605429099,4.470746973088327,55.17027133589179,21.580894827710356,28.00104182951144,6.053705911002107,342.7431614112199,1012.5715305393672,3.9978831719602415,9.163345554677242,450,Spring,Chengdu,39.767254836900726,117.09375272562298,Sunday,12,3,2024,Haze,69,2024-03-01
49.94568091780806,223.7815231668117,76.39208408973758,36.99685619842972,4.78024920312402,129.00378442622284,34.56592334003406,75.67869980797879,3.5006670228147585,167.8663843981789,1005.7356343967458,27.1483486785719,15.068270966012992,174,Autumn,Shenzhen,32.21065133329696,96.34272646367442,Friday,7,10,2020,Fog,72,2020-10-01
136.53830615530796,223.7315903549994,76.04588557996873,39.561379167583446,4.1641113097493285,136.04498190162383,5.663386807612699,24.098103323230745,7.936422738326313,197.4500398168544,984.3590275764642,36.208584330306905,7.065011020443257,182,Winter,Shanghai,42.461746210763735,122.69163980102869,Thursday,8,9,2019,Cloudy,55,2019-09-01
23.65723121117596,148.87207189517702,18.15349410775493,6.570817194171688,4.542524662528376,146.3473265251606,37.43954633224493,18.18221483437854,7.583643560577226,230.4588996601866,992.2288377213904,8.391840553653813,12.94698225023265,401,Summer,Shanghai,30.31245625869497,99.21773943377212,Tuesday,14,10,2021,Cloudy,24,2021-10-01
39.625919705378834,207.28471452003444,41.41722243605504,1.5680318878006725,3.24276620226376,91.130917868679,34.87759673618341,27.2214841769294,2.655506453710328,46.80939700741392,1045.0507100497994,23.26392595566928,12.62696630269172,404,Autumn,Guangzhou,38.69640321369949,109.04326795163487,Sunday,18,9,2021,Snow,81,2021-09-01
90.40889085064056,47.75486102916063,15.209215643864209,35.65222479196027,2.6671568676725843,142.81816674310113,-6.377361329868577,60.28550638360748,8.516807155568234,298.1737572094241,1012.2538093914742,19.791102160649043,8.727713287677137,299,Winter,Guangzhou,46.65858710296547,98.10464029520764,Friday,16,5,2016,Cloudy,86,2016-05-01
105.24699828360104,123.58448204982533,43.75132746395013,44.99065858029296,0.4449313967460705,58.76750822588932,9.092569062806035,75.25799827039353,7.3471566290706045,298.62156305694646,1001.0838388288702,24.154384026495038,5.603774228412789,26,Autumn,Beijing,42.52527026878149,117.37768892793676,Monday,21,3,2019,Haze,18,2019-03-01
127.9235792801378,89.95546128239911,85.48264432626097,2.1922024809976888,1.716767410031811,133.82134934389725,-7.691529211987288,23.93678276837081,2.062479121721628,67.4129999225921,1041.9598296121724,8.54000052560237,5.51389465055507,13,Spring,Beijing,22.8243392384594,113.75397634518008,Friday,19,5,2018,Cloudy,49,2018-05-01
173.2400408844938,176.82766166100976,97.34157467723172,15.800735436455527,2.9887681326631084,92.6098305609259,-2.413186219359167,58.75394814297599,8.770729386060147,12.618126492277264,1047.0101268056908,3.886679897294104,11.233523878345844,102,Summer,Chengdu,40.62479981500065,117.51728174108814,Friday,19,9,2024,Fog,17,2024-09-01
129.31387139099354,154.78561720896988,52.45423636280256,44.54698017013697,2.218182282443292,137.90573338664734,17.99089983161806,87.6790423452644,3.376204191409827,96.6997250194829,1035.791848717403,35.67096635192279,5.757177444670841,325,Autumn,Shanghai,32.767291111714115,106.94858143612431,Friday,17,9,2023,Snow,57,2023-09-01
43.58992452699303,127.05202025071917,46.62012492247954,10.475419299576988,3.9490331140105903,27.411705253682705,30.88744385625523,40.59057577123605,9.868355593229415,131.03350781082682,1019.210079068258,18.60506576288813,0.5806360850725413,497,Summer,Beijing,32.89180110590917,122.49851990852132,Saturday,4,3,2021,Fog,37,2021-03-01
136.34822303225891,82.92247523053368,59.45917418136976,8.40053413860882,0.3554108881858407,77.86624743395062,33.937492492760505,33.76171655412362,7.118826239935853,167.2807896383256,1031.178487201361,47.64098642333222,14.581344142238688,430,Autumn,Guangzhou,21.14881965570164,122.1630621674124,Wednesday,6,11,2020,Rain,23,2020-11-01
127.65179620586318,277.47197810360115,82.81391559328499,44.84331510138906,4.799447236603779,97.04308087448211,17.673528912828516,63.93918450169144,8.317165070995424,247.80378613666304,995.3711903476864,35.29079388344966,6.03316564676976,405,Autumn,Shenzhen,38.963403290629216,92.2822685174368,Tuesday,1,11,2020,Cloudy,1,2020-11-01
20.515036937653345,32.01489703526708,40.03913509280829,6.648046504283224,4.217833757181351,113.76544381330469,33.95833063630936,25.514086623019253,1.7851823004438927,104.8585662202997,983.437865499947,18.86961770535873,11.433765403973258,225,Summer,Shenzhen,23.933450881969847,129.2740052686541,Thursday,22,9,2023,Clear,19,2023-09-01
91.8612374607981,155.61921808755727,28.928583987435957,2.615618764075287,3.034134265644321,88.99161799757772,-1.911578050163218,32.18610282238842,5.149824278194211,75.84856150025338,1029.117059949568,33.821901252228585,5.824438706993485,25,Winter,Guangzhou,47.37419236464807,95.70492381830825,Tuesday,10,10,2017,Clear,56,2017-10-01
215.4507176526471,223.5793156387548,31.167375580127636,18.39845207959163,0.2981484640875879,120.37247907001267,15.239759961402092,16.34494313016228,3.05273151417272,343.82881222903376,998.7226932216636,4.350203656198238,1.1098866134781125,388,Winter,Chengdu,24.603644718316037,110.52230505026576,Monday,14,6,2016,Snow,50,2016-06-01
83.34941791994241,62.58697031364402,40.3179656260447,44.08847065638291,3.067880297116367,67.08209068987108,34.78363434432492,39.63727405448019,9.9075531623668,280.37581105290667,1009.031535518959,49.30306629728916,4.974513231485394,196,Spring,Chengdu,29.489618296516603,95.12719158842606,Thursday,12,8,2018,Fog,43,2018-08-01
231.15159613854064,76.99522236759745,10.267120024313057,1.9626447658144603,0.7966495212798793,12.112824569931224,38.53435684653378,97.56461398628524,3.10253990455154,209.5751973818809,1024.405808430654,6.915329743246124,11.395535377951896,230,Winter,Guangzhou,20.170231871197785,126.2828346181658,Tuesday,17,12,2023,Fog,80,2023-12-01
59.30127617980792,30.254256729538355,5.321021318779412,4.544526574610046,3.7854134110858513,124.74727623116183,22.78335261396125,12.184548072238083,9.319669332662745,128.7347735135641,1027.238101828986,43.91809173125618,5.722663903569496,255,Autumn,Guangzhou,36.06935992918625,116.65686890124029,Thursday,12,4,2020,Haze,59,2020-04-01
90.08572753601491,21.530808974858545,37.14648933125276,2.3666780076463487,2.598783904766244,26.502496555127014,37.38300106802312,75.6477689676159,9.803094570353592,283.5778322349786,1027.87830665232,21.31583930461865,9.476877893042456,288,Summer,Beijing,21.935180865964423,90.43588915031668,Saturday,14,11,2015,Fog,69,2015-11-01
176.4271570238359,36.28649397503087,15.020650543387276,49.545469148893886,3.875152438244507,86.57343949557955,-7.261456443161892,11.441685348363418,3.926399030713965,100.95007812453768,1029.6108621426465,4.774410285541164,3.884144565637243,222,Winter,Chengdu,32.9709452804918,126.94008907673438,Thursday,10,2,2019,Fog,27,2019-02-01
215.45317531697617,56.975789922250726,10.702213954195267,6.097103250472964,4.672489721735626,171.18296297135203,10.617225299346142,72.99241132821933,1.6518849243387956,270.1021525016402,1024.0512922037424,7.575241122553344,9.80236234603765,220,Winter,Chengdu,48.10373373585445,125.5759921311701,Wednesday,13,9,2016,Haze,52,2016-09-01
139.8407660567458,69.13363599398085,69.14183126959479,2.191339635816002,0.1973094199966202,120.12506914504932,0.0854038238324168,43.92076566572484,3.2169002238413977,327.9162729347444,999.42308066533,10.190239284828827,5.939351418697668,293,Summer,Shanghai,45.35383456678808,98.39057679315296,Friday,19,9,2016,Clear,47,2016-09-01
232.13021750128087,132.73286236609715,41.40052604097666,7.071069237665413,3.280823593928467,69.42776178622188,39.74555162347569,28.74399368015569,9.08404253543712,124.99992723111728,1040.0078387127205,41.102333940158594,17.596906809592852,176,Spring,Shenzhen,49.940569454381446,118.92558112427712,Wednesday,17,1,2023,Cloudy,42,2023-01-01
168.73876625050812,135.03868082851224,61.27230680928572,37.22167057872071,1.2900037808356886,86.69277668767076,12.705963897495788,47.84840063274638,8.512438995365875,329.213720926636,993.129101757782,41.682782834034896,6.329558649659655,323,Autumn,Shenzhen,24.791001933740787,91.53203026181332,Saturday,8,9,2022,Cloudy,8,2022-09-01
139.44643422452512,137.59336367804713,31.96051028775893,43.44102984906657,0.4653410950653452,50.21758508461716,-9.919509378039638,64.98040553477966,7.667885713695467,23.970980511666895,982.1886542655784,7.466256700638501,19.905286987835787,287,Winter,Beijing,32.0408489661028,101.70004451975022,Friday,11,1,2019,Rain,40,2019-01-01
241.6928666416391,65.40139007201978,63.47336679004989,46.01366821843605,3.794926747873745,154.7512874361319,17.866234556456703,80.57023991396571,7.776239633183959,18.94715526431531,1021.7705233609,16.266482943787558,16.354391673726507,362,Autumn,Guangzhou,33.75665453633494,91.4961354655523,Sunday,22,5,2016,Haze,27,2016-05-01
154.0227422914165,39.12232365025829,42.58970781350887,23.998528620782352,1.0189242730578678,53.73826754839924,1.6271310396442225,90.5208435190282,8.00072772371369,283.648991988878,984.7059767504902,31.32705249520321,8.045480368648654,448,Spring,Guangzhou,42.724329819407615,103.48073295995157,Sunday,10,4,2022,Rain,62,2022-04-01
26.94872113345753,165.76608346117322,40.91479451289311,5.149683377529655,0.2067670386940354,79.15136823322273,9.412521130089068,40.61650069621338,9.627359690110012,5.882787221767698,1002.359205932362,30.64343289288372,3.504439045641543,108,Winter,Shenzhen,23.01865983599878,116.53615047193094,Tuesday,5,10,2022,Snow,54,2022-10-01
108.23075576267952,246.20273087314487,17.697651933028435,35.9866595838732,4.232565850357973,101.6059361291692,38.18512910863454,51.534485333228375,5.896765528444651,27.39810338177945,1024.0669661287095,48.43265740344611,16.17401565497345,185,Autumn,Shanghai,48.52900936011908,104.76921892941064,Saturday,2,10,2020,Cloudy,41,2020-10-01
36.25958785430324,75.56012602959255,11.087347467860177,15.429322170160324,1.1929946839716488,129.3059744104513,10.835195689070662,75.53942920987319,7.100638116534681,305.5416434836124,1024.0553820905277,22.192472306720383,18.031699236601693,446,Summer,Shanghai,33.63095060664007,113.47252341985404,Friday,6,10,2024,Clear,27,2024-10-01
162.63132847962913,188.81831393599757,96.77369967939774,34.755458132528446,2.760307094196328,48.46153509403385,23.613247393851918,47.38303654697147,1.379772697712488,176.54179320523997,1000.8034559921643,45.94720569700462,0.1131598978615262,312,Spring,Guangzhou,42.73023637515736,100.20438425458562,Sunday,16,11,2023,Fog,65,2023-11-01
120.34146046511763,89.10783471809278,12.212891536010275,38.76767506449246,3.4094947541322767,160.5895317509153,25.91672397142205,28.333348583594567,1.3083525795043591,23.694627827708608,1017.2746977198804,5.858254670236784,16.85920394668587,365,Spring,Shanghai,40.989818974389344,122.31106259810004,Monday,19,3,2018,Rain,66,2018-03-01
187.69805860105504,223.9416408897418,72.38604876041158,19.212990448810377,2.804148952703702,112.83088563389067,-4.255969159974717,22.797545094604967,9.336804542885456,183.230341324614,985.1520931199644,40.80811688366811,11.156043615673225,368,Summer,Guangzhou,31.28987317812445,106.43534417900956,Thursday,10,8,2019,Snow,78,2019-08-01
147.68246845363862,199.42268551773944,28.696735772530005,44.5469788320345,0.9814979411475456,90.70717247021976,37.16086674362796,34.77319326867934,5.194166140381034,195.8261753237936,1027.404658375627,21.990885835566576,16.943610693380958,476,Winter,Beijing,24.214258201262737,111.57694787668444,Sunday,15,8,2024,Rain,77,2024-08-01
202.4338675594388,213.8483328715068,97.8532477331358,20.543277768371528,1.682402505623971,128.81089594466852,5.043363256973546,86.09119833679286,4.288589847428331,124.45724115282438,989.0327272125832,32.22335307280726,18.414176989949283,199,Autumn,Shanghai,22.436773997016857,117.54706935716962,Wednesday,17,6,2020,Haze,36,2020-06-01
216.18205534755504,104.60846782642304,92.5958905457206,48.57285642137813,0.5270522380943536,25.75402422639335,33.05428931978066,43.54596931982304,3.208724548063082,22.321887188071354,1011.304619562698,9.947353287101334,14.407857976466756,83,Summer,Shenzhen,36.310210654077935,114.53287304126448,Sunday,12,11,2019,Haze,17,2019-11-01
155.49044862641605,21.759053903552687,7.158016411598847,14.807278080712132,3.043354295764344,93.95423375664568,11.862456387740458,57.08311340857804,5.814716770893701,288.22085476473706,1016.4067265082318,36.0317111817997,19.54505141828814,284,Autumn,Shenzhen,29.70987687745164,126.54706256083828,Sunday,13,11,2015,Clear,1,2015-11-01
239.8428949983249,195.0612318984876,61.78101522631985,15.07002259805161,0.3174041658260333,193.77764062688493,12.271150796466678,98.61001326601196,3.747732204400087,331.6602232747722,981.7569604740486,42.510950918163296,5.890090456045297,101,Autumn,Shanghai,40.0627646782293,120.53723799264802,Monday,12,9,2020,Fog,57,2020-09-01
154.9833941984606,81.52697160344933,33.05792028331426,16.13385193162083,2.682702875026258,165.1389997793766,8.936964913672412,26.855407994187733,1.3751516303618727,315.8796069458669,999.6753036305796,1.8370327956272412,4.939236145695492,265,Spring,Chengdu,40.65272437288679,129.2516107918224,Wednesday,18,11,2020,Fog,11,2020-11-01
