timestamp,latitude,longitude,parameter,value,unit,location,city,country
2025-10-14 01:28:03.054331+00:00,39.80961935544549,116.4047286498801,pm25,96.34381624755417,µg/m³,demo,demo,demo
2025-10-14 01:28:03.054331+00:00,39.702836731441266,116.58018547853037,pm25,106.64039312626815,µg/m³,demo,demo,demo
2025-10-14 01:28:03.054331+00:00,39.95828835822998,116.25766384508786,pm25,70.05691051319675,µg/m³,demo,demo,demo
2025-10-14 01:28:03.054331+00:00,39.98796375340348,116.5794597788549,pm25,58.75839219417075,µg/m³,demo,demo,demo
2025-10-14 01:28:03.054331+00:00,40.03422768660011,116.3247325808042,pm25,95.75568803223841,µg/m³,demo,demo,demo
2025-10-14 01:28:03.054331+00:00,39.81275113094582,116.36933057958903,pm25,118.92791675618409,µg/m³,demo,demo,demo
2025-10-14 01:28:03.054331+00:00,39.786087266865195,116.53108103752817,pm25,76.34204478392385,µg/m³,demo,demo,demo
2025-10-14 01:28:03.054331+00:00,39.95573255202664,116.36367965454767,pm25,73.3447938647627,µg/m³,demo,demo,demo
2025-10-14 01:28:03.054331+00:00,40.022021933258,116.41983747506922,pm25,95.42077017575225,µg/m³,demo,demo,demo
2025-10-14 01:28:03.054331+00:00,40.08546834913799,116.21102364529723,pm25,78.26448388968687,µg/m³,demo,demo,demo
2025-10-14 01:28:03.054331+00:00,39.76020993216847,116.50140524346992,pm25,82.28083716314573,µg/m³,demo,demo,demo
2025-10-14 01:28:03.054331+00:00,39.89288495527974,116.41525732528771,pm25,84.17573337018123,µg/m³,demo,demo,demo
2025-10-14 01:28:03.054331+00:00,40.05788634487847,116.33189268659963,pm25,94.73716800588815,µg/m³,demo,demo,demo
2025-10-14 01:28:03.054331+00:00,39.869086762778174,116.51537148137136,pm25,83.48951463366915,µg/m³,demo,demo,demo
2025-10-14 01:28:03.054331+00:00,39.93580082483362,116.32127793171666,pm25,91.68773705134849,µg/m³,demo,demo,demo
2025-10-14 01:28:03.054331+00:00,39.70979627099735,116.38139915579227,pm25,86.23474386366367,µg/m³,demo,demo,demo
2025-10-14 01:28:03.054331+00:00,39.96938395486118,116.25361667889887,pm25,78.21708972656734,µg/m³,demo,demo,demo
2025-10-14 01:28:03.054331+00:00,40.06763544785353,116.36124519457886,pm25,84.51522787746792,µg/m³,demo,demo,demo
2025-10-14 01:28:03.054331+00:00,40.03073013182269,116.28138209627046,pm25,76.94834698837155,µg/m³,demo,demo,demo
2025-10-14 01:28:03.054331+00:00,40.05420810668398,116.30492533617674,pm25,88.43132280082355,µg/m³,demo,demo,demo
2025-10-14 01:28:03.054331+00:00,39.96414215220821,116.50014586905202,pm25,74.86674823959893,µg/m³,demo,demo,demo
2025-10-14 01:28:03.054331+00:00,39.79822090689727,116.31216350319441,pm25,75.23841053884365,µg/m³,demo,demo,demo
2025-10-14 01:28:03.054331+00:00,40.0074067995585,116.39407638977265,pm25,105.83668475404963,µg/m³,demo,demo,demo
2025-10-14 01:28:03.054331+00:00,39.78466989704301,116.59229487992049,pm25,87.71493232672248,µg/m³,demo,demo,demo
2025-10-14 01:28:03.054331+00:00,40.03250993386579,116.5846628774655,pm25,87.70631866472206,µg/m³,demo,demo,demo
2025-10-14 01:28:03.054331+00:00,39.72508716902831,116.4899159763094,pm25,94.491580009398,µg/m³,demo,demo,demo
2025-10-14 01:28:03.054331+00:00,40.03019512535742,116.41649074221897,pm25,83.30285893980012,µg/m³,demo,demo,demo
2025-10-14 01:28:03.054331+00:00,39.76580290658964,116.31075648161814,pm25,85.61071856064868,µg/m³,demo,demo,demo
2025-10-14 01:28:03.054331+00:00,39.85005879859866,116.26426080351006,pm25,93.45492779436948,µg/m³,demo,demo,demo
2025-10-14 01:28:03.054331+00:00,39.826695266622785,116.58797016528645,pm25,91.7421330773194,µg/m³,demo,demo,demo
2025-10-14 01:28:03.054331+00:00,39.9765348141111,116.40642743421915,pm25,74.44158224719742,µg/m³,demo,demo,demo
2025-10-14 01:28:03.054331+00:00,39.77142875126975,116.24634624498832,pm25,98.35325413042251,µg/m³,demo,demo,demo
2025-10-14 01:28:03.054331+00:00,39.8585024648868,116.449395902215,pm25,81.26792365091805,µg/m³,demo,demo,demo
2025-10-14 01:28:03.054331+00:00,39.7023298380432,116.51067324573691,pm25,75.68019556661633,µg/m³,demo,demo,demo
2025-10-14 01:28:03.054331+00:00,39.80499788510004,116.44520132042122,pm25,77.54744213039795,µg/m³,demo,demo,demo
2025-10-14 01:28:03.054331+00:00,39.868475525691586,116.56691908191635,pm25,83.6665988381227,µg/m³,demo,demo,demo
2025-10-14 01:28:03.054331+00:00,39.742368494682935,116.21583715066568,pm25,107.88074602586337,µg/m³,demo,demo,demo
2025-10-14 01:28:03.054331+00:00,39.953263978414626,116.411435705304,pm25,74.2467121113372,µg/m³,demo,demo,demo
2025-10-14 01:28:03.054331+00:00,39.852169707954616,116.38373435315415,pm25,90.27405368079866,µg/m³,demo,demo,demo
2025-10-14 01:28:03.054331+00:00,39.9901175752305,116.22493983165995,pm25,62.699250673299645,µg/m³,demo,demo,demo
2025-10-14 01:28:03.054331+00:00,39.96154640442736,116.45653126765575,pm25,88.33433977264421,µg/m³,demo,demo,demo
2025-10-14 01:28:03.054331+00:00,39.87249069951096,116.54105313539226,pm25,99.14793998009866,µg/m³,demo,demo,demo
2025-10-14 01:28:03.054331+00:00,40.04692820225688,116.43717640724171,pm25,85.5131831056491,µg/m³,demo,demo,demo
2025-10-14 01:28:03.054331+00:00,39.952854047000066,116.30403897909488,pm25,80.80088388378647,µg/m³,demo,demo,demo
2025-10-14 01:28:03.054331+00:00,40.02410974084252,116.53595260841256,pm25,91.13127573908902,µg/m³,demo,demo,demo
2025-10-14 01:28:03.054331+00:00,39.83671788957605,116.4037983526086,pm25,96.75496398419438,µg/m³,demo,demo,demo
2025-10-14 01:28:03.054331+00:00,39.91746771586738,116.40435555378662,pm25,96.31703382259545,µg/m³,demo,demo,demo
2025-10-14 01:28:03.054331+00:00,39.778518754045905,116.50121208308087,pm25,112.02282921754407,µg/m³,demo,demo,demo
2025-10-14 01:28:03.054331+00:00,40.09845647604745,116.25916881431398,pm25,90.8631526384219,µg/m³,demo,demo,demo
2025-10-14 01:28:03.054331+00:00,39.797286185722534,116.5278506876477,pm25,81.24422177335138,µg/m³,demo,demo,demo
2025-10-14 01:28:03.054331+00:00,39.802746986890845,116.4733147624013,pm25,86.84139269054685,µg/m³,demo,demo,demo
2025-10-14 01:28:03.054331+00:00,39.72927602895639,116.51483877662191,pm25,87.48316042294883,µg/m³,demo,demo,demo
2025-10-14 01:28:03.054331+00:00,39.803121247598696,116.27664650360805,pm25,89.65799157212399,µg/m³,demo,demo,demo
2025-10-14 01:28:03.054331+00:00,40.005251413017625,116.5209456644538,pm25,87.99280921163336,µg/m³,demo,demo,demo
2025-10-14 01:28:03.054331+00:00,39.97915742827323,116.27652957042288,pm25,90.44073423714102,µg/m³,demo,demo,demo
2025-10-14 01:28:03.054331+00:00,39.75146928492687,116.23262104694541,pm25,68.30294224300522,µg/m³,demo,demo,demo
2025-10-14 01:28:03.054331+00:00,39.85049540057124,116.54209078971482,pm25,98.30869044286709,µg/m³,demo,demo,demo
2025-10-14 01:28:03.054331+00:00,39.868368557846985,116.54451339847107,pm25,81.45627174333418,µg/m³,demo,demo,demo
2025-10-14 01:28:03.054331+00:00,39.965993698544786,116.55061483856663,pm25,74.27523861302228,µg/m³,demo,demo,demo
2025-10-14 01:28:03.054331+00:00,39.8823715852175,116.38876388774351,pm25,96.0061568860838,µg/m³,demo,demo,demo
2025-10-14 01:28:03.054331+00:00,39.80961935544549,116.4047286498801,so2,33.09257292804638,µg/m³,demo,demo,demo
2025-10-14 01:28:03.054331+00:00,39.702836731441266,116.58018547853037,so2,28.971083638613184,µg/m³,demo,demo,demo
2025-10-14 01:28:03.054331+00:00,39.95828835822998,116.25766384508786,so2,27.311739460343574,µg/m³,demo,demo,demo
2025-10-14 01:28:03.054331+00:00,39.98796375340348,116.5794597788549,so2,21.84484136425621,µg/m³,demo,demo,demo
2025-10-14 01:28:03.054331+00:00,40.03422768660011,116.3247325808042,so2,40.86377958018346,µg/m³,demo,demo,demo
2025-10-14 01:28:03.054331+00:00,39.81275113094582,116.36933057958903,so2,30.907235994423512,µg/m³,demo,demo,demo
2025-10-14 01:28:03.054331+00:00,39.786087266865195,116.53108103752817,so2,20.809469539401093,µg/m³,demo,demo,demo
2025-10-14 01:28:03.054331+00:00,39.95573255202664,116.36367965454767,so2,22.60775330991725,µg/m³,demo,demo,demo
2025-10-14 01:28:03.054331+00:00,40.022021933258,116.41983747506922,so2,26.940839133975494,µg/m³,demo,demo,demo
2025-10-14 01:28:03.054331+00:00,40.08546834913799,116.21102364529723,so2,18.73228723113604,µg/m³,demo,demo,demo
2025-10-14 01:28:03.054331+00:00,39.76020993216847,116.50140524346992,so2,27.349094926168544,µg/m³,demo,demo,demo
2025-10-14 01:28:03.054331+00:00,39.89288495527974,116.41525732528771,so2,24.210585112552177,µg/m³,demo,demo,demo
2025-10-14 01:28:03.054331+00:00,40.05788634487847,116.33189268659963,so2,32.63729589269706,µg/m³,demo,demo,demo
2025-10-14 01:28:03.054331+00:00,39.869086762778174,116.51537148137136,so2,31.316716209257205,µg/m³,demo,demo,demo
2025-10-14 01:28:03.054331+00:00,39.93580082483362,116.32127793171666,so2,12.949515703942108,µg/m³,demo,demo,demo
2025-10-14 01:28:03.054331+00:00,39.70979627099735,116.38139915579227,so2,26.714455821252535,µg/m³,demo,demo,demo
2025-10-14 01:28:03.054331+00:00,39.96938395486118,116.25361667889887,so2,18.41860539349753,µg/m³,demo,demo,demo
2025-10-14 01:28:03.054331+00:00,40.06763544785353,116.36124519457886,so2,32.054132887358584,µg/m³,demo,demo,demo
2025-10-14 01:28:03.054331+00:00,40.03073013182269,116.28138209627046,so2,27.346472236755094,µg/m³,demo,demo,demo
2025-10-14 01:28:03.054331+00:00,40.05420810668398,116.30492533617674,so2,29.247970152050957,µg/m³,demo,demo,demo
2025-10-14 01:28:03.054331+00:00,39.96414215220821,116.50014586905202,so2,21.180319247099476,µg/m³,demo,demo,demo
2025-10-14 01:28:03.054331+00:00,39.79822090689727,116.31216350319441,so2,35.648094081093475,µg/m³,demo,demo,demo
2025-10-14 01:28:03.054331+00:00,40.0074067995585,116.39407638977265,so2,36.6063097268682,µg/m³,demo,demo,demo
2025-10-14 01:28:03.054331+00:00,39.78466989704301,116.59229487992049,so2,21.18208767798491,µg/m³,demo,demo,demo
2025-10-14 01:28:03.054331+00:00,40.03250993386579,116.5846628774655,so2,28.370018500447554,µg/m³,demo,demo,demo
2025-10-14 01:28:03.054331+00:00,39.72508716902831,116.4899159763094,so2,23.139430749165037,µg/m³,demo,demo,demo
2025-10-14 01:28:03.054331+00:00,40.03019512535742,116.41649074221897,so2,26.38809320681231,µg/m³,demo,demo,demo
2025-10-14 01:28:03.054331+00:00,39.76580290658964,116.31075648161814,so2,20.17775799499315,µg/m³,demo,demo,demo
2025-10-14 01:28:03.054331+00:00,39.85005879859866,116.26426080351006,so2,35.84167046401906,µg/m³,demo,demo,demo
2025-10-14 01:28:03.054331+00:00,39.826695266622785,116.58797016528645,so2,21.66004533570263,µg/m³,demo,demo,demo
2025-10-14 01:28:03.054331+00:00,39.9765348141111,116.40642743421915,so2,25.025523816128498,µg/m³,demo,demo,demo
2025-10-14 01:28:03.054331+00:00,39.77142875126975,116.24634624498832,so2,29.013357546668583,µg/m³,demo,demo,demo
2025-10-14 01:28:03.054331+00:00,39.8585024648868,116.449395902215,so2,23.26813949903533,µg/m³,demo,demo,demo
2025-10-14 01:28:03.054331+00:00,39.7023298380432,116.51067324573691,so2,25.30938074245446,µg/m³,demo,demo,demo
2025-10-14 01:28:03.054331+00:00,39.80499788510004,116.44520132042122,so2,23.687743658981148,µg/m³,demo,demo,demo
2025-10-14 01:28:03.054331+00:00,39.868475525691586,116.56691908191635,so2,25.8386391169345,µg/m³,demo,demo,demo
2025-10-14 01:28:03.054331+00:00,39.742368494682935,116.21583715066568,so2,20.653229715614458,µg/m³,demo,demo,demo
2025-10-14 01:28:03.054331+00:00,39.953263978414626,116.411435705304,so2,24.31600251310447,µg/m³,demo,demo,demo
2025-10-14 01:28:03.054331+00:00,39.852169707954616,116.38373435315415,so2,25.47147826755475,µg/m³,demo,demo,demo
2025-10-14 01:28:03.054331+00:00,39.9901175752305,116.22493983165995,so2,24.837312872095296,µg/m³,demo,demo,demo
2025-10-14 01:28:03.054331+00:00,39.96154640442736,116.45653126765575,so2,26.789392665584945,µg/m³,demo,demo,demo
2025-10-14 01:28:03.054331+00:00,39.87249069951096,116.54105313539226,so2,25.040431794332367,µg/m³,demo,demo,demo
2025-10-14 01:28:03.054331+00:00,40.04692820225688,116.43717640724171,so2,30.271999933312877,µg/m³,demo,demo,demo
2025-10-14 01:28:03.054331+00:00,39.952854047000066,116.30403897909488,so2,24.88996326218682,µg/m³,demo,demo,demo
2025-10-14 01:28:03.054331+00:00,40.02410974084252,116.53595260841256,so2,25.82269490963655,µg/m³,demo,demo,demo
2025-10-14 01:28:03.054331+00:00,39.83671788957605,116.4037983526086,so2,23.182036211136708,µg/m³,demo,demo,demo
2025-10-14 01:28:03.054331+00:00,39.91746771586738,116.40435555378662,so2,23.873368690539785,µg/m³,demo,demo,demo
2025-10-14 01:28:03.054331+00:00,39.778518754045905,116.50121208308087,so2,20.18347893701741,µg/m³,demo,demo,demo
2025-10-14 01:28:03.054331+00:00,40.09845647604745,116.25916881431398,so2,29.09986749550579,µg/m³,demo,demo,demo
2025-10-14 01:28:03.054331+00:00,39.797286185722534,116.5278506876477,so2,20.793352802853512,µg/m³,demo,demo,demo
2025-10-14 01:28:03.054331+00:00,39.802746986890845,116.4733147624013,so2,22.776660900174345,µg/m³,demo,demo,demo
2025-10-14 01:28:03.054331+00:00,39.72927602895639,116.51483877662191,so2,28.302166151171996,µg/m³,demo,demo,demo
2025-10-14 01:28:03.054331+00:00,39.803121247598696,116.27664650360805,so2,28.518809720838632,µg/m³,demo,demo,demo
2025-10-14 01:28:03.054331+00:00,40.005251413017625,116.5209456644538,so2,24.505369136090618,µg/m³,demo,demo,demo
2025-10-14 01:28:03.054331+00:00,39.97915742827323,116.27652957042288,so2,16.409613838671962,µg/m³,demo,demo,demo
2025-10-14 01:28:03.054331+00:00,39.75146928492687,116.23262104694541,so2,28.608509327593847,µg/m³,demo,demo,demo
2025-10-14 01:28:03.054331+00:00,39.85049540057124,116.54209078971482,so2,27.80376018557627,µg/m³,demo,demo,demo
2025-10-14 01:28:03.054331+00:00,39.868368557846985,116.54451339847107,so2,19.444036813757094,µg/m³,demo,demo,demo
2025-10-14 01:28:03.054331+00:00,39.965993698544786,116.55061483856663,so2,30.35755330508845,µg/m³,demo,demo,demo
2025-10-14 01:28:03.054331+00:00,39.8823715852175,116.38876388774351,so2,23.00044388894884,µg/m³,demo,demo,demo
2025-10-14 01:28:03.054331+00:00,39.80961935544549,116.4047286498801,no2,44.00238085300554,µg/m³,demo,demo,demo
2025-10-14 01:28:03.054331+00:00,39.702836731441266,116.58018547853037,no2,53.777731469946,µg/m³,demo,demo,demo
2025-10-14 01:28:03.054331+00:00,39.95828835822998,116.25766384508786,no2,51.58412233103822,µg/m³,demo,demo,demo
2025-10-14 01:28:03.054331+00:00,39.98796375340348,116.5794597788549,no2,54.632877790161125,µg/m³,demo,demo,demo
2025-10-14 01:28:03.054331+00:00,40.03422768660011,116.3247325808042,no2,40.16590131563643,µg/m³,demo,demo,demo
2025-10-14 01:28:03.054331+00:00,39.81275113094582,116.36933057958903,no2,67.50972671241092,µg/m³,demo,demo,demo
2025-10-14 01:28:03.054331+00:00,39.786087266865195,116.53108103752817,no2,48.19061686588212,µg/m³,demo,demo,demo
2025-10-14 01:28:03.054331+00:00,39.95573255202664,116.36367965454767,no2,40.694611314260655,µg/m³,demo,demo,demo
2025-10-14 01:28:03.054331+00:00,40.022021933258,116.41983747506922,no2,57.96262329076914,µg/m³,demo,demo,demo
2025-10-14 01:28:03.054331+00:00,40.08546834913799,116.21102364529723,no2,50.17345274142253,µg/m³,demo,demo,demo
2025-10-14 01:28:03.054331+00:00,39.76020993216847,116.50140524346992,no2,55.61075366841517,µg/m³,demo,demo,demo
2025-10-14 01:28:03.054331+00:00,39.89288495527974,116.41525732528771,no2,50.29501833723163,µg/m³,demo,demo,demo
2025-10-14 01:28:03.054331+00:00,40.05788634487847,116.33189268659963,no2,52.53396289839258,µg/m³,demo,demo,demo
2025-10-14 01:28:03.054331+00:00,39.869086762778174,116.51537148137136,no2,54.978068532141016,µg/m³,demo,demo,demo
2025-10-14 01:28:03.054331+00:00,39.93580082483362,116.32127793171666,no2,47.038662710368754,µg/m³,demo,demo,demo
2025-10-14 01:28:03.054331+00:00,39.70979627099735,116.38139915579227,no2,58.4418025491084,µg/m³,demo,demo,demo
2025-10-14 01:28:03.054331+00:00,39.96938395486118,116.25361667889887,no2,49.25268498959559,µg/m³,demo,demo,demo
2025-10-14 01:28:03.054331+00:00,40.06763544785353,116.36124519457886,no2,46.05438862886817,µg/m³,demo,demo,demo
2025-10-14 01:28:03.054331+00:00,40.03073013182269,116.28138209627046,no2,53.62814515681197,µg/m³,demo,demo,demo
2025-10-14 01:28:03.054331+00:00,40.05420810668398,116.30492533617674,no2,56.572216010160275,µg/m³,demo,demo,demo
2025-10-14 01:28:03.054331+00:00,39.96414215220821,116.50014586905202,no2,51.179251049282826,µg/m³,demo,demo,demo
2025-10-14 01:28:03.054331+00:00,39.79822090689727,116.31216350319441,no2,46.11172748559544,µg/m³,demo,demo,demo
2025-10-14 01:28:03.054331+00:00,40.0074067995585,116.39407638977265,no2,57.97017031270101,µg/m³,demo,demo,demo
2025-10-14 01:28:03.054331+00:00,39.78466989704301,116.59229487992049,no2,38.92925544524973,µg/m³,demo,demo,demo
2025-10-14 01:28:03.054331+00:00,40.03250993386579,116.5846628774655,no2,44.76497269394768,µg/m³,demo,demo,demo
2025-10-14 01:28:03.054331+00:00,39.72508716902831,116.4899159763094,no2,53.32806890649902,µg/m³,demo,demo,demo
2025-10-14 01:28:03.054331+00:00,40.03019512535742,116.41649074221897,no2,42.123410595791405,µg/m³,demo,demo,demo
2025-10-14 01:28:03.054331+00:00,39.76580290658964,116.31075648161814,no2,53.23583989622529,µg/m³,demo,demo,demo
2025-10-14 01:28:03.054331+00:00,39.85005879859866,116.26426080351006,no2,52.572980838084234,µg/m³,demo,demo,demo
2025-10-14 01:28:03.054331+00:00,39.826695266622785,116.58797016528645,no2,60.20180409309729,µg/m³,demo,demo,demo
2025-10-14 01:28:03.054331+00:00,39.9765348141111,116.40642743421915,no2,45.69356296772561,µg/m³,demo,demo,demo
2025-10-14 01:28:03.054331+00:00,39.77142875126975,116.24634624498832,no2,48.0046335930988,µg/m³,demo,demo,demo
2025-10-14 01:28:03.054331+00:00,39.8585024648868,116.449395902215,no2,55.67733925983995,µg/m³,demo,demo,demo
2025-10-14 01:28:03.054331+00:00,39.7023298380432,116.51067324573691,no2,33.351377060585484,µg/m³,demo,demo,demo
2025-10-14 01:28:03.054331+00:00,39.80499788510004,116.44520132042122,no2,77.81222417354861,µg/m³,demo,demo,demo
2025-10-14 01:28:03.054331+00:00,39.868475525691586,116.56691908191635,no2,47.42267993853779,µg/m³,demo,demo,demo
2025-10-14 01:28:03.054331+00:00,39.742368494682935,116.21583715066568,no2,47.17320536042748,µg/m³,demo,demo,demo
2025-10-14 01:28:03.054331+00:00,39.953263978414626,116.411435705304,no2,59.900905869461646,µg/m³,demo,demo,demo
2025-10-14 01:28:03.054331+00:00,39.852169707954616,116.38373435315415,no2,52.69323105074647,µg/m³,demo,demo,demo
2025-10-14 01:28:03.054331+00:00,39.9901175752305,116.22493983165995,no2,38.776456832603216,µg/m³,demo,demo,demo
2025-10-14 01:28:03.054331+00:00,39.96154640442736,116.45653126765575,no2,58.02730482297284,µg/m³,demo,demo,demo
2025-10-14 01:28:03.054331+00:00,39.87249069951096,116.54105313539226,no2,59.85490845422561,µg/m³,demo,demo,demo
2025-10-14 01:28:03.054331+00:00,40.04692820225688,116.43717640724171,no2,49.41231559442441,µg/m³,demo,demo,demo
2025-10-14 01:28:03.054331+00:00,39.952854047000066,116.30403897909488,no2,50.759082915895746,µg/m³,demo,demo,demo
2025-10-14 01:28:03.054331+00:00,40.02410974084252,116.53595260841256,no2,56.89976256030708,µg/m³,demo,demo,demo
2025-10-14 01:28:03.054331+00:00,39.83671788957605,116.4037983526086,no2,45.74164378291635,µg/m³,demo,demo,demo
2025-10-14 01:28:03.054331+00:00,39.91746771586738,116.40435555378662,no2,56.51899429588721,µg/m³,demo,demo,demo
2025-10-14 01:28:03.054331+00:00,39.778518754045905,116.50121208308087,no2,54.60627386578793,µg/m³,demo,demo,demo
2025-10-14 01:28:03.054331+00:00,40.09845647604745,116.25916881431398,no2,47.612424856024596,µg/m³,demo,demo,demo
2025-10-14 01:28:03.054331+00:00,39.797286185722534,116.5278506876477,no2,41.87507079173719,µg/m³,demo,demo,demo
2025-10-14 01:28:03.054331+00:00,39.802746986890845,116.4733147624013,no2,51.20703913614325,µg/m³,demo,demo,demo
2025-10-14 01:28:03.054331+00:00,39.72927602895639,116.51483877662191,no2,46.008507716150596,µg/m³,demo,demo,demo
2025-10-14 01:28:03.054331+00:00,39.803121247598696,116.27664650360805,no2,61.02316758767326,µg/m³,demo,demo,demo
2025-10-14 01:28:03.054331+00:00,40.005251413017625,116.5209456644538,no2,54.16456873023133,µg/m³,demo,demo,demo
2025-10-14 01:28:03.054331+00:00,39.97915742827323,116.27652957042288,no2,59.26856196271112,µg/m³,demo,demo,demo
2025-10-14 01:28:03.054331+00:00,39.75146928492687,116.23262104694541,no2,54.08886126498761,µg/m³,demo,demo,demo
2025-10-14 01:28:03.054331+00:00,39.85049540057124,116.54209078971482,no2,55.11509471891219,µg/m³,demo,demo,demo
2025-10-14 01:28:03.054331+00:00,39.868368557846985,116.54451339847107,no2,46.7478944443889,µg/m³,demo,demo,demo
2025-10-14 01:28:03.054331+00:00,39.965993698544786,116.55061483856663,no2,58.3562651948091,µg/m³,demo,demo,demo
2025-10-14 01:28:03.054331+00:00,39.8823715852175,116.38876388774351,no2,67.28947197668813,µg/m³,demo,demo,demo
2025-10-14 02:28:03.054331+00:00,40.06959325011503,116.36978543385283,pm25,100.84190213531592,µg/m³,demo,demo,demo
2025-10-14 02:28:03.054331+00:00,39.96576041646062,116.43028206413564,pm25,91.4553271118366,µg/m³,demo,demo,demo
2025-10-14 02:28:03.054331+00:00,39.764249453642144,116.58666495815513,pm25,88.32733403328304,µg/m³,demo,demo,demo
2025-10-14 02:28:03.054331+00:00,39.87677176458162,116.38323182419445,pm25,90.68899994450838,µg/m³,demo,demo,demo
2025-10-14 02:28:03.054331+00:00,39.87577306406819,116.53498856871936,pm25,87.56700768180053,µg/m³,demo,demo,demo
2025-10-14 02:28:03.054331+00:00,39.95293319459277,116.22234878601274,pm25,97.38006316573163,µg/m³,demo,demo,demo
2025-10-14 02:28:03.054331+00:00,39.85245501296162,116.35423490289202,pm25,93.72417084531699,µg/m³,demo,demo,demo
2025-10-14 02:28:03.054331+00:00,39.97027123518765,116.42419857745696,pm25,85.80639424279414,µg/m³,demo,demo,demo
2025-10-14 02:28:03.054331+00:00,39.78156295203914,116.44812822226197,pm25,102.0750689497867,µg/m³,demo,demo,demo
2025-10-14 02:28:03.054331+00:00,39.84134031125863,116.30000733597281,pm25,82.66229262283409,µg/m³,demo,demo,demo
2025-10-14 02:28:03.054331+00:00,39.917325364514944,116.35971640539464,pm25,93.44320371680942,µg/m³,demo,demo,demo
2025-10-14 02:28:03.054331+00:00,39.87106042048578,116.57880246749427,pm25,95.06586445502778,µg/m³,demo,demo,demo
2025-10-14 02:28:03.054331+00:00,39.7490102603076,116.45954030160478,pm25,107.74568471803836,µg/m³,demo,demo,demo
2025-10-14 02:28:03.054331+00:00,40.086331248305,116.43398649936492,pm25,83.93470363981238,µg/m³,demo,demo,demo
2025-10-14 02:28:03.054331+00:00,39.97651816085459,116.22611948420794,pm25,110.91698935572488,µg/m³,demo,demo,demo
2025-10-14 02:28:03.054331+00:00,40.033214031116415,116.22087050305726,pm25,92.11397941946909,µg/m³,demo,demo,demo
2025-10-14 02:28:03.054331+00:00,39.84298429851566,116.28455937913283,pm25,87.67227707216912,µg/m³,demo,demo,demo
2025-10-14 02:28:03.054331+00:00,40.077958364067634,116.25512911033945,pm25,81.93032698873667,µg/m³,demo,demo,demo
2025-10-14 02:28:03.054331+00:00,40.02497884022114,116.5934999717093,pm25,97.03552102865439,µg/m³,demo,demo,demo
2025-10-14 02:28:03.054331+00:00,40.091802498235154,116.20109885904107,pm25,90.58722293330858,µg/m³,demo,demo,demo
2025-10-14 02:28:03.054331+00:00,39.77895770095593,116.34633741167221,pm25,76.75668880886657,µg/m³,demo,demo,demo
2025-10-14 02:28:03.054331+00:00,39.8908677906403,116.22336897984952,pm25,76.46535388489636,µg/m³,demo,demo,demo
2025-10-14 02:28:03.054331+00:00,39.85433959762895,116.45600422332707,pm25,83.3337695063936,µg/m³,demo,demo,demo
2025-10-14 02:28:03.054331+00:00,39.94555799824121,116.21861328082994,pm25,81.88792795354598,µg/m³,demo,demo,demo
2025-10-14 02:28:03.054331+00:00,39.800087893467186,116.22736385421669,pm25,103.08362870072652,µg/m³,demo,demo,demo
2025-10-14 02:28:03.054331+00:00,39.740188915900276,116.23197700224326,pm25,106.50645957564214,µg/m³,demo,demo,demo
2025-10-14 02:28:03.054331+00:00,39.89064663473157,116.30871405252115,pm25,100.4227154864101,µg/m³,demo,demo,demo
2025-10-14 02:28:03.054331+00:00,39.95578877460785,116.43054322719865,pm25,94.29442668037277,µg/m³,demo,demo,demo
2025-10-14 02:28:03.054331+00:00,39.85360616739653,116.52217944705234,pm25,84.86114150586471,µg/m³,demo,demo,demo
2025-10-14 02:28:03.054331+00:00,40.094975737086514,116.3068766338005,pm25,90.65379853104295,µg/m³,demo,demo,demo
2025-10-14 02:28:03.054331+00:00,39.862395508859564,116.31326842262779,pm25,100.61648407234254,µg/m³,demo,demo,demo
2025-10-14 02:28:03.054331+00:00,39.81992621697513,116.52979285758077,pm25,115.57166680467975,µg/m³,demo,demo,demo
2025-10-14 02:28:03.054331+00:00,40.02555913003981,116.49837935207053,pm25,100.95479046362152,µg/m³,demo,demo,demo
2025-10-14 02:28:03.054331+00:00,39.88667592121312,116.25072589934294,pm25,86.6350542684633,µg/m³,demo,demo,demo
2025-10-14 02:28:03.054331+00:00,39.809286713079686,116.52253957388254,pm25,90.45630090925066,µg/m³,demo,demo,demo
2025-10-14 02:28:03.054331+00:00,39.81459640978864,116.53250044345411,pm25,84.209461186178,µg/m³,demo,demo,demo
2025-10-14 02:28:03.054331+00:00,40.0788623156977,116.27113031342684,pm25,80.611217088607,µg/m³,demo,demo,demo
2025-10-14 02:28:03.054331+00:00,40.08469469926397,116.45077919942902,pm25,87.78909597338443,µg/m³,demo,demo,demo
2025-10-14 02:28:03.054331+00:00,39.958494758497196,116.2786974487285,pm25,92.34737630646138,µg/m³,demo,demo,demo
2025-10-14 02:28:03.054331+00:00,39.81150719066991,116.29739708481124,pm25,112.03081904013077,µg/m³,demo,demo,demo
2025-10-14 02:28:03.054331+00:00,39.98454761748759,116.39760230213146,pm25,90.62438963944072,µg/m³,demo,demo,demo
2025-10-14 02:28:03.054331+00:00,39.78670779277444,116.40888801118032,pm25,106.28829689956123,µg/m³,demo,demo,demo
2025-10-14 02:28:03.054331+00:00,39.828833874965575,116.39161340615928,pm25,111.20986897349685,µg/m³,demo,demo,demo
2025-10-14 02:28:03.054331+00:00,39.91669454388111,116.41645642132168,pm25,90.94569444311647,µg/m³,demo,demo,demo
2025-10-14 02:28:03.054331+00:00,39.86045766446582,116.28526587057019,pm25,109.29358665139486,µg/m³,demo,demo,demo
2025-10-14 02:28:03.054331+00:00,39.84040954505384,116.51143214725116,pm25,98.5792248548266,µg/m³,demo,demo,demo
2025-10-14 02:28:03.054331+00:00,40.089653771794595,116.31113936481144,pm25,84.98957646048461,µg/m³,demo,demo,demo
2025-10-14 02:28:03.054331+00:00,39.7680824697919,116.56507331588764,pm25,93.18216029818653,µg/m³,demo,demo,demo
2025-10-14 02:28:03.054331+00:00,39.94551142357977,116.40606212143584,pm25,90.27453381653916,µg/m³,demo,demo,demo
2025-10-14 02:28:03.054331+00:00,39.715416555793546,116.32147362117783,pm25,87.21193164066058,µg/m³,demo,demo,demo
2025-10-14 02:28:03.054331+00:00,39.736685894853565,116.26975356100333,pm25,87.6146252040608,µg/m³,demo,demo,demo
2025-10-14 02:28:03.054331+00:00,39.78399840200469,116.39408158496641,pm25,91.73051164167588,µg/m³,demo,demo,demo
2025-10-14 02:28:03.054331+00:00,40.09667447840579,116.35051892006054,pm25,95.2101736857866,µg/m³,demo,demo,demo
2025-10-14 02:28:03.054331+00:00,39.99056985569112,116.44923751628878,pm25,79.38141749809526,µg/m³,demo,demo,demo
2025-10-14 02:28:03.054331+00:00,40.04721523825168,116.39938383304919,pm25,89.88734805604567,µg/m³,demo,demo,demo
2025-10-14 02:28:03.054331+00:00,39.71979351385469,116.21478387920028,pm25,71.73173973665993,µg/m³,demo,demo,demo
2025-10-14 02:28:03.054331+00:00,39.97257538106107,116.53323790752341,pm25,93.12954599136249,µg/m³,demo,demo,demo
2025-10-14 02:28:03.054331+00:00,39.8759745917744,116.22066957564776,pm25,97.48319370937661,µg/m³,demo,demo,demo
2025-10-14 02:28:03.054331+00:00,39.86656797942214,116.53103806554368,pm25,91.96745806031768,µg/m³,demo,demo,demo
2025-10-14 02:28:03.054331+00:00,39.983301917699194,116.52509985736671,pm25,93.43023782302491,µg/m³,demo,demo,demo
2025-10-14 02:28:03.054331+00:00,40.06959325011503,116.36978543385283,so2,29.949715517798328,µg/m³,demo,demo,demo
2025-10-14 02:28:03.054331+00:00,39.96576041646062,116.43028206413564,so2,23.674495778915002,µg/m³,demo,demo,demo
2025-10-14 02:28:03.054331+00:00,39.764249453642144,116.58666495815513,so2,25.804755703377054,µg/m³,demo,demo,demo
2025-10-14 02:28:03.054331+00:00,39.87677176458162,116.38323182419445,so2,29.554610219078924,µg/m³,demo,demo,demo
2025-10-14 02:28:03.054331+00:00,39.87577306406819,116.53498856871936,so2,32.009428673645715,µg/m³,demo,demo,demo
2025-10-14 02:28:03.054331+00:00,39.95293319459277,116.22234878601274,so2,28.974607006726263,µg/m³,demo,demo,demo
2025-10-14 02:28:03.054331+00:00,39.85245501296162,116.35423490289202,so2,39.764297111775974,µg/m³,demo,demo,demo
2025-10-14 02:28:03.054331+00:00,39.97027123518765,116.42419857745696,so2,26.54319713907564,µg/m³,demo,demo,demo
2025-10-14 02:28:03.054331+00:00,39.78156295203914,116.44812822226197,so2,31.99830214677423,µg/m³,demo,demo,demo
2025-10-14 02:28:03.054331+00:00,39.84134031125863,116.30000733597281,so2,33.33363839125042,µg/m³,demo,demo,demo
2025-10-14 02:28:03.054331+00:00,39.917325364514944,116.35971640539464,so2,26.33115076829111,µg/m³,demo,demo,demo
2025-10-14 02:28:03.054331+00:00,39.87106042048578,116.57880246749427,so2,22.897435588986287,µg/m³,demo,demo,demo
2025-10-14 02:28:03.054331+00:00,39.7490102603076,116.45954030160478,so2,21.08698536236404,µg/m³,demo,demo,demo
2025-10-14 02:28:03.054331+00:00,40.086331248305,116.43398649936492,so2,27.811384999145854,µg/m³,demo,demo,demo
2025-10-14 02:28:03.054331+00:00,39.97651816085459,116.22611948420794,so2,32.551459772694145,µg/m³,demo,demo,demo
2025-10-14 02:28:03.054331+00:00,40.033214031116415,116.22087050305726,so2,28.358341994277087,µg/m³,demo,demo,demo
2025-10-14 02:28:03.054331+00:00,39.84298429851566,116.28455937913283,so2,27.864280376848768,µg/m³,demo,demo,demo
2025-10-14 02:28:03.054331+00:00,40.077958364067634,116.25512911033945,so2,25.10393058493647,µg/m³,demo,demo,demo
2025-10-14 02:28:03.054331+00:00,40.02497884022114,116.5934999717093,so2,29.805148663967852,µg/m³,demo,demo,demo
2025-10-14 02:28:03.054331+00:00,40.091802498235154,116.20109885904107,so2,16.32084474278139,µg/m³,demo,demo,demo
2025-10-14 02:28:03.054331+00:00,39.77895770095593,116.34633741167221,so2,28.161866256873584,µg/m³,demo,demo,demo
2025-10-14 02:28:03.054331+00:00,39.8908677906403,116.22336897984952,so2,27.1406315477648,µg/m³,demo,demo,demo
2025-10-14 02:28:03.054331+00:00,39.85433959762895,116.45600422332707,so2,20.148298767191296,µg/m³,demo,demo,demo
2025-10-14 02:28:03.054331+00:00,39.94555799824121,116.21861328082994,so2,37.877989620719305,µg/m³,demo,demo,demo
2025-10-14 02:28:03.054331+00:00,39.800087893467186,116.22736385421669,so2,20.062933842227064,µg/m³,demo,demo,demo
2025-10-14 02:28:03.054331+00:00,39.740188915900276,116.23197700224326,so2,21.6123975157617,µg/m³,demo,demo,demo
2025-10-14 02:28:03.054331+00:00,39.89064663473157,116.30871405252115,so2,20.99568446223587,µg/m³,demo,demo,demo
2025-10-14 02:28:03.054331+00:00,39.95578877460785,116.43054322719865,so2,32.551839008793436,µg/m³,demo,demo,demo
2025-10-14 02:28:03.054331+00:00,39.85360616739653,116.52217944705234,so2,22.559575694204046,µg/m³,demo,demo,demo
2025-10-14 02:28:03.054331+00:00,40.094975737086514,116.3068766338005,so2,30.343282064821064,µg/m³,demo,demo,demo
2025-10-14 02:28:03.054331+00:00,39.862395508859564,116.31326842262779,so2,29.937550762606257,µg/m³,demo,demo,demo
2025-10-14 02:28:03.054331+00:00,39.81992621697513,116.52979285758077,so2,28.298352055240702,µg/m³,demo,demo,demo
2025-10-14 02:28:03.054331+00:00,40.02555913003981,116.49837935207053,so2,20.462105466715446,µg/m³,demo,demo,demo
2025-10-14 02:28:03.054331+00:00,39.88667592121312,116.25072589934294,so2,23.939468110060897,µg/m³,demo,demo,demo
2025-10-14 02:28:03.054331+00:00,39.809286713079686,116.52253957388254,so2,35.36557485017038,µg/m³,demo,demo,demo
2025-10-14 02:28:03.054331+00:00,39.81459640978864,116.53250044345411,so2,20.54622800308691,µg/m³,demo,demo,demo
2025-10-14 02:28:03.054331+00:00,40.0788623156977,116.27113031342684,so2,22.84172519815781,µg/m³,demo,demo,demo
2025-10-14 02:28:03.054331+00:00,40.08469469926397,116.45077919942902,so2,26.188767386098107,µg/m³,demo,demo,demo
2025-10-14 02:28:03.054331+00:00,39.958494758497196,116.2786974487285,so2,31.04495036018686,µg/m³,demo,demo,demo
2025-10-14 02:28:03.054331+00:00,39.81150719066991,116.29739708481124,so2,28.258195953024345,µg/m³,demo,demo,demo
2025-10-14 02:28:03.054331+00:00,39.98454761748759,116.39760230213146,so2,30.71022079647669,µg/m³,demo,demo,demo
2025-10-14 02:28:03.054331+00:00,39.78670779277444,116.40888801118032,so2,21.663528835140028,µg/m³,demo,demo,demo
2025-10-14 02:28:03.054331+00:00,39.828833874965575,116.39161340615928,so2,31.72388296958006,µg/m³,demo,demo,demo
2025-10-14 02:28:03.054331+00:00,39.91669454388111,116.41645642132168,so2,29.845144082894112,µg/m³,demo,demo,demo
2025-10-14 02:28:03.054331+00:00,39.86045766446582,116.28526587057019,so2,19.02717722438183,µg/m³,demo,demo,demo
2025-10-14 02:28:03.054331+00:00,39.84040954505384,116.51143214725116,so2,34.699581039536355,µg/m³,demo,demo,demo
2025-10-14 02:28:03.054331+00:00,40.089653771794595,116.31113936481144,so2,38.46198930087628,µg/m³,demo,demo,demo
2025-10-14 02:28:03.054331+00:00,39.7680824697919,116.56507331588764,so2,23.15711321426647,µg/m³,demo,demo,demo
2025-10-14 02:28:03.054331+00:00,39.94551142357977,116.40606212143584,so2,27.278264083083517,µg/m³,demo,demo,demo
2025-10-14 02:28:03.054331+00:00,39.715416555793546,116.32147362117783,so2,33.98711291553772,µg/m³,demo,demo,demo
2025-10-14 02:28:03.054331+00:00,39.736685894853565,116.26975356100333,so2,19.59379885286399,µg/m³,demo,demo,demo
2025-10-14 02:28:03.054331+00:00,39.78399840200469,116.39408158496641,so2,17.05069840465125,µg/m³,demo,demo,demo
2025-10-14 02:28:03.054331+00:00,40.09667447840579,116.35051892006054,so2,20.515279389000387,µg/m³,demo,demo,demo
2025-10-14 02:28:03.054331+00:00,39.99056985569112,116.44923751628878,so2,24.164666068219667,µg/m³,demo,demo,demo
2025-10-14 02:28:03.054331+00:00,40.04721523825168,116.39938383304919,so2,24.10778894007556,µg/m³,demo,demo,demo
2025-10-14 02:28:03.054331+00:00,39.71979351385469,116.21478387920028,so2,30.03673586921298,µg/m³,demo,demo,demo
2025-10-14 02:28:03.054331+00:00,39.97257538106107,116.53323790752341,so2,28.342681859815297,µg/m³,demo,demo,demo
2025-10-14 02:28:03.054331+00:00,39.8759745917744,116.22066957564776,so2,20.769613676654682,µg/m³,demo,demo,demo
2025-10-14 02:28:03.054331+00:00,39.86656797942214,116.53103806554368,so2,29.83689985044427,µg/m³,demo,demo,demo
2025-10-14 02:28:03.054331+00:00,39.983301917699194,116.52509985736671,so2,36.37040670840602,µg/m³,demo,demo,demo
2025-10-14 02:28:03.054331+00:00,40.06959325011503,116.36978543385283,no2,63.576434232562264,µg/m³,demo,demo,demo
2025-10-14 02:28:03.054331+00:00,39.96576041646062,116.43028206413564,no2,61.92885958146834,µg/m³,demo,demo,demo
2025-10-14 02:28:03.054331+00:00,39.764249453642144,116.58666495815513,no2,54.161423428170956,µg/m³,demo,demo,demo
2025-10-14 02:28:03.054331+00:00,39.87677176458162,116.38323182419445,no2,61.869051157156406,µg/m³,demo,demo,demo
2025-10-14 02:28:03.054331+00:00,39.87577306406819,116.53498856871936,no2,46.270937440243394,µg/m³,demo,demo,demo
2025-10-14 02:28:03.054331+00:00,39.95293319459277,116.22234878601274,no2,60.00811709602442,µg/m³,demo,demo,demo
2025-10-14 02:28:03.054331+00:00,39.85245501296162,116.35423490289202,no2,53.30201264415083,µg/m³,demo,demo,demo
2025-10-14 02:28:03.054331+00:00,39.97027123518765,116.42419857745696,no2,63.047245583035604,µg/m³,demo,demo,demo
2025-10-14 02:28:03.054331+00:00,39.78156295203914,116.44812822226197,no2,57.728084410062934,µg/m³,demo,demo,demo
2025-10-14 02:28:03.054331+00:00,39.84134031125863,116.30000733597281,no2,45.280961714301185,µg/m³,demo,demo,demo
2025-10-14 02:28:03.054331+00:00,39.917325364514944,116.35971640539464,no2,55.02394362778808,µg/m³,demo,demo,demo
2025-10-14 02:28:03.054331+00:00,39.87106042048578,116.57880246749427,no2,63.745771758494286,µg/m³,demo,demo,demo
2025-10-14 02:28:03.054331+00:00,39.7490102603076,116.45954030160478,no2,44.9661289194656,µg/m³,demo,demo,demo
2025-10-14 02:28:03.054331+00:00,40.086331248305,116.43398649936492,no2,49.526880974522676,µg/m³,demo,demo,demo
2025-10-14 02:28:03.054331+00:00,39.97651816085459,116.22611948420794,no2,47.850615932898066,µg/m³,demo,demo,demo
2025-10-14 02:28:03.054331+00:00,40.033214031116415,116.22087050305726,no2,42.03483247643391,µg/m³,demo,demo,demo
2025-10-14 02:28:03.054331+00:00,39.84298429851566,116.28455937913283,no2,61.69014620215757,µg/m³,demo,demo,demo
2025-10-14 02:28:03.054331+00:00,40.077958364067634,116.25512911033945,no2,64.48797842388822,µg/m³,demo,demo,demo
2025-10-14 02:28:03.054331+00:00,40.02497884022114,116.5934999717093,no2,60.40034565645621,µg/m³,demo,demo,demo
2025-10-14 02:28:03.054331+00:00,40.091802498235154,116.20109885904107,no2,55.94056252349821,µg/m³,demo,demo,demo
2025-10-14 02:28:03.054331+00:00,39.77895770095593,116.34633741167221,no2,53.58374892548434,µg/m³,demo,demo,demo
2025-10-14 02:28:03.054331+00:00,39.8908677906403,116.22336897984952,no2,55.915042404197244,µg/m³,demo,demo,demo
2025-10-14 02:28:03.054331+00:00,39.85433959762895,116.45600422332707,no2,48.14755266327137,µg/m³,demo,demo,demo
2025-10-14 02:28:03.054331+00:00,39.94555799824121,116.21861328082994,no2,61.15076480361338,µg/m³,demo,demo,demo
2025-10-14 02:28:03.054331+00:00,39.800087893467186,116.22736385421669,no2,62.36393859230708,µg/m³,demo,demo,demo
2025-10-14 02:28:03.054331+00:00,39.740188915900276,116.23197700224326,no2,61.460348272031254,µg/m³,demo,demo,demo
2025-10-14 02:28:03.054331+00:00,39.89064663473157,116.30871405252115,no2,49.75241425824965,µg/m³,demo,demo,demo
2025-10-14 02:28:03.054331+00:00,39.95578877460785,116.43054322719865,no2,54.62723473557442,µg/m³,demo,demo,demo
2025-10-14 02:28:03.054331+00:00,39.85360616739653,116.52217944705234,no2,52.673753448165165,µg/m³,demo,demo,demo
2025-10-14 02:28:03.054331+00:00,40.094975737086514,116.3068766338005,no2,68.30859830373869,µg/m³,demo,demo,demo
2025-10-14 02:28:03.054331+00:00,39.862395508859564,116.31326842262779,no2,55.43756961538049,µg/m³,demo,demo,demo
2025-10-14 02:28:03.054331+00:00,39.81992621697513,116.52979285758077,no2,38.943432848556824,µg/m³,demo,demo,demo
2025-10-14 02:28:03.054331+00:00,40.02555913003981,116.49837935207053,no2,57.18804520664859,µg/m³,demo,demo,demo
2025-10-14 02:28:03.054331+00:00,39.88667592121312,116.25072589934294,no2,69.05812999256788,µg/m³,demo,demo,demo
2025-10-14 02:28:03.054331+00:00,39.809286713079686,116.52253957388254,no2,59.48140572978053,µg/m³,demo,demo,demo
2025-10-14 02:28:03.054331+00:00,39.81459640978864,116.53250044345411,no2,61.03583768036969,µg/m³,demo,demo,demo
2025-10-14 02:28:03.054331+00:00,40.0788623156977,116.27113031342684,no2,54.288490134791225,µg/m³,demo,demo,demo
2025-10-14 02:28:03.054331+00:00,40.08469469926397,116.45077919942902,no2,38.228884110518536,µg/m³,demo,demo,demo
2025-10-14 02:28:03.054331+00:00,39.958494758497196,116.2786974487285,no2,39.517937967576515,µg/m³,demo,demo,demo
2025-10-14 02:28:03.054331+00:00,39.81150719066991,116.29739708481124,no2,44.032417802112924,µg/m³,demo,demo,demo
2025-10-14 02:28:03.054331+00:00,39.98454761748759,116.39760230213146,no2,52.98534370368218,µg/m³,demo,demo,demo
2025-10-14 02:28:03.054331+00:00,39.78670779277444,116.40888801118032,no2,56.479987971930505,µg/m³,demo,demo,demo
2025-10-14 02:28:03.054331+00:00,39.828833874965575,116.39161340615928,no2,59.51531321711617,µg/m³,demo,demo,demo
2025-10-14 02:28:03.054331+00:00,39.91669454388111,116.41645642132168,no2,51.276335657882214,µg/m³,demo,demo,demo
2025-10-14 02:28:03.054331+00:00,39.86045766446582,116.28526587057019,no2,61.65543406728871,µg/m³,demo,demo,demo
2025-10-14 02:28:03.054331+00:00,39.84040954505384,116.51143214725116,no2,51.762009932963025,µg/m³,demo,demo,demo
2025-10-14 02:28:03.054331+00:00,40.089653771794595,116.31113936481144,no2,48.364083877223685,µg/m³,demo,demo,demo
2025-10-14 02:28:03.054331+00:00,39.7680824697919,116.56507331588764,no2,60.8131337235592,µg/m³,demo,demo,demo
2025-10-14 02:28:03.054331+00:00,39.94551142357977,116.40606212143584,no2,46.68444013516662,µg/m³,demo,demo,demo
2025-10-14 02:28:03.054331+00:00,39.715416555793546,116.32147362117783,no2,32.16732055343121,µg/m³,demo,demo,demo
2025-10-14 02:28:03.054331+00:00,39.736685894853565,116.26975356100333,no2,45.52034592841681,µg/m³,demo,demo,demo
2025-10-14 02:28:03.054331+00:00,39.78399840200469,116.39408158496641,no2,54.75327636402318,µg/m³,demo,demo,demo
2025-10-14 02:28:03.054331+00:00,40.09667447840579,116.35051892006054,no2,29.358577927602735,µg/m³,demo,demo,demo
2025-10-14 02:28:03.054331+00:00,39.99056985569112,116.44923751628878,no2,51.14289563057139,µg/m³,demo,demo,demo
2025-10-14 02:28:03.054331+00:00,40.04721523825168,116.39938383304919,no2,51.343277129895924,µg/m³,demo,demo,demo
2025-10-14 02:28:03.054331+00:00,39.71979351385469,116.21478387920028,no2,42.58835224824577,µg/m³,demo,demo,demo
2025-10-14 02:28:03.054331+00:00,39.97257538106107,116.53323790752341,no2,42.13997228321754,µg/m³,demo,demo,demo
2025-10-14 02:28:03.054331+00:00,39.8759745917744,116.22066957564776,no2,50.300304415205794,µg/m³,demo,demo,demo
2025-10-14 02:28:03.054331+00:00,39.86656797942214,116.53103806554368,no2,49.6231986429215,µg/m³,demo,demo,demo
2025-10-14 02:28:03.054331+00:00,39.983301917699194,116.52509985736671,no2,64.0793480751331,µg/m³,demo,demo,demo
2025-10-14 03:28:03.054331+00:00,40.0828336129009,116.45989315030529,pm25,92.36376627802714,µg/m³,demo,demo,demo
2025-10-14 03:28:03.054331+00:00,39.844806423184146,116.34742100767984,pm25,98.7119597192112,µg/m³,demo,demo,demo
2025-10-14 03:28:03.054331+00:00,39.81559044210018,116.42499142170672,pm25,103.73358268755744,µg/m³,demo,demo,demo
2025-10-14 03:28:03.054331+00:00,39.98800444768189,116.56233999454598,pm25,113.1224023527862,µg/m³,demo,demo,demo
2025-10-14 03:28:03.054331+00:00,39.75316240418398,116.54463173155757,pm25,87.66855048963222,µg/m³,demo,demo,demo
2025-10-14 03:28:03.054331+00:00,39.89326772664876,116.56867074361878,pm25,104.84900151694346,µg/m³,demo,demo,demo
2025-10-14 03:28:03.054331+00:00,39.843253250495046,116.57402308670855,pm25,82.82830553628526,µg/m³,demo,demo,demo
2025-10-14 03:28:03.054331+00:00,39.91759453718495,116.4359277440346,pm25,81.59356113357694,µg/m³,demo,demo,demo
2025-10-14 03:28:03.054331+00:00,39.941300057540204,116.40092011434518,pm25,84.91166327999956,µg/m³,demo,demo,demo
2025-10-14 03:28:03.054331+00:00,39.956042981560195,116.21504606625483,pm25,80.54475263435613,µg/m³,demo,demo,demo
2025-10-14 03:28:03.054331+00:00,39.87295962327553,116.24097652455204,pm25,104.09151232384797,µg/m³,demo,demo,demo
2025-10-14 03:28:03.054331+00:00,40.054772963501605,116.40956935794983,pm25,103.40723416537277,µg/m³,demo,demo,demo
2025-10-14 03:28:03.054331+00:00,40.03427043694558,116.54240332184446,pm25,107.59608146830475,µg/m³,demo,demo,demo
2025-10-14 03:28:03.054331+00:00,40.07334311415681,116.3730538242847,pm25,92.02473655266263,µg/m³,demo,demo,demo
2025-10-14 03:28:03.054331+00:00,39.878362256649304,116.20149174491456,pm25,95.6209196568794,µg/m³,demo,demo,demo
2025-10-14 03:28:03.054331+00:00,39.99203436578972,116.28492124247806,pm25,85.38721652063124,µg/m³,demo,demo,demo
2025-10-14 03:28:03.054331+00:00,39.872278314714514,116.5039881672879,pm25,78.51680552963508,µg/m³,demo,demo,demo
2025-10-14 03:28:03.054331+00:00,39.81151310181226,116.26336719541192,pm25,97.69255831021074,µg/m³,demo,demo,demo
2025-10-14 03:28:03.054331+00:00,39.9607545788469,116.27983053406216,pm25,95.54881783963049,µg/m³,demo,demo,demo
2025-10-14 03:28:03.054331+00:00,40.078394863004256,116.31421442568139,pm25,79.0441813231394,µg/m³,demo,demo,demo
2025-10-14 03:28:03.054331+00:00,40.02172315236208,116.44371335062459,pm25,99.35233010359134,µg/m³,demo,demo,demo
2025-10-14 03:28:03.054331+00:00,39.81408070974881,116.53456222190829,pm25,71.42761239263533,µg/m³,demo,demo,demo
2025-10-14 03:28:03.054331+00:00,39.79124230254462,116.28755793497116,pm25,90.18035869433766,µg/m³,demo,demo,demo
2025-10-14 03:28:03.054331+00:00,40.00865818447531,116.43978714951258,pm25,84.76457445844585,µg/m³,demo,demo,demo
2025-10-14 03:28:03.054331+00:00,39.98205139177472,116.41197624525867,pm25,85.97702590915853,µg/m³,demo,demo,demo
2025-10-14 03:28:03.054331+00:00,40.04544069850192,116.37794568259046,pm25,79.32684744112966,µg/m³,demo,demo,demo
2025-10-14 03:28:03.054331+00:00,39.75854464438356,116.4321682094623,pm25,103.7582696013748,µg/m³,demo,demo,demo
2025-10-14 03:28:03.054331+00:00,40.044671694461165,116.52564740942898,pm25,99.11971904842153,µg/m³,demo,demo,demo
2025-10-14 03:28:03.054331+00:00,39.873050181063505,116.28699522267138,pm25,106.52938370556616,µg/m³,demo,demo,demo
2025-10-14 03:28:03.054331+00:00,39.80933819135702,116.39889366035177,pm25,93.8943086875742,µg/m³,demo,demo,demo
2025-10-14 03:28:03.054331+00:00,39.837297864997055,116.23916822445845,pm25,76.75169665348156,µg/m³,demo,demo,demo
2025-10-14 03:28:03.054331+00:00,40.097401561605096,116.40529502202747,pm25,87.78032228849429,µg/m³,demo,demo,demo
2025-10-14 03:28:03.054331+00:00,40.08241285000786,116.5164031429281,pm25,78.03012683934952,µg/m³,demo,demo,demo
2025-10-14 03:28:03.054331+00:00,39.73349841419205,116.59942355626067,pm25,97.68988248359123,µg/m³,demo,demo,demo
2025-10-14 03:28:03.054331+00:00,39.82607538708684,116.3902772216343,pm25,106.71281165241112,µg/m³,demo,demo,demo
2025-10-14 03:28:03.054331+00:00,39.98783160986259,116.3186413602799,pm25,96.12142520278715,µg/m³,demo,demo,demo
2025-10-14 03:28:03.054331+00:00,39.71413005264332,116.43180143276687,pm25,84.97808953751627,µg/m³,demo,demo,demo
2025-10-14 03:28:03.054331+00:00,39.714369461774865,116.34870082192425,pm25,87.72841503403102,µg/m³,demo,demo,demo
2025-10-14 03:28:03.054331+00:00,39.717956117368736,116.24680095564783,pm25,94.61374053583181,µg/m³,demo,demo,demo
2025-10-14 03:28:03.054331+00:00,40.04737793330314,116.40979942881219,pm25,74.8040517812263,µg/m³,demo,demo,demo
2025-10-14 03:28:03.054331+00:00,39.833492975864395,116.51965427640235,pm25,93.94356622294673,µg/m³,demo,demo,demo
2025-10-14 03:28:03.054331+00:00,39.82749593310861,116.55645091494925,pm25,94.53031503412453,µg/m³,demo,demo,demo
2025-10-14 03:28:03.054331+00:00,40.017337528420065,116.59124447508016,pm25,85.6054259960058,µg/m³,demo,demo,demo
2025-10-14 03:28:03.054331+00:00,39.82742651659064,116.34708984914343,pm25,87.11991729928752,µg/m³,demo,demo,demo
2025-10-14 03:28:03.054331+00:00,39.99537234223809,116.30066607103261,pm25,94.17447622085167,µg/m³,demo,demo,demo
2025-10-14 03:28:03.054331+00:00,39.847736291361294,116.24432830941852,pm25,82.2688743367578,µg/m³,demo,demo,demo
2025-10-14 03:28:03.054331+00:00,39.81900772535167,116.37449276691976,pm25,82.24278697587256,µg/m³,demo,demo,demo
2025-10-14 03:28:03.054331+00:00,39.85489060571814,116.52281086409882,pm25,101.44799087672791,µg/m³,demo,demo,demo
2025-10-14 03:28:03.054331+00:00,39.76721489704273,116.29385791504981,pm25,94.76878913829064,µg/m³,demo,demo,demo
2025-10-14 03:28:03.054331+00:00,39.730004458522956,116.5398265992265,pm25,112.23230371361427,µg/m³,demo,demo,demo
2025-10-14 03:28:03.054331+00:00,40.0484805786015,116.48469480712747,pm25,80.23260451669015,µg/m³,demo,demo,demo
2025-10-14 03:28:03.054331+00:00,40.04735327190582,116.28037712821042,pm25,70.71675031996597,µg/m³,demo,demo,demo
2025-10-14 03:28:03.054331+00:00,39.8843285371454,116.45270061565571,pm25,103.35368711384662,µg/m³,demo,demo,demo
2025-10-14 03:28:03.054331+00:00,39.9753504902898,116.52787687311739,pm25,103.53807352932752,µg/m³,demo,demo,demo
2025-10-14 03:28:03.054331+00:00,40.04505984650495,116.57314814644839,pm25,83.18214059101336,µg/m³,demo,demo,demo
2025-10-14 03:28:03.054331+00:00,39.856289350359056,116.26488590547864,pm25,74.41405634907383,µg/m³,demo,demo,demo
2025-10-14 03:28:03.054331+00:00,39.98472413137031,116.52880607746232,pm25,91.46205340945895,µg/m³,demo,demo,demo
2025-10-14 03:28:03.054331+00:00,40.0019165680432,116.51033963513268,pm25,70.99347583331509,µg/m³,demo,demo,demo
2025-10-14 03:28:03.054331+00:00,39.73122984401224,116.29748865625663,pm25,87.90076474392706,µg/m³,demo,demo,demo
2025-10-14 03:28:03.054331+00:00,39.75526482913092,116.31783256426726,pm25,65.79739410369068,µg/m³,demo,demo,demo
2025-10-14 03:28:03.054331+00:00,40.0828336129009,116.45989315030529,so2,26.358773333307806,µg/m³,demo,demo,demo
2025-10-14 03:28:03.054331+00:00,39.844806423184146,116.34742100767984,so2,16.941750800169725,µg/m³,demo,demo,demo
2025-10-14 03:28:03.054331+00:00,39.81559044210018,116.42499142170672,so2,26.35430414396318,µg/m³,demo,demo,demo
2025-10-14 03:28:03.054331+00:00,39.98800444768189,116.56233999454598,so2,35.121058453703014,µg/m³,demo,demo,demo
2025-10-14 03:28:03.054331+00:00,39.75316240418398,116.54463173155757,so2,26.195026022320665,µg/m³,demo,demo,demo
2025-10-14 03:28:03.054331+00:00,39.89326772664876,116.56867074361878,so2,31.374695060474327,µg/m³,demo,demo,demo
2025-10-14 03:28:03.054331+00:00,39.843253250495046,116.57402308670855,so2,24.31311842735731,µg/m³,demo,demo,demo
2025-10-14 03:28:03.054331+00:00,39.91759453718495,116.4359277440346,so2,23.056086955617523,µg/m³,demo,demo,demo
2025-10-14 03:28:03.054331+00:00,39.941300057540204,116.40092011434518,so2,20.02311028098946,µg/m³,demo,demo,demo
2025-10-14 03:28:03.054331+00:00,39.956042981560195,116.21504606625483,so2,32.7100444654175,µg/m³,demo,demo,demo
2025-10-14 03:28:03.054331+00:00,39.87295962327553,116.24097652455204,so2,27.213603498244467,µg/m³,demo,demo,demo
2025-10-14 03:28:03.054331+00:00,40.054772963501605,116.40956935794983,so2,35.610093490044164,µg/m³,demo,demo,demo
2025-10-14 03:28:03.054331+00:00,40.03427043694558,116.54240332184446,so2,21.59940960014057,µg/m³,demo,demo,demo
2025-10-14 03:28:03.054331+00:00,40.07334311415681,116.3730538242847,so2,26.373040146637166,µg/m³,demo,demo,demo
2025-10-14 03:28:03.054331+00:00,39.878362256649304,116.20149174491456,so2,27.879436091422868,µg/m³,demo,demo,demo
2025-10-14 03:28:03.054331+00:00,39.99203436578972,116.28492124247806,so2,34.53936064415654,µg/m³,demo,demo,demo
2025-10-14 03:28:03.054331+00:00,39.872278314714514,116.5039881672879,so2,36.58317540745173,µg/m³,demo,demo,demo
2025-10-14 03:28:03.054331+00:00,39.81151310181226,116.26336719541192,so2,24.225535363400038,µg/m³,demo,demo,demo
2025-10-14 03:28:03.054331+00:00,39.9607545788469,116.27983053406216,so2,21.797082591901678,µg/m³,demo,demo,demo
2025-10-14 03:28:03.054331+00:00,40.078394863004256,116.31421442568139,so2,18.779274760172534,µg/m³,demo,demo,demo
2025-10-14 03:28:03.054331+00:00,40.02172315236208,116.44371335062459,so2,34.14211799477218,µg/m³,demo,demo,demo
2025-10-14 03:28:03.054331+00:00,39.81408070974881,116.53456222190829,so2,27.018530996715562,µg/m³,demo,demo,demo
2025-10-14 03:28:03.054331+00:00,39.79124230254462,116.28755793497116,so2,24.211117581131084,µg/m³,demo,demo,demo
2025-10-14 03:28:03.054331+00:00,40.00865818447531,116.43978714951258,so2,27.191302117971173,µg/m³,demo,demo,demo
2025-10-14 03:28:03.054331+00:00,39.98205139177472,116.41197624525867,so2,14.653959788103604,µg/m³,demo,demo,demo
2025-10-14 03:28:03.054331+00:00,40.04544069850192,116.37794568259046,so2,18.81533702272871,µg/m³,demo,demo,demo
2025-10-14 03:28:03.054331+00:00,39.75854464438356,116.4321682094623,so2,32.117513585513166,µg/m³,demo,demo,demo
2025-10-14 03:28:03.054331+00:00,40.044671694461165,116.52564740942898,so2,29.418664920409423,µg/m³,demo,demo,demo
2025-10-14 03:28:03.054331+00:00,39.873050181063505,116.28699522267138,so2,28.18889961661124,µg/m³,demo,demo,demo
2025-10-14 03:28:03.054331+00:00,39.80933819135702,116.39889366035177,so2,22.430067599027936,µg/m³,demo,demo,demo
2025-10-14 03:28:03.054331+00:00,39.837297864997055,116.23916822445845,so2,30.375227395510272,µg/m³,demo,demo,demo
2025-10-14 03:28:03.054331+00:00,40.097401561605096,116.40529502202747,so2,36.32802877881957,µg/m³,demo,demo,demo
2025-10-14 03:28:03.054331+00:00,40.08241285000786,116.5164031429281,so2,21.31216097130396,µg/m³,demo,demo,demo
2025-10-14 03:28:03.054331+00:00,39.73349841419205,116.59942355626067,so2,27.507686508061077,µg/m³,demo,demo,demo
2025-10-14 03:28:03.054331+00:00,39.82607538708684,116.3902772216343,so2,25.25758350933139,µg/m³,demo,demo,demo
2025-10-14 03:28:03.054331+00:00,39.98783160986259,116.3186413602799,so2,29.236561325097114,µg/m³,demo,demo,demo
2025-10-14 03:28:03.054331+00:00,39.71413005264332,116.43180143276687,so2,27.50137608367544,µg/m³,demo,demo,demo
2025-10-14 03:28:03.054331+00:00,39.714369461774865,116.34870082192425,so2,26.69540237539287,µg/m³,demo,demo,demo
2025-10-14 03:28:03.054331+00:00,39.717956117368736,116.24680095564783,so2,23.01942541736301,µg/m³,demo,demo,demo
2025-10-14 03:28:03.054331+00:00,40.04737793330314,116.40979942881219,so2,27.35057588021406,µg/m³,demo,demo,demo
2025-10-14 03:28:03.054331+00:00,39.833492975864395,116.51965427640235,so2,24.357046353877173,µg/m³,demo,demo,demo
2025-10-14 03:28:03.054331+00:00,39.82749593310861,116.55645091494925,so2,26.69651925564246,µg/m³,demo,demo,demo
2025-10-14 03:28:03.054331+00:00,40.017337528420065,116.59124447508016,so2,27.110933264438472,µg/m³,demo,demo,demo
2025-10-14 03:28:03.054331+00:00,39.82742651659064,116.34708984914343,so2,30.699979749406758,µg/m³,demo,demo,demo
2025-10-14 03:28:03.054331+00:00,39.99537234223809,116.30066607103261,so2,24.516915493353498,µg/m³,demo,demo,demo
2025-10-14 03:28:03.054331+00:00,39.847736291361294,116.24432830941852,so2,25.811401133962764,µg/m³,demo,demo,demo
2025-10-14 03:28:03.054331+00:00,39.81900772535167,116.37449276691976,so2,32.78833666000513,µg/m³,demo,demo,demo
2025-10-14 03:28:03.054331+00:00,39.85489060571814,116.52281086409882,so2,26.336866173051163,µg/m³,demo,demo,demo
2025-10-14 03:28:03.054331+00:00,39.76721489704273,116.29385791504981,so2,26.11868104863875,µg/m³,demo,demo,demo
2025-10-14 03:28:03.054331+00:00,39.730004458522956,116.5398265992265,so2,31.749852888187927,µg/m³,demo,demo,demo
2025-10-14 03:28:03.054331+00:00,40.0484805786015,116.48469480712747,so2,28.79113307569101,µg/m³,demo,demo,demo
2025-10-14 03:28:03.054331+00:00,40.04735327190582,116.28037712821042,so2,27.8847152705543,µg/m³,demo,demo,demo
2025-10-14 03:28:03.054331+00:00,39.8843285371454,116.45270061565571,so2,28.529479576987107,µg/m³,demo,demo,demo
2025-10-14 03:28:03.054331+00:00,39.9753504902898,116.52787687311739,so2,21.23340062178586,µg/m³,demo,demo,demo
2025-10-14 03:28:03.054331+00:00,40.04505984650495,116.57314814644839,so2,29.7395203961026,µg/m³,demo,demo,demo
2025-10-14 03:28:03.054331+00:00,39.856289350359056,116.26488590547864,so2,34.06749198716764,µg/m³,demo,demo,demo
2025-10-14 03:28:03.054331+00:00,39.98472413137031,116.52880607746232,so2,30.34808437319103,µg/m³,demo,demo,demo
2025-10-14 03:28:03.054331+00:00,40.0019165680432,116.51033963513268,so2,19.66761684702309,µg/m³,demo,demo,demo
2025-10-14 03:28:03.054331+00:00,39.73122984401224,116.29748865625663,so2,28.874803639451287,µg/m³,demo,demo,demo
2025-10-14 03:28:03.054331+00:00,39.75526482913092,116.31783256426726,so2,22.934877559021555,µg/m³,demo,demo,demo
2025-10-14 03:28:03.054331+00:00,40.0828336129009,116.45989315030529,no2,53.21028729940105,µg/m³,demo,demo,demo
2025-10-14 03:28:03.054331+00:00,39.844806423184146,116.34742100767984,no2,56.068282063027546,µg/m³,demo,demo,demo
2025-10-14 03:28:03.054331+00:00,39.81559044210018,116.42499142170672,no2,45.500760120542644,µg/m³,demo,demo,demo
2025-10-14 03:28:03.054331+00:00,39.98800444768189,116.56233999454598,no2,65.73384782364329,µg/m³,demo,demo,demo
2025-10-14 03:28:03.054331+00:00,39.75316240418398,116.54463173155757,no2,54.50371103320333,µg/m³,demo,demo,demo
2025-10-14 03:28:03.054331+00:00,39.89326772664876,116.56867074361878,no2,61.40025542182379,µg/m³,demo,demo,demo
2025-10-14 03:28:03.054331+00:00,39.843253250495046,116.57402308670855,no2,60.144843171426004,µg/m³,demo,demo,demo
2025-10-14 03:28:03.054331+00:00,39.91759453718495,116.4359277440346,no2,65.82385767277266,µg/m³,demo,demo,demo
2025-10-14 03:28:03.054331+00:00,39.941300057540204,116.40092011434518,no2,64.61115129654017,µg/m³,demo,demo,demo
2025-10-14 03:28:03.054331+00:00,39.956042981560195,116.21504606625483,no2,43.291722780020415,µg/m³,demo,demo,demo
2025-10-14 03:28:03.054331+00:00,39.87295962327553,116.24097652455204,no2,55.43549152601522,µg/m³,demo,demo,demo
2025-10-14 03:28:03.054331+00:00,40.054772963501605,116.40956935794983,no2,38.01776016915986,µg/m³,demo,demo,demo
2025-10-14 03:28:03.054331+00:00,40.03427043694558,116.54240332184446,no2,51.52678844911357,µg/m³,demo,demo,demo
2025-10-14 03:28:03.054331+00:00,40.07334311415681,116.3730538242847,no2,60.82438579104984,µg/m³,demo,demo,demo
2025-10-14 03:28:03.054331+00:00,39.878362256649304,116.20149174491456,no2,62.423377524704,µg/m³,demo,demo,demo
2025-10-14 03:28:03.054331+00:00,39.99203436578972,116.28492124247806,no2,65.42761196801487,µg/m³,demo,demo,demo
2025-10-14 03:28:03.054331+00:00,39.872278314714514,116.5039881672879,no2,52.10278310510171,µg/m³,demo,demo,demo
2025-10-14 03:28:03.054331+00:00,39.81151310181226,116.26336719541192,no2,57.68471695124217,µg/m³,demo,demo,demo
2025-10-14 03:28:03.054331+00:00,39.9607545788469,116.27983053406216,no2,55.906393348954886,µg/m³,demo,demo,demo
2025-10-14 03:28:03.054331+00:00,40.078394863004256,116.31421442568139,no2,65.26649879650687,µg/m³,demo,demo,demo
2025-10-14 03:28:03.054331+00:00,40.02172315236208,116.44371335062459,no2,67.83940422779654,µg/m³,demo,demo,demo
2025-10-14 03:28:03.054331+00:00,39.81408070974881,116.53456222190829,no2,52.26473791286268,µg/m³,demo,demo,demo
2025-10-14 03:28:03.054331+00:00,39.79124230254462,116.28755793497116,no2,85.4100840404301,µg/m³,demo,demo,demo
2025-10-14 03:28:03.054331+00:00,40.00865818447531,116.43978714951258,no2,55.10867842886415,µg/m³,demo,demo,demo
2025-10-14 03:28:03.054331+00:00,39.98205139177472,116.41197624525867,no2,52.205896835944735,µg/m³,demo,demo,demo
2025-10-14 03:28:03.054331+00:00,40.04544069850192,116.37794568259046,no2,59.93972459627698,µg/m³,demo,demo,demo
2025-10-14 03:28:03.054331+00:00,39.75854464438356,116.4321682094623,no2,61.21454338276193,µg/m³,demo,demo,demo
2025-10-14 03:28:03.054331+00:00,40.044671694461165,116.52564740942898,no2,59.52191834039648,µg/m³,demo,demo,demo
2025-10-14 03:28:03.054331+00:00,39.873050181063505,116.28699522267138,no2,49.95959123421237,µg/m³,demo,demo,demo
2025-10-14 03:28:03.054331+00:00,39.80933819135702,116.39889366035177,no2,66.94741207443847,µg/m³,demo,demo,demo
2025-10-14 03:28:03.054331+00:00,39.837297864997055,116.23916822445845,no2,55.603595213457744,µg/m³,demo,demo,demo
2025-10-14 03:28:03.054331+00:00,40.097401561605096,116.40529502202747,no2,67.48076563575572,µg/m³,demo,demo,demo
2025-10-14 03:28:03.054331+00:00,40.08241285000786,116.5164031429281,no2,66.32949919441225,µg/m³,demo,demo,demo
2025-10-14 03:28:03.054331+00:00,39.73349841419205,116.59942355626067,no2,45.006162467628364,µg/m³,demo,demo,demo
2025-10-14 03:28:03.054331+00:00,39.82607538708684,116.3902772216343,no2,47.36249928685248,µg/m³,demo,demo,demo
2025-10-14 03:28:03.054331+00:00,39.98783160986259,116.3186413602799,no2,47.203139199815865,µg/m³,demo,demo,demo
2025-10-14 03:28:03.054331+00:00,39.71413005264332,116.43180143276687,no2,57.21362478702998,µg/m³,demo,demo,demo
2025-10-14 03:28:03.054331+00:00,39.714369461774865,116.34870082192425,no2,55.65391728230562,µg/m³,demo,demo,demo
2025-10-14 03:28:03.054331+00:00,39.717956117368736,116.24680095564783,no2,57.37760621857115,µg/m³,demo,demo,demo
2025-10-14 03:28:03.054331+00:00,40.04737793330314,116.40979942881219,no2,48.73531782723659,µg/m³,demo,demo,demo
2025-10-14 03:28:03.054331+00:00,39.833492975864395,116.51965427640235,no2,58.65418322962248,µg/m³,demo,demo,demo
2025-10-14 03:28:03.054331+00:00,39.82749593310861,116.55645091494925,no2,66.47784118044531,µg/m³,demo,demo,demo
2025-10-14 03:28:03.054331+00:00,40.017337528420065,116.59124447508016,no2,44.568246585133316,µg/m³,demo,demo,demo
2025-10-14 03:28:03.054331+00:00,39.82742651659064,116.34708984914343,no2,53.68664235311871,µg/m³,demo,demo,demo
2025-10-14 03:28:03.054331+00:00,39.99537234223809,116.30066607103261,no2,57.24505033832531,µg/m³,demo,demo,demo
2025-10-14 03:28:03.054331+00:00,39.847736291361294,116.24432830941852,no2,54.220599673656395,µg/m³,demo,demo,demo
2025-10-14 03:28:03.054331+00:00,39.81900772535167,116.37449276691976,no2,53.68398474422808,µg/m³,demo,demo,demo
2025-10-14 03:28:03.054331+00:00,39.85489060571814,116.52281086409882,no2,69.4151161786614,µg/m³,demo,demo,demo
2025-10-14 03:28:03.054331+00:00,39.76721489704273,116.29385791504981,no2,65.53354434057768,µg/m³,demo,demo,demo
2025-10-14 03:28:03.054331+00:00,39.730004458522956,116.5398265992265,no2,62.06416384890846,µg/m³,demo,demo,demo
2025-10-14 03:28:03.054331+00:00,40.0484805786015,116.48469480712747,no2,49.17940779516756,µg/m³,demo,demo,demo
2025-10-14 03:28:03.054331+00:00,40.04735327190582,116.28037712821042,no2,73.20185806207407,µg/m³,demo,demo,demo
2025-10-14 03:28:03.054331+00:00,39.8843285371454,116.45270061565571,no2,58.16422560407833,µg/m³,demo,demo,demo
2025-10-14 03:28:03.054331+00:00,39.9753504902898,116.52787687311739,no2,50.653196759573945,µg/m³,demo,demo,demo
2025-10-14 03:28:03.054331+00:00,40.04505984650495,116.57314814644839,no2,52.577986050548546,µg/m³,demo,demo,demo
2025-10-14 03:28:03.054331+00:00,39.856289350359056,116.26488590547864,no2,51.36237534903763,µg/m³,demo,demo,demo
2025-10-14 03:28:03.054331+00:00,39.98472413137031,116.52880607746232,no2,72.2492974539899,µg/m³,demo,demo,demo
2025-10-14 03:28:03.054331+00:00,40.0019165680432,116.51033963513268,no2,56.92650010771318,µg/m³,demo,demo,demo
2025-10-14 03:28:03.054331+00:00,39.73122984401224,116.29748865625663,no2,55.7915617658412,µg/m³,demo,demo,demo
2025-10-14 03:28:03.054331+00:00,39.75526482913092,116.31783256426726,no2,38.064107027753266,µg/m³,demo,demo,demo
2025-10-14 04:28:03.054331+00:00,39.80063127503068,116.38523281542173,pm25,72.04941771951596,µg/m³,demo,demo,demo
2025-10-14 04:28:03.054331+00:00,39.785604190361994,116.39230619280772,pm25,79.05806430894495,µg/m³,demo,demo,demo
2025-10-14 04:28:03.054331+00:00,40.07285721466907,116.329902098841,pm25,75.16508295633952,µg/m³,demo,demo,demo
2025-10-14 04:28:03.054331+00:00,39.94776929688692,116.51459411379328,pm25,94.79717942678597,µg/m³,demo,demo,demo
2025-10-14 04:28:03.054331+00:00,39.87761580999077,116.22193069102647,pm25,91.19621992909663,µg/m³,demo,demo,demo
2025-10-14 04:28:03.054331+00:00,39.72506354343427,116.29036406449885,pm25,98.95082302164303,µg/m³,demo,demo,demo
2025-10-14 04:28:03.054331+00:00,39.84864855944121,116.53003408283703,pm25,82.58075828327398,µg/m³,demo,demo,demo
2025-10-14 04:28:03.054331+00:00,40.04559325990447,116.44653668136168,pm25,125.52458038149894,µg/m³,demo,demo,demo
2025-10-14 04:28:03.054331+00:00,39.82107051304988,116.40472993191354,pm25,93.86404198438086,µg/m³,demo,demo,demo
2025-10-14 04:28:03.054331+00:00,39.82911770922754,116.34780318550514,pm25,94.46048325986573,µg/m³,demo,demo,demo
2025-10-14 04:28:03.054331+00:00,39.942742426724564,116.25205583071714,pm25,100.47941355565531,µg/m³,demo,demo,demo
2025-10-14 04:28:03.054331+00:00,39.80085627144821,116.38271372368135,pm25,92.08829488025599,µg/m³,demo,demo,demo
2025-10-14 04:28:03.054331+00:00,39.92277390512383,116.59483779032495,pm25,87.43324251680163,µg/m³,demo,demo,demo
2025-10-14 04:28:03.054331+00:00,40.00747301352887,116.43803538990491,pm25,96.04107444445509,µg/m³,demo,demo,demo
2025-10-14 04:28:03.054331+00:00,39.81466951066177,116.43063174029663,pm25,106.03682288535413,µg/m³,demo,demo,demo
2025-10-14 04:28:03.054331+00:00,39.88910034831792,116.59604743398253,pm25,103.00060054937975,µg/m³,demo,demo,demo
2025-10-14 04:28:03.054331+00:00,39.93050693465372,116.55416135210216,pm25,106.31645617075787,µg/m³,demo,demo,demo
2025-10-14 04:28:03.054331+00:00,39.845332556578114,116.59967972731138,pm25,88.24612354562225,µg/m³,demo,demo,demo
2025-10-14 04:28:03.054331+00:00,39.78944734982184,116.58145333582465,pm25,85.71987138331657,µg/m³,demo,demo,demo
2025-10-14 04:28:03.054331+00:00,39.745760746807,116.46699874069543,pm25,119.07349680032715,µg/m³,demo,demo,demo
2025-10-14 04:28:03.054331+00:00,39.92619351683669,116.32212487746418,pm25,92.15681474188843,µg/m³,demo,demo,demo
2025-10-14 04:28:03.054331+00:00,40.07497168714835,116.45125727121086,pm25,100.76781687574645,µg/m³,demo,demo,demo
2025-10-14 04:28:03.054331+00:00,39.70750648100298,116.33928393432551,pm25,103.890553990819,µg/m³,demo,demo,demo
2025-10-14 04:28:03.054331+00:00,40.04626538474806,116.52430781231676,pm25,112.08152014793941,µg/m³,demo,demo,demo
2025-10-14 04:28:03.054331+00:00,40.08498924409722,116.2549201844303,pm25,78.82075312249276,µg/m³,demo,demo,demo
2025-10-14 04:28:03.054331+00:00,39.91693060059366,116.38501853339142,pm25,89.2746611734408,µg/m³,demo,demo,demo
2025-10-14 04:28:03.054331+00:00,40.08715338337915,116.53631040885875,pm25,89.8359722641281,µg/m³,demo,demo,demo
2025-10-14 04:28:03.054331+00:00,39.981912974607006,116.38180483458208,pm25,91.42252367336064,µg/m³,demo,demo,demo
2025-10-14 04:28:03.054331+00:00,39.918090083211744,116.44040713976796,pm25,66.08867054101474,µg/m³,demo,demo,demo
2025-10-14 04:28:03.054331+00:00,39.885470007158,116.23931317519387,pm25,93.88833878554948,µg/m³,demo,demo,demo
2025-10-14 04:28:03.054331+00:00,39.88655960277348,116.31404199338257,pm25,60.31741272180538,µg/m³,demo,demo,demo
2025-10-14 04:28:03.054331+00:00,39.972798690829656,116.58179409147507,pm25,98.62461269908977,µg/m³,demo,demo,demo
2025-10-14 04:28:03.054331+00:00,39.793802147510384,116.462775818133,pm25,101.50166450755574,µg/m³,demo,demo,demo
2025-10-14 04:28:03.054331+00:00,39.986160449801446,116.34597566748998,pm25,102.22856000517633,µg/m³,demo,demo,demo
2025-10-14 04:28:03.054331+00:00,39.89639589481099,116.40675247038632,pm25,80.5985119581659,µg/m³,demo,demo,demo
2025-10-14 04:28:03.054331+00:00,39.96986488741528,116.5099474312534,pm25,106.5200657445817,µg/m³,demo,demo,demo
2025-10-14 04:28:03.054331+00:00,40.076344700164896,116.51498813997874,pm25,84.69260469451551,µg/m³,demo,demo,demo
2025-10-14 04:28:03.054331+00:00,39.79338147271682,116.53118717559163,pm25,80.33756609415052,µg/m³,demo,demo,demo
2025-10-14 04:28:03.054331+00:00,39.86129020738441,116.31585707151902,pm25,83.30154424495007,µg/m³,demo,demo,demo
2025-10-14 04:28:03.054331+00:00,39.81006405159009,116.29532237551923,pm25,84.8950327863802,µg/m³,demo,demo,demo
2025-10-14 04:28:03.054331+00:00,39.721070565886855,116.4554033929997,pm25,97.14160518444494,µg/m³,demo,demo,demo
2025-10-14 04:28:03.054331+00:00,39.94883588287314,116.41088025895021,pm25,104.97162037297046,µg/m³,demo,demo,demo
2025-10-14 04:28:03.054331+00:00,39.951408006003014,116.42595470059922,pm25,69.85881937865591,µg/m³,demo,demo,demo
2025-10-14 04:28:03.054331+00:00,40.09976434005648,116.28584596728162,pm25,88.58816747236096,µg/m³,demo,demo,demo
2025-10-14 04:28:03.054331+00:00,39.940410761495265,116.32744965126616,pm25,105.90715173981926,µg/m³,demo,demo,demo
2025-10-14 04:28:03.054331+00:00,39.85844258504352,116.50082127222652,pm25,97.5338312374798,µg/m³,demo,demo,demo
2025-10-14 04:28:03.054331+00:00,40.06046348773549,116.34332930288221,pm25,101.20077139791468,µg/m³,demo,demo,demo
2025-10-14 04:28:03.054331+00:00,39.70615372847778,116.50299422024656,pm25,77.12344028930947,µg/m³,demo,demo,demo
2025-10-14 04:28:03.054331+00:00,39.82108278769743,116.2186578651305,pm25,106.56434088195653,µg/m³,demo,demo,demo
2025-10-14 04:28:03.054331+00:00,40.00077161888571,116.58034647188182,pm25,76.35216183033316,µg/m³,demo,demo,demo
2025-10-14 04:28:03.054331+00:00,39.76459480540867,116.28322921547556,pm25,97.46034949266105,µg/m³,demo,demo,demo
2025-10-14 04:28:03.054331+00:00,39.84449439007179,116.39128305322033,pm25,111.51458061496716,µg/m³,demo,demo,demo
2025-10-14 04:28:03.054331+00:00,40.03962545462321,116.56835410129288,pm25,117.73169660247481,µg/m³,demo,demo,demo
2025-10-14 04:28:03.054331+00:00,39.837869859738056,116.30139187305542,pm25,101.31793052486697,µg/m³,demo,demo,demo
2025-10-14 04:28:03.054331+00:00,39.797184283573756,116.29095370903305,pm25,105.75112234781074,µg/m³,demo,demo,demo
2025-10-14 04:28:03.054331+00:00,40.05623530731234,116.59425628237294,pm25,87.90351231425015,µg/m³,demo,demo,demo
2025-10-14 04:28:03.054331+00:00,39.73096688210985,116.56177206688827,pm25,89.40216233748022,µg/m³,demo,demo,demo
2025-10-14 04:28:03.054331+00:00,40.04267672291229,116.41289847888764,pm25,109.2125723809621,µg/m³,demo,demo,demo
2025-10-14 04:28:03.054331+00:00,39.826153846958995,116.22440877802359,pm25,95.19876851398081,µg/m³,demo,demo,demo
2025-10-14 04:28:03.054331+00:00,39.783113886861834,116.44186748328353,pm25,93.65172603797927,µg/m³,demo,demo,demo
2025-10-14 04:28:03.054331+00:00,39.80063127503068,116.38523281542173,so2,21.50105707635801,µg/m³,demo,demo,demo
2025-10-14 04:28:03.054331+00:00,39.785604190361994,116.39230619280772,so2,29.306802466767074,µg/m³,demo,demo,demo
2025-10-14 04:28:03.054331+00:00,40.07285721466907,116.329902098841,so2,31.78316461270656,µg/m³,demo,demo,demo
2025-10-14 04:28:03.054331+00:00,39.94776929688692,116.51459411379328,so2,24.583000201091146,µg/m³,demo,demo,demo
2025-10-14 04:28:03.054331+00:00,39.87761580999077,116.22193069102647,so2,26.018448465049698,µg/m³,demo,demo,demo
2025-10-14 04:28:03.054331+00:00,39.72506354343427,116.29036406449885,so2,36.456130557397834,µg/m³,demo,demo,demo
2025-10-14 04:28:03.054331+00:00,39.84864855944121,116.53003408283703,so2,29.44517832303768,µg/m³,demo,demo,demo
2025-10-14 04:28:03.054331+00:00,40.04559325990447,116.44653668136168,so2,27.110879349368357,µg/m³,demo,demo,demo
2025-10-14 04:28:03.054331+00:00,39.82107051304988,116.40472993191354,so2,22.86893363059668,µg/m³,demo,demo,demo
2025-10-14 04:28:03.054331+00:00,39.82911770922754,116.34780318550514,so2,25.455952420888135,µg/m³,demo,demo,demo
2025-10-14 04:28:03.054331+00:00,39.942742426724564,116.25205583071714,so2,27.303866322085817,µg/m³,demo,demo,demo
2025-10-14 04:28:03.054331+00:00,39.80085627144821,116.38271372368135,so2,35.399486833361955,µg/m³,demo,demo,demo
2025-10-14 04:28:03.054331+00:00,39.92277390512383,116.59483779032495,so2,25.501374086382132,µg/m³,demo,demo,demo
2025-10-14 04:28:03.054331+00:00,40.00747301352887,116.43803538990491,so2,37.52552641462364,µg/m³,demo,demo,demo
2025-10-14 04:28:03.054331+00:00,39.81466951066177,116.43063174029663,so2,23.91040849253906,µg/m³,demo,demo,demo
2025-10-14 04:28:03.054331+00:00,39.88910034831792,116.59604743398253,so2,26.765913553163102,µg/m³,demo,demo,demo
2025-10-14 04:28:03.054331+00:00,39.93050693465372,116.55416135210216,so2,32.771565816847954,µg/m³,demo,demo,demo
2025-10-14 04:28:03.054331+00:00,39.845332556578114,116.59967972731138,so2,27.35287292161795,µg/m³,demo,demo,demo
2025-10-14 04:28:03.054331+00:00,39.78944734982184,116.58145333582465,so2,24.402537365290335,µg/m³,demo,demo,demo
2025-10-14 04:28:03.054331+00:00,39.745760746807,116.46699874069543,so2,27.894630519884995,µg/m³,demo,demo,demo
2025-10-14 04:28:03.054331+00:00,39.92619351683669,116.32212487746418,so2,30.797410044438035,µg/m³,demo,demo,demo
2025-10-14 04:28:03.054331+00:00,40.07497168714835,116.45125727121086,so2,19.975176503048118,µg/m³,demo,demo,demo
2025-10-14 04:28:03.054331+00:00,39.70750648100298,116.33928393432551,so2,27.311165848550015,µg/m³,demo,demo,demo
2025-10-14 04:28:03.054331+00:00,40.04626538474806,116.52430781231676,so2,28.007164455035138,µg/m³,demo,demo,demo
2025-10-14 04:28:03.054331+00:00,40.08498924409722,116.2549201844303,so2,26.535108777665037,µg/m³,demo,demo,demo
2025-10-14 04:28:03.054331+00:00,39.91693060059366,116.38501853339142,so2,32.23062790918832,µg/m³,demo,demo,demo
2025-10-14 04:28:03.054331+00:00,40.08715338337915,116.53631040885875,so2,25.711086729713994,µg/m³,demo,demo,demo
2025-10-14 04:28:03.054331+00:00,39.981912974607006,116.38180483458208,so2,26.731273334361696,µg/m³,demo,demo,demo
2025-10-14 04:28:03.054331+00:00,39.918090083211744,116.44040713976796,so2,28.742060514106004,µg/m³,demo,demo,demo
2025-10-14 04:28:03.054331+00:00,39.885470007158,116.23931317519387,so2,32.19809304887067,µg/m³,demo,demo,demo
2025-10-14 04:28:03.054331+00:00,39.88655960277348,116.31404199338257,so2,27.448034489054816,µg/m³,demo,demo,demo
2025-10-14 04:28:03.054331+00:00,39.972798690829656,116.58179409147507,so2,36.13683393180215,µg/m³,demo,demo,demo
2025-10-14 04:28:03.054331+00:00,39.793802147510384,116.462775818133,so2,24.015256077174726,µg/m³,demo,demo,demo
2025-10-14 04:28:03.054331+00:00,39.986160449801446,116.34597566748998,so2,34.9864193389638,µg/m³,demo,demo,demo
2025-10-14 04:28:03.054331+00:00,39.89639589481099,116.40675247038632,so2,24.264739821740047,µg/m³,demo,demo,demo
2025-10-14 04:28:03.054331+00:00,39.96986488741528,116.5099474312534,so2,27.738515167413997,µg/m³,demo,demo,demo
2025-10-14 04:28:03.054331+00:00,40.076344700164896,116.51498813997874,so2,30.374078504131113,µg/m³,demo,demo,demo
2025-10-14 04:28:03.054331+00:00,39.79338147271682,116.53118717559163,so2,38.82804688359188,µg/m³,demo,demo,demo
2025-10-14 04:28:03.054331+00:00,39.86129020738441,116.31585707151902,so2,33.03297831055884,µg/m³,demo,demo,demo
2025-10-14 04:28:03.054331+00:00,39.81006405159009,116.29532237551923,so2,26.52453332950865,µg/m³,demo,demo,demo
2025-10-14 04:28:03.054331+00:00,39.721070565886855,116.4554033929997,so2,35.04944315525197,µg/m³,demo,demo,demo
2025-10-14 04:28:03.054331+00:00,39.94883588287314,116.41088025895021,so2,27.485323052824835,µg/m³,demo,demo,demo
2025-10-14 04:28:03.054331+00:00,39.951408006003014,116.42595470059922,so2,24.59661829579513,µg/m³,demo,demo,demo
2025-10-14 04:28:03.054331+00:00,40.09976434005648,116.28584596728162,so2,30.797271036226782,µg/m³,demo,demo,demo
2025-10-14 04:28:03.054331+00:00,39.940410761495265,116.32744965126616,so2,29.026201817459853,µg/m³,demo,demo,demo
2025-10-14 04:28:03.054331+00:00,39.85844258504352,116.50082127222652,so2,33.32217941360955,µg/m³,demo,demo,demo
2025-10-14 04:28:03.054331+00:00,40.06046348773549,116.34332930288221,so2,25.8051557565568,µg/m³,demo,demo,demo
2025-10-14 04:28:03.054331+00:00,39.70615372847778,116.50299422024656,so2,30.461365065597995,µg/m³,demo,demo,demo
2025-10-14 04:28:03.054331+00:00,39.82108278769743,116.2186578651305,so2,31.72659424146721,µg/m³,demo,demo,demo
2025-10-14 04:28:03.054331+00:00,40.00077161888571,116.58034647188182,so2,29.94407537504677,µg/m³,demo,demo,demo
2025-10-14 04:28:03.054331+00:00,39.76459480540867,116.28322921547556,so2,28.408929916836577,µg/m³,demo,demo,demo
2025-10-14 04:28:03.054331+00:00,39.84449439007179,116.39128305322033,so2,25.065755706838363,µg/m³,demo,demo,demo
2025-10-14 04:28:03.054331+00:00,40.03962545462321,116.56835410129288,so2,33.0726065340703,µg/m³,demo,demo,demo
2025-10-14 04:28:03.054331+00:00,39.837869859738056,116.30139187305542,so2,29.239970078855535,µg/m³,demo,demo,demo
2025-10-14 04:28:03.054331+00:00,39.797184283573756,116.29095370903305,so2,31.035367439837653,µg/m³,demo,demo,demo
2025-10-14 04:28:03.054331+00:00,40.05623530731234,116.59425628237294,so2,26.79995637299041,µg/m³,demo,demo,demo
2025-10-14 04:28:03.054331+00:00,39.73096688210985,116.56177206688827,so2,28.61890603100413,µg/m³,demo,demo,demo
2025-10-14 04:28:03.054331+00:00,40.04267672291229,116.41289847888764,so2,23.367707618769778,µg/m³,demo,demo,demo
2025-10-14 04:28:03.054331+00:00,39.826153846958995,116.22440877802359,so2,28.981474052972377,µg/m³,demo,demo,demo
2025-10-14 04:28:03.054331+00:00,39.783113886861834,116.44186748328353,so2,32.379899195564924,µg/m³,demo,demo,demo
2025-10-14 04:28:03.054331+00:00,39.80063127503068,116.38523281542173,no2,57.85164144322539,µg/m³,demo,demo,demo
2025-10-14 04:28:03.054331+00:00,39.785604190361994,116.39230619280772,no2,63.98283763873269,µg/m³,demo,demo,demo
2025-10-14 04:28:03.054331+00:00,40.07285721466907,116.329902098841,no2,59.61097901156811,µg/m³,demo,demo,demo
2025-10-14 04:28:03.054331+00:00,39.94776929688692,116.51459411379328,no2,68.01854819474129,µg/m³,demo,demo,demo
2025-10-14 04:28:03.054331+00:00,39.87761580999077,116.22193069102647,no2,55.58729809736431,µg/m³,demo,demo,demo
2025-10-14 04:28:03.054331+00:00,39.72506354343427,116.29036406449885,no2,43.99865334216346,µg/m³,demo,demo,demo
2025-10-14 04:28:03.054331+00:00,39.84864855944121,116.53003408283703,no2,60.5676009872713,µg/m³,demo,demo,demo
2025-10-14 04:28:03.054331+00:00,40.04559325990447,116.44653668136168,no2,55.78617925156624,µg/m³,demo,demo,demo
2025-10-14 04:28:03.054331+00:00,39.82107051304988,116.40472993191354,no2,49.313348096325456,µg/m³,demo,demo,demo
2025-10-14 04:28:03.054331+00:00,39.82911770922754,116.34780318550514,no2,62.31781801796886,µg/m³,demo,demo,demo
2025-10-14 04:28:03.054331+00:00,39.942742426724564,116.25205583071714,no2,59.22232826862383,µg/m³,demo,demo,demo
2025-10-14 04:28:03.054331+00:00,39.80085627144821,116.38271372368135,no2,60.670403970063695,µg/m³,demo,demo,demo
2025-10-14 04:28:03.054331+00:00,39.92277390512383,116.59483779032495,no2,54.44868754829321,µg/m³,demo,demo,demo
2025-10-14 04:28:03.054331+00:00,40.00747301352887,116.43803538990491,no2,58.68407246856877,µg/m³,demo,demo,demo
2025-10-14 04:28:03.054331+00:00,39.81466951066177,116.43063174029663,no2,59.142407507830136,µg/m³,demo,demo,demo
2025-10-14 04:28:03.054331+00:00,39.88910034831792,116.59604743398253,no2,71.30493600692034,µg/m³,demo,demo,demo
2025-10-14 04:28:03.054331+00:00,39.93050693465372,116.55416135210216,no2,51.63601703891726,µg/m³,demo,demo,demo
2025-10-14 04:28:03.054331+00:00,39.845332556578114,116.59967972731138,no2,57.02374155812757,µg/m³,demo,demo,demo
2025-10-14 04:28:03.054331+00:00,39.78944734982184,116.58145333582465,no2,60.01857365274391,µg/m³,demo,demo,demo
2025-10-14 04:28:03.054331+00:00,39.745760746807,116.46699874069543,no2,43.30939974582354,µg/m³,demo,demo,demo
2025-10-14 04:28:03.054331+00:00,39.92619351683669,116.32212487746418,no2,44.28394821516119,µg/m³,demo,demo,demo
2025-10-14 04:28:03.054331+00:00,40.07497168714835,116.45125727121086,no2,74.43424212120922,µg/m³,demo,demo,demo
2025-10-14 04:28:03.054331+00:00,39.70750648100298,116.33928393432551,no2,42.970743525293386,µg/m³,demo,demo,demo
2025-10-14 04:28:03.054331+00:00,40.04626538474806,116.52430781231676,no2,61.70712831182881,µg/m³,demo,demo,demo
2025-10-14 04:28:03.054331+00:00,40.08498924409722,116.2549201844303,no2,50.32189190607016,µg/m³,demo,demo,demo
2025-10-14 04:28:03.054331+00:00,39.91693060059366,116.38501853339142,no2,51.002414332577686,µg/m³,demo,demo,demo
2025-10-14 04:28:03.054331+00:00,40.08715338337915,116.53631040885875,no2,41.247495920408,µg/m³,demo,demo,demo
2025-10-14 04:28:03.054331+00:00,39.981912974607006,116.38180483458208,no2,49.901786575983955,µg/m³,demo,demo,demo
2025-10-14 04:28:03.054331+00:00,39.918090083211744,116.44040713976796,no2,63.38272407861619,µg/m³,demo,demo,demo
2025-10-14 04:28:03.054331+00:00,39.885470007158,116.23931317519387,no2,45.99775242725463,µg/m³,demo,demo,demo
2025-10-14 04:28:03.054331+00:00,39.88655960277348,116.31404199338257,no2,61.871110197320995,µg/m³,demo,demo,demo
2025-10-14 04:28:03.054331+00:00,39.972798690829656,116.58179409147507,no2,59.61407714937541,µg/m³,demo,demo,demo
2025-10-14 04:28:03.054331+00:00,39.793802147510384,116.462775818133,no2,73.25411354940587,µg/m³,demo,demo,demo
2025-10-14 04:28:03.054331+00:00,39.986160449801446,116.34597566748998,no2,53.311426488525015,µg/m³,demo,demo,demo
2025-10-14 04:28:03.054331+00:00,39.89639589481099,116.40675247038632,no2,67.21500746820918,µg/m³,demo,demo,demo
2025-10-14 04:28:03.054331+00:00,39.96986488741528,116.5099474312534,no2,64.21864678851826,µg/m³,demo,demo,demo
2025-10-14 04:28:03.054331+00:00,40.076344700164896,116.51498813997874,no2,54.81434781604045,µg/m³,demo,demo,demo
2025-10-14 04:28:03.054331+00:00,39.79338147271682,116.53118717559163,no2,43.80404724309741,µg/m³,demo,demo,demo
2025-10-14 04:28:03.054331+00:00,39.86129020738441,116.31585707151902,no2,69.1832181912788,µg/m³,demo,demo,demo
2025-10-14 04:28:03.054331+00:00,39.81006405159009,116.29532237551923,no2,46.1925839078384,µg/m³,demo,demo,demo
2025-10-14 04:28:03.054331+00:00,39.721070565886855,116.4554033929997,no2,53.32036753360437,µg/m³,demo,demo,demo
2025-10-14 04:28:03.054331+00:00,39.94883588287314,116.41088025895021,no2,64.17310747458824,µg/m³,demo,demo,demo
2025-10-14 04:28:03.054331+00:00,39.951408006003014,116.42595470059922,no2,66.03533970493302,µg/m³,demo,demo,demo
2025-10-14 04:28:03.054331+00:00,40.09976434005648,116.28584596728162,no2,50.344121585322824,µg/m³,demo,demo,demo
2025-10-14 04:28:03.054331+00:00,39.940410761495265,116.32744965126616,no2,56.85168166740094,µg/m³,demo,demo,demo
2025-10-14 04:28:03.054331+00:00,39.85844258504352,116.50082127222652,no2,55.03906761803194,µg/m³,demo,demo,demo
2025-10-14 04:28:03.054331+00:00,40.06046348773549,116.34332930288221,no2,66.56016375924564,µg/m³,demo,demo,demo
2025-10-14 04:28:03.054331+00:00,39.70615372847778,116.50299422024656,no2,77.14476214803409,µg/m³,demo,demo,demo
2025-10-14 04:28:03.054331+00:00,39.82108278769743,116.2186578651305,no2,42.468600550427276,µg/m³,demo,demo,demo
2025-10-14 04:28:03.054331+00:00,40.00077161888571,116.58034647188182,no2,64.43907843446088,µg/m³,demo,demo,demo
2025-10-14 04:28:03.054331+00:00,39.76459480540867,116.28322921547556,no2,34.24229213933294,µg/m³,demo,demo,demo
2025-10-14 04:28:03.054331+00:00,39.84449439007179,116.39128305322033,no2,57.220226131903914,µg/m³,demo,demo,demo
2025-10-14 04:28:03.054331+00:00,40.03962545462321,116.56835410129288,no2,48.23741896299323,µg/m³,demo,demo,demo
2025-10-14 04:28:03.054331+00:00,39.837869859738056,116.30139187305542,no2,73.04224547546715,µg/m³,demo,demo,demo
2025-10-14 04:28:03.054331+00:00,39.797184283573756,116.29095370903305,no2,58.43864338099521,µg/m³,demo,demo,demo
2025-10-14 04:28:03.054331+00:00,40.05623530731234,116.59425628237294,no2,51.21352117094044,µg/m³,demo,demo,demo
2025-10-14 04:28:03.054331+00:00,39.73096688210985,116.56177206688827,no2,53.11319231691618,µg/m³,demo,demo,demo
2025-10-14 04:28:03.054331+00:00,40.04267672291229,116.41289847888764,no2,52.505329138248946,µg/m³,demo,demo,demo
2025-10-14 04:28:03.054331+00:00,39.826153846958995,116.22440877802359,no2,58.61418802308824,µg/m³,demo,demo,demo
2025-10-14 04:28:03.054331+00:00,39.783113886861834,116.44186748328353,no2,55.84250739154908,µg/m³,demo,demo,demo
2025-10-14 05:28:03.054331+00:00,39.84077309852412,116.32876275203631,pm25,115.52493109141369,µg/m³,demo,demo,demo
2025-10-14 05:28:03.054331+00:00,39.999914379106656,116.29118184549301,pm25,113.28821909360555,µg/m³,demo,demo,demo
2025-10-14 05:28:03.054331+00:00,40.01242832596632,116.27982225491752,pm25,107.42403918498425,µg/m³,demo,demo,demo
2025-10-14 05:28:03.054331+00:00,39.70706638553882,116.38889014543216,pm25,81.52792928612223,µg/m³,demo,demo,demo
2025-10-14 05:28:03.054331+00:00,39.76483688476513,116.33690058159615,pm25,123.33394549443827,µg/m³,demo,demo,demo
2025-10-14 05:28:03.054331+00:00,39.74072765755715,116.57608691675578,pm25,104.55950607877811,µg/m³,demo,demo,demo
2025-10-14 05:28:03.054331+00:00,39.84114748026343,116.42635499095798,pm25,97.05759406392053,µg/m³,demo,demo,demo
2025-10-14 05:28:03.054331+00:00,39.84250422134715,116.56005045787914,pm25,98.61716015725901,µg/m³,demo,demo,demo
2025-10-14 05:28:03.054331+00:00,39.999717238178405,116.56985546610582,pm25,94.28492340006311,µg/m³,demo,demo,demo
2025-10-14 05:28:03.054331+00:00,39.99180805026973,116.56005299602194,pm25,103.44571987656808,µg/m³,demo,demo,demo
2025-10-14 05:28:03.054331+00:00,40.052965893024556,116.39933819621149,pm25,102.08116670120958,µg/m³,demo,demo,demo
2025-10-14 05:28:03.054331+00:00,39.97319920812359,116.43331582587676,pm25,94.03795245588189,µg/m³,demo,demo,demo
2025-10-14 05:28:03.054331+00:00,39.93821365612036,116.41370356068948,pm25,67.5204557625766,µg/m³,demo,demo,demo
2025-10-14 05:28:03.054331+00:00,40.09773328059604,116.20810539229494,pm25,97.93769698330667,µg/m³,demo,demo,demo
2025-10-14 05:28:03.054331+00:00,39.956786686027485,116.57856402307601,pm25,104.08118447875634,µg/m³,demo,demo,demo
2025-10-14 05:28:03.054331+00:00,39.85578870328266,116.26043614124112,pm25,104.67316714259023,µg/m³,demo,demo,demo
2025-10-14 05:28:03.054331+00:00,39.821906858021975,116.42138236423432,pm25,96.51757299457408,µg/m³,demo,demo,demo
2025-10-14 05:28:03.054331+00:00,39.71430053435644,116.47305914271553,pm25,103.79893023744322,µg/m³,demo,demo,demo
2025-10-14 05:28:03.054331+00:00,40.07765535284078,116.51452244526483,pm25,110.69898028912603,µg/m³,demo,demo,demo
2025-10-14 05:28:03.054331+00:00,40.00105584135417,116.41688927184434,pm25,92.71614961311593,µg/m³,demo,demo,demo
2025-10-14 05:28:03.054331+00:00,39.85082978961541,116.45564435161205,pm25,115.95450154890587,µg/m³,demo,demo,demo
2025-10-14 05:28:03.054331+00:00,40.05001056353551,116.53084374379971,pm25,74.89725338203124,µg/m³,demo,demo,demo
2025-10-14 05:28:03.054331+00:00,40.00516941210314,116.45741134274384,pm25,83.22657059925348,µg/m³,demo,demo,demo
2025-10-14 05:28:03.054331+00:00,39.88606934658428,116.4667367262154,pm25,87.49741359937731,µg/m³,demo,demo,demo
2025-10-14 05:28:03.054331+00:00,40.0823133379253,116.54162082242017,pm25,69.02555249017581,µg/m³,demo,demo,demo
2025-10-14 05:28:03.054331+00:00,40.05695981003843,116.22936466676622,pm25,86.36200155148889,µg/m³,demo,demo,demo
2025-10-14 05:28:03.054331+00:00,39.87841848905913,116.40740842032366,pm25,113.33961671151891,µg/m³,demo,demo,demo
2025-10-14 05:28:03.054331+00:00,39.87080397420719,116.2106208095045,pm25,113.25750178691332,µg/m³,demo,demo,demo
2025-10-14 05:28:03.054331+00:00,39.76067834001153,116.26055446853725,pm25,99.5274545565968,µg/m³,demo,demo,demo
2025-10-14 05:28:03.054331+00:00,39.740962851287065,116.21140256568678,pm25,119.01117660473801,µg/m³,demo,demo,demo
2025-10-14 05:28:03.054331+00:00,39.84288423433305,116.54649659860715,pm25,101.23303564323666,µg/m³,demo,demo,demo
2025-10-14 05:28:03.054331+00:00,39.78583852890617,116.33189528720109,pm25,92.38540952448729,µg/m³,demo,demo,demo
2025-10-14 05:28:03.054331+00:00,39.7274419501437,116.40845248293853,pm25,101.25872223647612,µg/m³,demo,demo,demo
2025-10-14 05:28:03.054331+00:00,39.99419189694303,116.51490317519563,pm25,96.7133936795155,µg/m³,demo,demo,demo
2025-10-14 05:28:03.054331+00:00,40.08447025068923,116.47555872989992,pm25,107.19035452988231,µg/m³,demo,demo,demo
2025-10-14 05:28:03.054331+00:00,39.97495535245682,116.57052582419824,pm25,80.32254532684152,µg/m³,demo,demo,demo
2025-10-14 05:28:03.054331+00:00,40.06297299122902,116.39592147548919,pm25,110.35213232385708,µg/m³,demo,demo,demo
2025-10-14 05:28:03.054331+00:00,40.04814677651787,116.48097512601376,pm25,92.8448322296201,µg/m³,demo,demo,demo
2025-10-14 05:28:03.054331+00:00,39.95842174766801,116.54710186755639,pm25,108.62302920200543,µg/m³,demo,demo,demo
2025-10-14 05:28:03.054331+00:00,39.90904516460988,116.24287880921543,pm25,79.8666705817257,µg/m³,demo,demo,demo
2025-10-14 05:28:03.054331+00:00,39.84316055698713,116.38794206354989,pm25,93.32804913845487,µg/m³,demo,demo,demo
2025-10-14 05:28:03.054331+00:00,39.89799047022892,116.2351977033618,pm25,99.29591164808491,µg/m³,demo,demo,demo
2025-10-14 05:28:03.054331+00:00,39.8285007806006,116.4227857448537,pm25,109.1765845512963,µg/m³,demo,demo,demo
2025-10-14 05:28:03.054331+00:00,39.768826670927204,116.32534133857347,pm25,83.74878017382002,µg/m³,demo,demo,demo
2025-10-14 05:28:03.054331+00:00,39.89813080205532,116.5361993092608,pm25,118.3684840747874,µg/m³,demo,demo,demo
2025-10-14 05:28:03.054331+00:00,39.96446300331787,116.38735234780114,pm25,104.1511147039245,µg/m³,demo,demo,demo
2025-10-14 05:28:03.054331+00:00,39.93412604802157,116.2651581202751,pm25,92.04984798304504,µg/m³,demo,demo,demo
2025-10-14 05:28:03.054331+00:00,39.99512911721533,116.54935165405881,pm25,112.96677741413929,µg/m³,demo,demo,demo
2025-10-14 05:28:03.054331+00:00,39.83438810533957,116.37034619867542,pm25,99.59168528015388,µg/m³,demo,demo,demo
2025-10-14 05:28:03.054331+00:00,39.700038416224004,116.20788449687498,pm25,112.25871677241707,µg/m³,demo,demo,demo
2025-10-14 05:28:03.054331+00:00,39.78506380948384,116.3074755434348,pm25,126.23692670884358,µg/m³,demo,demo,demo
2025-10-14 05:28:03.054331+00:00,39.81587814990846,116.353239768724,pm25,107.58149353578528,µg/m³,demo,demo,demo
2025-10-14 05:28:03.054331+00:00,39.92124194680416,116.21049772829393,pm25,92.03899944104191,µg/m³,demo,demo,demo
2025-10-14 05:28:03.054331+00:00,39.85578060613904,116.25604461407661,pm25,93.25066377918854,µg/m³,demo,demo,demo
2025-10-14 05:28:03.054331+00:00,39.9630687520971,116.31860354751495,pm25,105.34980516042393,µg/m³,demo,demo,demo
2025-10-14 05:28:03.054331+00:00,39.78957716743283,116.33503331806337,pm25,101.81401800900741,µg/m³,demo,demo,demo
2025-10-14 05:28:03.054331+00:00,39.88720691385164,116.37503178576866,pm25,88.36279344124644,µg/m³,demo,demo,demo
2025-10-14 05:28:03.054331+00:00,39.70089845781595,116.31904712576275,pm25,90.34183881637058,µg/m³,demo,demo,demo
2025-10-14 05:28:03.054331+00:00,39.974520159129234,116.32826729650776,pm25,106.34853735526865,µg/m³,demo,demo,demo
2025-10-14 05:28:03.054331+00:00,40.04614350603647,116.38483150992987,pm25,126.5195334542179,µg/m³,demo,demo,demo
2025-10-14 05:28:03.054331+00:00,39.84077309852412,116.32876275203631,so2,16.355908994625004,µg/m³,demo,demo,demo
2025-10-14 05:28:03.054331+00:00,39.999914379106656,116.29118184549301,so2,33.12732659027831,µg/m³,demo,demo,demo
2025-10-14 05:28:03.054331+00:00,40.01242832596632,116.27982225491752,so2,28.452509986056327,µg/m³,demo,demo,demo
2025-10-14 05:28:03.054331+00:00,39.70706638553882,116.38889014543216,so2,33.404569469865635,µg/m³,demo,demo,demo
2025-10-14 05:28:03.054331+00:00,39.76483688476513,116.33690058159615,so2,33.84635279149107,µg/m³,demo,demo,demo
2025-10-14 05:28:03.054331+00:00,39.74072765755715,116.57608691675578,so2,29.77193632635744,µg/m³,demo,demo,demo
2025-10-14 05:28:03.054331+00:00,39.84114748026343,116.42635499095798,so2,24.427878166053723,µg/m³,demo,demo,demo
2025-10-14 05:28:03.054331+00:00,39.84250422134715,116.56005045787914,so2,22.52248643364973,µg/m³,demo,demo,demo
2025-10-14 05:28:03.054331+00:00,39.999717238178405,116.56985546610582,so2,20.136852458198877,µg/m³,demo,demo,demo
2025-10-14 05:28:03.054331+00:00,39.99180805026973,116.56005299602194,so2,35.61947390233928,µg/m³,demo,demo,demo
2025-10-14 05:28:03.054331+00:00,40.052965893024556,116.39933819621149,so2,28.459234072379726,µg/m³,demo,demo,demo
2025-10-14 05:28:03.054331+00:00,39.97319920812359,116.43331582587676,so2,26.80637106437192,µg/m³,demo,demo,demo
2025-10-14 05:28:03.054331+00:00,39.93821365612036,116.41370356068948,so2,28.119148847032733,µg/m³,demo,demo,demo
2025-10-14 05:28:03.054331+00:00,40.09773328059604,116.20810539229494,so2,22.81040730918184,µg/m³,demo,demo,demo
2025-10-14 05:28:03.054331+00:00,39.956786686027485,116.57856402307601,so2,31.03081879877,µg/m³,demo,demo,demo
2025-10-14 05:28:03.054331+00:00,39.85578870328266,116.26043614124112,so2,36.10125338138368,µg/m³,demo,demo,demo
2025-10-14 05:28:03.054331+00:00,39.821906858021975,116.42138236423432,so2,35.20004905501951,µg/m³,demo,demo,demo
2025-10-14 05:28:03.054331+00:00,39.71430053435644,116.47305914271553,so2,21.6787505450261,µg/m³,demo,demo,demo
2025-10-14 05:28:03.054331+00:00,40.07765535284078,116.51452244526483,so2,36.32530532020946,µg/m³,demo,demo,demo
2025-10-14 05:28:03.054331+00:00,40.00105584135417,116.41688927184434,so2,25.68656142753302,µg/m³,demo,demo,demo
2025-10-14 05:28:03.054331+00:00,39.85082978961541,116.45564435161205,so2,19.942984574950877,µg/m³,demo,demo,demo
2025-10-14 05:28:03.054331+00:00,40.05001056353551,116.53084374379971,so2,23.360384724111626,µg/m³,demo,demo,demo
2025-10-14 05:28:03.054331+00:00,40.00516941210314,116.45741134274384,so2,24.67517534493943,µg/m³,demo,demo,demo
2025-10-14 05:28:03.054331+00:00,39.88606934658428,116.4667367262154,so2,29.473006699464506,µg/m³,demo,demo,demo
2025-10-14 05:28:03.054331+00:00,40.0823133379253,116.54162082242017,so2,24.347868536233467,µg/m³,demo,demo,demo
2025-10-14 05:28:03.054331+00:00,40.05695981003843,116.22936466676622,so2,21.95651859726506,µg/m³,demo,demo,demo
2025-10-14 05:28:03.054331+00:00,39.87841848905913,116.40740842032366,so2,28.18527572550819,µg/m³,demo,demo,demo
2025-10-14 05:28:03.054331+00:00,39.87080397420719,116.2106208095045,so2,39.12726561513256,µg/m³,demo,demo,demo
2025-10-14 05:28:03.054331+00:00,39.76067834001153,116.26055446853725,so2,25.995991489221694,µg/m³,demo,demo,demo
2025-10-14 05:28:03.054331+00:00,39.740962851287065,116.21140256568678,so2,31.829013478413426,µg/m³,demo,demo,demo
2025-10-14 05:28:03.054331+00:00,39.84288423433305,116.54649659860715,so2,29.90748005731203,µg/m³,demo,demo,demo
2025-10-14 05:28:03.054331+00:00,39.78583852890617,116.33189528720109,so2,42.798084472137575,µg/m³,demo,demo,demo
2025-10-14 05:28:03.054331+00:00,39.7274419501437,116.40845248293853,so2,20.016455102867305,µg/m³,demo,demo,demo
2025-10-14 05:28:03.054331+00:00,39.99419189694303,116.51490317519563,so2,34.984654137239595,µg/m³,demo,demo,demo
2025-10-14 05:28:03.054331+00:00,40.08447025068923,116.47555872989992,so2,23.100820922164132,µg/m³,demo,demo,demo
2025-10-14 05:28:03.054331+00:00,39.97495535245682,116.57052582419824,so2,26.545669631064023,µg/m³,demo,demo,demo
2025-10-14 05:28:03.054331+00:00,40.06297299122902,116.39592147548919,so2,29.02433763419764,µg/m³,demo,demo,demo
2025-10-14 05:28:03.054331+00:00,40.04814677651787,116.48097512601376,so2,45.4381769101549,µg/m³,demo,demo,demo
2025-10-14 05:28:03.054331+00:00,39.95842174766801,116.54710186755639,so2,25.69271934974807,µg/m³,demo,demo,demo
2025-10-14 05:28:03.054331+00:00,39.90904516460988,116.24287880921543,so2,20.063325334923015,µg/m³,demo,demo,demo
2025-10-14 05:28:03.054331+00:00,39.84316055698713,116.38794206354989,so2,35.99456390287083,µg/m³,demo,demo,demo
2025-10-14 05:28:03.054331+00:00,39.89799047022892,116.2351977033618,so2,25.311565359514184,µg/m³,demo,demo,demo
2025-10-14 05:28:03.054331+00:00,39.8285007806006,116.4227857448537,so2,28.29299413271124,µg/m³,demo,demo,demo
2025-10-14 05:28:03.054331+00:00,39.768826670927204,116.32534133857347,so2,29.387536786443416,µg/m³,demo,demo,demo
2025-10-14 05:28:03.054331+00:00,39.89813080205532,116.5361993092608,so2,29.992689829069164,µg/m³,demo,demo,demo
2025-10-14 05:28:03.054331+00:00,39.96446300331787,116.38735234780114,so2,28.657052759380242,µg/m³,demo,demo,demo
2025-10-14 05:28:03.054331+00:00,39.93412604802157,116.2651581202751,so2,30.84652808103497,µg/m³,demo,demo,demo
2025-10-14 05:28:03.054331+00:00,39.99512911721533,116.54935165405881,so2,31.444543912343416,µg/m³,demo,demo,demo
2025-10-14 05:28:03.054331+00:00,39.83438810533957,116.37034619867542,so2,33.7773599922544,µg/m³,demo,demo,demo
2025-10-14 05:28:03.054331+00:00,39.700038416224004,116.20788449687498,so2,27.37158022166639,µg/m³,demo,demo,demo
2025-10-14 05:28:03.054331+00:00,39.78506380948384,116.3074755434348,so2,25.764095184390182,µg/m³,demo,demo,demo
2025-10-14 05:28:03.054331+00:00,39.81587814990846,116.353239768724,so2,24.189994507829432,µg/m³,demo,demo,demo
2025-10-14 05:28:03.054331+00:00,39.92124194680416,116.21049772829393,so2,32.471290402010695,µg/m³,demo,demo,demo
2025-10-14 05:28:03.054331+00:00,39.85578060613904,116.25604461407661,so2,29.276255175184126,µg/m³,demo,demo,demo
2025-10-14 05:28:03.054331+00:00,39.9630687520971,116.31860354751495,so2,32.273768758303866,µg/m³,demo,demo,demo
2025-10-14 05:28:03.054331+00:00,39.78957716743283,116.33503331806337,so2,32.19872711024406,µg/m³,demo,demo,demo
2025-10-14 05:28:03.054331+00:00,39.88720691385164,116.37503178576866,so2,37.93713056793773,µg/m³,demo,demo,demo
2025-10-14 05:28:03.054331+00:00,39.70089845781595,116.31904712576275,so2,30.545271378999878,µg/m³,demo,demo,demo
2025-10-14 05:28:03.054331+00:00,39.974520159129234,116.32826729650776,so2,33.269602484615014,µg/m³,demo,demo,demo
2025-10-14 05:28:03.054331+00:00,40.04614350603647,116.38483150992987,so2,23.49479676969063,µg/m³,demo,demo,demo
2025-10-14 05:28:03.054331+00:00,39.84077309852412,116.32876275203631,no2,50.373078392809774,µg/m³,demo,demo,demo
2025-10-14 05:28:03.054331+00:00,39.999914379106656,116.29118184549301,no2,56.52158983589452,µg/m³,demo,demo,demo
2025-10-14 05:28:03.054331+00:00,40.01242832596632,116.27982225491752,no2,49.28175039581382,µg/m³,demo,demo,demo
2025-10-14 05:28:03.054331+00:00,39.70706638553882,116.38889014543216,no2,64.53223754465859,µg/m³,demo,demo,demo
2025-10-14 05:28:03.054331+00:00,39.76483688476513,116.33690058159615,no2,48.35106949613483,µg/m³,demo,demo,demo
2025-10-14 05:28:03.054331+00:00,39.74072765755715,116.57608691675578,no2,59.56255595221511,µg/m³,demo,demo,demo
2025-10-14 05:28:03.054331+00:00,39.84114748026343,116.42635499095798,no2,39.35072683033259,µg/m³,demo,demo,demo
2025-10-14 05:28:03.054331+00:00,39.84250422134715,116.56005045787914,no2,50.17725401508664,µg/m³,demo,demo,demo
2025-10-14 05:28:03.054331+00:00,39.999717238178405,116.56985546610582,no2,56.303209112177825,µg/m³,demo,demo,demo
2025-10-14 05:28:03.054331+00:00,39.99180805026973,116.56005299602194,no2,56.9431743074076,µg/m³,demo,demo,demo
2025-10-14 05:28:03.054331+00:00,40.052965893024556,116.39933819621149,no2,44.6823258553992,µg/m³,demo,demo,demo
2025-10-14 05:28:03.054331+00:00,39.97319920812359,116.43331582587676,no2,59.88484443506911,µg/m³,demo,demo,demo
2025-10-14 05:28:03.054331+00:00,39.93821365612036,116.41370356068948,no2,66.81440403195568,µg/m³,demo,demo,demo
2025-10-14 05:28:03.054331+00:00,40.09773328059604,116.20810539229494,no2,64.20141504423022,µg/m³,demo,demo,demo
2025-10-14 05:28:03.054331+00:00,39.956786686027485,116.57856402307601,no2,53.74682728682613,µg/m³,demo,demo,demo
2025-10-14 05:28:03.054331+00:00,39.85578870328266,116.26043614124112,no2,54.31711709698109,µg/m³,demo,demo,demo
2025-10-14 05:28:03.054331+00:00,39.821906858021975,116.42138236423432,no2,49.52508954873386,µg/m³,demo,demo,demo
2025-10-14 05:28:03.054331+00:00,39.71430053435644,116.47305914271553,no2,64.05379575922507,µg/m³,demo,demo,demo
2025-10-14 05:28:03.054331+00:00,40.07765535284078,116.51452244526483,no2,70.54876250434504,µg/m³,demo,demo,demo
2025-10-14 05:28:03.054331+00:00,40.00105584135417,116.41688927184434,no2,54.807847998325194,µg/m³,demo,demo,demo
2025-10-14 05:28:03.054331+00:00,39.85082978961541,116.45564435161205,no2,45.432947266747156,µg/m³,demo,demo,demo
2025-10-14 05:28:03.054331+00:00,40.05001056353551,116.53084374379971,no2,60.61552574316859,µg/m³,demo,demo,demo
2025-10-14 05:28:03.054331+00:00,40.00516941210314,116.45741134274384,no2,64.67764719518165,µg/m³,demo,demo,demo
2025-10-14 05:28:03.054331+00:00,39.88606934658428,116.4667367262154,no2,37.23850100452866,µg/m³,demo,demo,demo
2025-10-14 05:28:03.054331+00:00,40.0823133379253,116.54162082242017,no2,60.122340119386834,µg/m³,demo,demo,demo
2025-10-14 05:28:03.054331+00:00,40.05695981003843,116.22936466676622,no2,76.33058763977613,µg/m³,demo,demo,demo
2025-10-14 05:28:03.054331+00:00,39.87841848905913,116.40740842032366,no2,65.58067267776691,µg/m³,demo,demo,demo
2025-10-14 05:28:03.054331+00:00,39.87080397420719,116.2106208095045,no2,63.41916220970905,µg/m³,demo,demo,demo
2025-10-14 05:28:03.054331+00:00,39.76067834001153,116.26055446853725,no2,62.23246202092993,µg/m³,demo,demo,demo
2025-10-14 05:28:03.054331+00:00,39.740962851287065,116.21140256568678,no2,67.51068237268669,µg/m³,demo,demo,demo
2025-10-14 05:28:03.054331+00:00,39.84288423433305,116.54649659860715,no2,51.48615377187383,µg/m³,demo,demo,demo
2025-10-14 05:28:03.054331+00:00,39.78583852890617,116.33189528720109,no2,52.252789382833456,µg/m³,demo,demo,demo
2025-10-14 05:28:03.054331+00:00,39.7274419501437,116.40845248293853,no2,62.27604627348249,µg/m³,demo,demo,demo
2025-10-14 05:28:03.054331+00:00,39.99419189694303,116.51490317519563,no2,53.53285704640644,µg/m³,demo,demo,demo
2025-10-14 05:28:03.054331+00:00,40.08447025068923,116.47555872989992,no2,61.08511116404775,µg/m³,demo,demo,demo
2025-10-14 05:28:03.054331+00:00,39.97495535245682,116.57052582419824,no2,43.71499193328626,µg/m³,demo,demo,demo
2025-10-14 05:28:03.054331+00:00,40.06297299122902,116.39592147548919,no2,65.07912911204646,µg/m³,demo,demo,demo
2025-10-14 05:28:03.054331+00:00,40.04814677651787,116.48097512601376,no2,65.79126309992807,µg/m³,demo,demo,demo
2025-10-14 05:28:03.054331+00:00,39.95842174766801,116.54710186755639,no2,59.364915019107464,µg/m³,demo,demo,demo
2025-10-14 05:28:03.054331+00:00,39.90904516460988,116.24287880921543,no2,60.33087533151416,µg/m³,demo,demo,demo
2025-10-14 05:28:03.054331+00:00,39.84316055698713,116.38794206354989,no2,71.98070048795535,µg/m³,demo,demo,demo
2025-10-14 05:28:03.054331+00:00,39.89799047022892,116.2351977033618,no2,50.35073477927337,µg/m³,demo,demo,demo
2025-10-14 05:28:03.054331+00:00,39.8285007806006,116.4227857448537,no2,51.71023855204763,µg/m³,demo,demo,demo
2025-10-14 05:28:03.054331+00:00,39.768826670927204,116.32534133857347,no2,50.26504145100578,µg/m³,demo,demo,demo
2025-10-14 05:28:03.054331+00:00,39.89813080205532,116.5361993092608,no2,55.61765043228503,µg/m³,demo,demo,demo
2025-10-14 05:28:03.054331+00:00,39.96446300331787,116.38735234780114,no2,50.926292434262436,µg/m³,demo,demo,demo
2025-10-14 05:28:03.054331+00:00,39.93412604802157,116.2651581202751,no2,59.311879619840916,µg/m³,demo,demo,demo
2025-10-14 05:28:03.054331+00:00,39.99512911721533,116.54935165405881,no2,53.80959735433672,µg/m³,demo,demo,demo
2025-10-14 05:28:03.054331+00:00,39.83438810533957,116.37034619867542,no2,47.42229884508641,µg/m³,demo,demo,demo
2025-10-14 05:28:03.054331+00:00,39.700038416224004,116.20788449687498,no2,46.61406991293151,µg/m³,demo,demo,demo
2025-10-14 05:28:03.054331+00:00,39.78506380948384,116.3074755434348,no2,68.70874865738087,µg/m³,demo,demo,demo
2025-10-14 05:28:03.054331+00:00,39.81587814990846,116.353239768724,no2,58.46446125870105,µg/m³,demo,demo,demo
2025-10-14 05:28:03.054331+00:00,39.92124194680416,116.21049772829393,no2,57.196789207652884,µg/m³,demo,demo,demo
2025-10-14 05:28:03.054331+00:00,39.85578060613904,116.25604461407661,no2,59.228048485553494,µg/m³,demo,demo,demo
2025-10-14 05:28:03.054331+00:00,39.9630687520971,116.31860354751495,no2,58.35659487557622,µg/m³,demo,demo,demo
2025-10-14 05:28:03.054331+00:00,39.78957716743283,116.33503331806337,no2,65.06439528698832,µg/m³,demo,demo,demo
2025-10-14 05:28:03.054331+00:00,39.88720691385164,116.37503178576866,no2,63.51356402789128,µg/m³,demo,demo,demo
2025-10-14 05:28:03.054331+00:00,39.70089845781595,116.31904712576275,no2,54.29782983149843,µg/m³,demo,demo,demo
2025-10-14 05:28:03.054331+00:00,39.974520159129234,116.32826729650776,no2,52.427275344623155,µg/m³,demo,demo,demo
2025-10-14 05:28:03.054331+00:00,40.04614350603647,116.38483150992987,no2,50.32172549384063,µg/m³,demo,demo,demo
2025-10-14 06:28:03.054331+00:00,39.85282918255985,116.43287550238506,pm25,107.36499271655043,µg/m³,demo,demo,demo
2025-10-14 06:28:03.054331+00:00,40.02900079030016,116.44956465228867,pm25,89.72281499503075,µg/m³,demo,demo,demo
2025-10-14 06:28:03.054331+00:00,39.97247339936843,116.43470080786614,pm25,105.78160348176348,µg/m³,demo,demo,demo
2025-10-14 06:28:03.054331+00:00,39.965409335240345,116.59612004287521,pm25,104.23904213729364,µg/m³,demo,demo,demo
2025-10-14 06:28:03.054331+00:00,39.97257217177268,116.44546054138053,pm25,80.42482063773195,µg/m³,demo,demo,demo
2025-10-14 06:28:03.054331+00:00,39.83981671401033,116.2664533853359,pm25,75.22741142909987,µg/m³,demo,demo,demo
2025-10-14 06:28:03.054331+00:00,40.092081216154,116.5731243643028,pm25,107.36828211024232,µg/m³,demo,demo,demo
2025-10-14 06:28:03.054331+00:00,39.83451931074177,116.3196045326853,pm25,90.20041106058399,µg/m³,demo,demo,demo
2025-10-14 06:28:03.054331+00:00,39.77485214764334,116.41577041063337,pm25,113.6771110287293,µg/m³,demo,demo,demo
2025-10-14 06:28:03.054331+00:00,39.96748725644176,116.37300487274764,pm25,127.33509065058136,µg/m³,demo,demo,demo
2025-10-14 06:28:03.054331+00:00,39.767676804789865,116.52269554457209,pm25,94.65791222301829,µg/m³,demo,demo,demo
2025-10-14 06:28:03.054331+00:00,40.09010925143078,116.23360121944901,pm25,93.37789801768326,µg/m³,demo,demo,demo
2025-10-14 06:28:03.054331+00:00,39.93020869203909,116.34704519067823,pm25,101.51028159359988,µg/m³,demo,demo,demo
2025-10-14 06:28:03.054331+00:00,39.7480566953365,116.3770862173131,pm25,109.74759521723544,µg/m³,demo,demo,demo
2025-10-14 06:28:03.054331+00:00,39.70944740488926,116.43896553124145,pm25,88.02104453129338,µg/m³,demo,demo,demo
2025-10-14 06:28:03.054331+00:00,39.94048248390942,116.56316316633564,pm25,116.59629504591251,µg/m³,demo,demo,demo
2025-10-14 06:28:03.054331+00:00,39.71685980589632,116.32059925474668,pm25,113.5452940259659,µg/m³,demo,demo,demo
2025-10-14 06:28:03.054331+00:00,39.72097717112124,116.33821467498504,pm25,109.58391283471154,µg/m³,demo,demo,demo
2025-10-14 06:28:03.054331+00:00,39.86497713207572,116.46880245099247,pm25,95.17254333192692,µg/m³,demo,demo,demo
2025-10-14 06:28:03.054331+00:00,39.87931560860807,116.28358296705744,pm25,112.64626024473928,µg/m³,demo,demo,demo
2025-10-14 06:28:03.054331+00:00,40.0315850446224,116.40395301065101,pm25,111.93718941497676,µg/m³,demo,demo,demo
2025-10-14 06:28:03.054331+00:00,39.75175806451022,116.32788842756298,pm25,87.23898431519162,µg/m³,demo,demo,demo
2025-10-14 06:28:03.054331+00:00,40.04733296027317,116.44950003973206,pm25,126.73284668671369,µg/m³,demo,demo,demo
2025-10-14 06:28:03.054331+00:00,39.86200084901666,116.43222775596874,pm25,98.04430710183533,µg/m³,demo,demo,demo
2025-10-14 06:28:03.054331+00:00,40.04119211032173,116.47436427799899,pm25,106.0808667851986,µg/m³,demo,demo,demo
2025-10-14 06:28:03.054331+00:00,39.760538371495606,116.37187851109923,pm25,95.36076985493824,µg/m³,demo,demo,demo
2025-10-14 06:28:03.054331+00:00,39.719227866710746,116.29345855462194,pm25,106.26939635304512,µg/m³,demo,demo,demo
2025-10-14 06:28:03.054331+00:00,39.87433039501379,116.20584701061158,pm25,115.57162410571671,µg/m³,demo,demo,demo
2025-10-14 06:28:03.054331+00:00,39.786261197065386,116.44063937356367,pm25,91.96221119873637,µg/m³,demo,demo,demo
2025-10-14 06:28:03.054331+00:00,39.8913010960202,116.28992588002626,pm25,81.78552468306097,µg/m³,demo,demo,demo
2025-10-14 06:28:03.054331+00:00,40.0280785916963,116.20193051035278,pm25,96.25080925499051,µg/m³,demo,demo,demo
2025-10-14 06:28:03.054331+00:00,40.05417151214284,116.35001149735854,pm25,85.97808293947914,µg/m³,demo,demo,demo
2025-10-14 06:28:03.054331+00:00,39.73472593049369,116.30965271086708,pm25,92.54776236771598,µg/m³,demo,demo,demo
2025-10-14 06:28:03.054331+00:00,39.80283594559496,116.47309442311506,pm25,100.13283903184418,µg/m³,demo,demo,demo
2025-10-14 06:28:03.054331+00:00,39.82194434746505,116.31911793598452,pm25,100.88074626277178,µg/m³,demo,demo,demo
2025-10-14 06:28:03.054331+00:00,39.769747027487824,116.34706394631048,pm25,117.13938265091357,µg/m³,demo,demo,demo
2025-10-14 06:28:03.054331+00:00,39.886811371215984,116.48956508476915,pm25,89.47305488082769,µg/m³,demo,demo,demo
2025-10-14 06:28:03.054331+00:00,39.72143444508063,116.46966176112642,pm25,105.88313593694173,µg/m³,demo,demo,demo
2025-10-14 06:28:03.054331+00:00,39.778911543846384,116.26429250256025,pm25,95.55982565997628,µg/m³,demo,demo,demo
2025-10-14 06:28:03.054331+00:00,39.72605135719484,116.43472461821013,pm25,118.03131951674636,µg/m³,demo,demo,demo
2025-10-14 06:28:03.054331+00:00,39.88277299047925,116.57313367325911,pm25,131.9830170426209,µg/m³,demo,demo,demo
2025-10-14 06:28:03.054331+00:00,40.075995162735644,116.56374077186318,pm25,105.29191192463313,µg/m³,demo,demo,demo
2025-10-14 06:28:03.054331+00:00,39.761253259826525,116.53975304173535,pm25,121.74092771201197,µg/m³,demo,demo,demo
2025-10-14 06:28:03.054331+00:00,40.05485672573915,116.31280542739074,pm25,95.28816799734255,µg/m³,demo,demo,demo
2025-10-14 06:28:03.054331+00:00,39.82630577785485,116.58383565669065,pm25,82.4577569891056,µg/m³,demo,demo,demo
2025-10-14 06:28:03.054331+00:00,39.99885224836289,116.27985979920064,pm25,86.40585290261696,µg/m³,demo,demo,demo
2025-10-14 06:28:03.054331+00:00,40.037050706822,116.36075205323449,pm25,82.70155584500868,µg/m³,demo,demo,demo
2025-10-14 06:28:03.054331+00:00,39.94201687510846,116.2456536633502,pm25,90.19364322940208,µg/m³,demo,demo,demo
2025-10-14 06:28:03.054331+00:00,39.987702274297305,116.42624453351546,pm25,98.76801064405224,µg/m³,demo,demo,demo
2025-10-14 06:28:03.054331+00:00,39.952848438291504,116.48906089578696,pm25,115.45187643734559,µg/m³,demo,demo,demo
2025-10-14 06:28:03.054331+00:00,40.07223377487301,116.47505363070222,pm25,110.04894444216524,µg/m³,demo,demo,demo
2025-10-14 06:28:03.054331+00:00,40.01149495830987,116.20287503157445,pm25,107.21580118564351,µg/m³,demo,demo,demo
2025-10-14 06:28:03.054331+00:00,39.868104857276045,116.59298747823686,pm25,96.56580225660521,µg/m³,demo,demo,demo
2025-10-14 06:28:03.054331+00:00,39.81637980742001,116.32400392116817,pm25,92.9876872519551,µg/m³,demo,demo,demo
2025-10-14 06:28:03.054331+00:00,39.76273386426387,116.49655410331464,pm25,102.04981096236531,µg/m³,demo,demo,demo
2025-10-14 06:28:03.054331+00:00,39.90485351908125,116.57064105413083,pm25,103.30263585827066,µg/m³,demo,demo,demo
2025-10-14 06:28:03.054331+00:00,39.7916547475696,116.51206676686536,pm25,104.72516960701711,µg/m³,demo,demo,demo
2025-10-14 06:28:03.054331+00:00,39.79394288368788,116.40929617721642,pm25,106.10921258475223,µg/m³,demo,demo,demo
2025-10-14 06:28:03.054331+00:00,40.052819365652645,116.4154634686555,pm25,100.23926766893972,µg/m³,demo,demo,demo
2025-10-14 06:28:03.054331+00:00,39.97989840134816,116.25750928744597,pm25,78.55475954822452,µg/m³,demo,demo,demo
2025-10-14 06:28:03.054331+00:00,39.85282918255985,116.43287550238506,so2,24.918995372863122,µg/m³,demo,demo,demo
2025-10-14 06:28:03.054331+00:00,40.02900079030016,116.44956465228867,so2,26.367118842521744,µg/m³,demo,demo,demo
2025-10-14 06:28:03.054331+00:00,39.97247339936843,116.43470080786614,so2,38.97885405487506,µg/m³,demo,demo,demo
2025-10-14 06:28:03.054331+00:00,39.965409335240345,116.59612004287521,so2,28.35882816951859,µg/m³,demo,demo,demo
2025-10-14 06:28:03.054331+00:00,39.97257217177268,116.44546054138053,so2,33.870361177005535,µg/m³,demo,demo,demo
2025-10-14 06:28:03.054331+00:00,39.83981671401033,116.2664533853359,so2,37.81638291125773,µg/m³,demo,demo,demo
2025-10-14 06:28:03.054331+00:00,40.092081216154,116.5731243643028,so2,32.16200878339413,µg/m³,demo,demo,demo
2025-10-14 06:28:03.054331+00:00,39.83451931074177,116.3196045326853,so2,28.531232705160477,µg/m³,demo,demo,demo
2025-10-14 06:28:03.054331+00:00,39.77485214764334,116.41577041063337,so2,29.02908548645211,µg/m³,demo,demo,demo
2025-10-14 06:28:03.054331+00:00,39.96748725644176,116.37300487274764,so2,25.38322709894696,µg/m³,demo,demo,demo
2025-10-14 06:28:03.054331+00:00,39.767676804789865,116.52269554457209,so2,32.02788499926309,µg/m³,demo,demo,demo
2025-10-14 06:28:03.054331+00:00,40.09010925143078,116.23360121944901,so2,36.13553952111917,µg/m³,demo,demo,demo
2025-10-14 06:28:03.054331+00:00,39.93020869203909,116.34704519067823,so2,33.344247585563195,µg/m³,demo,demo,demo
2025-10-14 06:28:03.054331+00:00,39.7480566953365,116.3770862173131,so2,34.35177636569517,µg/m³,demo,demo,demo
2025-10-14 06:28:03.054331+00:00,39.70944740488926,116.43896553124145,so2,34.083595285233734,µg/m³,demo,demo,demo
2025-10-14 06:28:03.054331+00:00,39.94048248390942,116.56316316633564,so2,40.515305859012564,µg/m³,demo,demo,demo
2025-10-14 06:28:03.054331+00:00,39.71685980589632,116.32059925474668,so2,27.326125008813268,µg/m³,demo,demo,demo
2025-10-14 06:28:03.054331+00:00,39.72097717112124,116.33821467498504,so2,31.282809790919078,µg/m³,demo,demo,demo
2025-10-14 06:28:03.054331+00:00,39.86497713207572,116.46880245099247,so2,34.0225707147664,µg/m³,demo,demo,demo
2025-10-14 06:28:03.054331+00:00,39.87931560860807,116.28358296705744,so2,36.73152210872455,µg/m³,demo,demo,demo
2025-10-14 06:28:03.054331+00:00,40.0315850446224,116.40395301065101,so2,18.356978363860826,µg/m³,demo,demo,demo
2025-10-14 06:28:03.054331+00:00,39.75175806451022,116.32788842756298,so2,27.883482525800623,µg/m³,demo,demo,demo
2025-10-14 06:28:03.054331+00:00,40.04733296027317,116.44950003973206,so2,29.452722171189166,µg/m³,demo,demo,demo
2025-10-14 06:28:03.054331+00:00,39.86200084901666,116.43222775596874,so2,25.348088950951535,µg/m³,demo,demo,demo
2025-10-14 06:28:03.054331+00:00,40.04119211032173,116.47436427799899,so2,34.73086217241452,µg/m³,demo,demo,demo
2025-10-14 06:28:03.054331+00:00,39.760538371495606,116.37187851109923,so2,31.590138109787922,µg/m³,demo,demo,demo
2025-10-14 06:28:03.054331+00:00,39.719227866710746,116.29345855462194,so2,28.512942365179015,µg/m³,demo,demo,demo
2025-10-14 06:28:03.054331+00:00,39.87433039501379,116.20584701061158,so2,22.324588050084824,µg/m³,demo,demo,demo
2025-10-14 06:28:03.054331+00:00,39.786261197065386,116.44063937356367,so2,23.876328908400023,µg/m³,demo,demo,demo
2025-10-14 06:28:03.054331+00:00,39.8913010960202,116.28992588002626,so2,25.56851697361992,µg/m³,demo,demo,demo
2025-10-14 06:28:03.054331+00:00,40.0280785916963,116.20193051035278,so2,32.76925069024388,µg/m³,demo,demo,demo
2025-10-14 06:28:03.054331+00:00,40.05417151214284,116.35001149735854,so2,24.398886007919874,µg/m³,demo,demo,demo
2025-10-14 06:28:03.054331+00:00,39.73472593049369,116.30965271086708,so2,20.148051215719537,µg/m³,demo,demo,demo
2025-10-14 06:28:03.054331+00:00,39.80283594559496,116.47309442311506,so2,23.232602935130927,µg/m³,demo,demo,demo
2025-10-14 06:28:03.054331+00:00,39.82194434746505,116.31911793598452,so2,27.535379382607744,µg/m³,demo,demo,demo
2025-10-14 06:28:03.054331+00:00,39.769747027487824,116.34706394631048,so2,38.86156846167631,µg/m³,demo,demo,demo
2025-10-14 06:28:03.054331+00:00,39.886811371215984,116.48956508476915,so2,43.004842873180415,µg/m³,demo,demo,demo
2025-10-14 06:28:03.054331+00:00,39.72143444508063,116.46966176112642,so2,28.088296174764338,µg/m³,demo,demo,demo
2025-10-14 06:28:03.054331+00:00,39.778911543846384,116.26429250256025,so2,35.214482412891726,µg/m³,demo,demo,demo
2025-10-14 06:28:03.054331+00:00,39.72605135719484,116.43472461821013,so2,37.50124545271581,µg/m³,demo,demo,demo
2025-10-14 06:28:03.054331+00:00,39.88277299047925,116.57313367325911,so2,36.91790049090649,µg/m³,demo,demo,demo
2025-10-14 06:28:03.054331+00:00,40.075995162735644,116.56374077186318,so2,29.911262138053086,µg/m³,demo,demo,demo
2025-10-14 06:28:03.054331+00:00,39.761253259826525,116.53975304173535,so2,23.98479402454079,µg/m³,demo,demo,demo
2025-10-14 06:28:03.054331+00:00,40.05485672573915,116.31280542739074,so2,28.053668734388214,µg/m³,demo,demo,demo
2025-10-14 06:28:03.054331+00:00,39.82630577785485,116.58383565669065,so2,21.18527867826561,µg/m³,demo,demo,demo
2025-10-14 06:28:03.054331+00:00,39.99885224836289,116.27985979920064,so2,31.6883689634066,µg/m³,demo,demo,demo
2025-10-14 06:28:03.054331+00:00,40.037050706822,116.36075205323449,so2,34.382660493730356,µg/m³,demo,demo,demo
2025-10-14 06:28:03.054331+00:00,39.94201687510846,116.2456536633502,so2,21.030238172679823,µg/m³,demo,demo,demo
2025-10-14 06:28:03.054331+00:00,39.987702274297305,116.42624453351546,so2,30.236094408902158,µg/m³,demo,demo,demo
2025-10-14 06:28:03.054331+00:00,39.952848438291504,116.48906089578696,so2,31.956968956100393,µg/m³,demo,demo,demo
2025-10-14 06:28:03.054331+00:00,40.07223377487301,116.47505363070222,so2,36.74179496990956,µg/m³,demo,demo,demo
2025-10-14 06:28:03.054331+00:00,40.01149495830987,116.20287503157445,so2,37.38830610920163,µg/m³,demo,demo,demo
2025-10-14 06:28:03.054331+00:00,39.868104857276045,116.59298747823686,so2,34.50156023466961,µg/m³,demo,demo,demo
2025-10-14 06:28:03.054331+00:00,39.81637980742001,116.32400392116817,so2,27.0615201930535,µg/m³,demo,demo,demo
2025-10-14 06:28:03.054331+00:00,39.76273386426387,116.49655410331464,so2,28.653452221051605,µg/m³,demo,demo,demo
2025-10-14 06:28:03.054331+00:00,39.90485351908125,116.57064105413083,so2,36.51665399070424,µg/m³,demo,demo,demo
2025-10-14 06:28:03.054331+00:00,39.7916547475696,116.51206676686536,so2,27.465657797021485,µg/m³,demo,demo,demo
2025-10-14 06:28:03.054331+00:00,39.79394288368788,116.40929617721642,so2,30.28395096506337,µg/m³,demo,demo,demo
2025-10-14 06:28:03.054331+00:00,40.052819365652645,116.4154634686555,so2,38.29924321028559,µg/m³,demo,demo,demo
2025-10-14 06:28:03.054331+00:00,39.97989840134816,116.25750928744597,so2,31.134598222488794,µg/m³,demo,demo,demo
2025-10-14 06:28:03.054331+00:00,39.85282918255985,116.43287550238506,no2,49.994258498711545,µg/m³,demo,demo,demo
2025-10-14 06:28:03.054331+00:00,40.02900079030016,116.44956465228867,no2,58.625663156274186,µg/m³,demo,demo,demo
2025-10-14 06:28:03.054331+00:00,39.97247339936843,116.43470080786614,no2,66.10495677512733,µg/m³,demo,demo,demo
2025-10-14 06:28:03.054331+00:00,39.965409335240345,116.59612004287521,no2,59.46773368249252,µg/m³,demo,demo,demo
2025-10-14 06:28:03.054331+00:00,39.97257217177268,116.44546054138053,no2,70.28087765749252,µg/m³,demo,demo,demo
2025-10-14 06:28:03.054331+00:00,39.83981671401033,116.2664533853359,no2,71.2464575248788,µg/m³,demo,demo,demo
2025-10-14 06:28:03.054331+00:00,40.092081216154,116.5731243643028,no2,55.78383750794255,µg/m³,demo,demo,demo
2025-10-14 06:28:03.054331+00:00,39.83451931074177,116.3196045326853,no2,56.96111141915033,µg/m³,demo,demo,demo
2025-10-14 06:28:03.054331+00:00,39.77485214764334,116.41577041063337,no2,60.15592829070239,µg/m³,demo,demo,demo
2025-10-14 06:28:03.054331+00:00,39.96748725644176,116.37300487274764,no2,51.37626934273196,µg/m³,demo,demo,demo
2025-10-14 06:28:03.054331+00:00,39.767676804789865,116.52269554457209,no2,64.01292756339552,µg/m³,demo,demo,demo
2025-10-14 06:28:03.054331+00:00,40.09010925143078,116.23360121944901,no2,59.548564070794825,µg/m³,demo,demo,demo
2025-10-14 06:28:03.054331+00:00,39.93020869203909,116.34704519067823,no2,67.27200908484792,µg/m³,demo,demo,demo
2025-10-14 06:28:03.054331+00:00,39.7480566953365,116.3770862173131,no2,56.189553654648975,µg/m³,demo,demo,demo
2025-10-14 06:28:03.054331+00:00,39.70944740488926,116.43896553124145,no2,53.95224762039928,µg/m³,demo,demo,demo
2025-10-14 06:28:03.054331+00:00,39.94048248390942,116.56316316633564,no2,75.69264904467845,µg/m³,demo,demo,demo
2025-10-14 06:28:03.054331+00:00,39.71685980589632,116.32059925474668,no2,53.95577201524405,µg/m³,demo,demo,demo
2025-10-14 06:28:03.054331+00:00,39.72097717112124,116.33821467498504,no2,56.30539920978073,µg/m³,demo,demo,demo
2025-10-14 06:28:03.054331+00:00,39.86497713207572,116.46880245099247,no2,55.130480277329376,µg/m³,demo,demo,demo
2025-10-14 06:28:03.054331+00:00,39.87931560860807,116.28358296705744,no2,58.553391132027166,µg/m³,demo,demo,demo
2025-10-14 06:28:03.054331+00:00,40.0315850446224,116.40395301065101,no2,53.66201086716573,µg/m³,demo,demo,demo
2025-10-14 06:28:03.054331+00:00,39.75175806451022,116.32788842756298,no2,60.63049128352731,µg/m³,demo,demo,demo
2025-10-14 06:28:03.054331+00:00,40.04733296027317,116.44950003973206,no2,55.351370224034454,µg/m³,demo,demo,demo
2025-10-14 06:28:03.054331+00:00,39.86200084901666,116.43222775596874,no2,57.65538015145229,µg/m³,demo,demo,demo
2025-10-14 06:28:03.054331+00:00,40.04119211032173,116.47436427799899,no2,63.89292497330681,µg/m³,demo,demo,demo
2025-10-14 06:28:03.054331+00:00,39.760538371495606,116.37187851109923,no2,66.60302763912222,µg/m³,demo,demo,demo
2025-10-14 06:28:03.054331+00:00,39.719227866710746,116.29345855462194,no2,64.72613901846037,µg/m³,demo,demo,demo
2025-10-14 06:28:03.054331+00:00,39.87433039501379,116.20584701061158,no2,55.10184933450044,µg/m³,demo,demo,demo
2025-10-14 06:28:03.054331+00:00,39.786261197065386,116.44063937356367,no2,64.16769627078659,µg/m³,demo,demo,demo
2025-10-14 06:28:03.054331+00:00,39.8913010960202,116.28992588002626,no2,60.02667791583802,µg/m³,demo,demo,demo
2025-10-14 06:28:03.054331+00:00,40.0280785916963,116.20193051035278,no2,60.13977873895522,µg/m³,demo,demo,demo
2025-10-14 06:28:03.054331+00:00,40.05417151214284,116.35001149735854,no2,47.211427309247235,µg/m³,demo,demo,demo
2025-10-14 06:28:03.054331+00:00,39.73472593049369,116.30965271086708,no2,66.36091876971115,µg/m³,demo,demo,demo
2025-10-14 06:28:03.054331+00:00,39.80283594559496,116.47309442311506,no2,59.87353793740529,µg/m³,demo,demo,demo
2025-10-14 06:28:03.054331+00:00,39.82194434746505,116.31911793598452,no2,74.64052062499188,µg/m³,demo,demo,demo
2025-10-14 06:28:03.054331+00:00,39.769747027487824,116.34706394631048,no2,66.1111964140488,µg/m³,demo,demo,demo
2025-10-14 06:28:03.054331+00:00,39.886811371215984,116.48956508476915,no2,52.058242144753024,µg/m³,demo,demo,demo
2025-10-14 06:28:03.054331+00:00,39.72143444508063,116.46966176112642,no2,50.01283250440175,µg/m³,demo,demo,demo
2025-10-14 06:28:03.054331+00:00,39.778911543846384,116.26429250256025,no2,70.19820865868758,µg/m³,demo,demo,demo
2025-10-14 06:28:03.054331+00:00,39.72605135719484,116.43472461821013,no2,53.99141115039663,µg/m³,demo,demo,demo
2025-10-14 06:28:03.054331+00:00,39.88277299047925,116.57313367325911,no2,66.46631071641727,µg/m³,demo,demo,demo
2025-10-14 06:28:03.054331+00:00,40.075995162735644,116.56374077186318,no2,58.584213987289544,µg/m³,demo,demo,demo
2025-10-14 06:28:03.054331+00:00,39.761253259826525,116.53975304173535,no2,77.82105893345033,µg/m³,demo,demo,demo
2025-10-14 06:28:03.054331+00:00,40.05485672573915,116.31280542739074,no2,61.63192851131447,µg/m³,demo,demo,demo
2025-10-14 06:28:03.054331+00:00,39.82630577785485,116.58383565669065,no2,73.11656664011778,µg/m³,demo,demo,demo
2025-10-14 06:28:03.054331+00:00,39.99885224836289,116.27985979920064,no2,71.66355842535731,µg/m³,demo,demo,demo
2025-10-14 06:28:03.054331+00:00,40.037050706822,116.36075205323449,no2,57.30193115449442,µg/m³,demo,demo,demo
2025-10-14 06:28:03.054331+00:00,39.94201687510846,116.2456536633502,no2,58.3819680217669,µg/m³,demo,demo,demo
2025-10-14 06:28:03.054331+00:00,39.987702274297305,116.42624453351546,no2,72.90647746803467,µg/m³,demo,demo,demo
2025-10-14 06:28:03.054331+00:00,39.952848438291504,116.48906089578696,no2,61.04700647665957,µg/m³,demo,demo,demo
2025-10-14 06:28:03.054331+00:00,40.07223377487301,116.47505363070222,no2,54.1049473299601,µg/m³,demo,demo,demo
2025-10-14 06:28:03.054331+00:00,40.01149495830987,116.20287503157445,no2,70.69963987798221,µg/m³,demo,demo,demo
2025-10-14 06:28:03.054331+00:00,39.868104857276045,116.59298747823686,no2,81.66915310043666,µg/m³,demo,demo,demo
2025-10-14 06:28:03.054331+00:00,39.81637980742001,116.32400392116817,no2,60.80238595607234,µg/m³,demo,demo,demo
2025-10-14 06:28:03.054331+00:00,39.76273386426387,116.49655410331464,no2,72.33768069213458,µg/m³,demo,demo,demo
2025-10-14 06:28:03.054331+00:00,39.90485351908125,116.57064105413083,no2,59.87154166753818,µg/m³,demo,demo,demo
2025-10-14 06:28:03.054331+00:00,39.7916547475696,116.51206676686536,no2,72.03959339988103,µg/m³,demo,demo,demo
2025-10-14 06:28:03.054331+00:00,39.79394288368788,116.40929617721642,no2,59.29862775133984,µg/m³,demo,demo,demo
2025-10-14 06:28:03.054331+00:00,40.052819365652645,116.4154634686555,no2,71.89941796515323,µg/m³,demo,demo,demo
2025-10-14 06:28:03.054331+00:00,39.97989840134816,116.25750928744597,no2,65.61329460500788,µg/m³,demo,demo,demo
2025-10-14 07:28:03.054331+00:00,40.03208567665971,116.21067624461251,pm25,109.05612784047585,µg/m³,demo,demo,demo
2025-10-14 07:28:03.054331+00:00,39.9930958042973,116.4218227440943,pm25,109.80182685804903,µg/m³,demo,demo,demo
2025-10-14 07:28:03.054331+00:00,40.08641341152731,116.25996827854777,pm25,105.83116660682806,µg/m³,demo,demo,demo
2025-10-14 07:28:03.054331+00:00,39.89541899568723,116.31787727283164,pm25,100.88378611435917,µg/m³,demo,demo,demo
2025-10-14 07:28:03.054331+00:00,39.882107516662494,116.39056224983545,pm25,100.58942834074698,µg/m³,demo,demo,demo
2025-10-14 07:28:03.054331+00:00,39.91813399861441,116.30036175164679,pm25,98.21168566328404,µg/m³,demo,demo,demo
2025-10-14 07:28:03.054331+00:00,39.84447669348988,116.57312759462909,pm25,110.9050989736003,µg/m³,demo,demo,demo
2025-10-14 07:28:03.054331+00:00,39.72332521044332,116.32856369516203,pm25,72.36581974024801,µg/m³,demo,demo,demo
2025-10-14 07:28:03.054331+00:00,39.92743732151083,116.42438411236476,pm25,124.66966736837881,µg/m³,demo,demo,demo
2025-10-14 07:28:03.054331+00:00,39.85594124891836,116.58919550613341,pm25,99.12904489955459,µg/m³,demo,demo,demo
2025-10-14 07:28:03.054331+00:00,39.90212867324496,116.46835708691796,pm25,88.28651371132094,µg/m³,demo,demo,demo
2025-10-14 07:28:03.054331+00:00,39.97982056586267,116.35430575242898,pm25,111.97459243539998,µg/m³,demo,demo,demo
2025-10-14 07:28:03.054331+00:00,39.857527269436034,116.50121774523562,pm25,88.56696829828991,µg/m³,demo,demo,demo
2025-10-14 07:28:03.054331+00:00,39.76484745853685,116.27741724971949,pm25,110.05240266254059,µg/m³,demo,demo,demo
2025-10-14 07:28:03.054331+00:00,40.03230396232962,116.24159089666513,pm25,100.58629682898354,µg/m³,demo,demo,demo
2025-10-14 07:28:03.054331+00:00,40.07768315425685,116.21551163985099,pm25,112.48374663708238,µg/m³,demo,demo,demo
2025-10-14 07:28:03.054331+00:00,39.793913729059085,116.46712350625756,pm25,114.85546285635523,µg/m³,demo,demo,demo
2025-10-14 07:28:03.054331+00:00,39.9443294798672,116.46319523143137,pm25,120.90730912609997,µg/m³,demo,demo,demo
2025-10-14 07:28:03.054331+00:00,39.850942381051,116.46838365951989,pm25,99.41404799377666,µg/m³,demo,demo,demo
2025-10-14 07:28:03.054331+00:00,39.98075338874011,116.46935861816326,pm25,101.85276350032903,µg/m³,demo,demo,demo
2025-10-14 07:28:03.054331+00:00,39.721869213052045,116.43311098654658,pm25,105.18799119477444,µg/m³,demo,demo,demo
2025-10-14 07:28:03.054331+00:00,40.06776138162631,116.57670229252552,pm25,88.34833782204149,µg/m³,demo,demo,demo
2025-10-14 07:28:03.054331+00:00,40.041843339307235,116.3839351791379,pm25,112.43315209556673,µg/m³,demo,demo,demo
2025-10-14 07:28:03.054331+00:00,39.75548324920186,116.24933009255783,pm25,106.85412908032264,µg/m³,demo,demo,demo
2025-10-14 07:28:03.054331+00:00,39.956422734791545,116.29999770296564,pm25,89.2137590177517,µg/m³,demo,demo,demo
2025-10-14 07:28:03.054331+00:00,39.83224095625875,116.36334765836004,pm25,119.81956197843594,µg/m³,demo,demo,demo
2025-10-14 07:28:03.054331+00:00,39.784011509173226,116.44492813068543,pm25,121.67962874418905,µg/m³,demo,demo,demo
2025-10-14 07:28:03.054331+00:00,40.03899488512907,116.34309451509776,pm25,89.47832030269856,µg/m³,demo,demo,demo
2025-10-14 07:28:03.054331+00:00,40.00119969625775,116.37428396310605,pm25,112.14399013327471,µg/m³,demo,demo,demo
2025-10-14 07:28:03.054331+00:00,39.93087089265066,116.31743335940371,pm25,120.2816501317968,µg/m³,demo,demo,demo
2025-10-14 07:28:03.054331+00:00,39.94817350216847,116.49109337632632,pm25,115.34752984860341,µg/m³,demo,demo,demo
2025-10-14 07:28:03.054331+00:00,40.04788805585578,116.5380536620123,pm25,93.48972361229589,µg/m³,demo,demo,demo
2025-10-14 07:28:03.054331+00:00,39.836555204702016,116.33551344522573,pm25,88.4869239212733,µg/m³,demo,demo,demo
2025-10-14 07:28:03.054331+00:00,39.89720026278704,116.52014012682542,pm25,103.86158604760428,µg/m³,demo,demo,demo
2025-10-14 07:28:03.054331+00:00,39.79175135891402,116.27883390410324,pm25,99.28687666444242,µg/m³,demo,demo,demo
2025-10-14 07:28:03.054331+00:00,39.88124097327616,116.589970870105,pm25,105.13810183228885,µg/m³,demo,demo,demo
2025-10-14 07:28:03.054331+00:00,39.76836894766345,116.34246114410283,pm25,103.99228747116082,µg/m³,demo,demo,demo
2025-10-14 07:28:03.054331+00:00,39.8382432458822,116.46456223689442,pm25,111.54970110320097,µg/m³,demo,demo,demo
2025-10-14 07:28:03.054331+00:00,39.95728077420844,116.44088423590436,pm25,98.48680908155202,µg/m³,demo,demo,demo
2025-10-14 07:28:03.054331+00:00,39.81067471167456,116.23286136919371,pm25,103.26555469755122,µg/m³,demo,demo,demo
2025-10-14 07:28:03.054331+00:00,39.96114487241394,116.43433363698743,pm25,140.81839190544122,µg/m³,demo,demo,demo
2025-10-14 07:28:03.054331+00:00,40.018850494675455,116.21864986895568,pm25,103.63645205497092,µg/m³,demo,demo,demo
2025-10-14 07:28:03.054331+00:00,39.95183299101911,116.3942320311472,pm25,114.02491102102853,µg/m³,demo,demo,demo
2025-10-14 07:28:03.054331+00:00,39.88771461587994,116.41487531936214,pm25,108.64035173506498,µg/m³,demo,demo,demo
2025-10-14 07:28:03.054331+00:00,39.85629403820512,116.5807990444296,pm25,107.78748615121279,µg/m³,demo,demo,demo
2025-10-14 07:28:03.054331+00:00,39.728948115677305,116.2728534981552,pm25,94.220009067884,µg/m³,demo,demo,demo
2025-10-14 07:28:03.054331+00:00,40.006494178308586,116.21943785407905,pm25,111.48108333185317,µg/m³,demo,demo,demo
2025-10-14 07:28:03.054331+00:00,40.082182232402886,116.450796739518,pm25,104.53092365046523,µg/m³,demo,demo,demo
2025-10-14 07:28:03.054331+00:00,39.7964914821742,116.32398303295435,pm25,114.95369394195296,µg/m³,demo,demo,demo
2025-10-14 07:28:03.054331+00:00,39.97852749362908,116.42011067583444,pm25,129.75259506486202,µg/m³,demo,demo,demo
2025-10-14 07:28:03.054331+00:00,39.94110658030489,116.30220233220882,pm25,107.34801642089184,µg/m³,demo,demo,demo
2025-10-14 07:28:03.054331+00:00,40.02509671885291,116.47614187059126,pm25,114.26527067960122,µg/m³,demo,demo,demo
2025-10-14 07:28:03.054331+00:00,39.97320052355261,116.25032834107576,pm25,92.84193289077503,µg/m³,demo,demo,demo
2025-10-14 07:28:03.054331+00:00,39.77843002661713,116.4047547701543,pm25,106.52265269212599,µg/m³,demo,demo,demo
2025-10-14 07:28:03.054331+00:00,39.75396710968651,116.50861683344793,pm25,123.73422034290093,µg/m³,demo,demo,demo
2025-10-14 07:28:03.054331+00:00,39.83472474165438,116.5568989015453,pm25,104.39428973354433,µg/m³,demo,demo,demo
2025-10-14 07:28:03.054331+00:00,39.77445133978729,116.33114079014464,pm25,97.46623903370165,µg/m³,demo,demo,demo
2025-10-14 07:28:03.054331+00:00,39.94095049720907,116.41948052692521,pm25,107.58488099087985,µg/m³,demo,demo,demo
2025-10-14 07:28:03.054331+00:00,39.735146210090825,116.58125379403405,pm25,102.88941383767627,µg/m³,demo,demo,demo
2025-10-14 07:28:03.054331+00:00,39.970113032599734,116.25537819953419,pm25,102.21645073284463,µg/m³,demo,demo,demo
2025-10-14 07:28:03.054331+00:00,40.03208567665971,116.21067624461251,so2,29.69895578673874,µg/m³,demo,demo,demo
2025-10-14 07:28:03.054331+00:00,39.9930958042973,116.4218227440943,so2,41.49471808508921,µg/m³,demo,demo,demo
2025-10-14 07:28:03.054331+00:00,40.08641341152731,116.25996827854777,so2,27.205797790115277,µg/m³,demo,demo,demo
2025-10-14 07:28:03.054331+00:00,39.89541899568723,116.31787727283164,so2,29.495682522668616,µg/m³,demo,demo,demo
2025-10-14 07:28:03.054331+00:00,39.882107516662494,116.39056224983545,so2,28.707686917455543,µg/m³,demo,demo,demo
2025-10-14 07:28:03.054331+00:00,39.91813399861441,116.30036175164679,so2,37.75944623985791,µg/m³,demo,demo,demo
2025-10-14 07:28:03.054331+00:00,39.84447669348988,116.57312759462909,so2,30.16401806600002,µg/m³,demo,demo,demo
2025-10-14 07:28:03.054331+00:00,39.72332521044332,116.32856369516203,so2,38.07951848815395,µg/m³,demo,demo,demo
2025-10-14 07:28:03.054331+00:00,39.92743732151083,116.42438411236476,so2,32.3899887745982,µg/m³,demo,demo,demo
2025-10-14 07:28:03.054331+00:00,39.85594124891836,116.58919550613341,so2,31.440161297785156,µg/m³,demo,demo,demo
2025-10-14 07:28:03.054331+00:00,39.90212867324496,116.46835708691796,so2,24.252825701484948,µg/m³,demo,demo,demo
2025-10-14 07:28:03.054331+00:00,39.97982056586267,116.35430575242898,so2,37.61304569825048,µg/m³,demo,demo,demo
2025-10-14 07:28:03.054331+00:00,39.857527269436034,116.50121774523562,so2,34.26055957308619,µg/m³,demo,demo,demo
2025-10-14 07:28:03.054331+00:00,39.76484745853685,116.27741724971949,so2,33.58057935787454,µg/m³,demo,demo,demo
2025-10-14 07:28:03.054331+00:00,40.03230396232962,116.24159089666513,so2,30.968006930155514,µg/m³,demo,demo,demo
2025-10-14 07:28:03.054331+00:00,40.07768315425685,116.21551163985099,so2,29.47154526910954,µg/m³,demo,demo,demo
2025-10-14 07:28:03.054331+00:00,39.793913729059085,116.46712350625756,so2,25.214450154169775,µg/m³,demo,demo,demo
2025-10-14 07:28:03.054331+00:00,39.9443294798672,116.46319523143137,so2,36.283539636702635,µg/m³,demo,demo,demo
2025-10-14 07:28:03.054331+00:00,39.850942381051,116.46838365951989,so2,32.899487419357726,µg/m³,demo,demo,demo
2025-10-14 07:28:03.054331+00:00,39.98075338874011,116.46935861816326,so2,29.759177819345542,µg/m³,demo,demo,demo
2025-10-14 07:28:03.054331+00:00,39.721869213052045,116.43311098654658,so2,28.40299763252073,µg/m³,demo,demo,demo
2025-10-14 07:28:03.054331+00:00,40.06776138162631,116.57670229252552,so2,32.13505696057861,µg/m³,demo,demo,demo
2025-10-14 07:28:03.054331+00:00,40.041843339307235,116.3839351791379,so2,31.10058078797156,µg/m³,demo,demo,demo
2025-10-14 07:28:03.054331+00:00,39.75548324920186,116.24933009255783,so2,39.769438275309696,µg/m³,demo,demo,demo
2025-10-14 07:28:03.054331+00:00,39.956422734791545,116.29999770296564,so2,35.42480315860171,µg/m³,demo,demo,demo
2025-10-14 07:28:03.054331+00:00,39.83224095625875,116.36334765836004,so2,28.575251398015094,µg/m³,demo,demo,demo
2025-10-14 07:28:03.054331+00:00,39.784011509173226,116.44492813068543,so2,26.027915236809967,µg/m³,demo,demo,demo
2025-10-14 07:28:03.054331+00:00,40.03899488512907,116.34309451509776,so2,30.376602615262854,µg/m³,demo,demo,demo
2025-10-14 07:28:03.054331+00:00,40.00119969625775,116.37428396310605,so2,26.998660625666705,µg/m³,demo,demo,demo
2025-10-14 07:28:03.054331+00:00,39.93087089265066,116.31743335940371,so2,31.937599079766645,µg/m³,demo,demo,demo
2025-10-14 07:28:03.054331+00:00,39.94817350216847,116.49109337632632,so2,33.57917187755082,µg/m³,demo,demo,demo
2025-10-14 07:28:03.054331+00:00,40.04788805585578,116.5380536620123,so2,34.74206651464453,µg/m³,demo,demo,demo
2025-10-14 07:28:03.054331+00:00,39.836555204702016,116.33551344522573,so2,33.64435692959239,µg/m³,demo,demo,demo
2025-10-14 07:28:03.054331+00:00,39.89720026278704,116.52014012682542,so2,30.614540190193058,µg/m³,demo,demo,demo
2025-10-14 07:28:03.054331+00:00,39.79175135891402,116.27883390410324,so2,34.57235950262851,µg/m³,demo,demo,demo
2025-10-14 07:28:03.054331+00:00,39.88124097327616,116.589970870105,so2,27.12764754191074,µg/m³,demo,demo,demo
2025-10-14 07:28:03.054331+00:00,39.76836894766345,116.34246114410283,so2,31.1847688474204,µg/m³,demo,demo,demo
2025-10-14 07:28:03.054331+00:00,39.8382432458822,116.46456223689442,so2,35.641970976958916,µg/m³,demo,demo,demo
2025-10-14 07:28:03.054331+00:00,39.95728077420844,116.44088423590436,so2,33.02241469067098,µg/m³,demo,demo,demo
2025-10-14 07:28:03.054331+00:00,39.81067471167456,116.23286136919371,so2,25.229263315528982,µg/m³,demo,demo,demo
2025-10-14 07:28:03.054331+00:00,39.96114487241394,116.43433363698743,so2,25.812301672782546,µg/m³,demo,demo,demo
2025-10-14 07:28:03.054331+00:00,40.018850494675455,116.21864986895568,so2,23.515584921128152,µg/m³,demo,demo,demo
2025-10-14 07:28:03.054331+00:00,39.95183299101911,116.3942320311472,so2,40.6141846946518,µg/m³,demo,demo,demo
2025-10-14 07:28:03.054331+00:00,39.88771461587994,116.41487531936214,so2,23.84784115171791,µg/m³,demo,demo,demo
2025-10-14 07:28:03.054331+00:00,39.85629403820512,116.5807990444296,so2,30.90872857612535,µg/m³,demo,demo,demo
2025-10-14 07:28:03.054331+00:00,39.728948115677305,116.2728534981552,so2,40.785117805957285,µg/m³,demo,demo,demo
2025-10-14 07:28:03.054331+00:00,40.006494178308586,116.21943785407905,so2,36.990457919284694,µg/m³,demo,demo,demo
2025-10-14 07:28:03.054331+00:00,40.082182232402886,116.450796739518,so2,38.19295393393929,µg/m³,demo,demo,demo
2025-10-14 07:28:03.054331+00:00,39.7964914821742,116.32398303295435,so2,29.114127146751265,µg/m³,demo,demo,demo
2025-10-14 07:28:03.054331+00:00,39.97852749362908,116.42011067583444,so2,35.30616492401088,µg/m³,demo,demo,demo
2025-10-14 07:28:03.054331+00:00,39.94110658030489,116.30220233220882,so2,46.8398049756261,µg/m³,demo,demo,demo
2025-10-14 07:28:03.054331+00:00,40.02509671885291,116.47614187059126,so2,31.431747651728976,µg/m³,demo,demo,demo
2025-10-14 07:28:03.054331+00:00,39.97320052355261,116.25032834107576,so2,33.68292179813564,µg/m³,demo,demo,demo
2025-10-14 07:28:03.054331+00:00,39.77843002661713,116.4047547701543,so2,30.040908607229206,µg/m³,demo,demo,demo
2025-10-14 07:28:03.054331+00:00,39.75396710968651,116.50861683344793,so2,31.552850504198275,µg/m³,demo,demo,demo
2025-10-14 07:28:03.054331+00:00,39.83472474165438,116.5568989015453,so2,33.489016052853,µg/m³,demo,demo,demo
2025-10-14 07:28:03.054331+00:00,39.77445133978729,116.33114079014464,so2,38.55576695669614,µg/m³,demo,demo,demo
2025-10-14 07:28:03.054331+00:00,39.94095049720907,116.41948052692521,so2,27.12151504880811,µg/m³,demo,demo,demo
2025-10-14 07:28:03.054331+00:00,39.735146210090825,116.58125379403405,so2,24.481947522957046,µg/m³,demo,demo,demo
2025-10-14 07:28:03.054331+00:00,39.970113032599734,116.25537819953419,so2,31.754371187843446,µg/m³,demo,demo,demo
2025-10-14 07:28:03.054331+00:00,40.03208567665971,116.21067624461251,no2,64.8260155489929,µg/m³,demo,demo,demo
2025-10-14 07:28:03.054331+00:00,39.9930958042973,116.4218227440943,no2,74.47556818001219,µg/m³,demo,demo,demo
2025-10-14 07:28:03.054331+00:00,40.08641341152731,116.25996827854777,no2,68.92791393748533,µg/m³,demo,demo,demo
2025-10-14 07:28:03.054331+00:00,39.89541899568723,116.31787727283164,no2,58.192921122062224,µg/m³,demo,demo,demo
2025-10-14 07:28:03.054331+00:00,39.882107516662494,116.39056224983545,no2,67.72304026800361,µg/m³,demo,demo,demo
2025-10-14 07:28:03.054331+00:00,39.91813399861441,116.30036175164679,no2,72.11891619759089,µg/m³,demo,demo,demo
2025-10-14 07:28:03.054331+00:00,39.84447669348988,116.57312759462909,no2,65.47987273782147,µg/m³,demo,demo,demo
2025-10-14 07:28:03.054331+00:00,39.72332521044332,116.32856369516203,no2,60.471716992977036,µg/m³,demo,demo,demo
2025-10-14 07:28:03.054331+00:00,39.92743732151083,116.42438411236476,no2,68.60337396504306,µg/m³,demo,demo,demo
2025-10-14 07:28:03.054331+00:00,39.85594124891836,116.58919550613341,no2,60.34987600920794,µg/m³,demo,demo,demo
2025-10-14 07:28:03.054331+00:00,39.90212867324496,116.46835708691796,no2,48.24954240562941,µg/m³,demo,demo,demo
2025-10-14 07:28:03.054331+00:00,39.97982056586267,116.35430575242898,no2,73.83201293887794,µg/m³,demo,demo,demo
2025-10-14 07:28:03.054331+00:00,39.857527269436034,116.50121774523562,no2,52.8629413088328,µg/m³,demo,demo,demo
2025-10-14 07:28:03.054331+00:00,39.76484745853685,116.27741724971949,no2,60.49846060839068,µg/m³,demo,demo,demo
2025-10-14 07:28:03.054331+00:00,40.03230396232962,116.24159089666513,no2,60.643120817439176,µg/m³,demo,demo,demo
2025-10-14 07:28:03.054331+00:00,40.07768315425685,116.21551163985099,no2,60.484329866604,µg/m³,demo,demo,demo
2025-10-14 07:28:03.054331+00:00,39.793913729059085,116.46712350625756,no2,60.8833494376874,µg/m³,demo,demo,demo
2025-10-14 07:28:03.054331+00:00,39.9443294798672,116.46319523143137,no2,51.634011268814135,µg/m³,demo,demo,demo
2025-10-14 07:28:03.054331+00:00,39.850942381051,116.46838365951989,no2,67.35679656306566,µg/m³,demo,demo,demo
2025-10-14 07:28:03.054331+00:00,39.98075338874011,116.46935861816326,no2,63.36437523718714,µg/m³,demo,demo,demo
2025-10-14 07:28:03.054331+00:00,39.721869213052045,116.43311098654658,no2,63.45412099496125,µg/m³,demo,demo,demo
2025-10-14 07:28:03.054331+00:00,40.06776138162631,116.57670229252552,no2,71.7098441021396,µg/m³,demo,demo,demo
2025-10-14 07:28:03.054331+00:00,40.041843339307235,116.3839351791379,no2,71.92729384447085,µg/m³,demo,demo,demo
2025-10-14 07:28:03.054331+00:00,39.75548324920186,116.24933009255783,no2,73.83797341353542,µg/m³,demo,demo,demo
2025-10-14 07:28:03.054331+00:00,39.956422734791545,116.29999770296564,no2,77.9284539856468,µg/m³,demo,demo,demo
2025-10-14 07:28:03.054331+00:00,39.83224095625875,116.36334765836004,no2,66.74796886004233,µg/m³,demo,demo,demo
2025-10-14 07:28:03.054331+00:00,39.784011509173226,116.44492813068543,no2,50.81604730550711,µg/m³,demo,demo,demo
2025-10-14 07:28:03.054331+00:00,40.03899488512907,116.34309451509776,no2,64.8236139418221,µg/m³,demo,demo,demo
2025-10-14 07:28:03.054331+00:00,40.00119969625775,116.37428396310605,no2,63.22428272131736,µg/m³,demo,demo,demo
2025-10-14 07:28:03.054331+00:00,39.93087089265066,116.31743335940371,no2,63.67270247102003,µg/m³,demo,demo,demo
2025-10-14 07:28:03.054331+00:00,39.94817350216847,116.49109337632632,no2,58.31788897971063,µg/m³,demo,demo,demo
2025-10-14 07:28:03.054331+00:00,40.04788805585578,116.5380536620123,no2,56.009983872580825,µg/m³,demo,demo,demo
2025-10-14 07:28:03.054331+00:00,39.836555204702016,116.33551344522573,no2,69.49238807190501,µg/m³,demo,demo,demo
2025-10-14 07:28:03.054331+00:00,39.89720026278704,116.52014012682542,no2,70.88060542403464,µg/m³,demo,demo,demo
2025-10-14 07:28:03.054331+00:00,39.79175135891402,116.27883390410324,no2,54.17867707515721,µg/m³,demo,demo,demo
2025-10-14 07:28:03.054331+00:00,39.88124097327616,116.589970870105,no2,67.43780178831099,µg/m³,demo,demo,demo
2025-10-14 07:28:03.054331+00:00,39.76836894766345,116.34246114410283,no2,61.76905301290508,µg/m³,demo,demo,demo
2025-10-14 07:28:03.054331+00:00,39.8382432458822,116.46456223689442,no2,60.018521873814635,µg/m³,demo,demo,demo
2025-10-14 07:28:03.054331+00:00,39.95728077420844,116.44088423590436,no2,68.59454384868891,µg/m³,demo,demo,demo
2025-10-14 07:28:03.054331+00:00,39.81067471167456,116.23286136919371,no2,62.708896082128256,µg/m³,demo,demo,demo
2025-10-14 07:28:03.054331+00:00,39.96114487241394,116.43433363698743,no2,58.682613317848656,µg/m³,demo,demo,demo
2025-10-14 07:28:03.054331+00:00,40.018850494675455,116.21864986895568,no2,63.55906526536551,µg/m³,demo,demo,demo
2025-10-14 07:28:03.054331+00:00,39.95183299101911,116.3942320311472,no2,47.134971596516685,µg/m³,demo,demo,demo
2025-10-14 07:28:03.054331+00:00,39.88771461587994,116.41487531936214,no2,58.36353824900407,µg/m³,demo,demo,demo
2025-10-14 07:28:03.054331+00:00,39.85629403820512,116.5807990444296,no2,59.57756283312436,µg/m³,demo,demo,demo
2025-10-14 07:28:03.054331+00:00,39.728948115677305,116.2728534981552,no2,51.9027855289272,µg/m³,demo,demo,demo
2025-10-14 07:28:03.054331+00:00,40.006494178308586,116.21943785407905,no2,64.49500811274098,µg/m³,demo,demo,demo
2025-10-14 07:28:03.054331+00:00,40.082182232402886,116.450796739518,no2,65.22002221305705,µg/m³,demo,demo,demo
2025-10-14 07:28:03.054331+00:00,39.7964914821742,116.32398303295435,no2,58.238839031444634,µg/m³,demo,demo,demo
2025-10-14 07:28:03.054331+00:00,39.97852749362908,116.42011067583444,no2,61.68384155883217,µg/m³,demo,demo,demo
2025-10-14 07:28:03.054331+00:00,39.94110658030489,116.30220233220882,no2,68.42171199549273,µg/m³,demo,demo,demo
2025-10-14 07:28:03.054331+00:00,40.02509671885291,116.47614187059126,no2,71.50719211918396,µg/m³,demo,demo,demo
2025-10-14 07:28:03.054331+00:00,39.97320052355261,116.25032834107576,no2,56.94094498615786,µg/m³,demo,demo,demo
2025-10-14 07:28:03.054331+00:00,39.77843002661713,116.4047547701543,no2,65.72638820443935,µg/m³,demo,demo,demo
2025-10-14 07:28:03.054331+00:00,39.75396710968651,116.50861683344793,no2,71.30390617988616,µg/m³,demo,demo,demo
2025-10-14 07:28:03.054331+00:00,39.83472474165438,116.5568989015453,no2,62.756948494878095,µg/m³,demo,demo,demo
2025-10-14 07:28:03.054331+00:00,39.77445133978729,116.33114079014464,no2,56.81699680026446,µg/m³,demo,demo,demo
2025-10-14 07:28:03.054331+00:00,39.94095049720907,116.41948052692521,no2,56.84732491862248,µg/m³,demo,demo,demo
2025-10-14 07:28:03.054331+00:00,39.735146210090825,116.58125379403405,no2,60.39476895717935,µg/m³,demo,demo,demo
2025-10-14 07:28:03.054331+00:00,39.970113032599734,116.25537819953419,no2,54.700404695982655,µg/m³,demo,demo,demo
2025-10-14 08:28:03.054331+00:00,40.07495481922923,116.34107149054323,pm25,111.01060798451256,µg/m³,demo,demo,demo
2025-10-14 08:28:03.054331+00:00,39.916575938080676,116.4153304702269,pm25,75.44134876984926,µg/m³,demo,demo,demo
2025-10-14 08:28:03.054331+00:00,40.09689398928546,116.56826198797125,pm25,113.16499267668614,µg/m³,demo,demo,demo
2025-10-14 08:28:03.054331+00:00,39.98637637437876,116.40304794778234,pm25,74.6733022427307,µg/m³,demo,demo,demo
2025-10-14 08:28:03.054331+00:00,40.0282677022525,116.36850676546463,pm25,97.27061590424795,µg/m³,demo,demo,demo
2025-10-14 08:28:03.054331+00:00,40.02772383603607,116.46325692469705,pm25,118.31030889147132,µg/m³,demo,demo,demo
2025-10-14 08:28:03.054331+00:00,40.0772025090761,116.38602760428759,pm25,85.78576608919491,µg/m³,demo,demo,demo
2025-10-14 08:28:03.054331+00:00,40.08757059452255,116.23803006045719,pm25,85.31385943867532,µg/m³,demo,demo,demo
2025-10-14 08:28:03.054331+00:00,39.8310597816528,116.35157610276318,pm25,102.28214400408272,µg/m³,demo,demo,demo
2025-10-14 08:28:03.054331+00:00,39.9833383481468,116.25434118847488,pm25,127.43941286833264,µg/m³,demo,demo,demo
2025-10-14 08:28:03.054331+00:00,39.903361864396295,116.56584947249863,pm25,127.06731920134786,µg/m³,demo,demo,demo
2025-10-14 08:28:03.054331+00:00,40.09150494596002,116.49635291771294,pm25,100.38010162751706,µg/m³,demo,demo,demo
2025-10-14 08:28:03.054331+00:00,39.9365197121499,116.37572419823246,pm25,119.6737646570091,µg/m³,demo,demo,demo
2025-10-14 08:28:03.054331+00:00,39.86001206420513,116.22831075905268,pm25,114.62648550524656,µg/m³,demo,demo,demo
2025-10-14 08:28:03.054331+00:00,39.71350222216899,116.245211194569,pm25,110.81127175531668,µg/m³,demo,demo,demo
2025-10-14 08:28:03.054331+00:00,39.99157902482297,116.30496624084464,pm25,111.93215084540834,µg/m³,demo,demo,demo
2025-10-14 08:28:03.054331+00:00,39.70506686938228,116.40971427702736,pm25,98.96618598437293,µg/m³,demo,demo,demo
2025-10-14 08:28:03.054331+00:00,39.959415005821974,116.24247049805383,pm25,117.28002063390502,µg/m³,demo,demo,demo
2025-10-14 08:28:03.054331+00:00,39.805995056180244,116.34515340610507,pm25,120.3991096325598,µg/m³,demo,demo,demo
2025-10-14 08:28:03.054331+00:00,39.97023532491093,116.27243477741078,pm25,140.07842430996595,µg/m³,demo,demo,demo
2025-10-14 08:28:03.054331+00:00,40.09672795311629,116.24162779528365,pm25,118.66184526939826,µg/m³,demo,demo,demo
2025-10-14 08:28:03.054331+00:00,39.839398503127896,116.24828624120792,pm25,78.22285511483662,µg/m³,demo,demo,demo
2025-10-14 08:28:03.054331+00:00,39.922871750685125,116.24823092321658,pm25,93.19427035661677,µg/m³,demo,demo,demo
2025-10-14 08:28:03.054331+00:00,39.92253246393267,116.53257360526494,pm25,111.64074796795323,µg/m³,demo,demo,demo
2025-10-14 08:28:03.054331+00:00,39.76514967533718,116.27204154262971,pm25,108.46032137501952,µg/m³,demo,demo,demo
2025-10-14 08:28:03.054331+00:00,39.995163184601076,116.24457847036793,pm25,85.30657806366573,µg/m³,demo,demo,demo
2025-10-14 08:28:03.054331+00:00,39.98122655721832,116.53233114234233,pm25,105.95189222713418,µg/m³,demo,demo,demo
2025-10-14 08:28:03.054331+00:00,40.00855767952499,116.58440441064145,pm25,103.32690049538641,µg/m³,demo,demo,demo
2025-10-14 08:28:03.054331+00:00,39.78832565706985,116.4936911236014,pm25,107.0281474175412,µg/m³,demo,demo,demo
2025-10-14 08:28:03.054331+00:00,39.7270938018167,116.22918495506492,pm25,106.15230541144462,µg/m³,demo,demo,demo
2025-10-14 08:28:03.054331+00:00,39.85749052917274,116.254091034196,pm25,118.66806703864206,µg/m³,demo,demo,demo
2025-10-14 08:28:03.054331+00:00,39.746894482911166,116.25820951782553,pm25,125.19353841068701,µg/m³,demo,demo,demo
2025-10-14 08:28:03.054331+00:00,39.81070527833308,116.23912733146041,pm25,115.82314432082467,µg/m³,demo,demo,demo
2025-10-14 08:28:03.054331+00:00,39.706787857015556,116.39221812659181,pm25,94.29593066906952,µg/m³,demo,demo,demo
2025-10-14 08:28:03.054331+00:00,39.8608995687771,116.22236711232212,pm25,97.26136837488018,µg/m³,demo,demo,demo
2025-10-14 08:28:03.054331+00:00,39.844270991553095,116.517967127761,pm25,99.67615247601451,µg/m³,demo,demo,demo
2025-10-14 08:28:03.054331+00:00,39.830492223339824,116.36429644357057,pm25,106.94815154358453,µg/m³,demo,demo,demo
2025-10-14 08:28:03.054331+00:00,39.85422392733126,116.27810981446308,pm25,102.50491333752626,µg/m³,demo,demo,demo
2025-10-14 08:28:03.054331+00:00,39.71609867021858,116.23721048948738,pm25,103.42663137252919,µg/m³,demo,demo,demo
2025-10-14 08:28:03.054331+00:00,39.873990299437864,116.42765857131388,pm25,96.55714949736479,µg/m³,demo,demo,demo
2025-10-14 08:28:03.054331+00:00,39.96148584622971,116.51123289945497,pm25,119.01854724834931,µg/m³,demo,demo,demo
2025-10-14 08:28:03.054331+00:00,39.82968417312274,116.43310300717253,pm25,117.84567206985989,µg/m³,demo,demo,demo
2025-10-14 08:28:03.054331+00:00,39.926664377847246,116.29504813827377,pm25,119.08431076893478,µg/m³,demo,demo,demo
2025-10-14 08:28:03.054331+00:00,40.02085548472131,116.52116112816181,pm25,106.6671505410715,µg/m³,demo,demo,demo
2025-10-14 08:28:03.054331+00:00,39.91004103924354,116.40578350938577,pm25,113.09003322215948,µg/m³,demo,demo,demo
2025-10-14 08:28:03.054331+00:00,40.07074480027753,116.43410914118353,pm25,96.69943738722095,µg/m³,demo,demo,demo
2025-10-14 08:28:03.054331+00:00,40.00829945325014,116.56309265481708,pm25,95.49141797715492,µg/m³,demo,demo,demo
2025-10-14 08:28:03.054331+00:00,39.92294265701961,116.47012106402167,pm25,101.10841260161467,µg/m³,demo,demo,demo
2025-10-14 08:28:03.054331+00:00,39.73348406274686,116.2466636531892,pm25,114.65370410346675,µg/m³,demo,demo,demo
2025-10-14 08:28:03.054331+00:00,39.88748244032365,116.47779032642735,pm25,105.85058359197046,µg/m³,demo,demo,demo
2025-10-14 08:28:03.054331+00:00,39.71378449433866,116.3161575861466,pm25,93.93398720808251,µg/m³,demo,demo,demo
2025-10-14 08:28:03.054331+00:00,40.08226249500833,116.51600365739499,pm25,108.75919926954877,µg/m³,demo,demo,demo
2025-10-14 08:28:03.054331+00:00,39.71846209256238,116.4249592846266,pm25,112.71772420155992,µg/m³,demo,demo,demo
2025-10-14 08:28:03.054331+00:00,39.783216909747644,116.41627375655621,pm25,109.60343483926944,µg/m³,demo,demo,demo
2025-10-14 08:28:03.054331+00:00,39.77315541526544,116.25654154623429,pm25,99.6510109947892,µg/m³,demo,demo,demo
2025-10-14 08:28:03.054331+00:00,40.04450202188514,116.21084883780983,pm25,108.42448955978956,µg/m³,demo,demo,demo
2025-10-14 08:28:03.054331+00:00,40.06306852704901,116.58992667634142,pm25,102.59275308932749,µg/m³,demo,demo,demo
2025-10-14 08:28:03.054331+00:00,39.990420031542186,116.21214318585663,pm25,103.74600450045277,µg/m³,demo,demo,demo
2025-10-14 08:28:03.054331+00:00,40.041374379973625,116.22072277858939,pm25,106.5791761162802,µg/m³,demo,demo,demo
2025-10-14 08:28:03.054331+00:00,39.80417447453585,116.38340743948568,pm25,116.69595110463426,µg/m³,demo,demo,demo
2025-10-14 08:28:03.054331+00:00,40.07495481922923,116.34107149054323,so2,41.420291809799764,µg/m³,demo,demo,demo
2025-10-14 08:28:03.054331+00:00,39.916575938080676,116.4153304702269,so2,40.087568359033355,µg/m³,demo,demo,demo
2025-10-14 08:28:03.054331+00:00,40.09689398928546,116.56826198797125,so2,35.437563772818585,µg/m³,demo,demo,demo
2025-10-14 08:28:03.054331+00:00,39.98637637437876,116.40304794778234,so2,30.29592690685817,µg/m³,demo,demo,demo
2025-10-14 08:28:03.054331+00:00,40.0282677022525,116.36850676546463,so2,30.75371305183408,µg/m³,demo,demo,demo
2025-10-14 08:28:03.054331+00:00,40.02772383603607,116.46325692469705,so2,30.968757983241595,µg/m³,demo,demo,demo
2025-10-14 08:28:03.054331+00:00,40.0772025090761,116.38602760428759,so2,38.05905165425612,µg/m³,demo,demo,demo
2025-10-14 08:28:03.054331+00:00,40.08757059452255,116.23803006045719,so2,18.47725075668685,µg/m³,demo,demo,demo
2025-10-14 08:28:03.054331+00:00,39.8310597816528,116.35157610276318,so2,33.59285636498323,µg/m³,demo,demo,demo
2025-10-14 08:28:03.054331+00:00,39.9833383481468,116.25434118847488,so2,22.341400428112898,µg/m³,demo,demo,demo
2025-10-14 08:28:03.054331+00:00,39.903361864396295,116.56584947249863,so2,32.284496678082526,µg/m³,demo,demo,demo
2025-10-14 08:28:03.054331+00:00,40.09150494596002,116.49635291771294,so2,38.926572444550985,µg/m³,demo,demo,demo
2025-10-14 08:28:03.054331+00:00,39.9365197121499,116.37572419823246,so2,27.749142527442153,µg/m³,demo,demo,demo
2025-10-14 08:28:03.054331+00:00,39.86001206420513,116.22831075905268,so2,20.88950877663388,µg/m³,demo,demo,demo
2025-10-14 08:28:03.054331+00:00,39.71350222216899,116.245211194569,so2,38.78945101685424,µg/m³,demo,demo,demo
2025-10-14 08:28:03.054331+00:00,39.99157902482297,116.30496624084464,so2,39.83295956735192,µg/m³,demo,demo,demo
2025-10-14 08:28:03.054331+00:00,39.70506686938228,116.40971427702736,so2,34.796732865138736,µg/m³,demo,demo,demo
2025-10-14 08:28:03.054331+00:00,39.959415005821974,116.24247049805383,so2,38.58018904442478,µg/m³,demo,demo,demo
2025-10-14 08:28:03.054331+00:00,39.805995056180244,116.34515340610507,so2,28.29139867616045,µg/m³,demo,demo,demo
2025-10-14 08:28:03.054331+00:00,39.97023532491093,116.27243477741078,so2,38.166922536272374,µg/m³,demo,demo,demo
2025-10-14 08:28:03.054331+00:00,40.09672795311629,116.24162779528365,so2,40.80696857622186,µg/m³,demo,demo,demo
2025-10-14 08:28:03.054331+00:00,39.839398503127896,116.24828624120792,so2,35.50474223158233,µg/m³,demo,demo,demo
2025-10-14 08:28:03.054331+00:00,39.922871750685125,116.24823092321658,so2,33.709168502030664,µg/m³,demo,demo,demo
2025-10-14 08:28:03.054331+00:00,39.92253246393267,116.53257360526494,so2,38.72028927155219,µg/m³,demo,demo,demo
2025-10-14 08:28:03.054331+00:00,39.76514967533718,116.27204154262971,so2,37.96358531609548,µg/m³,demo,demo,demo
2025-10-14 08:28:03.054331+00:00,39.995163184601076,116.24457847036793,so2,28.559710632726826,µg/m³,demo,demo,demo
2025-10-14 08:28:03.054331+00:00,39.98122655721832,116.53233114234233,so2,39.10398082048466,µg/m³,demo,demo,demo
2025-10-14 08:28:03.054331+00:00,40.00855767952499,116.58440441064145,so2,36.02694599336964,µg/m³,demo,demo,demo
2025-10-14 08:28:03.054331+00:00,39.78832565706985,116.4936911236014,so2,33.09732153510586,µg/m³,demo,demo,demo
2025-10-14 08:28:03.054331+00:00,39.7270938018167,116.22918495506492,so2,38.82244203989009,µg/m³,demo,demo,demo
2025-10-14 08:28:03.054331+00:00,39.85749052917274,116.254091034196,so2,36.93111005842003,µg/m³,demo,demo,demo
2025-10-14 08:28:03.054331+00:00,39.746894482911166,116.25820951782553,so2,36.033520153229325,µg/m³,demo,demo,demo
2025-10-14 08:28:03.054331+00:00,39.81070527833308,116.23912733146041,so2,29.76460658853885,µg/m³,demo,demo,demo
2025-10-14 08:28:03.054331+00:00,39.706787857015556,116.39221812659181,so2,36.471220677127945,µg/m³,demo,demo,demo
2025-10-14 08:28:03.054331+00:00,39.8608995687771,116.22236711232212,so2,26.761275515783375,µg/m³,demo,demo,demo
2025-10-14 08:28:03.054331+00:00,39.844270991553095,116.517967127761,so2,31.671601963435926,µg/m³,demo,demo,demo
2025-10-14 08:28:03.054331+00:00,39.830492223339824,116.36429644357057,so2,23.837541192365133,µg/m³,demo,demo,demo
2025-10-14 08:28:03.054331+00:00,39.85422392733126,116.27810981446308,so2,23.781888079265595,µg/m³,demo,demo,demo
2025-10-14 08:28:03.054331+00:00,39.71609867021858,116.23721048948738,so2,34.519128093912876,µg/m³,demo,demo,demo
2025-10-14 08:28:03.054331+00:00,39.873990299437864,116.42765857131388,so2,31.893814079498114,µg/m³,demo,demo,demo
2025-10-14 08:28:03.054331+00:00,39.96148584622971,116.51123289945497,so2,32.72761958352117,µg/m³,demo,demo,demo
2025-10-14 08:28:03.054331+00:00,39.82968417312274,116.43310300717253,so2,35.26359746103728,µg/m³,demo,demo,demo
2025-10-14 08:28:03.054331+00:00,39.926664377847246,116.29504813827377,so2,34.05376601628067,µg/m³,demo,demo,demo
2025-10-14 08:28:03.054331+00:00,40.02085548472131,116.52116112816181,so2,27.871925819782675,µg/m³,demo,demo,demo
2025-10-14 08:28:03.054331+00:00,39.91004103924354,116.40578350938577,so2,32.6710064910966,µg/m³,demo,demo,demo
2025-10-14 08:28:03.054331+00:00,40.07074480027753,116.43410914118353,so2,31.96849653766462,µg/m³,demo,demo,demo
2025-10-14 08:28:03.054331+00:00,40.00829945325014,116.56309265481708,so2,29.703995533288705,µg/m³,demo,demo,demo
2025-10-14 08:28:03.054331+00:00,39.92294265701961,116.47012106402167,so2,31.681105378490503,µg/m³,demo,demo,demo
2025-10-14 08:28:03.054331+00:00,39.73348406274686,116.2466636531892,so2,30.47676745681193,µg/m³,demo,demo,demo
2025-10-14 08:28:03.054331+00:00,39.88748244032365,116.47779032642735,so2,29.058303389082326,µg/m³,demo,demo,demo
2025-10-14 08:28:03.054331+00:00,39.71378449433866,116.3161575861466,so2,30.63254473480828,µg/m³,demo,demo,demo
2025-10-14 08:28:03.054331+00:00,40.08226249500833,116.51600365739499,so2,33.47875894027457,µg/m³,demo,demo,demo
2025-10-14 08:28:03.054331+00:00,39.71846209256238,116.4249592846266,so2,42.61997425657044,µg/m³,demo,demo,demo
2025-10-14 08:28:03.054331+00:00,39.783216909747644,116.41627375655621,so2,28.2189353373003,µg/m³,demo,demo,demo
2025-10-14 08:28:03.054331+00:00,39.77315541526544,116.25654154623429,so2,34.91343437443765,µg/m³,demo,demo,demo
2025-10-14 08:28:03.054331+00:00,40.04450202188514,116.21084883780983,so2,24.997203808915675,µg/m³,demo,demo,demo
2025-10-14 08:28:03.054331+00:00,40.06306852704901,116.58992667634142,so2,40.25397168980443,µg/m³,demo,demo,demo
2025-10-14 08:28:03.054331+00:00,39.990420031542186,116.21214318585663,so2,30.6369709356095,µg/m³,demo,demo,demo
2025-10-14 08:28:03.054331+00:00,40.041374379973625,116.22072277858939,so2,32.99822586963725,µg/m³,demo,demo,demo
2025-10-14 08:28:03.054331+00:00,39.80417447453585,116.38340743948568,so2,38.690943489558634,µg/m³,demo,demo,demo
2025-10-14 08:28:03.054331+00:00,40.07495481922923,116.34107149054323,no2,72.5091122981079,µg/m³,demo,demo,demo
2025-10-14 08:28:03.054331+00:00,39.916575938080676,116.4153304702269,no2,52.67282010987017,µg/m³,demo,demo,demo
2025-10-14 08:28:03.054331+00:00,40.09689398928546,116.56826198797125,no2,69.04923811360192,µg/m³,demo,demo,demo
2025-10-14 08:28:03.054331+00:00,39.98637637437876,116.40304794778234,no2,62.78855693798507,µg/m³,demo,demo,demo
2025-10-14 08:28:03.054331+00:00,40.0282677022525,116.36850676546463,no2,69.56068354294946,µg/m³,demo,demo,demo
2025-10-14 08:28:03.054331+00:00,40.02772383603607,116.46325692469705,no2,65.82677025620134,µg/m³,demo,demo,demo
2025-10-14 08:28:03.054331+00:00,40.0772025090761,116.38602760428759,no2,70.49600934087773,µg/m³,demo,demo,demo
2025-10-14 08:28:03.054331+00:00,40.08757059452255,116.23803006045719,no2,66.94334026267073,µg/m³,demo,demo,demo
2025-10-14 08:28:03.054331+00:00,39.8310597816528,116.35157610276318,no2,63.488860501580966,µg/m³,demo,demo,demo
2025-10-14 08:28:03.054331+00:00,39.9833383481468,116.25434118847488,no2,74.02352706559267,µg/m³,demo,demo,demo
2025-10-14 08:28:03.054331+00:00,39.903361864396295,116.56584947249863,no2,52.2553225157976,µg/m³,demo,demo,demo
2025-10-14 08:28:03.054331+00:00,40.09150494596002,116.49635291771294,no2,61.143214527308395,µg/m³,demo,demo,demo
2025-10-14 08:28:03.054331+00:00,39.9365197121499,116.37572419823246,no2,56.96290306372825,µg/m³,demo,demo,demo
2025-10-14 08:28:03.054331+00:00,39.86001206420513,116.22831075905268,no2,63.456722814689535,µg/m³,demo,demo,demo
2025-10-14 08:28:03.054331+00:00,39.71350222216899,116.245211194569,no2,61.16815331141901,µg/m³,demo,demo,demo
2025-10-14 08:28:03.054331+00:00,39.99157902482297,116.30496624084464,no2,63.42331119175701,µg/m³,demo,demo,demo
2025-10-14 08:28:03.054331+00:00,39.70506686938228,116.40971427702736,no2,60.68418956776449,µg/m³,demo,demo,demo
2025-10-14 08:28:03.054331+00:00,39.959415005821974,116.24247049805383,no2,60.85091109696475,µg/m³,demo,demo,demo
2025-10-14 08:28:03.054331+00:00,39.805995056180244,116.34515340610507,no2,51.45528227511228,µg/m³,demo,demo,demo
2025-10-14 08:28:03.054331+00:00,39.97023532491093,116.27243477741078,no2,64.30633915884752,µg/m³,demo,demo,demo
2025-10-14 08:28:03.054331+00:00,40.09672795311629,116.24162779528365,no2,67.07413443077587,µg/m³,demo,demo,demo
2025-10-14 08:28:03.054331+00:00,39.839398503127896,116.24828624120792,no2,59.83687259678341,µg/m³,demo,demo,demo
2025-10-14 08:28:03.054331+00:00,39.922871750685125,116.24823092321658,no2,59.352194661058434,µg/m³,demo,demo,demo
2025-10-14 08:28:03.054331+00:00,39.92253246393267,116.53257360526494,no2,59.45108340064166,µg/m³,demo,demo,demo
2025-10-14 08:28:03.054331+00:00,39.76514967533718,116.27204154262971,no2,78.04002238270874,µg/m³,demo,demo,demo
2025-10-14 08:28:03.054331+00:00,39.995163184601076,116.24457847036793,no2,66.1118375749948,µg/m³,demo,demo,demo
2025-10-14 08:28:03.054331+00:00,39.98122655721832,116.53233114234233,no2,67.70961227496737,µg/m³,demo,demo,demo
2025-10-14 08:28:03.054331+00:00,40.00855767952499,116.58440441064145,no2,62.204449406011705,µg/m³,demo,demo,demo
2025-10-14 08:28:03.054331+00:00,39.78832565706985,116.4936911236014,no2,60.608134540503585,µg/m³,demo,demo,demo
2025-10-14 08:28:03.054331+00:00,39.7270938018167,116.22918495506492,no2,57.579058836296696,µg/m³,demo,demo,demo
2025-10-14 08:28:03.054331+00:00,39.85749052917274,116.254091034196,no2,76.94471747967881,µg/m³,demo,demo,demo
2025-10-14 08:28:03.054331+00:00,39.746894482911166,116.25820951782553,no2,51.00425337385323,µg/m³,demo,demo,demo
2025-10-14 08:28:03.054331+00:00,39.81070527833308,116.23912733146041,no2,67.00745740337364,µg/m³,demo,demo,demo
2025-10-14 08:28:03.054331+00:00,39.706787857015556,116.39221812659181,no2,64.41536260556138,µg/m³,demo,demo,demo
2025-10-14 08:28:03.054331+00:00,39.8608995687771,116.22236711232212,no2,62.56271678666364,µg/m³,demo,demo,demo
2025-10-14 08:28:03.054331+00:00,39.844270991553095,116.517967127761,no2,52.07643492966827,µg/m³,demo,demo,demo
2025-10-14 08:28:03.054331+00:00,39.830492223339824,116.36429644357057,no2,54.72749170878181,µg/m³,demo,demo,demo
2025-10-14 08:28:03.054331+00:00,39.85422392733126,116.27810981446308,no2,72.46101293480692,µg/m³,demo,demo,demo
2025-10-14 08:28:03.054331+00:00,39.71609867021858,116.23721048948738,no2,59.05783126891697,µg/m³,demo,demo,demo
2025-10-14 08:28:03.054331+00:00,39.873990299437864,116.42765857131388,no2,71.64047779114016,µg/m³,demo,demo,demo
2025-10-14 08:28:03.054331+00:00,39.96148584622971,116.51123289945497,no2,69.9655247181534,µg/m³,demo,demo,demo
2025-10-14 08:28:03.054331+00:00,39.82968417312274,116.43310300717253,no2,69.24276464348029,µg/m³,demo,demo,demo
2025-10-14 08:28:03.054331+00:00,39.926664377847246,116.29504813827377,no2,70.69962706377089,µg/m³,demo,demo,demo
2025-10-14 08:28:03.054331+00:00,40.02085548472131,116.52116112816181,no2,54.92556249539629,µg/m³,demo,demo,demo
2025-10-14 08:28:03.054331+00:00,39.91004103924354,116.40578350938577,no2,60.815217435963184,µg/m³,demo,demo,demo
2025-10-14 08:28:03.054331+00:00,40.07074480027753,116.43410914118353,no2,70.03650147322435,µg/m³,demo,demo,demo
2025-10-14 08:28:03.054331+00:00,40.00829945325014,116.56309265481708,no2,54.50879690951466,µg/m³,demo,demo,demo
2025-10-14 08:28:03.054331+00:00,39.92294265701961,116.47012106402167,no2,77.92449737057426,µg/m³,demo,demo,demo
2025-10-14 08:28:03.054331+00:00,39.73348406274686,116.2466636531892,no2,60.130587788389875,µg/m³,demo,demo,demo
2025-10-14 08:28:03.054331+00:00,39.88748244032365,116.47779032642735,no2,64.09320445403402,µg/m³,demo,demo,demo
2025-10-14 08:28:03.054331+00:00,39.71378449433866,116.3161575861466,no2,56.40668749155698,µg/m³,demo,demo,demo
2025-10-14 08:28:03.054331+00:00,40.08226249500833,116.51600365739499,no2,67.53416548852587,µg/m³,demo,demo,demo
2025-10-14 08:28:03.054331+00:00,39.71846209256238,116.4249592846266,no2,58.737239170486674,µg/m³,demo,demo,demo
2025-10-14 08:28:03.054331+00:00,39.783216909747644,116.41627375655621,no2,62.66767641589291,µg/m³,demo,demo,demo
2025-10-14 08:28:03.054331+00:00,39.77315541526544,116.25654154623429,no2,55.49790886549628,µg/m³,demo,demo,demo
2025-10-14 08:28:03.054331+00:00,40.04450202188514,116.21084883780983,no2,74.14174896221563,µg/m³,demo,demo,demo
2025-10-14 08:28:03.054331+00:00,40.06306852704901,116.58992667634142,no2,51.54668083298986,µg/m³,demo,demo,demo
2025-10-14 08:28:03.054331+00:00,39.990420031542186,116.21214318585663,no2,68.21664851781298,µg/m³,demo,demo,demo
2025-10-14 08:28:03.054331+00:00,40.041374379973625,116.22072277858939,no2,66.50425639791997,µg/m³,demo,demo,demo
2025-10-14 08:28:03.054331+00:00,39.80417447453585,116.38340743948568,no2,68.11008827561037,µg/m³,demo,demo,demo
2025-10-14 09:28:03.054331+00:00,40.01564873955083,116.44073939218123,pm25,122.29537121935688,µg/m³,demo,demo,demo
2025-10-14 09:28:03.054331+00:00,39.76178292809765,116.57692654082204,pm25,123.55972345973201,µg/m³,demo,demo,demo
2025-10-14 09:28:03.054331+00:00,39.76835338611785,116.29858740994828,pm25,113.80549246823067,µg/m³,demo,demo,demo
2025-10-14 09:28:03.054331+00:00,40.00700000272351,116.45090207426216,pm25,109.40595591236179,µg/m³,demo,demo,demo
2025-10-14 09:28:03.054331+00:00,40.068022197680335,116.56666114028728,pm25,105.12331166451096,µg/m³,demo,demo,demo
2025-10-14 09:28:03.054331+00:00,39.76570391345918,116.35401138627476,pm25,95.9236207139718,µg/m³,demo,demo,demo
2025-10-14 09:28:03.054331+00:00,39.72330685631157,116.52755514407069,pm25,91.69194113582225,µg/m³,demo,demo,demo
2025-10-14 09:28:03.054331+00:00,40.02673601933677,116.55856238719704,pm25,126.15318532347908,µg/m³,demo,demo,demo
2025-10-14 09:28:03.054331+00:00,39.92682672286344,116.21937201426061,pm25,110.25754719708776,µg/m³,demo,demo,demo
2025-10-14 09:28:03.054331+00:00,39.7976125047617,116.31724612071619,pm25,103.84787365810175,µg/m³,demo,demo,demo
2025-10-14 09:28:03.054331+00:00,39.71872306286686,116.29745470052391,pm25,129.3776248685555,µg/m³,demo,demo,demo
2025-10-14 09:28:03.054331+00:00,39.92016235133988,116.56346966840863,pm25,122.11823249437064,µg/m³,demo,demo,demo
2025-10-14 09:28:03.054331+00:00,39.76124198008988,116.44019521867178,pm25,111.19463632142693,µg/m³,demo,demo,demo
2025-10-14 09:28:03.054331+00:00,40.060111121808895,116.24939327703657,pm25,122.56357621189127,µg/m³,demo,demo,demo
2025-10-14 09:28:03.054331+00:00,40.06212209324651,116.35263622482185,pm25,108.23190821106049,µg/m³,demo,demo,demo
2025-10-14 09:28:03.054331+00:00,39.99423799374783,116.30879096582329,pm25,114.84947303330019,µg/m³,demo,demo,demo
2025-10-14 09:28:03.054331+00:00,40.09340496540811,116.59783478799925,pm25,132.41164566741315,µg/m³,demo,demo,demo
2025-10-14 09:28:03.054331+00:00,39.82218476646707,116.55208527653187,pm25,123.28457378147776,µg/m³,demo,demo,demo
2025-10-14 09:28:03.054331+00:00,39.74736970370605,116.54034689935644,pm25,107.31396198629253,µg/m³,demo,demo,demo
2025-10-14 09:28:03.054331+00:00,39.957281947415915,116.24370279380405,pm25,118.94043648006209,µg/m³,demo,demo,demo
2025-10-14 09:28:03.054331+00:00,39.7977320688692,116.35259195505095,pm25,124.81693044823469,µg/m³,demo,demo,demo
2025-10-14 09:28:03.054331+00:00,39.97818717214144,116.37645291484976,pm25,109.24716316936802,µg/m³,demo,demo,demo
2025-10-14 09:28:03.054331+00:00,39.72930063275012,116.32910228587446,pm25,105.67042112245876,µg/m³,demo,demo,demo
2025-10-14 09:28:03.054331+00:00,39.83696732864042,116.55444589632937,pm25,133.219189115299,µg/m³,demo,demo,demo
2025-10-14 09:28:03.054331+00:00,39.96305327067889,116.38211498156127,pm25,107.19445332288667,µg/m³,demo,demo,demo
2025-10-14 09:28:03.054331+00:00,40.07477246196418,116.50584611718162,pm25,94.94921708476835,µg/m³,demo,demo,demo
2025-10-14 09:28:03.054331+00:00,39.734248482423425,116.43298980929498,pm25,112.5515260602912,µg/m³,demo,demo,demo
2025-10-14 09:28:03.054331+00:00,39.88071668963511,116.36104611546737,pm25,138.35810751744611,µg/m³,demo,demo,demo
2025-10-14 09:28:03.054331+00:00,40.07846798277868,116.23544612035843,pm25,118.52649555416075,µg/m³,demo,demo,demo
2025-10-14 09:28:03.054331+00:00,39.721511165028296,116.54254764049179,pm25,122.53421807603812,µg/m³,demo,demo,demo
2025-10-14 09:28:03.054331+00:00,39.882176117505004,116.39227165688591,pm25,85.09979647345197,µg/m³,demo,demo,demo
2025-10-14 09:28:03.054331+00:00,39.99912326676026,116.22911728983611,pm25,104.5618921727593,µg/m³,demo,demo,demo
2025-10-14 09:28:03.054331+00:00,39.89190314255555,116.39111407748698,pm25,125.74810937596617,µg/m³,demo,demo,demo
2025-10-14 09:28:03.054331+00:00,40.0410250984662,116.21800325076063,pm25,106.49345907220183,µg/m³,demo,demo,demo
2025-10-14 09:28:03.054331+00:00,39.86121898160447,116.32734214541125,pm25,127.18778644884472,µg/m³,demo,demo,demo
2025-10-14 09:28:03.054331+00:00,39.82242082712023,116.55905356938996,pm25,117.15352566738393,µg/m³,demo,demo,demo
2025-10-14 09:28:03.054331+00:00,39.71017723716227,116.33756288533912,pm25,116.23300649690187,µg/m³,demo,demo,demo
2025-10-14 09:28:03.054331+00:00,39.896924655325,116.33297175658763,pm25,131.67321716345342,µg/m³,demo,demo,demo
2025-10-14 09:28:03.054331+00:00,40.092084732227356,116.32157464028353,pm25,105.48871242730588,µg/m³,demo,demo,demo
2025-10-14 09:28:03.054331+00:00,40.06542787523741,116.42795515954954,pm25,105.93521569261138,µg/m³,demo,demo,demo
2025-10-14 09:28:03.054331+00:00,39.70030729397666,116.39959835654763,pm25,112.85463782324207,µg/m³,demo,demo,demo
2025-10-14 09:28:03.054331+00:00,39.7127516787383,116.35253862623462,pm25,114.22076344530655,µg/m³,demo,demo,demo
2025-10-14 09:28:03.054331+00:00,39.72343758494727,116.54085089079484,pm25,91.23327779173616,µg/m³,demo,demo,demo
2025-10-14 09:28:03.054331+00:00,40.043643753752846,116.3872998114184,pm25,126.3650794873837,µg/m³,demo,demo,demo
2025-10-14 09:28:03.054331+00:00,39.84571394046627,116.53500661389367,pm25,114.35997717702682,µg/m³,demo,demo,demo
2025-10-14 09:28:03.054331+00:00,39.81044466713277,116.36144004370527,pm25,109.63071308765602,µg/m³,demo,demo,demo
2025-10-14 09:28:03.054331+00:00,39.997120136808086,116.34056070665088,pm25,119.08218506241715,µg/m³,demo,demo,demo
2025-10-14 09:28:03.054331+00:00,39.835195845615644,116.27050047782484,pm25,106.87911722958536,µg/m³,demo,demo,demo
2025-10-14 09:28:03.054331+00:00,39.85319681356795,116.22703808475347,pm25,126.12904994693648,µg/m³,demo,demo,demo
2025-10-14 09:28:03.054331+00:00,39.979050783565135,116.42868409832315,pm25,112.4230297842826,µg/m³,demo,demo,demo
2025-10-14 09:28:03.054331+00:00,40.05708118090286,116.34252085515172,pm25,120.30143944413032,µg/m³,demo,demo,demo
2025-10-14 09:28:03.054331+00:00,39.7710256262796,116.25844318324668,pm25,101.01139817014237,µg/m³,demo,demo,demo
2025-10-14 09:28:03.054331+00:00,39.78139795186402,116.41066199960102,pm25,108.30733302963722,µg/m³,demo,demo,demo
2025-10-14 09:28:03.054331+00:00,39.77961475259455,116.48712477550048,pm25,116.09657605299486,µg/m³,demo,demo,demo
2025-10-14 09:28:03.054331+00:00,40.07773087728627,116.45191385518024,pm25,100.27738200447483,µg/m³,demo,demo,demo
2025-10-14 09:28:03.054331+00:00,39.923817686798685,116.207660904022,pm25,103.6922860559965,µg/m³,demo,demo,demo
2025-10-14 09:28:03.054331+00:00,40.028266664589395,116.34810849505874,pm25,110.96850819224974,µg/m³,demo,demo,demo
2025-10-14 09:28:03.054331+00:00,39.77577754952275,116.46870643459603,pm25,124.9350069362002,µg/m³,demo,demo,demo
2025-10-14 09:28:03.054331+00:00,40.04551596580513,116.3583696786072,pm25,120.70824764665542,µg/m³,demo,demo,demo
2025-10-14 09:28:03.054331+00:00,39.819340230047146,116.37578365317275,pm25,122.41611015119436,µg/m³,demo,demo,demo
2025-10-14 09:28:03.054331+00:00,40.01564873955083,116.44073939218123,so2,35.16606123936975,µg/m³,demo,demo,demo
2025-10-14 09:28:03.054331+00:00,39.76178292809765,116.57692654082204,so2,38.15473854191862,µg/m³,demo,demo,demo
2025-10-14 09:28:03.054331+00:00,39.76835338611785,116.29858740994828,so2,41.34531145467895,µg/m³,demo,demo,demo
2025-10-14 09:28:03.054331+00:00,40.00700000272351,116.45090207426216,so2,34.48000747955749,µg/m³,demo,demo,demo
2025-10-14 09:28:03.054331+00:00,40.068022197680335,116.56666114028728,so2,35.812888900819914,µg/m³,demo,demo,demo
2025-10-14 09:28:03.054331+00:00,39.76570391345918,116.35401138627476,so2,36.552183204129335,µg/m³,demo,demo,demo
2025-10-14 09:28:03.054331+00:00,39.72330685631157,116.52755514407069,so2,23.621683195477463,µg/m³,demo,demo,demo
2025-10-14 09:28:03.054331+00:00,40.02673601933677,116.55856238719704,so2,33.12763873530595,µg/m³,demo,demo,demo
2025-10-14 09:28:03.054331+00:00,39.92682672286344,116.21937201426061,so2,35.71012819575814,µg/m³,demo,demo,demo
2025-10-14 09:28:03.054331+00:00,39.7976125047617,116.31724612071619,so2,37.385732660098824,µg/m³,demo,demo,demo
2025-10-14 09:28:03.054331+00:00,39.71872306286686,116.29745470052391,so2,32.00663699536697,µg/m³,demo,demo,demo
2025-10-14 09:28:03.054331+00:00,39.92016235133988,116.56346966840863,so2,38.48310415634157,µg/m³,demo,demo,demo
2025-10-14 09:28:03.054331+00:00,39.76124198008988,116.44019521867178,so2,30.40230745276711,µg/m³,demo,demo,demo
2025-10-14 09:28:03.054331+00:00,40.060111121808895,116.24939327703657,so2,32.715578397392214,µg/m³,demo,demo,demo
2025-10-14 09:28:03.054331+00:00,40.06212209324651,116.35263622482185,so2,42.00530505381458,µg/m³,demo,demo,demo
2025-10-14 09:28:03.054331+00:00,39.99423799374783,116.30879096582329,so2,26.83281091513748,µg/m³,demo,demo,demo
2025-10-14 09:28:03.054331+00:00,40.09340496540811,116.59783478799925,so2,33.17960079384355,µg/m³,demo,demo,demo
2025-10-14 09:28:03.054331+00:00,39.82218476646707,116.55208527653187,so2,32.825189574302726,µg/m³,demo,demo,demo
2025-10-14 09:28:03.054331+00:00,39.74736970370605,116.54034689935644,so2,33.100853092796086,µg/m³,demo,demo,demo
2025-10-14 09:28:03.054331+00:00,39.957281947415915,116.24370279380405,so2,30.87498951325556,µg/m³,demo,demo,demo
2025-10-14 09:28:03.054331+00:00,39.7977320688692,116.35259195505095,so2,36.77901300226575,µg/m³,demo,demo,demo
2025-10-14 09:28:03.054331+00:00,39.97818717214144,116.37645291484976,so2,28.172776239309915,µg/m³,demo,demo,demo
2025-10-14 09:28:03.054331+00:00,39.72930063275012,116.32910228587446,so2,26.908134115443524,µg/m³,demo,demo,demo
2025-10-14 09:28:03.054331+00:00,39.83696732864042,116.55444589632937,so2,35.90026487237209,µg/m³,demo,demo,demo
2025-10-14 09:28:03.054331+00:00,39.96305327067889,116.38211498156127,so2,27.53095002864228,µg/m³,demo,demo,demo
2025-10-14 09:28:03.054331+00:00,40.07477246196418,116.50584611718162,so2,35.3507772915496,µg/m³,demo,demo,demo
2025-10-14 09:28:03.054331+00:00,39.734248482423425,116.43298980929498,so2,33.575572585936754,µg/m³,demo,demo,demo
2025-10-14 09:28:03.054331+00:00,39.88071668963511,116.36104611546737,so2,30.03217628554872,µg/m³,demo,demo,demo
2025-10-14 09:28:03.054331+00:00,40.07846798277868,116.23544612035843,so2,31.726089132530348,µg/m³,demo,demo,demo
2025-10-14 09:28:03.054331+00:00,39.721511165028296,116.54254764049179,so2,32.94487492479762,µg/m³,demo,demo,demo
2025-10-14 09:28:03.054331+00:00,39.882176117505004,116.39227165688591,so2,35.671963887515005,µg/m³,demo,demo,demo
2025-10-14 09:28:03.054331+00:00,39.99912326676026,116.22911728983611,so2,30.258936522908535,µg/m³,demo,demo,demo
2025-10-14 09:28:03.054331+00:00,39.89190314255555,116.39111407748698,so2,32.356704626657745,µg/m³,demo,demo,demo
2025-10-14 09:28:03.054331+00:00,40.0410250984662,116.21800325076063,so2,26.237587980128758,µg/m³,demo,demo,demo
2025-10-14 09:28:03.054331+00:00,39.86121898160447,116.32734214541125,so2,32.011279114558675,µg/m³,demo,demo,demo
2025-10-14 09:28:03.054331+00:00,39.82242082712023,116.55905356938996,so2,23.78521288727522,µg/m³,demo,demo,demo
2025-10-14 09:28:03.054331+00:00,39.71017723716227,116.33756288533912,so2,33.127484553087555,µg/m³,demo,demo,demo
2025-10-14 09:28:03.054331+00:00,39.896924655325,116.33297175658763,so2,31.068305844552107,µg/m³,demo,demo,demo
2025-10-14 09:28:03.054331+00:00,40.092084732227356,116.32157464028353,so2,43.78776462481901,µg/m³,demo,demo,demo
2025-10-14 09:28:03.054331+00:00,40.06542787523741,116.42795515954954,so2,39.737942049513144,µg/m³,demo,demo,demo
2025-10-14 09:28:03.054331+00:00,39.70030729397666,116.39959835654763,so2,32.557129991206665,µg/m³,demo,demo,demo
2025-10-14 09:28:03.054331+00:00,39.7127516787383,116.35253862623462,so2,38.0331081516436,µg/m³,demo,demo,demo
2025-10-14 09:28:03.054331+00:00,39.72343758494727,116.54085089079484,so2,34.70165357932682,µg/m³,demo,demo,demo
2025-10-14 09:28:03.054331+00:00,40.043643753752846,116.3872998114184,so2,27.539116041841748,µg/m³,demo,demo,demo
2025-10-14 09:28:03.054331+00:00,39.84571394046627,116.53500661389367,so2,21.148420523615297,µg/m³,demo,demo,demo
2025-10-14 09:28:03.054331+00:00,39.81044466713277,116.36144004370527,so2,38.7892028954673,µg/m³,demo,demo,demo
2025-10-14 09:28:03.054331+00:00,39.997120136808086,116.34056070665088,so2,35.18547264835664,µg/m³,demo,demo,demo
2025-10-14 09:28:03.054331+00:00,39.835195845615644,116.27050047782484,so2,23.460062958669,µg/m³,demo,demo,demo
2025-10-14 09:28:03.054331+00:00,39.85319681356795,116.22703808475347,so2,36.40300392861904,µg/m³,demo,demo,demo
2025-10-14 09:28:03.054331+00:00,39.979050783565135,116.42868409832315,so2,37.77666508643321,µg/m³,demo,demo,demo
2025-10-14 09:28:03.054331+00:00,40.05708118090286,116.34252085515172,so2,29.79016778900878,µg/m³,demo,demo,demo
2025-10-14 09:28:03.054331+00:00,39.7710256262796,116.25844318324668,so2,37.145359633110345,µg/m³,demo,demo,demo
2025-10-14 09:28:03.054331+00:00,39.78139795186402,116.41066199960102,so2,24.596698205524905,µg/m³,demo,demo,demo
2025-10-14 09:28:03.054331+00:00,39.77961475259455,116.48712477550048,so2,32.09185739179954,µg/m³,demo,demo,demo
2025-10-14 09:28:03.054331+00:00,40.07773087728627,116.45191385518024,so2,33.3566888463853,µg/m³,demo,demo,demo
2025-10-14 09:28:03.054331+00:00,39.923817686798685,116.207660904022,so2,37.08462702464603,µg/m³,demo,demo,demo
2025-10-14 09:28:03.054331+00:00,40.028266664589395,116.34810849505874,so2,35.16263709716732,µg/m³,demo,demo,demo
2025-10-14 09:28:03.054331+00:00,39.77577754952275,116.46870643459603,so2,34.27883928294453,µg/m³,demo,demo,demo
2025-10-14 09:28:03.054331+00:00,40.04551596580513,116.3583696786072,so2,35.94089872774035,µg/m³,demo,demo,demo
2025-10-14 09:28:03.054331+00:00,39.819340230047146,116.37578365317275,so2,29.891815495390304,µg/m³,demo,demo,demo
2025-10-14 09:28:03.054331+00:00,40.01564873955083,116.44073939218123,no2,78.0742441641398,µg/m³,demo,demo,demo
2025-10-14 09:28:03.054331+00:00,39.76178292809765,116.57692654082204,no2,63.52409973841104,µg/m³,demo,demo,demo
2025-10-14 09:28:03.054331+00:00,39.76835338611785,116.29858740994828,no2,72.59055298841959,µg/m³,demo,demo,demo
2025-10-14 09:28:03.054331+00:00,40.00700000272351,116.45090207426216,no2,66.20640626507345,µg/m³,demo,demo,demo
2025-10-14 09:28:03.054331+00:00,40.068022197680335,116.56666114028728,no2,64.264080155174,µg/m³,demo,demo,demo
2025-10-14 09:28:03.054331+00:00,39.76570391345918,116.35401138627476,no2,70.91168858353203,µg/m³,demo,demo,demo
2025-10-14 09:28:03.054331+00:00,39.72330685631157,116.52755514407069,no2,69.79452540007459,µg/m³,demo,demo,demo
2025-10-14 09:28:03.054331+00:00,40.02673601933677,116.55856238719704,no2,76.96475153646232,µg/m³,demo,demo,demo
2025-10-14 09:28:03.054331+00:00,39.92682672286344,116.21937201426061,no2,74.8109208102117,µg/m³,demo,demo,demo
2025-10-14 09:28:03.054331+00:00,39.7976125047617,116.31724612071619,no2,61.68164325211334,µg/m³,demo,demo,demo
2025-10-14 09:28:03.054331+00:00,39.71872306286686,116.29745470052391,no2,70.22767459523165,µg/m³,demo,demo,demo
2025-10-14 09:28:03.054331+00:00,39.92016235133988,116.56346966840863,no2,67.03748217277537,µg/m³,demo,demo,demo
2025-10-14 09:28:03.054331+00:00,39.76124198008988,116.44019521867178,no2,59.857080393757904,µg/m³,demo,demo,demo
2025-10-14 09:28:03.054331+00:00,40.060111121808895,116.24939327703657,no2,57.41838785460068,µg/m³,demo,demo,demo
2025-10-14 09:28:03.054331+00:00,40.06212209324651,116.35263622482185,no2,68.25366659943867,µg/m³,demo,demo,demo
2025-10-14 09:28:03.054331+00:00,39.99423799374783,116.30879096582329,no2,61.936440970289595,µg/m³,demo,demo,demo
2025-10-14 09:28:03.054331+00:00,40.09340496540811,116.59783478799925,no2,55.12196564920275,µg/m³,demo,demo,demo
2025-10-14 09:28:03.054331+00:00,39.82218476646707,116.55208527653187,no2,65.45244090625967,µg/m³,demo,demo,demo
2025-10-14 09:28:03.054331+00:00,39.74736970370605,116.54034689935644,no2,67.97485904511106,µg/m³,demo,demo,demo
2025-10-14 09:28:03.054331+00:00,39.957281947415915,116.24370279380405,no2,66.9993087068638,µg/m³,demo,demo,demo
2025-10-14 09:28:03.054331+00:00,39.7977320688692,116.35259195505095,no2,56.565758025930926,µg/m³,demo,demo,demo
2025-10-14 09:28:03.054331+00:00,39.97818717214144,116.37645291484976,no2,61.56035406802908,µg/m³,demo,demo,demo
2025-10-14 09:28:03.054331+00:00,39.72930063275012,116.32910228587446,no2,77.13951173376105,µg/m³,demo,demo,demo
2025-10-14 09:28:03.054331+00:00,39.83696732864042,116.55444589632937,no2,60.03237595972304,µg/m³,demo,demo,demo
2025-10-14 09:28:03.054331+00:00,39.96305327067889,116.38211498156127,no2,63.571038003590346,µg/m³,demo,demo,demo
2025-10-14 09:28:03.054331+00:00,40.07477246196418,116.50584611718162,no2,84.61382576508717,µg/m³,demo,demo,demo
2025-10-14 09:28:03.054331+00:00,39.734248482423425,116.43298980929498,no2,68.96068125635333,µg/m³,demo,demo,demo
2025-10-14 09:28:03.054331+00:00,39.88071668963511,116.36104611546737,no2,62.15335191215922,µg/m³,demo,demo,demo
2025-10-14 09:28:03.054331+00:00,40.07846798277868,116.23544612035843,no2,50.61106410357875,µg/m³,demo,demo,demo
2025-10-14 09:28:03.054331+00:00,39.721511165028296,116.54254764049179,no2,68.62288105063037,µg/m³,demo,demo,demo
2025-10-14 09:28:03.054331+00:00,39.882176117505004,116.39227165688591,no2,55.03620007113551,µg/m³,demo,demo,demo
2025-10-14 09:28:03.054331+00:00,39.99912326676026,116.22911728983611,no2,65.9362193244857,µg/m³,demo,demo,demo
2025-10-14 09:28:03.054331+00:00,39.89190314255555,116.39111407748698,no2,59.19908071392343,µg/m³,demo,demo,demo
2025-10-14 09:28:03.054331+00:00,40.0410250984662,116.21800325076063,no2,52.73767943166503,µg/m³,demo,demo,demo
2025-10-14 09:28:03.054331+00:00,39.86121898160447,116.32734214541125,no2,79.33390942656855,µg/m³,demo,demo,demo
2025-10-14 09:28:03.054331+00:00,39.82242082712023,116.55905356938996,no2,65.25667829358737,µg/m³,demo,demo,demo
2025-10-14 09:28:03.054331+00:00,39.71017723716227,116.33756288533912,no2,73.4506290716879,µg/m³,demo,demo,demo
2025-10-14 09:28:03.054331+00:00,39.896924655325,116.33297175658763,no2,72.00261521719317,µg/m³,demo,demo,demo
2025-10-14 09:28:03.054331+00:00,40.092084732227356,116.32157464028353,no2,60.24269323799212,µg/m³,demo,demo,demo
2025-10-14 09:28:03.054331+00:00,40.06542787523741,116.42795515954954,no2,66.79028147147427,µg/m³,demo,demo,demo
2025-10-14 09:28:03.054331+00:00,39.70030729397666,116.39959835654763,no2,63.21829916558616,µg/m³,demo,demo,demo
2025-10-14 09:28:03.054331+00:00,39.7127516787383,116.35253862623462,no2,73.78129546352451,µg/m³,demo,demo,demo
2025-10-14 09:28:03.054331+00:00,39.72343758494727,116.54085089079484,no2,69.50730059270124,µg/m³,demo,demo,demo
2025-10-14 09:28:03.054331+00:00,40.043643753752846,116.3872998114184,no2,63.22355935640991,µg/m³,demo,demo,demo
2025-10-14 09:28:03.054331+00:00,39.84571394046627,116.53500661389367,no2,79.32247936940055,µg/m³,demo,demo,demo
2025-10-14 09:28:03.054331+00:00,39.81044466713277,116.36144004370527,no2,70.20091974404622,µg/m³,demo,demo,demo
2025-10-14 09:28:03.054331+00:00,39.997120136808086,116.34056070665088,no2,69.74258695076051,µg/m³,demo,demo,demo
2025-10-14 09:28:03.054331+00:00,39.835195845615644,116.27050047782484,no2,59.783233921701786,µg/m³,demo,demo,demo
2025-10-14 09:28:03.054331+00:00,39.85319681356795,116.22703808475347,no2,69.30162017277122,µg/m³,demo,demo,demo
2025-10-14 09:28:03.054331+00:00,39.979050783565135,116.42868409832315,no2,54.324016937546546,µg/m³,demo,demo,demo
2025-10-14 09:28:03.054331+00:00,40.05708118090286,116.34252085515172,no2,69.73504060934393,µg/m³,demo,demo,demo
2025-10-14 09:28:03.054331+00:00,39.7710256262796,116.25844318324668,no2,58.55498401489126,µg/m³,demo,demo,demo
2025-10-14 09:28:03.054331+00:00,39.78139795186402,116.41066199960102,no2,67.50178091053495,µg/m³,demo,demo,demo
2025-10-14 09:28:03.054331+00:00,39.77961475259455,116.48712477550048,no2,63.813648813979896,µg/m³,demo,demo,demo
2025-10-14 09:28:03.054331+00:00,40.07773087728627,116.45191385518024,no2,67.85809291424123,µg/m³,demo,demo,demo
2025-10-14 09:28:03.054331+00:00,39.923817686798685,116.207660904022,no2,68.88761897710732,µg/m³,demo,demo,demo
2025-10-14 09:28:03.054331+00:00,40.028266664589395,116.34810849505874,no2,65.56164529368353,µg/m³,demo,demo,demo
2025-10-14 09:28:03.054331+00:00,39.77577754952275,116.46870643459603,no2,65.56950852598243,µg/m³,demo,demo,demo
2025-10-14 09:28:03.054331+00:00,40.04551596580513,116.3583696786072,no2,54.1091909562785,µg/m³,demo,demo,demo
2025-10-14 09:28:03.054331+00:00,39.819340230047146,116.37578365317275,no2,50.82027069415356,µg/m³,demo,demo,demo
2025-10-14 10:28:03.054331+00:00,39.83108623091092,116.37776251203464,pm25,111.78454735163088,µg/m³,demo,demo,demo
2025-10-14 10:28:03.054331+00:00,39.911125003546395,116.33064746419832,pm25,115.04996620131446,µg/m³,demo,demo,demo
2025-10-14 10:28:03.054331+00:00,39.827254627388214,116.39992423928103,pm25,115.1239644916932,µg/m³,demo,demo,demo
2025-10-14 10:28:03.054331+00:00,39.79263180648562,116.26986087085697,pm25,123.19358823555208,µg/m³,demo,demo,demo
2025-10-14 10:28:03.054331+00:00,40.080471311497476,116.39224580760384,pm25,102.33568264006537,µg/m³,demo,demo,demo
2025-10-14 10:28:03.054331+00:00,39.75307910905356,116.39844101814175,pm25,120.21899902589354,µg/m³,demo,demo,demo
2025-10-14 10:28:03.054331+00:00,39.90101111598338,116.32226632749644,pm25,113.56456657221706,µg/m³,demo,demo,demo
2025-10-14 10:28:03.054331+00:00,39.789467185963794,116.52172304828679,pm25,106.69050828967539,µg/m³,demo,demo,demo
2025-10-14 10:28:03.054331+00:00,40.024743467373476,116.40212919934774,pm25,99.82058641423373,µg/m³,demo,demo,demo
2025-10-14 10:28:03.054331+00:00,39.94764695803549,116.43784350496516,pm25,128.9973213871561,µg/m³,demo,demo,demo
2025-10-14 10:28:03.054331+00:00,39.94819831249831,116.58089623600279,pm25,114.51009188160938,µg/m³,demo,demo,demo
2025-10-14 10:28:03.054331+00:00,39.874176270135536,116.5507819638942,pm25,105.53209860594397,µg/m³,demo,demo,demo
2025-10-14 10:28:03.054331+00:00,39.88331616578378,116.45798924272898,pm25,112.53617384507731,µg/m³,demo,demo,demo
2025-10-14 10:28:03.054331+00:00,40.09687406868524,116.20212144101392,pm25,111.73170449188903,µg/m³,demo,demo,demo
2025-10-14 10:28:03.054331+00:00,39.86993109463427,116.45771692968624,pm25,105.46520744020089,µg/m³,demo,demo,demo
2025-10-14 10:28:03.054331+00:00,39.96298688318185,116.32196923494429,pm25,95.2982826294392,µg/m³,demo,demo,demo
2025-10-14 10:28:03.054331+00:00,39.7352685513672,116.2988057312912,pm25,113.49775973296254,µg/m³,demo,demo,demo
2025-10-14 10:28:03.054331+00:00,39.90983336635676,116.44210352391917,pm25,109.74682064395027,µg/m³,demo,demo,demo
2025-10-14 10:28:03.054331+00:00,40.00232862287201,116.27044825718895,pm25,108.33464899119143,µg/m³,demo,demo,demo
2025-10-14 10:28:03.054331+00:00,39.887539722996834,116.49437683003022,pm25,123.37617293691294,µg/m³,demo,demo,demo
2025-10-14 10:28:03.054331+00:00,39.99092674489214,116.5105402472279,pm25,96.10580109064163,µg/m³,demo,demo,demo
2025-10-14 10:28:03.054331+00:00,39.9657042686937,116.25513313978351,pm25,100.36120452835829,µg/m³,demo,demo,demo
2025-10-14 10:28:03.054331+00:00,39.74395594292587,116.26078654144966,pm25,113.59625471297916,µg/m³,demo,demo,demo
2025-10-14 10:28:03.054331+00:00,39.89085269987995,116.57011403116552,pm25,121.58271497589855,µg/m³,demo,demo,demo
2025-10-14 10:28:03.054331+00:00,39.71248056628022,116.21221816841295,pm25,118.94830311352504,µg/m³,demo,demo,demo
2025-10-14 10:28:03.054331+00:00,39.736377164584546,116.51924748097973,pm25,120.3249634083748,µg/m³,demo,demo,demo
2025-10-14 10:28:03.054331+00:00,39.9692907917953,116.4987660636525,pm25,85.59534346703612,µg/m³,demo,demo,demo
2025-10-14 10:28:03.054331+00:00,39.787947291663635,116.48131515686447,pm25,117.58521595363841,µg/m³,demo,demo,demo
2025-10-14 10:28:03.054331+00:00,39.72025595967651,116.21352095590525,pm25,116.64568932852892,µg/m³,demo,demo,demo
2025-10-14 10:28:03.054331+00:00,39.88735989032992,116.57673135346896,pm25,119.80492171647042,µg/m³,demo,demo,demo
2025-10-14 10:28:03.054331+00:00,39.97928498847656,116.28218736011321,pm25,103.54465090360043,µg/m³,demo,demo,demo
2025-10-14 10:28:03.054331+00:00,39.812076166865936,116.54912311861763,pm25,117.75291741761612,µg/m³,demo,demo,demo
2025-10-14 10:28:03.054331+00:00,39.77624022209823,116.40029585248439,pm25,123.60073117278537,µg/m³,demo,demo,demo
2025-10-14 10:28:03.054331+00:00,39.792319058858084,116.33025837093989,pm25,130.75662085701353,µg/m³,demo,demo,demo
2025-10-14 10:28:03.054331+00:00,39.70923557362801,116.26993366766318,pm25,114.72427953581202,µg/m³,demo,demo,demo
2025-10-14 10:28:03.054331+00:00,39.71669578899466,116.20459068529189,pm25,95.95338828120477,µg/m³,demo,demo,demo
2025-10-14 10:28:03.054331+00:00,39.884972717894165,116.29371626107894,pm25,112.37889791769227,µg/m³,demo,demo,demo
2025-10-14 10:28:03.054331+00:00,39.786159194083496,116.2465039292165,pm25,119.37607015365826,µg/m³,demo,demo,demo
2025-10-14 10:28:03.054331+00:00,39.871191976372046,116.20266252802051,pm25,117.82266677136687,µg/m³,demo,demo,demo
2025-10-14 10:28:03.054331+00:00,40.06530297861018,116.46592055919345,pm25,134.44120884413445,µg/m³,demo,demo,demo
2025-10-14 10:28:03.054331+00:00,40.021695333069054,116.59086791113975,pm25,109.36201369780937,µg/m³,demo,demo,demo
2025-10-14 10:28:03.054331+00:00,40.03069094019967,116.40576610115873,pm25,99.67255803924289,µg/m³,demo,demo,demo
2025-10-14 10:28:03.054331+00:00,40.071609446580844,116.52816726181105,pm25,104.20331855026942,µg/m³,demo,demo,demo
2025-10-14 10:28:03.054331+00:00,39.96679078239039,116.588155046911,pm25,119.53776486729336,µg/m³,demo,demo,demo
2025-10-14 10:28:03.054331+00:00,39.875081816232566,116.23229865417193,pm25,102.24839021606356,µg/m³,demo,demo,demo
2025-10-14 10:28:03.054331+00:00,39.72933432992911,116.37017276820505,pm25,99.39838837179076,µg/m³,demo,demo,demo
2025-10-14 10:28:03.054331+00:00,39.98868255007516,116.3687153642193,pm25,101.83902708500281,µg/m³,demo,demo,demo
2025-10-14 10:28:03.054331+00:00,39.74447161772262,116.29950750553019,pm25,126.09066104332602,µg/m³,demo,demo,demo
2025-10-14 10:28:03.054331+00:00,39.82135465915108,116.48702573960227,pm25,114.57966774267345,µg/m³,demo,demo,demo
2025-10-14 10:28:03.054331+00:00,39.81224344764432,116.42150111286576,pm25,107.77344931984024,µg/m³,demo,demo,demo
2025-10-14 10:28:03.054331+00:00,40.07514143384913,116.26716978957748,pm25,121.83517599650445,µg/m³,demo,demo,demo
2025-10-14 10:28:03.054331+00:00,40.04664780368816,116.57831307944794,pm25,119.91451120820554,µg/m³,demo,demo,demo
2025-10-14 10:28:03.054331+00:00,39.80183728093339,116.2477134260651,pm25,100.21280832186659,µg/m³,demo,demo,demo
2025-10-14 10:28:03.054331+00:00,39.849902012051274,116.21987322010472,pm25,121.62533537415099,µg/m³,demo,demo,demo
2025-10-14 10:28:03.054331+00:00,39.89093939882295,116.50233376498274,pm25,114.66280278210459,µg/m³,demo,demo,demo
2025-10-14 10:28:03.054331+00:00,39.719087132100185,116.37094793010986,pm25,87.33030774536775,µg/m³,demo,demo,demo
2025-10-14 10:28:03.054331+00:00,39.707692205516786,116.46103957589236,pm25,97.71532056640386,µg/m³,demo,demo,demo
2025-10-14 10:28:03.054331+00:00,39.92763955770689,116.21173121109662,pm25,114.87779290011648,µg/m³,demo,demo,demo
2025-10-14 10:28:03.054331+00:00,39.90009485843114,116.23200718208491,pm25,117.55182189225948,µg/m³,demo,demo,demo
2025-10-14 10:28:03.054331+00:00,39.951785463515535,116.31379668091807,pm25,108.38779099871313,µg/m³,demo,demo,demo
2025-10-14 10:28:03.054331+00:00,39.83108623091092,116.37776251203464,so2,28.62400514364043,µg/m³,demo,demo,demo
2025-10-14 10:28:03.054331+00:00,39.911125003546395,116.33064746419832,so2,34.783649375786915,µg/m³,demo,demo,demo
2025-10-14 10:28:03.054331+00:00,39.827254627388214,116.39992423928103,so2,24.51925220901818,µg/m³,demo,demo,demo
2025-10-14 10:28:03.054331+00:00,39.79263180648562,116.26986087085697,so2,36.311173770259494,µg/m³,demo,demo,demo
2025-10-14 10:28:03.054331+00:00,40.080471311497476,116.39224580760384,so2,32.8180424987379,µg/m³,demo,demo,demo
2025-10-14 10:28:03.054331+00:00,39.75307910905356,116.39844101814175,so2,33.43121656120455,µg/m³,demo,demo,demo
2025-10-14 10:28:03.054331+00:00,39.90101111598338,116.32226632749644,so2,30.34967895521635,µg/m³,demo,demo,demo
2025-10-14 10:28:03.054331+00:00,39.789467185963794,116.52172304828679,so2,37.66856499465809,µg/m³,demo,demo,demo
2025-10-14 10:28:03.054331+00:00,40.024743467373476,116.40212919934774,so2,22.06112475224819,µg/m³,demo,demo,demo
2025-10-14 10:28:03.054331+00:00,39.94764695803549,116.43784350496516,so2,29.289113384360167,µg/m³,demo,demo,demo
2025-10-14 10:28:03.054331+00:00,39.94819831249831,116.58089623600279,so2,36.4376711599331,µg/m³,demo,demo,demo
2025-10-14 10:28:03.054331+00:00,39.874176270135536,116.5507819638942,so2,30.105826057341407,µg/m³,demo,demo,demo
2025-10-14 10:28:03.054331+00:00,39.88331616578378,116.45798924272898,so2,40.808111635294196,µg/m³,demo,demo,demo
2025-10-14 10:28:03.054331+00:00,40.09687406868524,116.20212144101392,so2,35.68903567905629,µg/m³,demo,demo,demo
2025-10-14 10:28:03.054331+00:00,39.86993109463427,116.45771692968624,so2,29.82108594818357,µg/m³,demo,demo,demo
2025-10-14 10:28:03.054331+00:00,39.96298688318185,116.32196923494429,so2,39.07985827330154,µg/m³,demo,demo,demo
2025-10-14 10:28:03.054331+00:00,39.7352685513672,116.2988057312912,so2,33.159859922697784,µg/m³,demo,demo,demo
2025-10-14 10:28:03.054331+00:00,39.90983336635676,116.44210352391917,so2,36.49962555860185,µg/m³,demo,demo,demo
2025-10-14 10:28:03.054331+00:00,40.00232862287201,116.27044825718895,so2,30.587952369864713,µg/m³,demo,demo,demo
2025-10-14 10:28:03.054331+00:00,39.887539722996834,116.49437683003022,so2,30.67422960707487,µg/m³,demo,demo,demo
2025-10-14 10:28:03.054331+00:00,39.99092674489214,116.5105402472279,so2,37.1562246072262,µg/m³,demo,demo,demo
2025-10-14 10:28:03.054331+00:00,39.9657042686937,116.25513313978351,so2,34.15336796342818,µg/m³,demo,demo,demo
2025-10-14 10:28:03.054331+00:00,39.74395594292587,116.26078654144966,so2,29.926978741421827,µg/m³,demo,demo,demo
2025-10-14 10:28:03.054331+00:00,39.89085269987995,116.57011403116552,so2,29.32589741696787,µg/m³,demo,demo,demo
2025-10-14 10:28:03.054331+00:00,39.71248056628022,116.21221816841295,so2,36.88445628536881,µg/m³,demo,demo,demo
2025-10-14 10:28:03.054331+00:00,39.736377164584546,116.51924748097973,so2,42.37800385272247,µg/m³,demo,demo,demo
2025-10-14 10:28:03.054331+00:00,39.9692907917953,116.4987660636525,so2,29.54848141016347,µg/m³,demo,demo,demo
2025-10-14 10:28:03.054331+00:00,39.787947291663635,116.48131515686447,so2,37.05316340773275,µg/m³,demo,demo,demo
2025-10-14 10:28:03.054331+00:00,39.72025595967651,116.21352095590525,so2,19.34135309456188,µg/m³,demo,demo,demo
2025-10-14 10:28:03.054331+00:00,39.88735989032992,116.57673135346896,so2,26.85755033221284,µg/m³,demo,demo,demo
2025-10-14 10:28:03.054331+00:00,39.97928498847656,116.28218736011321,so2,37.050472613564025,µg/m³,demo,demo,demo
2025-10-14 10:28:03.054331+00:00,39.812076166865936,116.54912311861763,so2,41.56208053708284,µg/m³,demo,demo,demo
2025-10-14 10:28:03.054331+00:00,39.77624022209823,116.40029585248439,so2,34.02895068979004,µg/m³,demo,demo,demo
2025-10-14 10:28:03.054331+00:00,39.792319058858084,116.33025837093989,so2,36.417736523465045,µg/m³,demo,demo,demo
2025-10-14 10:28:03.054331+00:00,39.70923557362801,116.26993366766318,so2,35.00777074443139,µg/m³,demo,demo,demo
2025-10-14 10:28:03.054331+00:00,39.71669578899466,116.20459068529189,so2,38.710735402320566,µg/m³,demo,demo,demo
2025-10-14 10:28:03.054331+00:00,39.884972717894165,116.29371626107894,so2,28.38043719138769,µg/m³,demo,demo,demo
2025-10-14 10:28:03.054331+00:00,39.786159194083496,116.2465039292165,so2,36.875580784602256,µg/m³,demo,demo,demo
2025-10-14 10:28:03.054331+00:00,39.871191976372046,116.20266252802051,so2,31.593065043238383,µg/m³,demo,demo,demo
2025-10-14 10:28:03.054331+00:00,40.06530297861018,116.46592055919345,so2,32.06418969734586,µg/m³,demo,demo,demo
2025-10-14 10:28:03.054331+00:00,40.021695333069054,116.59086791113975,so2,33.71614165481426,µg/m³,demo,demo,demo
2025-10-14 10:28:03.054331+00:00,40.03069094019967,116.40576610115873,so2,32.726259450957606,µg/m³,demo,demo,demo
2025-10-14 10:28:03.054331+00:00,40.071609446580844,116.52816726181105,so2,29.94875599926226,µg/m³,demo,demo,demo
2025-10-14 10:28:03.054331+00:00,39.96679078239039,116.588155046911,so2,32.480971931987916,µg/m³,demo,demo,demo
2025-10-14 10:28:03.054331+00:00,39.875081816232566,116.23229865417193,so2,29.07162739871994,µg/m³,demo,demo,demo
2025-10-14 10:28:03.054331+00:00,39.72933432992911,116.37017276820505,so2,41.0590998553951,µg/m³,demo,demo,demo
2025-10-14 10:28:03.054331+00:00,39.98868255007516,116.3687153642193,so2,37.201682810651064,µg/m³,demo,demo,demo
2025-10-14 10:28:03.054331+00:00,39.74447161772262,116.29950750553019,so2,31.70530387152627,µg/m³,demo,demo,demo
2025-10-14 10:28:03.054331+00:00,39.82135465915108,116.48702573960227,so2,41.602635166993934,µg/m³,demo,demo,demo
2025-10-14 10:28:03.054331+00:00,39.81224344764432,116.42150111286576,so2,40.100320020393724,µg/m³,demo,demo,demo
2025-10-14 10:28:03.054331+00:00,40.07514143384913,116.26716978957748,so2,36.16019353077572,µg/m³,demo,demo,demo
2025-10-14 10:28:03.054331+00:00,40.04664780368816,116.57831307944794,so2,31.11198501067107,µg/m³,demo,demo,demo
2025-10-14 10:28:03.054331+00:00,39.80183728093339,116.2477134260651,so2,35.02697488515955,µg/m³,demo,demo,demo
2025-10-14 10:28:03.054331+00:00,39.849902012051274,116.21987322010472,so2,36.580182346967376,µg/m³,demo,demo,demo
2025-10-14 10:28:03.054331+00:00,39.89093939882295,116.50233376498274,so2,40.619200716397316,µg/m³,demo,demo,demo
2025-10-14 10:28:03.054331+00:00,39.719087132100185,116.37094793010986,so2,32.86577534081394,µg/m³,demo,demo,demo
2025-10-14 10:28:03.054331+00:00,39.707692205516786,116.46103957589236,so2,30.958571086034052,µg/m³,demo,demo,demo
2025-10-14 10:28:03.054331+00:00,39.92763955770689,116.21173121109662,so2,45.08108791427152,µg/m³,demo,demo,demo
2025-10-14 10:28:03.054331+00:00,39.90009485843114,116.23200718208491,so2,40.611476666417595,µg/m³,demo,demo,demo
2025-10-14 10:28:03.054331+00:00,39.951785463515535,116.31379668091807,so2,35.30239085777307,µg/m³,demo,demo,demo
2025-10-14 10:28:03.054331+00:00,39.83108623091092,116.37776251203464,no2,60.13828591701601,µg/m³,demo,demo,demo
2025-10-14 10:28:03.054331+00:00,39.911125003546395,116.33064746419832,no2,71.2624768992061,µg/m³,demo,demo,demo
2025-10-14 10:28:03.054331+00:00,39.827254627388214,116.39992423928103,no2,76.24970284239322,µg/m³,demo,demo,demo
2025-10-14 10:28:03.054331+00:00,39.79263180648562,116.26986087085697,no2,73.37905133500428,µg/m³,demo,demo,demo
2025-10-14 10:28:03.054331+00:00,40.080471311497476,116.39224580760384,no2,73.92627597114114,µg/m³,demo,demo,demo
2025-10-14 10:28:03.054331+00:00,39.75307910905356,116.39844101814175,no2,67.75395594110496,µg/m³,demo,demo,demo
2025-10-14 10:28:03.054331+00:00,39.90101111598338,116.32226632749644,no2,76.40466129875774,µg/m³,demo,demo,demo
2025-10-14 10:28:03.054331+00:00,39.789467185963794,116.52172304828679,no2,62.638622463111254,µg/m³,demo,demo,demo
2025-10-14 10:28:03.054331+00:00,40.024743467373476,116.40212919934774,no2,63.928945558942345,µg/m³,demo,demo,demo
2025-10-14 10:28:03.054331+00:00,39.94764695803549,116.43784350496516,no2,63.45042606890795,µg/m³,demo,demo,demo
2025-10-14 10:28:03.054331+00:00,39.94819831249831,116.58089623600279,no2,62.299656236594075,µg/m³,demo,demo,demo
2025-10-14 10:28:03.054331+00:00,39.874176270135536,116.5507819638942,no2,82.81880493202902,µg/m³,demo,demo,demo
2025-10-14 10:28:03.054331+00:00,39.88331616578378,116.45798924272898,no2,53.996097878341104,µg/m³,demo,demo,demo
2025-10-14 10:28:03.054331+00:00,40.09687406868524,116.20212144101392,no2,69.26204863164502,µg/m³,demo,demo,demo
2025-10-14 10:28:03.054331+00:00,39.86993109463427,116.45771692968624,no2,59.590235599512,µg/m³,demo,demo,demo
2025-10-14 10:28:03.054331+00:00,39.96298688318185,116.32196923494429,no2,57.540382064582985,µg/m³,demo,demo,demo
2025-10-14 10:28:03.054331+00:00,39.7352685513672,116.2988057312912,no2,68.17045567957459,µg/m³,demo,demo,demo
2025-10-14 10:28:03.054331+00:00,39.90983336635676,116.44210352391917,no2,54.97190076708234,µg/m³,demo,demo,demo
2025-10-14 10:28:03.054331+00:00,40.00232862287201,116.27044825718895,no2,66.64244586411375,µg/m³,demo,demo,demo
2025-10-14 10:28:03.054331+00:00,39.887539722996834,116.49437683003022,no2,85.51826632883163,µg/m³,demo,demo,demo
2025-10-14 10:28:03.054331+00:00,39.99092674489214,116.5105402472279,no2,66.467263889239,µg/m³,demo,demo,demo
2025-10-14 10:28:03.054331+00:00,39.9657042686937,116.25513313978351,no2,70.96754329252732,µg/m³,demo,demo,demo
2025-10-14 10:28:03.054331+00:00,39.74395594292587,116.26078654144966,no2,60.60909891716766,µg/m³,demo,demo,demo
2025-10-14 10:28:03.054331+00:00,39.89085269987995,116.57011403116552,no2,71.15283735085285,µg/m³,demo,demo,demo
2025-10-14 10:28:03.054331+00:00,39.71248056628022,116.21221816841295,no2,55.5108940271881,µg/m³,demo,demo,demo
2025-10-14 10:28:03.054331+00:00,39.736377164584546,116.51924748097973,no2,68.82777536179722,µg/m³,demo,demo,demo
2025-10-14 10:28:03.054331+00:00,39.9692907917953,116.4987660636525,no2,66.29293634717644,µg/m³,demo,demo,demo
2025-10-14 10:28:03.054331+00:00,39.787947291663635,116.48131515686447,no2,84.48291009265495,µg/m³,demo,demo,demo
2025-10-14 10:28:03.054331+00:00,39.72025595967651,116.21352095590525,no2,66.56663467924659,µg/m³,demo,demo,demo
2025-10-14 10:28:03.054331+00:00,39.88735989032992,116.57673135346896,no2,64.35592746024794,µg/m³,demo,demo,demo
2025-10-14 10:28:03.054331+00:00,39.97928498847656,116.28218736011321,no2,62.77350764967962,µg/m³,demo,demo,demo
2025-10-14 10:28:03.054331+00:00,39.812076166865936,116.54912311861763,no2,57.684495512108484,µg/m³,demo,demo,demo
2025-10-14 10:28:03.054331+00:00,39.77624022209823,116.40029585248439,no2,73.29071103599954,µg/m³,demo,demo,demo
2025-10-14 10:28:03.054331+00:00,39.792319058858084,116.33025837093989,no2,78.68343776696612,µg/m³,demo,demo,demo
2025-10-14 10:28:03.054331+00:00,39.70923557362801,116.26993366766318,no2,64.21236844408025,µg/m³,demo,demo,demo
2025-10-14 10:28:03.054331+00:00,39.71669578899466,116.20459068529189,no2,72.798697148391,µg/m³,demo,demo,demo
2025-10-14 10:28:03.054331+00:00,39.884972717894165,116.29371626107894,no2,64.3342425866883,µg/m³,demo,demo,demo
2025-10-14 10:28:03.054331+00:00,39.786159194083496,116.2465039292165,no2,70.33875988316859,µg/m³,demo,demo,demo
2025-10-14 10:28:03.054331+00:00,39.871191976372046,116.20266252802051,no2,70.78518833330445,µg/m³,demo,demo,demo
2025-10-14 10:28:03.054331+00:00,40.06530297861018,116.46592055919345,no2,55.750190799311056,µg/m³,demo,demo,demo
2025-10-14 10:28:03.054331+00:00,40.021695333069054,116.59086791113975,no2,60.9868765312555,µg/m³,demo,demo,demo
2025-10-14 10:28:03.054331+00:00,40.03069094019967,116.40576610115873,no2,74.56170340791493,µg/m³,demo,demo,demo
2025-10-14 10:28:03.054331+00:00,40.071609446580844,116.52816726181105,no2,51.955669835972564,µg/m³,demo,demo,demo
2025-10-14 10:28:03.054331+00:00,39.96679078239039,116.588155046911,no2,67.16472732791006,µg/m³,demo,demo,demo
2025-10-14 10:28:03.054331+00:00,39.875081816232566,116.23229865417193,no2,64.36720482382731,µg/m³,demo,demo,demo
2025-10-14 10:28:03.054331+00:00,39.72933432992911,116.37017276820505,no2,59.710334170648295,µg/m³,demo,demo,demo
2025-10-14 10:28:03.054331+00:00,39.98868255007516,116.3687153642193,no2,67.49132116388172,µg/m³,demo,demo,demo
2025-10-14 10:28:03.054331+00:00,39.74447161772262,116.29950750553019,no2,69.54167619172335,µg/m³,demo,demo,demo
2025-10-14 10:28:03.054331+00:00,39.82135465915108,116.48702573960227,no2,71.37987326870913,µg/m³,demo,demo,demo
2025-10-14 10:28:03.054331+00:00,39.81224344764432,116.42150111286576,no2,46.13167468246691,µg/m³,demo,demo,demo
2025-10-14 10:28:03.054331+00:00,40.07514143384913,116.26716978957748,no2,80.46002613162143,µg/m³,demo,demo,demo
2025-10-14 10:28:03.054331+00:00,40.04664780368816,116.57831307944794,no2,63.27632573560881,µg/m³,demo,demo,demo
2025-10-14 10:28:03.054331+00:00,39.80183728093339,116.2477134260651,no2,75.38298774514448,µg/m³,demo,demo,demo
2025-10-14 10:28:03.054331+00:00,39.849902012051274,116.21987322010472,no2,66.10360236465476,µg/m³,demo,demo,demo
2025-10-14 10:28:03.054331+00:00,39.89093939882295,116.50233376498274,no2,62.434355635974676,µg/m³,demo,demo,demo
2025-10-14 10:28:03.054331+00:00,39.719087132100185,116.37094793010986,no2,66.55286916470631,µg/m³,demo,demo,demo
2025-10-14 10:28:03.054331+00:00,39.707692205516786,116.46103957589236,no2,92.35875379553403,µg/m³,demo,demo,demo
2025-10-14 10:28:03.054331+00:00,39.92763955770689,116.21173121109662,no2,79.5518504977987,µg/m³,demo,demo,demo
2025-10-14 10:28:03.054331+00:00,39.90009485843114,116.23200718208491,no2,64.28908968558406,µg/m³,demo,demo,demo
2025-10-14 10:28:03.054331+00:00,39.951785463515535,116.31379668091807,no2,68.86697164553429,µg/m³,demo,demo,demo
2025-10-14 11:28:03.054331+00:00,39.83506231535735,116.57411461221324,pm25,107.8070597523617,µg/m³,demo,demo,demo
2025-10-14 11:28:03.054331+00:00,39.71799851187954,116.57104689682484,pm25,87.78930215552532,µg/m³,demo,demo,demo
2025-10-14 11:28:03.054331+00:00,40.013295962918164,116.55365802948532,pm25,121.29378507340772,µg/m³,demo,demo,demo
2025-10-14 11:28:03.054331+00:00,39.81599009981178,116.26125296175101,pm25,110.00641475896323,µg/m³,demo,demo,demo
2025-10-14 11:28:03.054331+00:00,39.77251749002658,116.32880689687694,pm25,112.44046341066607,µg/m³,demo,demo,demo
2025-10-14 11:28:03.054331+00:00,39.96297122857018,116.57118772780642,pm25,99.41196915637306,µg/m³,demo,demo,demo
2025-10-14 11:28:03.054331+00:00,39.87602578366736,116.56794311993146,pm25,119.93046259231822,µg/m³,demo,demo,demo
2025-10-14 11:28:03.054331+00:00,39.82980192751194,116.58548027436316,pm25,120.01082109566893,µg/m³,demo,demo,demo
2025-10-14 11:28:03.054331+00:00,39.7411283132118,116.47997619250829,pm25,114.67133519599209,µg/m³,demo,demo,demo
2025-10-14 11:28:03.054331+00:00,40.09507789506228,116.48404311565581,pm25,93.42401049343195,µg/m³,demo,demo,demo
2025-10-14 11:28:03.054331+00:00,39.93735486843805,116.30089507888944,pm25,102.38339841816335,µg/m³,demo,demo,demo
2025-10-14 11:28:03.054331+00:00,39.877318732836905,116.48412586851175,pm25,112.07985465463128,µg/m³,demo,demo,demo
2025-10-14 11:28:03.054331+00:00,39.93474748764301,116.30527557664288,pm25,102.44859539078058,µg/m³,demo,demo,demo
2025-10-14 11:28:03.054331+00:00,39.881325921690156,116.53681303726472,pm25,117.12691122379486,µg/m³,demo,demo,demo
2025-10-14 11:28:03.054331+00:00,40.01570712037848,116.44196109027128,pm25,124.56669475400389,µg/m³,demo,demo,demo
2025-10-14 11:28:03.054331+00:00,40.04645058705025,116.31340227212365,pm25,103.43056862247366,µg/m³,demo,demo,demo
2025-10-14 11:28:03.054331+00:00,39.820850127120764,116.25942065804665,pm25,110.32061847452354,µg/m³,demo,demo,demo
2025-10-14 11:28:03.054331+00:00,40.072251320895624,116.24974773547548,pm25,104.27360287081763,µg/m³,demo,demo,demo
2025-10-14 11:28:03.054331+00:00,39.81809279533641,116.26123722224949,pm25,124.8717804545797,µg/m³,demo,demo,demo
2025-10-14 11:28:03.054331+00:00,39.95444981417452,116.56645829221193,pm25,123.25992370162957,µg/m³,demo,demo,demo
2025-10-14 11:28:03.054331+00:00,40.07726840567668,116.34750307439741,pm25,144.44054888811007,µg/m³,demo,demo,demo
2025-10-14 11:28:03.054331+00:00,39.97902888625072,116.42678381873411,pm25,112.58669555169557,µg/m³,demo,demo,demo
2025-10-14 11:28:03.054331+00:00,39.72151201511729,116.25880746385552,pm25,101.29308706853544,µg/m³,demo,demo,demo
2025-10-14 11:28:03.054331+00:00,39.948700371230395,116.55868452364126,pm25,117.41675610401994,µg/m³,demo,demo,demo
2025-10-14 11:28:03.054331+00:00,40.04243803296421,116.59680084378084,pm25,109.71258630558854,µg/m³,demo,demo,demo
2025-10-14 11:28:03.054331+00:00,39.72103264721784,116.40589961100626,pm25,114.79606410649443,µg/m³,demo,demo,demo
2025-10-14 11:28:03.054331+00:00,39.78030494611998,116.57999542401475,pm25,127.42977018324919,µg/m³,demo,demo,demo
2025-10-14 11:28:03.054331+00:00,39.86404139757782,116.58804546500583,pm25,109.08642853625433,µg/m³,demo,demo,demo
2025-10-14 11:28:03.054331+00:00,39.85581908415983,116.47026206748848,pm25,121.18080541680474,µg/m³,demo,demo,demo
2025-10-14 11:28:03.054331+00:00,40.09229515266404,116.25717301304539,pm25,87.10932146464725,µg/m³,demo,demo,demo
2025-10-14 11:28:03.054331+00:00,39.73433578761951,116.46404998331131,pm25,125.21174814030147,µg/m³,demo,demo,demo
2025-10-14 11:28:03.054331+00:00,39.77079739791221,116.27297190777021,pm25,114.13040170670766,µg/m³,demo,demo,demo
2025-10-14 11:28:03.054331+00:00,39.95328397665492,116.55808440007057,pm25,109.65112375699127,µg/m³,demo,demo,demo
2025-10-14 11:28:03.054331+00:00,39.74489004994807,116.55665669392,pm25,106.52585062208897,µg/m³,demo,demo,demo
2025-10-14 11:28:03.054331+00:00,39.94704165291391,116.27221859640312,pm25,129.53332802784422,µg/m³,demo,demo,demo
2025-10-14 11:28:03.054331+00:00,39.95240377771081,116.34148926489976,pm25,106.46270371838948,µg/m³,demo,demo,demo
2025-10-14 11:28:03.054331+00:00,39.92087169797241,116.47341006036301,pm25,127.76312352135785,µg/m³,demo,demo,demo
2025-10-14 11:28:03.054331+00:00,39.868773221751084,116.29603399730603,pm25,106.46951305675717,µg/m³,demo,demo,demo
2025-10-14 11:28:03.054331+00:00,39.88754692674599,116.53707719506988,pm25,113.11502618655966,µg/m³,demo,demo,demo
2025-10-14 11:28:03.054331+00:00,39.84812202813899,116.40298079464772,pm25,116.83353567975178,µg/m³,demo,demo,demo
2025-10-14 11:28:03.054331+00:00,39.85499401515288,116.4588633264352,pm25,136.87439889754813,µg/m³,demo,demo,demo
2025-10-14 11:28:03.054331+00:00,39.83919159377585,116.38200862108063,pm25,115.58021527208275,µg/m³,demo,demo,demo
2025-10-14 11:28:03.054331+00:00,39.82236759131516,116.52327503614178,pm25,115.43770642297373,µg/m³,demo,demo,demo
2025-10-14 11:28:03.054331+00:00,39.768981582299006,116.51657446315608,pm25,111.80339570721847,µg/m³,demo,demo,demo
2025-10-14 11:28:03.054331+00:00,39.924895808406305,116.52169515067379,pm25,108.99774693838145,µg/m³,demo,demo,demo
2025-10-14 11:28:03.054331+00:00,39.94258692131901,116.34606610875835,pm25,105.3456283394115,µg/m³,demo,demo,demo
2025-10-14 11:28:03.054331+00:00,39.91801445623415,116.34307216473118,pm25,134.329576794485,µg/m³,demo,demo,demo
2025-10-14 11:28:03.054331+00:00,39.903221665116185,116.29705842336374,pm25,130.27361717288974,µg/m³,demo,demo,demo
2025-10-14 11:28:03.054331+00:00,40.0243626324827,116.55980834360686,pm25,104.39188276320675,µg/m³,demo,demo,demo
2025-10-14 11:28:03.054331+00:00,40.065193912349734,116.2469984288101,pm25,114.57741260473081,µg/m³,demo,demo,demo
2025-10-14 11:28:03.054331+00:00,39.72495763609979,116.3421291889743,pm25,98.53138760115041,µg/m³,demo,demo,demo
2025-10-14 11:28:03.054331+00:00,39.86214343341747,116.21363866130778,pm25,123.95323569035544,µg/m³,demo,demo,demo
2025-10-14 11:28:03.054331+00:00,39.88809370616289,116.46233304662687,pm25,120.90894678861683,µg/m³,demo,demo,demo
2025-10-14 11:28:03.054331+00:00,39.739595810253775,116.58388182952616,pm25,114.0204750144175,µg/m³,demo,demo,demo
2025-10-14 11:28:03.054331+00:00,39.83317690714381,116.41429538697965,pm25,102.98701668330648,µg/m³,demo,demo,demo
2025-10-14 11:28:03.054331+00:00,39.86709599302689,116.21394261994784,pm25,121.86720669122757,µg/m³,demo,demo,demo
2025-10-14 11:28:03.054331+00:00,39.71621684287102,116.34106970402046,pm25,120.08383962779007,µg/m³,demo,demo,demo
2025-10-14 11:28:03.054331+00:00,39.87303947353829,116.46468694936146,pm25,110.53073551406999,µg/m³,demo,demo,demo
2025-10-14 11:28:03.054331+00:00,39.740791136951415,116.26458700930519,pm25,121.5311751754144,µg/m³,demo,demo,demo
2025-10-14 11:28:03.054331+00:00,39.86227890721173,116.40788486941831,pm25,96.55497080494227,µg/m³,demo,demo,demo
2025-10-14 11:28:03.054331+00:00,39.83506231535735,116.57411461221324,so2,30.8326585872451,µg/m³,demo,demo,demo
2025-10-14 11:28:03.054331+00:00,39.71799851187954,116.57104689682484,so2,29.069005973802355,µg/m³,demo,demo,demo
2025-10-14 11:28:03.054331+00:00,40.013295962918164,116.55365802948532,so2,34.39413199179657,µg/m³,demo,demo,demo
2025-10-14 11:28:03.054331+00:00,39.81599009981178,116.26125296175101,so2,42.163014663969136,µg/m³,demo,demo,demo
2025-10-14 11:28:03.054331+00:00,39.77251749002658,116.32880689687694,so2,34.06517022345739,µg/m³,demo,demo,demo
2025-10-14 11:28:03.054331+00:00,39.96297122857018,116.57118772780642,so2,39.50710012770585,µg/m³,demo,demo,demo
2025-10-14 11:28:03.054331+00:00,39.87602578366736,116.56794311993146,so2,33.66269684568717,µg/m³,demo,demo,demo
2025-10-14 11:28:03.054331+00:00,39.82980192751194,116.58548027436316,so2,31.78717893523227,µg/m³,demo,demo,demo
2025-10-14 11:28:03.054331+00:00,39.7411283132118,116.47997619250829,so2,38.881570671586786,µg/m³,demo,demo,demo
2025-10-14 11:28:03.054331+00:00,40.09507789506228,116.48404311565581,so2,36.52702176771603,µg/m³,demo,demo,demo
2025-10-14 11:28:03.054331+00:00,39.93735486843805,116.30089507888944,so2,40.90684140158339,µg/m³,demo,demo,demo
2025-10-14 11:28:03.054331+00:00,39.877318732836905,116.48412586851175,so2,38.680041975261034,µg/m³,demo,demo,demo
2025-10-14 11:28:03.054331+00:00,39.93474748764301,116.30527557664288,so2,29.74450529233502,µg/m³,demo,demo,demo
2025-10-14 11:28:03.054331+00:00,39.881325921690156,116.53681303726472,so2,21.06648377445798,µg/m³,demo,demo,demo
2025-10-14 11:28:03.054331+00:00,40.01570712037848,116.44196109027128,so2,34.48879674708799,µg/m³,demo,demo,demo
2025-10-14 11:28:03.054331+00:00,40.04645058705025,116.31340227212365,so2,27.917649412349075,µg/m³,demo,demo,demo
2025-10-14 11:28:03.054331+00:00,39.820850127120764,116.25942065804665,so2,26.75135501586479,µg/m³,demo,demo,demo
2025-10-14 11:28:03.054331+00:00,40.072251320895624,116.24974773547548,so2,26.391446726787215,µg/m³,demo,demo,demo
2025-10-14 11:28:03.054331+00:00,39.81809279533641,116.26123722224949,so2,30.587927427699288,µg/m³,demo,demo,demo
2025-10-14 11:28:03.054331+00:00,39.95444981417452,116.56645829221193,so2,32.792633862653716,µg/m³,demo,demo,demo
2025-10-14 11:28:03.054331+00:00,40.07726840567668,116.34750307439741,so2,33.81724768124613,µg/m³,demo,demo,demo
2025-10-14 11:28:03.054331+00:00,39.97902888625072,116.42678381873411,so2,44.012196429927826,µg/m³,demo,demo,demo
2025-10-14 11:28:03.054331+00:00,39.72151201511729,116.25880746385552,so2,27.726243843282052,µg/m³,demo,demo,demo
2025-10-14 11:28:03.054331+00:00,39.948700371230395,116.55868452364126,so2,33.7338669660768,µg/m³,demo,demo,demo
2025-10-14 11:28:03.054331+00:00,40.04243803296421,116.59680084378084,so2,27.564665674233822,µg/m³,demo,demo,demo
2025-10-14 11:28:03.054331+00:00,39.72103264721784,116.40589961100626,so2,28.807512550770284,µg/m³,demo,demo,demo
2025-10-14 11:28:03.054331+00:00,39.78030494611998,116.57999542401475,so2,34.11588762467927,µg/m³,demo,demo,demo
2025-10-14 11:28:03.054331+00:00,39.86404139757782,116.58804546500583,so2,35.873940743161825,µg/m³,demo,demo,demo
2025-10-14 11:28:03.054331+00:00,39.85581908415983,116.47026206748848,so2,27.352779860158194,µg/m³,demo,demo,demo
2025-10-14 11:28:03.054331+00:00,40.09229515266404,116.25717301304539,so2,39.49882301058293,µg/m³,demo,demo,demo
2025-10-14 11:28:03.054331+00:00,39.73433578761951,116.46404998331131,so2,29.12725676734982,µg/m³,demo,demo,demo
2025-10-14 11:28:03.054331+00:00,39.77079739791221,116.27297190777021,so2,38.568429226125374,µg/m³,demo,demo,demo
2025-10-14 11:28:03.054331+00:00,39.95328397665492,116.55808440007057,so2,33.515039632299676,µg/m³,demo,demo,demo
2025-10-14 11:28:03.054331+00:00,39.74489004994807,116.55665669392,so2,38.305418270791236,µg/m³,demo,demo,demo
2025-10-14 11:28:03.054331+00:00,39.94704165291391,116.27221859640312,so2,36.60743186618753,µg/m³,demo,demo,demo
2025-10-14 11:28:03.054331+00:00,39.95240377771081,116.34148926489976,so2,32.34076145604556,µg/m³,demo,demo,demo
2025-10-14 11:28:03.054331+00:00,39.92087169797241,116.47341006036301,so2,36.16292863916162,µg/m³,demo,demo,demo
2025-10-14 11:28:03.054331+00:00,39.868773221751084,116.29603399730603,so2,27.058529778752224,µg/m³,demo,demo,demo
2025-10-14 11:28:03.054331+00:00,39.88754692674599,116.53707719506988,so2,27.26965548107566,µg/m³,demo,demo,demo
2025-10-14 11:28:03.054331+00:00,39.84812202813899,116.40298079464772,so2,31.989162741972493,µg/m³,demo,demo,demo
2025-10-14 11:28:03.054331+00:00,39.85499401515288,116.4588633264352,so2,40.631414232831794,µg/m³,demo,demo,demo
2025-10-14 11:28:03.054331+00:00,39.83919159377585,116.38200862108063,so2,30.033211165130155,µg/m³,demo,demo,demo
2025-10-14 11:28:03.054331+00:00,39.82236759131516,116.52327503614178,so2,30.77414071236384,µg/m³,demo,demo,demo
2025-10-14 11:28:03.054331+00:00,39.768981582299006,116.51657446315608,so2,42.091139736874204,µg/m³,demo,demo,demo
2025-10-14 11:28:03.054331+00:00,39.924895808406305,116.52169515067379,so2,33.98246070070103,µg/m³,demo,demo,demo
2025-10-14 11:28:03.054331+00:00,39.94258692131901,116.34606610875835,so2,33.76908769798624,µg/m³,demo,demo,demo
2025-10-14 11:28:03.054331+00:00,39.91801445623415,116.34307216473118,so2,28.514851796405186,µg/m³,demo,demo,demo
2025-10-14 11:28:03.054331+00:00,39.903221665116185,116.29705842336374,so2,34.0677404095368,µg/m³,demo,demo,demo
2025-10-14 11:28:03.054331+00:00,40.0243626324827,116.55980834360686,so2,36.730923256880814,µg/m³,demo,demo,demo
2025-10-14 11:28:03.054331+00:00,40.065193912349734,116.2469984288101,so2,33.48415870370547,µg/m³,demo,demo,demo
2025-10-14 11:28:03.054331+00:00,39.72495763609979,116.3421291889743,so2,37.5856756857292,µg/m³,demo,demo,demo
2025-10-14 11:28:03.054331+00:00,39.86214343341747,116.21363866130778,so2,35.4071552288253,µg/m³,demo,demo,demo
2025-10-14 11:28:03.054331+00:00,39.88809370616289,116.46233304662687,so2,39.01407660727472,µg/m³,demo,demo,demo
2025-10-14 11:28:03.054331+00:00,39.739595810253775,116.58388182952616,so2,37.895756092282205,µg/m³,demo,demo,demo
2025-10-14 11:28:03.054331+00:00,39.83317690714381,116.41429538697965,so2,33.09554025594559,µg/m³,demo,demo,demo
2025-10-14 11:28:03.054331+00:00,39.86709599302689,116.21394261994784,so2,38.11013327586161,µg/m³,demo,demo,demo
2025-10-14 11:28:03.054331+00:00,39.71621684287102,116.34106970402046,so2,42.78739157898821,µg/m³,demo,demo,demo
2025-10-14 11:28:03.054331+00:00,39.87303947353829,116.46468694936146,so2,35.28122824114031,µg/m³,demo,demo,demo
2025-10-14 11:28:03.054331+00:00,39.740791136951415,116.26458700930519,so2,27.658951959953384,µg/m³,demo,demo,demo
2025-10-14 11:28:03.054331+00:00,39.86227890721173,116.40788486941831,so2,34.716717179288736,µg/m³,demo,demo,demo
2025-10-14 11:28:03.054331+00:00,39.83506231535735,116.57411461221324,no2,65.92305688547194,µg/m³,demo,demo,demo
2025-10-14 11:28:03.054331+00:00,39.71799851187954,116.57104689682484,no2,88.24580887383102,µg/m³,demo,demo,demo
2025-10-14 11:28:03.054331+00:00,40.013295962918164,116.55365802948532,no2,73.54873543481843,µg/m³,demo,demo,demo
2025-10-14 11:28:03.054331+00:00,39.81599009981178,116.26125296175101,no2,58.650520181341335,µg/m³,demo,demo,demo
2025-10-14 11:28:03.054331+00:00,39.77251749002658,116.32880689687694,no2,65.99185985557081,µg/m³,demo,demo,demo
2025-10-14 11:28:03.054331+00:00,39.96297122857018,116.57118772780642,no2,79.18594686673035,µg/m³,demo,demo,demo
2025-10-14 11:28:03.054331+00:00,39.87602578366736,116.56794311993146,no2,58.19206607092872,µg/m³,demo,demo,demo
2025-10-14 11:28:03.054331+00:00,39.82980192751194,116.58548027436316,no2,63.543640557748155,µg/m³,demo,demo,demo
2025-10-14 11:28:03.054331+00:00,39.7411283132118,116.47997619250829,no2,67.48094519203887,µg/m³,demo,demo,demo
2025-10-14 11:28:03.054331+00:00,40.09507789506228,116.48404311565581,no2,66.27707446353946,µg/m³,demo,demo,demo
2025-10-14 11:28:03.054331+00:00,39.93735486843805,116.30089507888944,no2,62.71184328374438,µg/m³,demo,demo,demo
2025-10-14 11:28:03.054331+00:00,39.877318732836905,116.48412586851175,no2,68.49771874405678,µg/m³,demo,demo,demo
2025-10-14 11:28:03.054331+00:00,39.93474748764301,116.30527557664288,no2,56.15385030379281,µg/m³,demo,demo,demo
2025-10-14 11:28:03.054331+00:00,39.881325921690156,116.53681303726472,no2,62.803320911105274,µg/m³,demo,demo,demo
2025-10-14 11:28:03.054331+00:00,40.01570712037848,116.44196109027128,no2,62.636444069585295,µg/m³,demo,demo,demo
2025-10-14 11:28:03.054331+00:00,40.04645058705025,116.31340227212365,no2,65.00828896537824,µg/m³,demo,demo,demo
2025-10-14 11:28:03.054331+00:00,39.820850127120764,116.25942065804665,no2,65.0174276194012,µg/m³,demo,demo,demo
2025-10-14 11:28:03.054331+00:00,40.072251320895624,116.24974773547548,no2,67.37764331811168,µg/m³,demo,demo,demo
2025-10-14 11:28:03.054331+00:00,39.81809279533641,116.26123722224949,no2,64.6069055167265,µg/m³,demo,demo,demo
2025-10-14 11:28:03.054331+00:00,39.95444981417452,116.56645829221193,no2,64.04072800437045,µg/m³,demo,demo,demo
2025-10-14 11:28:03.054331+00:00,40.07726840567668,116.34750307439741,no2,70.26260601247225,µg/m³,demo,demo,demo
2025-10-14 11:28:03.054331+00:00,39.97902888625072,116.42678381873411,no2,74.56602019297647,µg/m³,demo,demo,demo
2025-10-14 11:28:03.054331+00:00,39.72151201511729,116.25880746385552,no2,75.05660810822616,µg/m³,demo,demo,demo
2025-10-14 11:28:03.054331+00:00,39.948700371230395,116.55868452364126,no2,58.13909186876998,µg/m³,demo,demo,demo
2025-10-14 11:28:03.054331+00:00,40.04243803296421,116.59680084378084,no2,69.3294496372581,µg/m³,demo,demo,demo
2025-10-14 11:28:03.054331+00:00,39.72103264721784,116.40589961100626,no2,73.32329000334119,µg/m³,demo,demo,demo
2025-10-14 11:28:03.054331+00:00,39.78030494611998,116.57999542401475,no2,65.2113514477891,µg/m³,demo,demo,demo
2025-10-14 11:28:03.054331+00:00,39.86404139757782,116.58804546500583,no2,71.07975577764661,µg/m³,demo,demo,demo
2025-10-14 11:28:03.054331+00:00,39.85581908415983,116.47026206748848,no2,65.5806019704338,µg/m³,demo,demo,demo
2025-10-14 11:28:03.054331+00:00,40.09229515266404,116.25717301304539,no2,70.35078495584575,µg/m³,demo,demo,demo
2025-10-14 11:28:03.054331+00:00,39.73433578761951,116.46404998331131,no2,55.15191438220579,µg/m³,demo,demo,demo
2025-10-14 11:28:03.054331+00:00,39.77079739791221,116.27297190777021,no2,71.02081795208726,µg/m³,demo,demo,demo
2025-10-14 11:28:03.054331+00:00,39.95328397665492,116.55808440007057,no2,63.471951986752245,µg/m³,demo,demo,demo
2025-10-14 11:28:03.054331+00:00,39.74489004994807,116.55665669392,no2,61.44403648429563,µg/m³,demo,demo,demo
2025-10-14 11:28:03.054331+00:00,39.94704165291391,116.27221859640312,no2,64.92863680588927,µg/m³,demo,demo,demo
2025-10-14 11:28:03.054331+00:00,39.95240377771081,116.34148926489976,no2,75.20975758174127,µg/m³,demo,demo,demo
2025-10-14 11:28:03.054331+00:00,39.92087169797241,116.47341006036301,no2,74.86310877768453,µg/m³,demo,demo,demo
2025-10-14 11:28:03.054331+00:00,39.868773221751084,116.29603399730603,no2,69.30437314330976,µg/m³,demo,demo,demo
2025-10-14 11:28:03.054331+00:00,39.88754692674599,116.53707719506988,no2,74.22644962977613,µg/m³,demo,demo,demo
2025-10-14 11:28:03.054331+00:00,39.84812202813899,116.40298079464772,no2,64.05618689865064,µg/m³,demo,demo,demo
2025-10-14 11:28:03.054331+00:00,39.85499401515288,116.4588633264352,no2,57.35211256095561,µg/m³,demo,demo,demo
2025-10-14 11:28:03.054331+00:00,39.83919159377585,116.38200862108063,no2,52.383703888634685,µg/m³,demo,demo,demo
2025-10-14 11:28:03.054331+00:00,39.82236759131516,116.52327503614178,no2,67.05368589756966,µg/m³,demo,demo,demo
2025-10-14 11:28:03.054331+00:00,39.768981582299006,116.51657446315608,no2,66.1287126371288,µg/m³,demo,demo,demo
2025-10-14 11:28:03.054331+00:00,39.924895808406305,116.52169515067379,no2,67.58714536950016,µg/m³,demo,demo,demo
2025-10-14 11:28:03.054331+00:00,39.94258692131901,116.34606610875835,no2,67.8364569919553,µg/m³,demo,demo,demo
2025-10-14 11:28:03.054331+00:00,39.91801445623415,116.34307216473118,no2,77.04002120127448,µg/m³,demo,demo,demo
2025-10-14 11:28:03.054331+00:00,39.903221665116185,116.29705842336374,no2,59.93185015875339,µg/m³,demo,demo,demo
2025-10-14 11:28:03.054331+00:00,40.0243626324827,116.55980834360686,no2,61.09981956820801,µg/m³,demo,demo,demo
2025-10-14 11:28:03.054331+00:00,40.065193912349734,116.2469984288101,no2,82.62144107161376,µg/m³,demo,demo,demo
2025-10-14 11:28:03.054331+00:00,39.72495763609979,116.3421291889743,no2,73.43798008363588,µg/m³,demo,demo,demo
2025-10-14 11:28:03.054331+00:00,39.86214343341747,116.21363866130778,no2,64.87260491074308,µg/m³,demo,demo,demo
2025-10-14 11:28:03.054331+00:00,39.88809370616289,116.46233304662687,no2,50.97910668778805,µg/m³,demo,demo,demo
2025-10-14 11:28:03.054331+00:00,39.739595810253775,116.58388182952616,no2,60.47520080756103,µg/m³,demo,demo,demo
2025-10-14 11:28:03.054331+00:00,39.83317690714381,116.41429538697965,no2,64.39398449013159,µg/m³,demo,demo,demo
2025-10-14 11:28:03.054331+00:00,39.86709599302689,116.21394261994784,no2,66.59652177731766,µg/m³,demo,demo,demo
2025-10-14 11:28:03.054331+00:00,39.71621684287102,116.34106970402046,no2,68.78200220583246,µg/m³,demo,demo,demo
2025-10-14 11:28:03.054331+00:00,39.87303947353829,116.46468694936146,no2,65.44055090456774,µg/m³,demo,demo,demo
2025-10-14 11:28:03.054331+00:00,39.740791136951415,116.26458700930519,no2,76.42744068828637,µg/m³,demo,demo,demo
2025-10-14 11:28:03.054331+00:00,39.86227890721173,116.40788486941831,no2,57.75929772684168,µg/m³,demo,demo,demo
2025-10-14 12:28:03.054331+00:00,39.85725723576219,116.55963057407611,pm25,116.9209298438126,µg/m³,demo,demo,demo
2025-10-14 12:28:03.054331+00:00,40.017648580670944,116.53635028326384,pm25,113.94276007528862,µg/m³,demo,demo,demo
2025-10-14 12:28:03.054331+00:00,39.73364756102012,116.32762246859807,pm25,111.8213217021351,µg/m³,demo,demo,demo
2025-10-14 12:28:03.054331+00:00,39.77656803396863,116.51352094281435,pm25,118.68776097254599,µg/m³,demo,demo,demo
2025-10-14 12:28:03.054331+00:00,39.77205989844016,116.33012511083668,pm25,102.53769579234994,µg/m³,demo,demo,demo
2025-10-14 12:28:03.054331+00:00,39.89209691383109,116.45064951113619,pm25,112.69429534704676,µg/m³,demo,demo,demo
2025-10-14 12:28:03.054331+00:00,39.83155438334546,116.3999683912767,pm25,114.91542927444667,µg/m³,demo,demo,demo
2025-10-14 12:28:03.054331+00:00,39.937033964308654,116.28281942363175,pm25,126.66265537859601,µg/m³,demo,demo,demo
2025-10-14 12:28:03.054331+00:00,39.89432326136447,116.37194827106964,pm25,89.70771788532844,µg/m³,demo,demo,demo
2025-10-14 12:28:03.054331+00:00,39.83677991945515,116.36033770122087,pm25,108.21534178740228,µg/m³,demo,demo,demo
2025-10-14 12:28:03.054331+00:00,39.97400205458961,116.23175443502092,pm25,117.8369917031255,µg/m³,demo,demo,demo
2025-10-14 12:28:03.054331+00:00,39.929167786726076,116.55158391837493,pm25,105.49605309251518,µg/m³,demo,demo,demo
2025-10-14 12:28:03.054331+00:00,39.75005479965271,116.31828762319095,pm25,113.53336309818974,µg/m³,demo,demo,demo
2025-10-14 12:28:03.054331+00:00,39.85069173242254,116.32890109627498,pm25,120.68250971346956,µg/m³,demo,demo,demo
2025-10-14 12:28:03.054331+00:00,39.942045386047596,116.5815009687559,pm25,118.19869442497888,µg/m³,demo,demo,demo
2025-10-14 12:28:03.054331+00:00,39.948873252219094,116.35901912809793,pm25,91.69656135376988,µg/m³,demo,demo,demo
2025-10-14 12:28:03.054331+00:00,39.883838237693425,116.3582625886732,pm25,97.92954806256722,µg/m³,demo,demo,demo
2025-10-14 12:28:03.054331+00:00,39.77460952703465,116.5365504403636,pm25,78.49372925110029,µg/m³,demo,demo,demo
2025-10-14 12:28:03.054331+00:00,40.031857081174415,116.33818839062455,pm25,120.2793337150127,µg/m³,demo,demo,demo
2025-10-14 12:28:03.054331+00:00,39.91091081701671,116.58122460554763,pm25,114.96532922968883,µg/m³,demo,demo,demo
2025-10-14 12:28:03.054331+00:00,39.95597886144105,116.3904224565988,pm25,128.61577970176194,µg/m³,demo,demo,demo
2025-10-14 12:28:03.054331+00:00,40.046146811743164,116.35135028117298,pm25,113.05096829209317,µg/m³,demo,demo,demo
2025-10-14 12:28:03.054331+00:00,39.71836795275823,116.3274649965568,pm25,98.67108194217079,µg/m³,demo,demo,demo
2025-10-14 12:28:03.054331+00:00,39.748139397414526,116.3241069923847,pm25,125.3239300371077,µg/m³,demo,demo,demo
2025-10-14 12:28:03.054331+00:00,39.99221337488685,116.5899465262869,pm25,96.54943844798986,µg/m³,demo,demo,demo
2025-10-14 12:28:03.054331+00:00,39.74090152124063,116.39503779595826,pm25,112.38868249400295,µg/m³,demo,demo,demo
2025-10-14 12:28:03.054331+00:00,39.702119039849904,116.22687012892362,pm25,109.93007043477414,µg/m³,demo,demo,demo
2025-10-14 12:28:03.054331+00:00,40.091067219354834,116.2311537714644,pm25,121.76830232793147,µg/m³,demo,demo,demo
2025-10-14 12:28:03.054331+00:00,39.71871801956057,116.51162020398044,pm25,123.37719283130471,µg/m³,demo,demo,demo
2025-10-14 12:28:03.054331+00:00,40.04427810021912,116.55950913982333,pm25,107.32465635573266,µg/m³,demo,demo,demo
2025-10-14 12:28:03.054331+00:00,40.09220048346492,116.58393089595312,pm25,103.60548583315848,µg/m³,demo,demo,demo
2025-10-14 12:28:03.054331+00:00,39.8560876472915,116.22887754054857,pm25,111.82589475871572,µg/m³,demo,demo,demo
2025-10-14 12:28:03.054331+00:00,39.94834009572909,116.30088749469232,pm25,105.46670383029466,µg/m³,demo,demo,demo
2025-10-14 12:28:03.054331+00:00,39.745435546873296,116.5317349308002,pm25,123.87083017652516,µg/m³,demo,demo,demo
2025-10-14 12:28:03.054331+00:00,40.098702811425625,116.52926562755013,pm25,116.97747179349112,µg/m³,demo,demo,demo
2025-10-14 12:28:03.054331+00:00,40.05787907401582,116.52966194178565,pm25,129.22070663949663,µg/m³,demo,demo,demo
2025-10-14 12:28:03.054331+00:00,39.81682493627634,116.26884675707177,pm25,143.859806661417,µg/m³,demo,demo,demo
2025-10-14 12:28:03.054331+00:00,39.729744789695665,116.50526158232772,pm25,102.00809855127082,µg/m³,demo,demo,demo
2025-10-14 12:28:03.054331+00:00,40.010349413391744,116.49599809546946,pm25,105.18706944457563,µg/m³,demo,demo,demo
2025-10-14 12:28:03.054331+00:00,40.09980628372575,116.56166423221488,pm25,118.20113656070265,µg/m³,demo,demo,demo
2025-10-14 12:28:03.054331+00:00,39.75903714281498,116.37832869157309,pm25,117.27889312417946,µg/m³,demo,demo,demo
2025-10-14 12:28:03.054331+00:00,40.05762284424223,116.45959121450531,pm25,108.26939609710372,µg/m³,demo,demo,demo
2025-10-14 12:28:03.054331+00:00,40.04476285015087,116.28053902593082,pm25,91.76264266416982,µg/m³,demo,demo,demo
2025-10-14 12:28:03.054331+00:00,39.784458179662415,116.49775024656695,pm25,143.08088635425523,µg/m³,demo,demo,demo
2025-10-14 12:28:03.054331+00:00,39.77327902213998,116.20669584465138,pm25,113.45355393863326,µg/m³,demo,demo,demo
2025-10-14 12:28:03.054331+00:00,39.78033694935554,116.54293073569131,pm25,98.34985758363302,µg/m³,demo,demo,demo
2025-10-14 12:28:03.054331+00:00,39.81228839129251,116.4693635097534,pm25,83.49563676092444,µg/m³,demo,demo,demo
2025-10-14 12:28:03.054331+00:00,39.86831493309269,116.32558464056534,pm25,129.33567133322532,µg/m³,demo,demo,demo
2025-10-14 12:28:03.054331+00:00,39.783044160664105,116.27994759114422,pm25,116.41517055182666,µg/m³,demo,demo,demo
2025-10-14 12:28:03.054331+00:00,39.82834871674065,116.38875953928289,pm25,112.48175579006293,µg/m³,demo,demo,demo
2025-10-14 12:28:03.054331+00:00,39.92937888247109,116.49659780967889,pm25,99.9049727267337,µg/m³,demo,demo,demo
2025-10-14 12:28:03.054331+00:00,39.93879416578774,116.5710975019894,pm25,111.18301719927004,µg/m³,demo,demo,demo
2025-10-14 12:28:03.054331+00:00,40.0997257984445,116.58553935868308,pm25,107.73271702925133,µg/m³,demo,demo,demo
2025-10-14 12:28:03.054331+00:00,39.76102059990717,116.41622063204021,pm25,82.28404007366427,µg/m³,demo,demo,demo
2025-10-14 12:28:03.054331+00:00,40.058726852890764,116.31906359878246,pm25,144.72674735317986,µg/m³,demo,demo,demo
2025-10-14 12:28:03.054331+00:00,39.796922636352946,116.24980908738688,pm25,117.73326594637831,µg/m³,demo,demo,demo
2025-10-14 12:28:03.054331+00:00,39.78260607301236,116.4911907759447,pm25,108.28277572796662,µg/m³,demo,demo,demo
2025-10-14 12:28:03.054331+00:00,40.05440478644708,116.43829690752429,pm25,100.74562687595355,µg/m³,demo,demo,demo
2025-10-14 12:28:03.054331+00:00,39.92880198491168,116.28769833193074,pm25,105.10930610240678,µg/m³,demo,demo,demo
2025-10-14 12:28:03.054331+00:00,39.97877469495835,116.41410841529171,pm25,141.69998254392806,µg/m³,demo,demo,demo
2025-10-14 12:28:03.054331+00:00,39.85725723576219,116.55963057407611,so2,35.70162967901497,µg/m³,demo,demo,demo
2025-10-14 12:28:03.054331+00:00,40.017648580670944,116.53635028326384,so2,26.99279966080086,µg/m³,demo,demo,demo
2025-10-14 12:28:03.054331+00:00,39.73364756102012,116.32762246859807,so2,38.19600872289607,µg/m³,demo,demo,demo
2025-10-14 12:28:03.054331+00:00,39.77656803396863,116.51352094281435,so2,36.218320760001916,µg/m³,demo,demo,demo
2025-10-14 12:28:03.054331+00:00,39.77205989844016,116.33012511083668,so2,36.36321627761923,µg/m³,demo,demo,demo
2025-10-14 12:28:03.054331+00:00,39.89209691383109,116.45064951113619,so2,33.04491618556894,µg/m³,demo,demo,demo
2025-10-14 12:28:03.054331+00:00,39.83155438334546,116.3999683912767,so2,32.85457898485491,µg/m³,demo,demo,demo
2025-10-14 12:28:03.054331+00:00,39.937033964308654,116.28281942363175,so2,34.78719569827969,µg/m³,demo,demo,demo
2025-10-14 12:28:03.054331+00:00,39.89432326136447,116.37194827106964,so2,32.64709073138083,µg/m³,demo,demo,demo
2025-10-14 12:28:03.054331+00:00,39.83677991945515,116.36033770122087,so2,26.593011948369053,µg/m³,demo,demo,demo
2025-10-14 12:28:03.054331+00:00,39.97400205458961,116.23175443502092,so2,28.65550651318651,µg/m³,demo,demo,demo
2025-10-14 12:28:03.054331+00:00,39.929167786726076,116.55158391837493,so2,33.74545010635377,µg/m³,demo,demo,demo
2025-10-14 12:28:03.054331+00:00,39.75005479965271,116.31828762319095,so2,25.633947216155683,µg/m³,demo,demo,demo
2025-10-14 12:28:03.054331+00:00,39.85069173242254,116.32890109627498,so2,33.020262959420045,µg/m³,demo,demo,demo
2025-10-14 12:28:03.054331+00:00,39.942045386047596,116.5815009687559,so2,32.094666484621726,µg/m³,demo,demo,demo
2025-10-14 12:28:03.054331+00:00,39.948873252219094,116.35901912809793,so2,37.39493423966801,µg/m³,demo,demo,demo
2025-10-14 12:28:03.054331+00:00,39.883838237693425,116.3582625886732,so2,34.51265227574872,µg/m³,demo,demo,demo
2025-10-14 12:28:03.054331+00:00,39.77460952703465,116.5365504403636,so2,32.193959464891655,µg/m³,demo,demo,demo
2025-10-14 12:28:03.054331+00:00,40.031857081174415,116.33818839062455,so2,32.20352793336596,µg/m³,demo,demo,demo
2025-10-14 12:28:03.054331+00:00,39.91091081701671,116.58122460554763,so2,35.873831058654524,µg/m³,demo,demo,demo
2025-10-14 12:28:03.054331+00:00,39.95597886144105,116.3904224565988,so2,38.428534548483576,µg/m³,demo,demo,demo
2025-10-14 12:28:03.054331+00:00,40.046146811743164,116.35135028117298,so2,28.28333448310579,µg/m³,demo,demo,demo
2025-10-14 12:28:03.054331+00:00,39.71836795275823,116.3274649965568,so2,25.964136363652642,µg/m³,demo,demo,demo
2025-10-14 12:28:03.054331+00:00,39.748139397414526,116.3241069923847,so2,29.93385536784421,µg/m³,demo,demo,demo
2025-10-14 12:28:03.054331+00:00,39.99221337488685,116.5899465262869,so2,22.042607461637466,µg/m³,demo,demo,demo
2025-10-14 12:28:03.054331+00:00,39.74090152124063,116.39503779595826,so2,29.731298221433207,µg/m³,demo,demo,demo
2025-10-14 12:28:03.054331+00:00,39.702119039849904,116.22687012892362,so2,37.89575940763922,µg/m³,demo,demo,demo
2025-10-14 12:28:03.054331+00:00,40.091067219354834,116.2311537714644,so2,38.643071997547196,µg/m³,demo,demo,demo
2025-10-14 12:28:03.054331+00:00,39.71871801956057,116.51162020398044,so2,41.44636542717237,µg/m³,demo,demo,demo
2025-10-14 12:28:03.054331+00:00,40.04427810021912,116.55950913982333,so2,34.03081660240653,µg/m³,demo,demo,demo
2025-10-14 12:28:03.054331+00:00,40.09220048346492,116.58393089595312,so2,34.48198207189111,µg/m³,demo,demo,demo
2025-10-14 12:28:03.054331+00:00,39.8560876472915,116.22887754054857,so2,30.711940012232134,µg/m³,demo,demo,demo
2025-10-14 12:28:03.054331+00:00,39.94834009572909,116.30088749469232,so2,31.058395323555455,µg/m³,demo,demo,demo
2025-10-14 12:28:03.054331+00:00,39.745435546873296,116.5317349308002,so2,35.14772039837441,µg/m³,demo,demo,demo
2025-10-14 12:28:03.054331+00:00,40.098702811425625,116.52926562755013,so2,38.29088439080318,µg/m³,demo,demo,demo
2025-10-14 12:28:03.054331+00:00,40.05787907401582,116.52966194178565,so2,35.85708741885837,µg/m³,demo,demo,demo
2025-10-14 12:28:03.054331+00:00,39.81682493627634,116.26884675707177,so2,23.45753125969339,µg/m³,demo,demo,demo
2025-10-14 12:28:03.054331+00:00,39.729744789695665,116.50526158232772,so2,36.18793188778167,µg/m³,demo,demo,demo
2025-10-14 12:28:03.054331+00:00,40.010349413391744,116.49599809546946,so2,33.70275913842866,µg/m³,demo,demo,demo
2025-10-14 12:28:03.054331+00:00,40.09980628372575,116.56166423221488,so2,30.697857422095744,µg/m³,demo,demo,demo
2025-10-14 12:28:03.054331+00:00,39.75903714281498,116.37832869157309,so2,34.39373486384414,µg/m³,demo,demo,demo
2025-10-14 12:28:03.054331+00:00,40.05762284424223,116.45959121450531,so2,38.21284106863014,µg/m³,demo,demo,demo
2025-10-14 12:28:03.054331+00:00,40.04476285015087,116.28053902593082,so2,34.38875780561232,µg/m³,demo,demo,demo
2025-10-14 12:28:03.054331+00:00,39.784458179662415,116.49775024656695,so2,30.01892963088932,µg/m³,demo,demo,demo
2025-10-14 12:28:03.054331+00:00,39.77327902213998,116.20669584465138,so2,50.58587837959338,µg/m³,demo,demo,demo
2025-10-14 12:28:03.054331+00:00,39.78033694935554,116.54293073569131,so2,30.47992887827106,µg/m³,demo,demo,demo
2025-10-14 12:28:03.054331+00:00,39.81228839129251,116.4693635097534,so2,36.00858599091848,µg/m³,demo,demo,demo
2025-10-14 12:28:03.054331+00:00,39.86831493309269,116.32558464056534,so2,40.02226961852985,µg/m³,demo,demo,demo
2025-10-14 12:28:03.054331+00:00,39.783044160664105,116.27994759114422,so2,29.31512410616418,µg/m³,demo,demo,demo
2025-10-14 12:28:03.054331+00:00,39.82834871674065,116.38875953928289,so2,36.436088957097944,µg/m³,demo,demo,demo
2025-10-14 12:28:03.054331+00:00,39.92937888247109,116.49659780967889,so2,29.376976955198526,µg/m³,demo,demo,demo
2025-10-14 12:28:03.054331+00:00,39.93879416578774,116.5710975019894,so2,32.31845403745153,µg/m³,demo,demo,demo
2025-10-14 12:28:03.054331+00:00,40.0997257984445,116.58553935868308,so2,29.828616438710544,µg/m³,demo,demo,demo
2025-10-14 12:28:03.054331+00:00,39.76102059990717,116.41622063204021,so2,42.53953943416782,µg/m³,demo,demo,demo
2025-10-14 12:28:03.054331+00:00,40.058726852890764,116.31906359878246,so2,26.712664017952974,µg/m³,demo,demo,demo
2025-10-14 12:28:03.054331+00:00,39.796922636352946,116.24980908738688,so2,36.258497366742354,µg/m³,demo,demo,demo
2025-10-14 12:28:03.054331+00:00,39.78260607301236,116.4911907759447,so2,33.836340438133675,µg/m³,demo,demo,demo
2025-10-14 12:28:03.054331+00:00,40.05440478644708,116.43829690752429,so2,23.653396678309342,µg/m³,demo,demo,demo
2025-10-14 12:28:03.054331+00:00,39.92880198491168,116.28769833193074,so2,42.39982269722515,µg/m³,demo,demo,demo
2025-10-14 12:28:03.054331+00:00,39.97877469495835,116.41410841529171,so2,30.782180708712097,µg/m³,demo,demo,demo
2025-10-14 12:28:03.054331+00:00,39.85725723576219,116.55963057407611,no2,65.2313032577154,µg/m³,demo,demo,demo
2025-10-14 12:28:03.054331+00:00,40.017648580670944,116.53635028326384,no2,69.09288695167321,µg/m³,demo,demo,demo
2025-10-14 12:28:03.054331+00:00,39.73364756102012,116.32762246859807,no2,60.02145034250134,µg/m³,demo,demo,demo
2025-10-14 12:28:03.054331+00:00,39.77656803396863,116.51352094281435,no2,61.08302031210254,µg/m³,demo,demo,demo
2025-10-14 12:28:03.054331+00:00,39.77205989844016,116.33012511083668,no2,67.03945458895674,µg/m³,demo,demo,demo
2025-10-14 12:28:03.054331+00:00,39.89209691383109,116.45064951113619,no2,60.23929366436267,µg/m³,demo,demo,demo
2025-10-14 12:28:03.054331+00:00,39.83155438334546,116.3999683912767,no2,68.12963721623777,µg/m³,demo,demo,demo
2025-10-14 12:28:03.054331+00:00,39.937033964308654,116.28281942363175,no2,77.56046765096312,µg/m³,demo,demo,demo
2025-10-14 12:28:03.054331+00:00,39.89432326136447,116.37194827106964,no2,59.14949739737149,µg/m³,demo,demo,demo
2025-10-14 12:28:03.054331+00:00,39.83677991945515,116.36033770122087,no2,54.55604326539013,µg/m³,demo,demo,demo
2025-10-14 12:28:03.054331+00:00,39.97400205458961,116.23175443502092,no2,66.26538887683543,µg/m³,demo,demo,demo
2025-10-14 12:28:03.054331+00:00,39.929167786726076,116.55158391837493,no2,70.5705347374105,µg/m³,demo,demo,demo
2025-10-14 12:28:03.054331+00:00,39.75005479965271,116.31828762319095,no2,72.73690459006073,µg/m³,demo,demo,demo
2025-10-14 12:28:03.054331+00:00,39.85069173242254,116.32890109627498,no2,58.48786343571864,µg/m³,demo,demo,demo
2025-10-14 12:28:03.054331+00:00,39.942045386047596,116.5815009687559,no2,48.32995449946479,µg/m³,demo,demo,demo
2025-10-14 12:28:03.054331+00:00,39.948873252219094,116.35901912809793,no2,74.41660480512051,µg/m³,demo,demo,demo
2025-10-14 12:28:03.054331+00:00,39.883838237693425,116.3582625886732,no2,73.07265038029563,µg/m³,demo,demo,demo
2025-10-14 12:28:03.054331+00:00,39.77460952703465,116.5365504403636,no2,79.51899284492343,µg/m³,demo,demo,demo
2025-10-14 12:28:03.054331+00:00,40.031857081174415,116.33818839062455,no2,59.547285241811906,µg/m³,demo,demo,demo
2025-10-14 12:28:03.054331+00:00,39.91091081701671,116.58122460554763,no2,71.865407683315,µg/m³,demo,demo,demo
2025-10-14 12:28:03.054331+00:00,39.95597886144105,116.3904224565988,no2,75.44500307431056,µg/m³,demo,demo,demo
2025-10-14 12:28:03.054331+00:00,40.046146811743164,116.35135028117298,no2,52.51299489113417,µg/m³,demo,demo,demo
2025-10-14 12:28:03.054331+00:00,39.71836795275823,116.3274649965568,no2,75.83395597191074,µg/m³,demo,demo,demo
2025-10-14 12:28:03.054331+00:00,39.748139397414526,116.3241069923847,no2,78.84621691539016,µg/m³,demo,demo,demo
2025-10-14 12:28:03.054331+00:00,39.99221337488685,116.5899465262869,no2,71.99933886987263,µg/m³,demo,demo,demo
2025-10-14 12:28:03.054331+00:00,39.74090152124063,116.39503779595826,no2,71.66611936431693,µg/m³,demo,demo,demo
2025-10-14 12:28:03.054331+00:00,39.702119039849904,116.22687012892362,no2,73.29666001661468,µg/m³,demo,demo,demo
2025-10-14 12:28:03.054331+00:00,40.091067219354834,116.2311537714644,no2,65.22674967687902,µg/m³,demo,demo,demo
2025-10-14 12:28:03.054331+00:00,39.71871801956057,116.51162020398044,no2,55.743751268596704,µg/m³,demo,demo,demo
2025-10-14 12:28:03.054331+00:00,40.04427810021912,116.55950913982333,no2,59.87844057012055,µg/m³,demo,demo,demo
2025-10-14 12:28:03.054331+00:00,40.09220048346492,116.58393089595312,no2,65.88769112621448,µg/m³,demo,demo,demo
2025-10-14 12:28:03.054331+00:00,39.8560876472915,116.22887754054857,no2,60.490032838001355,µg/m³,demo,demo,demo
2025-10-14 12:28:03.054331+00:00,39.94834009572909,116.30088749469232,no2,75.56900973791593,µg/m³,demo,demo,demo
2025-10-14 12:28:03.054331+00:00,39.745435546873296,116.5317349308002,no2,64.03071325882316,µg/m³,demo,demo,demo
2025-10-14 12:28:03.054331+00:00,40.098702811425625,116.52926562755013,no2,66.41002408037836,µg/m³,demo,demo,demo
2025-10-14 12:28:03.054331+00:00,40.05787907401582,116.52966194178565,no2,53.078433904484385,µg/m³,demo,demo,demo
2025-10-14 12:28:03.054331+00:00,39.81682493627634,116.26884675707177,no2,70.50247773222232,µg/m³,demo,demo,demo
2025-10-14 12:28:03.054331+00:00,39.729744789695665,116.50526158232772,no2,61.65154523340721,µg/m³,demo,demo,demo
2025-10-14 12:28:03.054331+00:00,40.010349413391744,116.49599809546946,no2,79.45066592127264,µg/m³,demo,demo,demo
2025-10-14 12:28:03.054331+00:00,40.09980628372575,116.56166423221488,no2,53.46910921600256,µg/m³,demo,demo,demo
2025-10-14 12:28:03.054331+00:00,39.75903714281498,116.37832869157309,no2,69.92104159266178,µg/m³,demo,demo,demo
2025-10-14 12:28:03.054331+00:00,40.05762284424223,116.45959121450531,no2,64.05544787893598,µg/m³,demo,demo,demo
2025-10-14 12:28:03.054331+00:00,40.04476285015087,116.28053902593082,no2,64.40067729919275,µg/m³,demo,demo,demo
2025-10-14 12:28:03.054331+00:00,39.784458179662415,116.49775024656695,no2,80.99155245544073,µg/m³,demo,demo,demo
2025-10-14 12:28:03.054331+00:00,39.77327902213998,116.20669584465138,no2,75.0172460290583,µg/m³,demo,demo,demo
2025-10-14 12:28:03.054331+00:00,39.78033694935554,116.54293073569131,no2,60.47413778074319,µg/m³,demo,demo,demo
2025-10-14 12:28:03.054331+00:00,39.81228839129251,116.4693635097534,no2,78.51918191702421,µg/m³,demo,demo,demo
2025-10-14 12:28:03.054331+00:00,39.86831493309269,116.32558464056534,no2,62.07825798023599,µg/m³,demo,demo,demo
2025-10-14 12:28:03.054331+00:00,39.783044160664105,116.27994759114422,no2,73.70870388153999,µg/m³,demo,demo,demo
2025-10-14 12:28:03.054331+00:00,39.82834871674065,116.38875953928289,no2,53.37194025993037,µg/m³,demo,demo,demo
2025-10-14 12:28:03.054331+00:00,39.92937888247109,116.49659780967889,no2,64.72528908670313,µg/m³,demo,demo,demo
2025-10-14 12:28:03.054331+00:00,39.93879416578774,116.5710975019894,no2,64.9877405381476,µg/m³,demo,demo,demo
2025-10-14 12:28:03.054331+00:00,40.0997257984445,116.58553935868308,no2,64.67360022334466,µg/m³,demo,demo,demo
2025-10-14 12:28:03.054331+00:00,39.76102059990717,116.41622063204021,no2,54.5528263224499,µg/m³,demo,demo,demo
2025-10-14 12:28:03.054331+00:00,40.058726852890764,116.31906359878246,no2,52.09795671372824,µg/m³,demo,demo,demo
2025-10-14 12:28:03.054331+00:00,39.796922636352946,116.24980908738688,no2,67.18227308259715,µg/m³,demo,demo,demo
2025-10-14 12:28:03.054331+00:00,39.78260607301236,116.4911907759447,no2,72.18888184218275,µg/m³,demo,demo,demo
2025-10-14 12:28:03.054331+00:00,40.05440478644708,116.43829690752429,no2,67.59336012224139,µg/m³,demo,demo,demo
2025-10-14 12:28:03.054331+00:00,39.92880198491168,116.28769833193074,no2,64.586088309889,µg/m³,demo,demo,demo
2025-10-14 12:28:03.054331+00:00,39.97877469495835,116.41410841529171,no2,55.235606337946066,µg/m³,demo,demo,demo
2025-10-14 13:28:03.054331+00:00,39.748175597301184,116.22498551665893,pm25,111.92256211591948,µg/m³,demo,demo,demo
2025-10-14 13:28:03.054331+00:00,40.00581309871501,116.27561177125435,pm25,94.1853579434013,µg/m³,demo,demo,demo
2025-10-14 13:28:03.054331+00:00,40.075977129362286,116.42826917250359,pm25,123.37204610801794,µg/m³,demo,demo,demo
2025-10-14 13:28:03.054331+00:00,40.00603437662274,116.3191464905106,pm25,118.91021235920344,µg/m³,demo,demo,demo
2025-10-14 13:28:03.054331+00:00,39.99254862765939,116.20657595540798,pm25,111.20970431533561,µg/m³,demo,demo,demo
2025-10-14 13:28:03.054331+00:00,39.92870838216061,116.31649952461662,pm25,112.09067787657584,µg/m³,demo,demo,demo
2025-10-14 13:28:03.054331+00:00,40.00501522035476,116.47624899681753,pm25,111.9753289002285,µg/m³,demo,demo,demo
2025-10-14 13:28:03.054331+00:00,39.88565574364455,116.47298990186049,pm25,107.21483315649526,µg/m³,demo,demo,demo
2025-10-14 13:28:03.054331+00:00,39.80303004101859,116.20973892719903,pm25,113.53097534128241,µg/m³,demo,demo,demo
2025-10-14 13:28:03.054331+00:00,40.01146234656448,116.32935088630757,pm25,116.04932636727884,µg/m³,demo,demo,demo
2025-10-14 13:28:03.054331+00:00,39.90680238813694,116.54283585002555,pm25,110.82123479129208,µg/m³,demo,demo,demo
2025-10-14 13:28:03.054331+00:00,40.07006483955274,116.46109896418676,pm25,104.51227154346977,µg/m³,demo,demo,demo
2025-10-14 13:28:03.054331+00:00,39.934682833174726,116.44767218684898,pm25,106.76816329828281,µg/m³,demo,demo,demo
2025-10-14 13:28:03.054331+00:00,39.913597813200234,116.58950929658842,pm25,106.14460641549267,µg/m³,demo,demo,demo
2025-10-14 13:28:03.054331+00:00,39.715521601288536,116.33147070319131,pm25,117.0969327997306,µg/m³,demo,demo,demo
2025-10-14 13:28:03.054331+00:00,39.78845621371804,116.23329536111353,pm25,113.50080936145434,µg/m³,demo,demo,demo
2025-10-14 13:28:03.054331+00:00,39.98746455954131,116.44801103444057,pm25,135.32264497252754,µg/m³,demo,demo,demo
2025-10-14 13:28:03.054331+00:00,39.875552392306254,116.45605341454967,pm25,109.56800436687658,µg/m³,demo,demo,demo
2025-10-14 13:28:03.054331+00:00,40.070282259045435,116.4192363717997,pm25,112.55214376209196,µg/m³,demo,demo,demo
2025-10-14 13:28:03.054331+00:00,39.94607474365778,116.5817606375795,pm25,104.09605544019252,µg/m³,demo,demo,demo
2025-10-14 13:28:03.054331+00:00,39.8055663067831,116.47219462085064,pm25,112.86123710186622,µg/m³,demo,demo,demo
2025-10-14 13:28:03.054331+00:00,39.79803739522031,116.22712078953623,pm25,106.3107853365903,µg/m³,demo,demo,demo
2025-10-14 13:28:03.054331+00:00,39.81661245031854,116.45905586489445,pm25,101.33712651501054,µg/m³,demo,demo,demo
2025-10-14 13:28:03.054331+00:00,39.786840774717824,116.22659488984267,pm25,113.58553642111407,µg/m³,demo,demo,demo
2025-10-14 13:28:03.054331+00:00,39.91264496988363,116.42817286879772,pm25,130.7422786786865,µg/m³,demo,demo,demo
2025-10-14 13:28:03.054331+00:00,39.73384272460767,116.40106637059156,pm25,101.26228022427706,µg/m³,demo,demo,demo
2025-10-14 13:28:03.054331+00:00,39.93136366874411,116.2011549196802,pm25,103.83051445864308,µg/m³,demo,demo,demo
2025-10-14 13:28:03.054331+00:00,39.871587260721704,116.27860702653346,pm25,111.17096015971293,µg/m³,demo,demo,demo
2025-10-14 13:28:03.054331+00:00,40.051533726055176,116.36741758010533,pm25,114.68737686491073,µg/m³,demo,demo,demo
2025-10-14 13:28:03.054331+00:00,40.056298751891376,116.32774742245685,pm25,127.2471518752555,µg/m³,demo,demo,demo
2025-10-14 13:28:03.054331+00:00,39.818860957841515,116.25316868835584,pm25,103.86528575427508,µg/m³,demo,demo,demo
2025-10-14 13:28:03.054331+00:00,39.7763202671005,116.44673353262056,pm25,109.9572279877177,µg/m³,demo,demo,demo
2025-10-14 13:28:03.054331+00:00,39.86879331021981,116.57729548709135,pm25,102.06466866774113,µg/m³,demo,demo,demo
2025-10-14 13:28:03.054331+00:00,39.902531269889764,116.21564171371789,pm25,101.08478837404931,µg/m³,demo,demo,demo
2025-10-14 13:28:03.054331+00:00,39.9843913300976,116.50825683734328,pm25,105.89289733926677,µg/m³,demo,demo,demo
2025-10-14 13:28:03.054331+00:00,40.0882900322871,116.34120227562697,pm25,98.15956189095837,µg/m³,demo,demo,demo
2025-10-14 13:28:03.054331+00:00,40.057992227477385,116.30863877769919,pm25,116.88804052941069,µg/m³,demo,demo,demo
2025-10-14 13:28:03.054331+00:00,39.85875990729788,116.51752513293953,pm25,124.12900346883825,µg/m³,demo,demo,demo
2025-10-14 13:28:03.054331+00:00,39.919632165635534,116.57267661358483,pm25,105.2825193534897,µg/m³,demo,demo,demo
2025-10-14 13:28:03.054331+00:00,39.932455871405345,116.59264097476525,pm25,103.02655931563854,µg/m³,demo,demo,demo
2025-10-14 13:28:03.054331+00:00,40.05164303746733,116.57325938150984,pm25,127.31892545950579,µg/m³,demo,demo,demo
2025-10-14 13:28:03.054331+00:00,39.7422235021534,116.24982984775953,pm25,108.84381516607739,µg/m³,demo,demo,demo
2025-10-14 13:28:03.054331+00:00,40.02629242335823,116.2045175632353,pm25,129.23178110419497,µg/m³,demo,demo,demo
2025-10-14 13:28:03.054331+00:00,39.80503284003595,116.49902410824419,pm25,76.65669090868239,µg/m³,demo,demo,demo
2025-10-14 13:28:03.054331+00:00,39.74300004297378,116.50562275964882,pm25,109.3926064701034,µg/m³,demo,demo,demo
2025-10-14 13:28:03.054331+00:00,40.092063274760285,116.25960044755439,pm25,99.15727771399295,µg/m³,demo,demo,demo
2025-10-14 13:28:03.054331+00:00,39.83891934778975,116.42908059299526,pm25,104.95751879297578,µg/m³,demo,demo,demo
2025-10-14 13:28:03.054331+00:00,39.99913826553342,116.4576372535836,pm25,121.03264796468886,µg/m³,demo,demo,demo
2025-10-14 13:28:03.054331+00:00,39.84536859607138,116.35297896380014,pm25,124.32755877025346,µg/m³,demo,demo,demo
2025-10-14 13:28:03.054331+00:00,39.816271046601834,116.2676309465284,pm25,109.26007108769323,µg/m³,demo,demo,demo
2025-10-14 13:28:03.054331+00:00,39.91732842608743,116.33595998622148,pm25,122.577783133608,µg/m³,demo,demo,demo
2025-10-14 13:28:03.054331+00:00,39.79317868357617,116.31264657157172,pm25,97.89326602905273,µg/m³,demo,demo,demo
2025-10-14 13:28:03.054331+00:00,39.797769659917044,116.20307164840905,pm25,114.58947676576827,µg/m³,demo,demo,demo
2025-10-14 13:28:03.054331+00:00,39.72034483852519,116.31028489038917,pm25,109.4755010147974,µg/m³,demo,demo,demo
2025-10-14 13:28:03.054331+00:00,39.985845424037684,116.29945436809058,pm25,90.91900818101706,µg/m³,demo,demo,demo
2025-10-14 13:28:03.054331+00:00,40.068542281015795,116.47025526073755,pm25,122.15474233623517,µg/m³,demo,demo,demo
2025-10-14 13:28:03.054331+00:00,39.70197565486641,116.4549489987966,pm25,103.26381019539443,µg/m³,demo,demo,demo
2025-10-14 13:28:03.054331+00:00,39.81533732238338,116.47024992000186,pm25,116.52458524069611,µg/m³,demo,demo,demo
2025-10-14 13:28:03.054331+00:00,40.04792323607353,116.31719250912349,pm25,102.15073356213082,µg/m³,demo,demo,demo
2025-10-14 13:28:03.054331+00:00,39.940384443453816,116.43782951294264,pm25,113.44212790641082,µg/m³,demo,demo,demo
2025-10-14 13:28:03.054331+00:00,39.748175597301184,116.22498551665893,so2,36.4352029355521,µg/m³,demo,demo,demo
2025-10-14 13:28:03.054331+00:00,40.00581309871501,116.27561177125435,so2,33.35620952818243,µg/m³,demo,demo,demo
2025-10-14 13:28:03.054331+00:00,40.075977129362286,116.42826917250359,so2,30.98563888079002,µg/m³,demo,demo,demo
2025-10-14 13:28:03.054331+00:00,40.00603437662274,116.3191464905106,so2,36.400721695619154,µg/m³,demo,demo,demo
2025-10-14 13:28:03.054331+00:00,39.99254862765939,116.20657595540798,so2,34.436203619016496,µg/m³,demo,demo,demo
2025-10-14 13:28:03.054331+00:00,39.92870838216061,116.31649952461662,so2,31.28038912510745,µg/m³,demo,demo,demo
2025-10-14 13:28:03.054331+00:00,40.00501522035476,116.47624899681753,so2,33.603275587784395,µg/m³,demo,demo,demo
2025-10-14 13:28:03.054331+00:00,39.88565574364455,116.47298990186049,so2,32.979625730939716,µg/m³,demo,demo,demo
2025-10-14 13:28:03.054331+00:00,39.80303004101859,116.20973892719903,so2,31.688201142838835,µg/m³,demo,demo,demo
2025-10-14 13:28:03.054331+00:00,40.01146234656448,116.32935088630757,so2,37.902485975772734,µg/m³,demo,demo,demo
2025-10-14 13:28:03.054331+00:00,39.90680238813694,116.54283585002555,so2,42.08852905947562,µg/m³,demo,demo,demo
2025-10-14 13:28:03.054331+00:00,40.07006483955274,116.46109896418676,so2,30.846325600669264,µg/m³,demo,demo,demo
2025-10-14 13:28:03.054331+00:00,39.934682833174726,116.44767218684898,so2,32.811901586679305,µg/m³,demo,demo,demo
2025-10-14 13:28:03.054331+00:00,39.913597813200234,116.58950929658842,so2,28.70713583913585,µg/m³,demo,demo,demo
2025-10-14 13:28:03.054331+00:00,39.715521601288536,116.33147070319131,so2,26.753196368822124,µg/m³,demo,demo,demo
2025-10-14 13:28:03.054331+00:00,39.78845621371804,116.23329536111353,so2,39.07959275364109,µg/m³,demo,demo,demo
2025-10-14 13:28:03.054331+00:00,39.98746455954131,116.44801103444057,so2,30.056743727004395,µg/m³,demo,demo,demo
2025-10-14 13:28:03.054331+00:00,39.875552392306254,116.45605341454967,so2,35.11015184410855,µg/m³,demo,demo,demo
2025-10-14 13:28:03.054331+00:00,40.070282259045435,116.4192363717997,so2,26.64010176657216,µg/m³,demo,demo,demo
2025-10-14 13:28:03.054331+00:00,39.94607474365778,116.5817606375795,so2,30.220867650055126,µg/m³,demo,demo,demo
2025-10-14 13:28:03.054331+00:00,39.8055663067831,116.47219462085064,so2,35.77947124768481,µg/m³,demo,demo,demo
2025-10-14 13:28:03.054331+00:00,39.79803739522031,116.22712078953623,so2,35.786714762204866,µg/m³,demo,demo,demo
2025-10-14 13:28:03.054331+00:00,39.81661245031854,116.45905586489445,so2,34.5845312042418,µg/m³,demo,demo,demo
2025-10-14 13:28:03.054331+00:00,39.786840774717824,116.22659488984267,so2,35.454750319115654,µg/m³,demo,demo,demo
2025-10-14 13:28:03.054331+00:00,39.91264496988363,116.42817286879772,so2,34.499474514921054,µg/m³,demo,demo,demo
2025-10-14 13:28:03.054331+00:00,39.73384272460767,116.40106637059156,so2,38.42702851638985,µg/m³,demo,demo,demo
2025-10-14 13:28:03.054331+00:00,39.93136366874411,116.2011549196802,so2,41.90463550313379,µg/m³,demo,demo,demo
2025-10-14 13:28:03.054331+00:00,39.871587260721704,116.27860702653346,so2,36.23142310433717,µg/m³,demo,demo,demo
2025-10-14 13:28:03.054331+00:00,40.051533726055176,116.36741758010533,so2,32.854734955709496,µg/m³,demo,demo,demo
2025-10-14 13:28:03.054331+00:00,40.056298751891376,116.32774742245685,so2,28.27609684702677,µg/m³,demo,demo,demo
2025-10-14 13:28:03.054331+00:00,39.818860957841515,116.25316868835584,so2,30.982062060837812,µg/m³,demo,demo,demo
2025-10-14 13:28:03.054331+00:00,39.7763202671005,116.44673353262056,so2,31.792991600630536,µg/m³,demo,demo,demo
2025-10-14 13:28:03.054331+00:00,39.86879331021981,116.57729548709135,so2,40.60908636412405,µg/m³,demo,demo,demo
2025-10-14 13:28:03.054331+00:00,39.902531269889764,116.21564171371789,so2,25.67388367867168,µg/m³,demo,demo,demo
2025-10-14 13:28:03.054331+00:00,39.9843913300976,116.50825683734328,so2,29.427504948043246,µg/m³,demo,demo,demo
2025-10-14 13:28:03.054331+00:00,40.0882900322871,116.34120227562697,so2,28.25573758972361,µg/m³,demo,demo,demo
2025-10-14 13:28:03.054331+00:00,40.057992227477385,116.30863877769919,so2,37.73423575507162,µg/m³,demo,demo,demo
2025-10-14 13:28:03.054331+00:00,39.85875990729788,116.51752513293953,so2,29.925112803735235,µg/m³,demo,demo,demo
2025-10-14 13:28:03.054331+00:00,39.919632165635534,116.57267661358483,so2,24.22149632918901,µg/m³,demo,demo,demo
2025-10-14 13:28:03.054331+00:00,39.932455871405345,116.59264097476525,so2,23.12194323023111,µg/m³,demo,demo,demo
2025-10-14 13:28:03.054331+00:00,40.05164303746733,116.57325938150984,so2,34.9233371448776,µg/m³,demo,demo,demo
2025-10-14 13:28:03.054331+00:00,39.7422235021534,116.24982984775953,so2,25.21254082368816,µg/m³,demo,demo,demo
2025-10-14 13:28:03.054331+00:00,40.02629242335823,116.2045175632353,so2,38.864996595843785,µg/m³,demo,demo,demo
2025-10-14 13:28:03.054331+00:00,39.80503284003595,116.49902410824419,so2,38.67338696677382,µg/m³,demo,demo,demo
2025-10-14 13:28:03.054331+00:00,39.74300004297378,116.50562275964882,so2,27.683419464776126,µg/m³,demo,demo,demo
2025-10-14 13:28:03.054331+00:00,40.092063274760285,116.25960044755439,so2,31.647013949421886,µg/m³,demo,demo,demo
2025-10-14 13:28:03.054331+00:00,39.83891934778975,116.42908059299526,so2,33.44252209895002,µg/m³,demo,demo,demo
2025-10-14 13:28:03.054331+00:00,39.99913826553342,116.4576372535836,so2,25.860943255228527,µg/m³,demo,demo,demo
2025-10-14 13:28:03.054331+00:00,39.84536859607138,116.35297896380014,so2,27.147794632118746,µg/m³,demo,demo,demo
2025-10-14 13:28:03.054331+00:00,39.816271046601834,116.2676309465284,so2,30.141418854643028,µg/m³,demo,demo,demo
2025-10-14 13:28:03.054331+00:00,39.91732842608743,116.33595998622148,so2,33.11529695360641,µg/m³,demo,demo,demo
2025-10-14 13:28:03.054331+00:00,39.79317868357617,116.31264657157172,so2,34.664348709570234,µg/m³,demo,demo,demo
2025-10-14 13:28:03.054331+00:00,39.797769659917044,116.20307164840905,so2,23.899596129643513,µg/m³,demo,demo,demo
2025-10-14 13:28:03.054331+00:00,39.72034483852519,116.31028489038917,so2,34.480670108383855,µg/m³,demo,demo,demo
2025-10-14 13:28:03.054331+00:00,39.985845424037684,116.29945436809058,so2,32.701740008614635,µg/m³,demo,demo,demo
2025-10-14 13:28:03.054331+00:00,40.068542281015795,116.47025526073755,so2,31.948742608895294,µg/m³,demo,demo,demo
2025-10-14 13:28:03.054331+00:00,39.70197565486641,116.4549489987966,so2,30.966545580981983,µg/m³,demo,demo,demo
2025-10-14 13:28:03.054331+00:00,39.81533732238338,116.47024992000186,so2,38.40618320470124,µg/m³,demo,demo,demo
2025-10-14 13:28:03.054331+00:00,40.04792323607353,116.31719250912349,so2,41.076089159827184,µg/m³,demo,demo,demo
2025-10-14 13:28:03.054331+00:00,39.940384443453816,116.43782951294264,so2,30.976002478978597,µg/m³,demo,demo,demo
2025-10-14 13:28:03.054331+00:00,39.748175597301184,116.22498551665893,no2,65.25400280825217,µg/m³,demo,demo,demo
2025-10-14 13:28:03.054331+00:00,40.00581309871501,116.27561177125435,no2,53.91717242247915,µg/m³,demo,demo,demo
2025-10-14 13:28:03.054331+00:00,40.075977129362286,116.42826917250359,no2,63.39060185091603,µg/m³,demo,demo,demo
2025-10-14 13:28:03.054331+00:00,40.00603437662274,116.3191464905106,no2,72.11253296588794,µg/m³,demo,demo,demo
2025-10-14 13:28:03.054331+00:00,39.99254862765939,116.20657595540798,no2,65.80760867432373,µg/m³,demo,demo,demo
2025-10-14 13:28:03.054331+00:00,39.92870838216061,116.31649952461662,no2,69.4762444032966,µg/m³,demo,demo,demo
2025-10-14 13:28:03.054331+00:00,40.00501522035476,116.47624899681753,no2,65.755420189645,µg/m³,demo,demo,demo
2025-10-14 13:28:03.054331+00:00,39.88565574364455,116.47298990186049,no2,67.43820280752102,µg/m³,demo,demo,demo
2025-10-14 13:28:03.054331+00:00,39.80303004101859,116.20973892719903,no2,71.99933406568391,µg/m³,demo,demo,demo
2025-10-14 13:28:03.054331+00:00,40.01146234656448,116.32935088630757,no2,72.81098268175656,µg/m³,demo,demo,demo
2025-10-14 13:28:03.054331+00:00,39.90680238813694,116.54283585002555,no2,51.13899498623946,µg/m³,demo,demo,demo
2025-10-14 13:28:03.054331+00:00,40.07006483955274,116.46109896418676,no2,65.01179319112967,µg/m³,demo,demo,demo
2025-10-14 13:28:03.054331+00:00,39.934682833174726,116.44767218684898,no2,43.496859712055226,µg/m³,demo,demo,demo
2025-10-14 13:28:03.054331+00:00,39.913597813200234,116.58950929658842,no2,66.90199409890063,µg/m³,demo,demo,demo
2025-10-14 13:28:03.054331+00:00,39.715521601288536,116.33147070319131,no2,62.445789725807906,µg/m³,demo,demo,demo
2025-10-14 13:28:03.054331+00:00,39.78845621371804,116.23329536111353,no2,62.08435189576029,µg/m³,demo,demo,demo
2025-10-14 13:28:03.054331+00:00,39.98746455954131,116.44801103444057,no2,79.31395393795295,µg/m³,demo,demo,demo
2025-10-14 13:28:03.054331+00:00,39.875552392306254,116.45605341454967,no2,69.72008654131318,µg/m³,demo,demo,demo
2025-10-14 13:28:03.054331+00:00,40.070282259045435,116.4192363717997,no2,75.91929855681843,µg/m³,demo,demo,demo
2025-10-14 13:28:03.054331+00:00,39.94607474365778,116.5817606375795,no2,71.90064886548312,µg/m³,demo,demo,demo
2025-10-14 13:28:03.054331+00:00,39.8055663067831,116.47219462085064,no2,80.38394775995903,µg/m³,demo,demo,demo
2025-10-14 13:28:03.054331+00:00,39.79803739522031,116.22712078953623,no2,64.95531733389637,µg/m³,demo,demo,demo
2025-10-14 13:28:03.054331+00:00,39.81661245031854,116.45905586489445,no2,64.89934558358038,µg/m³,demo,demo,demo
2025-10-14 13:28:03.054331+00:00,39.786840774717824,116.22659488984267,no2,66.2023633097425,µg/m³,demo,demo,demo
2025-10-14 13:28:03.054331+00:00,39.91264496988363,116.42817286879772,no2,86.52653260269591,µg/m³,demo,demo,demo
2025-10-14 13:28:03.054331+00:00,39.73384272460767,116.40106637059156,no2,63.46293765071278,µg/m³,demo,demo,demo
2025-10-14 13:28:03.054331+00:00,39.93136366874411,116.2011549196802,no2,67.16941082836954,µg/m³,demo,demo,demo
2025-10-14 13:28:03.054331+00:00,39.871587260721704,116.27860702653346,no2,77.95616555726468,µg/m³,demo,demo,demo
2025-10-14 13:28:03.054331+00:00,40.051533726055176,116.36741758010533,no2,74.3509197640724,µg/m³,demo,demo,demo
2025-10-14 13:28:03.054331+00:00,40.056298751891376,116.32774742245685,no2,63.00495189144748,µg/m³,demo,demo,demo
2025-10-14 13:28:03.054331+00:00,39.818860957841515,116.25316868835584,no2,80.9273750240128,µg/m³,demo,demo,demo
2025-10-14 13:28:03.054331+00:00,39.7763202671005,116.44673353262056,no2,70.82392760829542,µg/m³,demo,demo,demo
2025-10-14 13:28:03.054331+00:00,39.86879331021981,116.57729548709135,no2,78.55829456993858,µg/m³,demo,demo,demo
2025-10-14 13:28:03.054331+00:00,39.902531269889764,116.21564171371789,no2,71.82981925151601,µg/m³,demo,demo,demo
2025-10-14 13:28:03.054331+00:00,39.9843913300976,116.50825683734328,no2,73.20925648538753,µg/m³,demo,demo,demo
2025-10-14 13:28:03.054331+00:00,40.0882900322871,116.34120227562697,no2,61.04800362929431,µg/m³,demo,demo,demo
2025-10-14 13:28:03.054331+00:00,40.057992227477385,116.30863877769919,no2,78.3342596344908,µg/m³,demo,demo,demo
2025-10-14 13:28:03.054331+00:00,39.85875990729788,116.51752513293953,no2,61.38036535123719,µg/m³,demo,demo,demo
2025-10-14 13:28:03.054331+00:00,39.919632165635534,116.57267661358483,no2,67.60312558074463,µg/m³,demo,demo,demo
2025-10-14 13:28:03.054331+00:00,39.932455871405345,116.59264097476525,no2,75.68603059366801,µg/m³,demo,demo,demo
2025-10-14 13:28:03.054331+00:00,40.05164303746733,116.57325938150984,no2,64.27289396571496,µg/m³,demo,demo,demo
2025-10-14 13:28:03.054331+00:00,39.7422235021534,116.24982984775953,no2,67.94330184690268,µg/m³,demo,demo,demo
2025-10-14 13:28:03.054331+00:00,40.02629242335823,116.2045175632353,no2,67.05444588382916,µg/m³,demo,demo,demo
2025-10-14 13:28:03.054331+00:00,39.80503284003595,116.49902410824419,no2,68.24201833754061,µg/m³,demo,demo,demo
2025-10-14 13:28:03.054331+00:00,39.74300004297378,116.50562275964882,no2,71.71068339085465,µg/m³,demo,demo,demo
2025-10-14 13:28:03.054331+00:00,40.092063274760285,116.25960044755439,no2,55.00322646163919,µg/m³,demo,demo,demo
2025-10-14 13:28:03.054331+00:00,39.83891934778975,116.42908059299526,no2,62.794885085283155,µg/m³,demo,demo,demo
2025-10-14 13:28:03.054331+00:00,39.99913826553342,116.4576372535836,no2,83.51172663008455,µg/m³,demo,demo,demo
2025-10-14 13:28:03.054331+00:00,39.84536859607138,116.35297896380014,no2,51.3587382744036,µg/m³,demo,demo,demo
2025-10-14 13:28:03.054331+00:00,39.816271046601834,116.2676309465284,no2,61.89276961122779,µg/m³,demo,demo,demo
2025-10-14 13:28:03.054331+00:00,39.91732842608743,116.33595998622148,no2,73.37579536659372,µg/m³,demo,demo,demo
2025-10-14 13:28:03.054331+00:00,39.79317868357617,116.31264657157172,no2,52.25992574537783,µg/m³,demo,demo,demo
2025-10-14 13:28:03.054331+00:00,39.797769659917044,116.20307164840905,no2,60.09393065966974,µg/m³,demo,demo,demo
2025-10-14 13:28:03.054331+00:00,39.72034483852519,116.31028489038917,no2,60.55964374565099,µg/m³,demo,demo,demo
2025-10-14 13:28:03.054331+00:00,39.985845424037684,116.29945436809058,no2,79.5264174456145,µg/m³,demo,demo,demo
2025-10-14 13:28:03.054331+00:00,40.068542281015795,116.47025526073755,no2,60.03850826776627,µg/m³,demo,demo,demo
2025-10-14 13:28:03.054331+00:00,39.70197565486641,116.4549489987966,no2,72.04454957460322,µg/m³,demo,demo,demo
2025-10-14 13:28:03.054331+00:00,39.81533732238338,116.47024992000186,no2,61.94912923993477,µg/m³,demo,demo,demo
2025-10-14 13:28:03.054331+00:00,40.04792323607353,116.31719250912349,no2,67.07172473352806,µg/m³,demo,demo,demo
2025-10-14 13:28:03.054331+00:00,39.940384443453816,116.43782951294264,no2,57.924983897295846,µg/m³,demo,demo,demo
2025-10-14 14:28:03.054331+00:00,39.996228995604646,116.43031327580167,pm25,99.63967587377198,µg/m³,demo,demo,demo
2025-10-14 14:28:03.054331+00:00,39.88067750306626,116.2280669010691,pm25,132.35939638690544,µg/m³,demo,demo,demo
2025-10-14 14:28:03.054331+00:00,39.880544438144774,116.53939701793166,pm25,85.01544539515106,µg/m³,demo,demo,demo
2025-10-14 14:28:03.054331+00:00,39.891419045780964,116.25794139988926,pm25,99.9788322088772,µg/m³,demo,demo,demo
2025-10-14 14:28:03.054331+00:00,40.09537748120891,116.4038180516667,pm25,103.44325541523129,µg/m³,demo,demo,demo
2025-10-14 14:28:03.054331+00:00,39.79597969330992,116.57420403169074,pm25,130.69347275974056,µg/m³,demo,demo,demo
2025-10-14 14:28:03.054331+00:00,39.765272741948245,116.34298190968687,pm25,117.01878618731823,µg/m³,demo,demo,demo
2025-10-14 14:28:03.054331+00:00,40.00693480534004,116.38305945795626,pm25,131.53932958355531,µg/m³,demo,demo,demo
2025-10-14 14:28:03.054331+00:00,40.03577255422328,116.57788120566207,pm25,115.676506089592,µg/m³,demo,demo,demo
2025-10-14 14:28:03.054331+00:00,39.71825228521519,116.31893703628629,pm25,102.5715159903806,µg/m³,demo,demo,demo
2025-10-14 14:28:03.054331+00:00,39.94532517297581,116.38090726222214,pm25,94.67947045403275,µg/m³,demo,demo,demo
2025-10-14 14:28:03.054331+00:00,40.0429198393409,116.35250577329865,pm25,103.43209510885586,µg/m³,demo,demo,demo
2025-10-14 14:28:03.054331+00:00,39.98726698222113,116.3628707289452,pm25,127.08665840407197,µg/m³,demo,demo,demo
2025-10-14 14:28:03.054331+00:00,39.758936697102335,116.37247622811324,pm25,100.06702700584245,µg/m³,demo,demo,demo
2025-10-14 14:28:03.054331+00:00,39.76718355212348,116.59637007199328,pm25,88.92708836628563,µg/m³,demo,demo,demo
2025-10-14 14:28:03.054331+00:00,39.87833315654135,116.52217084738271,pm25,113.68422415953711,µg/m³,demo,demo,demo
2025-10-14 14:28:03.054331+00:00,39.84934331853304,116.21632093164371,pm25,126.77832057394765,µg/m³,demo,demo,demo
2025-10-14 14:28:03.054331+00:00,39.76729295168995,116.44366903507911,pm25,139.56084899830665,µg/m³,demo,demo,demo
2025-10-14 14:28:03.054331+00:00,39.90754127033007,116.20470188490772,pm25,125.33829036656257,µg/m³,demo,demo,demo
2025-10-14 14:28:03.054331+00:00,39.77591793141918,116.23132350555711,pm25,121.96929415818192,µg/m³,demo,demo,demo
2025-10-14 14:28:03.054331+00:00,39.730697721623024,116.43327171468877,pm25,88.86979250229763,µg/m³,demo,demo,demo
2025-10-14 14:28:03.054331+00:00,39.89609140570244,116.44823634012539,pm25,105.78718262603124,µg/m³,demo,demo,demo
2025-10-14 14:28:03.054331+00:00,40.0757952462114,116.26821489522624,pm25,105.77846293514938,µg/m³,demo,demo,demo
2025-10-14 14:28:03.054331+00:00,39.7611984481694,116.3612917538552,pm25,111.94848412165345,µg/m³,demo,demo,demo
2025-10-14 14:28:03.054331+00:00,39.779511001170555,116.34420393834156,pm25,99.12895660477056,µg/m³,demo,demo,demo
2025-10-14 14:28:03.054331+00:00,39.90433465550595,116.4815405551772,pm25,119.82524553824322,µg/m³,demo,demo,demo
2025-10-14 14:28:03.054331+00:00,40.07924354872147,116.36794252152087,pm25,125.35033952870675,µg/m³,demo,demo,demo
2025-10-14 14:28:03.054331+00:00,39.88061444365541,116.35382729629062,pm25,111.60439478410962,µg/m³,demo,demo,demo
2025-10-14 14:28:03.054331+00:00,39.784320440326205,116.53019771546631,pm25,106.78477675419516,µg/m³,demo,demo,demo
2025-10-14 14:28:03.054331+00:00,39.929951710538326,116.46741316459897,pm25,112.54963786047905,µg/m³,demo,demo,demo
2025-10-14 14:28:03.054331+00:00,39.829108792190326,116.24429851872675,pm25,114.82682397408946,µg/m³,demo,demo,demo
2025-10-14 14:28:03.054331+00:00,39.7459304885571,116.41595982820806,pm25,119.78597947084282,µg/m³,demo,demo,demo
2025-10-14 14:28:03.054331+00:00,39.951531621386145,116.28986896427308,pm25,99.89345886547123,µg/m³,demo,demo,demo
2025-10-14 14:28:03.054331+00:00,39.873780997429364,116.30795486837317,pm25,127.61292961521873,µg/m³,demo,demo,demo
2025-10-14 14:28:03.054331+00:00,40.08233467614682,116.44515388787293,pm25,110.6425594160574,µg/m³,demo,demo,demo
2025-10-14 14:28:03.054331+00:00,39.85364498967821,116.5460722468767,pm25,108.12200816131742,µg/m³,demo,demo,demo
2025-10-14 14:28:03.054331+00:00,39.76109600413939,116.34352957869136,pm25,118.51156550036646,µg/m³,demo,demo,demo
2025-10-14 14:28:03.054331+00:00,39.82940859081421,116.40869651548132,pm25,101.79480984785516,µg/m³,demo,demo,demo
2025-10-14 14:28:03.054331+00:00,39.89148215884388,116.23123960106226,pm25,120.72931706571856,µg/m³,demo,demo,demo
2025-10-14 14:28:03.054331+00:00,39.8158697872669,116.50965201307302,pm25,135.9844855129527,µg/m³,demo,demo,demo
2025-10-14 14:28:03.054331+00:00,39.86944174612031,116.2693608757687,pm25,115.41889471437224,µg/m³,demo,demo,demo
2025-10-14 14:28:03.054331+00:00,39.98235187259006,116.35940408956394,pm25,112.64272630202186,µg/m³,demo,demo,demo
2025-10-14 14:28:03.054331+00:00,40.005993679627174,116.30976843400697,pm25,104.42338686040252,µg/m³,demo,demo,demo
2025-10-14 14:28:03.054331+00:00,39.93655141580016,116.40774546141468,pm25,128.1142627662614,µg/m³,demo,demo,demo
2025-10-14 14:28:03.054331+00:00,39.892791559614444,116.31982818503016,pm25,123.76428860452444,µg/m³,demo,demo,demo
2025-10-14 14:28:03.054331+00:00,39.745785838267,116.38732406109139,pm25,91.93364192276603,µg/m³,demo,demo,demo
2025-10-14 14:28:03.054331+00:00,39.96724078288149,116.37639812429441,pm25,121.82855426063814,µg/m³,demo,demo,demo
2025-10-14 14:28:03.054331+00:00,39.79262422853736,116.44524143486309,pm25,102.05492827113537,µg/m³,demo,demo,demo
2025-10-14 14:28:03.054331+00:00,39.9956008246123,116.47557451779004,pm25,95.91352581016831,µg/m³,demo,demo,demo
2025-10-14 14:28:03.054331+00:00,40.08177958468046,116.41263654228193,pm25,109.15839703040203,µg/m³,demo,demo,demo
2025-10-14 14:28:03.054331+00:00,40.04179177985407,116.49704062053388,pm25,102.04937251380797,µg/m³,demo,demo,demo
2025-10-14 14:28:03.054331+00:00,39.81011417247837,116.55904013804285,pm25,123.97477030487359,µg/m³,demo,demo,demo
2025-10-14 14:28:03.054331+00:00,39.88532912049214,116.38312827537138,pm25,94.83303162710959,µg/m³,demo,demo,demo
2025-10-14 14:28:03.054331+00:00,39.87792600031214,116.21311198510554,pm25,94.48928001914203,µg/m³,demo,demo,demo
2025-10-14 14:28:03.054331+00:00,40.007828107763196,116.50675957978798,pm25,98.58570600957293,µg/m³,demo,demo,demo
2025-10-14 14:28:03.054331+00:00,39.867094153064365,116.38360593184655,pm25,108.28278627398433,µg/m³,demo,demo,demo
2025-10-14 14:28:03.054331+00:00,39.84095217192622,116.5130285205511,pm25,117.06576823134726,µg/m³,demo,demo,demo
2025-10-14 14:28:03.054331+00:00,39.93505956164613,116.54142398917155,pm25,96.87036858704407,µg/m³,demo,demo,demo
2025-10-14 14:28:03.054331+00:00,39.92801494030896,116.23074647443879,pm25,101.24690249297439,µg/m³,demo,demo,demo
2025-10-14 14:28:03.054331+00:00,40.03750779006845,116.35925809758696,pm25,91.0872643646814,µg/m³,demo,demo,demo
2025-10-14 14:28:03.054331+00:00,39.996228995604646,116.43031327580167,so2,31.98157226276699,µg/m³,demo,demo,demo
2025-10-14 14:28:03.054331+00:00,39.88067750306626,116.2280669010691,so2,27.84789119736242,µg/m³,demo,demo,demo
2025-10-14 14:28:03.054331+00:00,39.880544438144774,116.53939701793166,so2,43.834487136780005,µg/m³,demo,demo,demo
2025-10-14 14:28:03.054331+00:00,39.891419045780964,116.25794139988926,so2,42.6078519510822,µg/m³,demo,demo,demo
2025-10-14 14:28:03.054331+00:00,40.09537748120891,116.4038180516667,so2,28.298189327188794,µg/m³,demo,demo,demo
2025-10-14 14:28:03.054331+00:00,39.79597969330992,116.57420403169074,so2,33.64961738069634,µg/m³,demo,demo,demo
2025-10-14 14:28:03.054331+00:00,39.765272741948245,116.34298190968687,so2,35.06034840702812,µg/m³,demo,demo,demo
2025-10-14 14:28:03.054331+00:00,40.00693480534004,116.38305945795626,so2,30.22358196562257,µg/m³,demo,demo,demo
2025-10-14 14:28:03.054331+00:00,40.03577255422328,116.57788120566207,so2,30.995510849808653,µg/m³,demo,demo,demo
2025-10-14 14:28:03.054331+00:00,39.71825228521519,116.31893703628629,so2,36.15423553141391,µg/m³,demo,demo,demo
2025-10-14 14:28:03.054331+00:00,39.94532517297581,116.38090726222214,so2,31.592787852461043,µg/m³,demo,demo,demo
2025-10-14 14:28:03.054331+00:00,40.0429198393409,116.35250577329865,so2,31.441826751253867,µg/m³,demo,demo,demo
2025-10-14 14:28:03.054331+00:00,39.98726698222113,116.3628707289452,so2,32.79539294295965,µg/m³,demo,demo,demo
2025-10-14 14:28:03.054331+00:00,39.758936697102335,116.37247622811324,so2,39.127386452885546,µg/m³,demo,demo,demo
2025-10-14 14:28:03.054331+00:00,39.76718355212348,116.59637007199328,so2,31.641055567749166,µg/m³,demo,demo,demo
2025-10-14 14:28:03.054331+00:00,39.87833315654135,116.52217084738271,so2,34.885442093638936,µg/m³,demo,demo,demo
2025-10-14 14:28:03.054331+00:00,39.84934331853304,116.21632093164371,so2,34.1412871011608,µg/m³,demo,demo,demo
2025-10-14 14:28:03.054331+00:00,39.76729295168995,116.44366903507911,so2,36.52345900914173,µg/m³,demo,demo,demo
2025-10-14 14:28:03.054331+00:00,39.90754127033007,116.20470188490772,so2,31.975901778408414,µg/m³,demo,demo,demo
2025-10-14 14:28:03.054331+00:00,39.77591793141918,116.23132350555711,so2,30.48744077555353,µg/m³,demo,demo,demo
2025-10-14 14:28:03.054331+00:00,39.730697721623024,116.43327171468877,so2,29.50605680389684,µg/m³,demo,demo,demo
2025-10-14 14:28:03.054331+00:00,39.89609140570244,116.44823634012539,so2,34.13827179255187,µg/m³,demo,demo,demo
2025-10-14 14:28:03.054331+00:00,40.0757952462114,116.26821489522624,so2,33.64775329027472,µg/m³,demo,demo,demo
2025-10-14 14:28:03.054331+00:00,39.7611984481694,116.3612917538552,so2,31.665226781236505,µg/m³,demo,demo,demo
2025-10-14 14:28:03.054331+00:00,39.779511001170555,116.34420393834156,so2,34.06209095872671,µg/m³,demo,demo,demo
2025-10-14 14:28:03.054331+00:00,39.90433465550595,116.4815405551772,so2,44.78116643236537,µg/m³,demo,demo,demo
2025-10-14 14:28:03.054331+00:00,40.07924354872147,116.36794252152087,so2,36.89614175092719,µg/m³,demo,demo,demo
2025-10-14 14:28:03.054331+00:00,39.88061444365541,116.35382729629062,so2,23.776655624100286,µg/m³,demo,demo,demo
2025-10-14 14:28:03.054331+00:00,39.784320440326205,116.53019771546631,so2,39.46744405992269,µg/m³,demo,demo,demo
2025-10-14 14:28:03.054331+00:00,39.929951710538326,116.46741316459897,so2,33.673922589975405,µg/m³,demo,demo,demo
2025-10-14 14:28:03.054331+00:00,39.829108792190326,116.24429851872675,so2,27.872988323541147,µg/m³,demo,demo,demo
2025-10-14 14:28:03.054331+00:00,39.7459304885571,116.41595982820806,so2,39.6783176737479,µg/m³,demo,demo,demo
2025-10-14 14:28:03.054331+00:00,39.951531621386145,116.28986896427308,so2,32.56154285105885,µg/m³,demo,demo,demo
2025-10-14 14:28:03.054331+00:00,39.873780997429364,116.30795486837317,so2,38.045489332416636,µg/m³,demo,demo,demo
2025-10-14 14:28:03.054331+00:00,40.08233467614682,116.44515388787293,so2,29.8908371170884,µg/m³,demo,demo,demo
2025-10-14 14:28:03.054331+00:00,39.85364498967821,116.5460722468767,so2,38.24473097826702,µg/m³,demo,demo,demo
2025-10-14 14:28:03.054331+00:00,39.76109600413939,116.34352957869136,so2,31.549197682396198,µg/m³,demo,demo,demo
2025-10-14 14:28:03.054331+00:00,39.82940859081421,116.40869651548132,so2,37.74601875251565,µg/m³,demo,demo,demo
2025-10-14 14:28:03.054331+00:00,39.89148215884388,116.23123960106226,so2,37.055737034383014,µg/m³,demo,demo,demo
2025-10-14 14:28:03.054331+00:00,39.8158697872669,116.50965201307302,so2,27.199210309919295,µg/m³,demo,demo,demo
2025-10-14 14:28:03.054331+00:00,39.86944174612031,116.2693608757687,so2,34.7987312997683,µg/m³,demo,demo,demo
2025-10-14 14:28:03.054331+00:00,39.98235187259006,116.35940408956394,so2,35.31154458850855,µg/m³,demo,demo,demo
2025-10-14 14:28:03.054331+00:00,40.005993679627174,116.30976843400697,so2,32.66075523581941,µg/m³,demo,demo,demo
2025-10-14 14:28:03.054331+00:00,39.93655141580016,116.40774546141468,so2,24.05095085322131,µg/m³,demo,demo,demo
2025-10-14 14:28:03.054331+00:00,39.892791559614444,116.31982818503016,so2,34.362402047178094,µg/m³,demo,demo,demo
2025-10-14 14:28:03.054331+00:00,39.745785838267,116.38732406109139,so2,31.35783936703588,µg/m³,demo,demo,demo
2025-10-14 14:28:03.054331+00:00,39.96724078288149,116.37639812429441,so2,38.9351205018526,µg/m³,demo,demo,demo
2025-10-14 14:28:03.054331+00:00,39.79262422853736,116.44524143486309,so2,27.634217234715027,µg/m³,demo,demo,demo
2025-10-14 14:28:03.054331+00:00,39.9956008246123,116.47557451779004,so2,37.86919675787198,µg/m³,demo,demo,demo
2025-10-14 14:28:03.054331+00:00,40.08177958468046,116.41263654228193,so2,33.63930628961549,µg/m³,demo,demo,demo
2025-10-14 14:28:03.054331+00:00,40.04179177985407,116.49704062053388,so2,45.670152513373786,µg/m³,demo,demo,demo
2025-10-14 14:28:03.054331+00:00,39.81011417247837,116.55904013804285,so2,27.916077485950602,µg/m³,demo,demo,demo
2025-10-14 14:28:03.054331+00:00,39.88532912049214,116.38312827537138,so2,37.73450961293388,µg/m³,demo,demo,demo
2025-10-14 14:28:03.054331+00:00,39.87792600031214,116.21311198510554,so2,30.280559120974996,µg/m³,demo,demo,demo
2025-10-14 14:28:03.054331+00:00,40.007828107763196,116.50675957978798,so2,28.209615065113045,µg/m³,demo,demo,demo
2025-10-14 14:28:03.054331+00:00,39.867094153064365,116.38360593184655,so2,38.333988417919805,µg/m³,demo,demo,demo
2025-10-14 14:28:03.054331+00:00,39.84095217192622,116.5130285205511,so2,35.97043979989698,µg/m³,demo,demo,demo
2025-10-14 14:28:03.054331+00:00,39.93505956164613,116.54142398917155,so2,38.19765063279229,µg/m³,demo,demo,demo
2025-10-14 14:28:03.054331+00:00,39.92801494030896,116.23074647443879,so2,24.90724318685162,µg/m³,demo,demo,demo
2025-10-14 14:28:03.054331+00:00,40.03750779006845,116.35925809758696,so2,26.962540599483788,µg/m³,demo,demo,demo
2025-10-14 14:28:03.054331+00:00,39.996228995604646,116.43031327580167,no2,70.64253690137583,µg/m³,demo,demo,demo
2025-10-14 14:28:03.054331+00:00,39.88067750306626,116.2280669010691,no2,59.15771281933371,µg/m³,demo,demo,demo
2025-10-14 14:28:03.054331+00:00,39.880544438144774,116.53939701793166,no2,76.50473505169413,µg/m³,demo,demo,demo
2025-10-14 14:28:03.054331+00:00,39.891419045780964,116.25794139988926,no2,79.29458060243628,µg/m³,demo,demo,demo
2025-10-14 14:28:03.054331+00:00,40.09537748120891,116.4038180516667,no2,64.93816123061558,µg/m³,demo,demo,demo
2025-10-14 14:28:03.054331+00:00,39.79597969330992,116.57420403169074,no2,66.23595904519863,µg/m³,demo,demo,demo
2025-10-14 14:28:03.054331+00:00,39.765272741948245,116.34298190968687,no2,66.20377224564866,µg/m³,demo,demo,demo
2025-10-14 14:28:03.054331+00:00,40.00693480534004,116.38305945795626,no2,63.65627177523014,µg/m³,demo,demo,demo
2025-10-14 14:28:03.054331+00:00,40.03577255422328,116.57788120566207,no2,65.69719815322397,µg/m³,demo,demo,demo
2025-10-14 14:28:03.054331+00:00,39.71825228521519,116.31893703628629,no2,64.1355714050023,µg/m³,demo,demo,demo
2025-10-14 14:28:03.054331+00:00,39.94532517297581,116.38090726222214,no2,69.42405201480078,µg/m³,demo,demo,demo
2025-10-14 14:28:03.054331+00:00,40.0429198393409,116.35250577329865,no2,63.33192575197232,µg/m³,demo,demo,demo
2025-10-14 14:28:03.054331+00:00,39.98726698222113,116.3628707289452,no2,61.829996797473996,µg/m³,demo,demo,demo
2025-10-14 14:28:03.054331+00:00,39.758936697102335,116.37247622811324,no2,63.59965590684879,µg/m³,demo,demo,demo
2025-10-14 14:28:03.054331+00:00,39.76718355212348,116.59637007199328,no2,61.101877092824246,µg/m³,demo,demo,demo
2025-10-14 14:28:03.054331+00:00,39.87833315654135,116.52217084738271,no2,65.35505367508837,µg/m³,demo,demo,demo
2025-10-14 14:28:03.054331+00:00,39.84934331853304,116.21632093164371,no2,70.31370746928762,µg/m³,demo,demo,demo
2025-10-14 14:28:03.054331+00:00,39.76729295168995,116.44366903507911,no2,82.4493159784318,µg/m³,demo,demo,demo
2025-10-14 14:28:03.054331+00:00,39.90754127033007,116.20470188490772,no2,52.97002013435223,µg/m³,demo,demo,demo
2025-10-14 14:28:03.054331+00:00,39.77591793141918,116.23132350555711,no2,54.97587160499853,µg/m³,demo,demo,demo
2025-10-14 14:28:03.054331+00:00,39.730697721623024,116.43327171468877,no2,65.45290395952851,µg/m³,demo,demo,demo
2025-10-14 14:28:03.054331+00:00,39.89609140570244,116.44823634012539,no2,66.25257525874528,µg/m³,demo,demo,demo
2025-10-14 14:28:03.054331+00:00,40.0757952462114,116.26821489522624,no2,65.64079833733982,µg/m³,demo,demo,demo
2025-10-14 14:28:03.054331+00:00,39.7611984481694,116.3612917538552,no2,80.97784315811495,µg/m³,demo,demo,demo
2025-10-14 14:28:03.054331+00:00,39.779511001170555,116.34420393834156,no2,51.39397479757925,µg/m³,demo,demo,demo
2025-10-14 14:28:03.054331+00:00,39.90433465550595,116.4815405551772,no2,64.7593786577865,µg/m³,demo,demo,demo
2025-10-14 14:28:03.054331+00:00,40.07924354872147,116.36794252152087,no2,55.8194663156609,µg/m³,demo,demo,demo
2025-10-14 14:28:03.054331+00:00,39.88061444365541,116.35382729629062,no2,63.57995384711336,µg/m³,demo,demo,demo
2025-10-14 14:28:03.054331+00:00,39.784320440326205,116.53019771546631,no2,70.11785645528593,µg/m³,demo,demo,demo
2025-10-14 14:28:03.054331+00:00,39.929951710538326,116.46741316459897,no2,54.451390819155144,µg/m³,demo,demo,demo
2025-10-14 14:28:03.054331+00:00,39.829108792190326,116.24429851872675,no2,74.19026908097248,µg/m³,demo,demo,demo
2025-10-14 14:28:03.054331+00:00,39.7459304885571,116.41595982820806,no2,59.2313494830461,µg/m³,demo,demo,demo
2025-10-14 14:28:03.054331+00:00,39.951531621386145,116.28986896427308,no2,57.61494505686238,µg/m³,demo,demo,demo
2025-10-14 14:28:03.054331+00:00,39.873780997429364,116.30795486837317,no2,52.833396049455324,µg/m³,demo,demo,demo
2025-10-14 14:28:03.054331+00:00,40.08233467614682,116.44515388787293,no2,60.40206208479773,µg/m³,demo,demo,demo
2025-10-14 14:28:03.054331+00:00,39.85364498967821,116.5460722468767,no2,60.06368371080609,µg/m³,demo,demo,demo
2025-10-14 14:28:03.054331+00:00,39.76109600413939,116.34352957869136,no2,72.62779868248396,µg/m³,demo,demo,demo
2025-10-14 14:28:03.054331+00:00,39.82940859081421,116.40869651548132,no2,53.50414159281355,µg/m³,demo,demo,demo
2025-10-14 14:28:03.054331+00:00,39.89148215884388,116.23123960106226,no2,67.70456690452467,µg/m³,demo,demo,demo
2025-10-14 14:28:03.054331+00:00,39.8158697872669,116.50965201307302,no2,72.73038795403774,µg/m³,demo,demo,demo
2025-10-14 14:28:03.054331+00:00,39.86944174612031,116.2693608757687,no2,63.984320489376884,µg/m³,demo,demo,demo
2025-10-14 14:28:03.054331+00:00,39.98235187259006,116.35940408956394,no2,72.14747025553916,µg/m³,demo,demo,demo
2025-10-14 14:28:03.054331+00:00,40.005993679627174,116.30976843400697,no2,60.45559819823824,µg/m³,demo,demo,demo
2025-10-14 14:28:03.054331+00:00,39.93655141580016,116.40774546141468,no2,69.31346321730872,µg/m³,demo,demo,demo
2025-10-14 14:28:03.054331+00:00,39.892791559614444,116.31982818503016,no2,63.32943835356838,µg/m³,demo,demo,demo
2025-10-14 14:28:03.054331+00:00,39.745785838267,116.38732406109139,no2,83.27114067558516,µg/m³,demo,demo,demo
2025-10-14 14:28:03.054331+00:00,39.96724078288149,116.37639812429441,no2,63.72880210005458,µg/m³,demo,demo,demo
2025-10-14 14:28:03.054331+00:00,39.79262422853736,116.44524143486309,no2,63.60579116974054,µg/m³,demo,demo,demo
2025-10-14 14:28:03.054331+00:00,39.9956008246123,116.47557451779004,no2,69.23070280893475,µg/m³,demo,demo,demo
2025-10-14 14:28:03.054331+00:00,40.08177958468046,116.41263654228193,no2,61.76892757504268,µg/m³,demo,demo,demo
2025-10-14 14:28:03.054331+00:00,40.04179177985407,116.49704062053388,no2,64.43178006181667,µg/m³,demo,demo,demo
2025-10-14 14:28:03.054331+00:00,39.81011417247837,116.55904013804285,no2,68.70734196911742,µg/m³,demo,demo,demo
2025-10-14 14:28:03.054331+00:00,39.88532912049214,116.38312827537138,no2,73.00184461786718,µg/m³,demo,demo,demo
2025-10-14 14:28:03.054331+00:00,39.87792600031214,116.21311198510554,no2,61.233159944104855,µg/m³,demo,demo,demo
2025-10-14 14:28:03.054331+00:00,40.007828107763196,116.50675957978798,no2,66.4857238320701,µg/m³,demo,demo,demo
2025-10-14 14:28:03.054331+00:00,39.867094153064365,116.38360593184655,no2,64.63194006340531,µg/m³,demo,demo,demo
2025-10-14 14:28:03.054331+00:00,39.84095217192622,116.5130285205511,no2,71.5814874134878,µg/m³,demo,demo,demo
2025-10-14 14:28:03.054331+00:00,39.93505956164613,116.54142398917155,no2,72.57188601768792,µg/m³,demo,demo,demo
2025-10-14 14:28:03.054331+00:00,39.92801494030896,116.23074647443879,no2,69.23172201509938,µg/m³,demo,demo,demo
2025-10-14 14:28:03.054331+00:00,40.03750779006845,116.35925809758696,no2,68.13042212144028,µg/m³,demo,demo,demo
2025-10-14 15:28:03.054331+00:00,39.80685749907762,116.4493781345115,pm25,94.79441061280903,µg/m³,demo,demo,demo
2025-10-14 15:28:03.054331+00:00,39.93917946384361,116.56641014807931,pm25,99.77393448942227,µg/m³,demo,demo,demo
2025-10-14 15:28:03.054331+00:00,40.008749160965365,116.2904211859026,pm25,101.00775472184586,µg/m³,demo,demo,demo
2025-10-14 15:28:03.054331+00:00,39.786597804218474,116.32060542242837,pm25,114.99213062301563,µg/m³,demo,demo,demo
2025-10-14 15:28:03.054331+00:00,39.819977399772185,116.39258699873622,pm25,87.10535999862728,µg/m³,demo,demo,demo
2025-10-14 15:28:03.054331+00:00,39.761340331559815,116.25447240774785,pm25,116.87876383298993,µg/m³,demo,demo,demo
2025-10-14 15:28:03.054331+00:00,39.82781470731478,116.43145432617307,pm25,109.56225355571453,µg/m³,demo,demo,demo
2025-10-14 15:28:03.054331+00:00,40.012834014787444,116.35782912206344,pm25,99.52612401327065,µg/m³,demo,demo,demo
2025-10-14 15:28:03.054331+00:00,39.99794478397082,116.49561101760729,pm25,97.8160336908761,µg/m³,demo,demo,demo
2025-10-14 15:28:03.054331+00:00,40.069958714656465,116.5219984641094,pm25,114.12576039084415,µg/m³,demo,demo,demo
2025-10-14 15:28:03.054331+00:00,39.85551510292016,116.23897637488294,pm25,110.58908169082905,µg/m³,demo,demo,demo
2025-10-14 15:28:03.054331+00:00,39.73942816670863,116.59833098989995,pm25,84.2291269037813,µg/m³,demo,demo,demo
2025-10-14 15:28:03.054331+00:00,39.767017906673026,116.51322376494744,pm25,99.71721969809381,µg/m³,demo,demo,demo
2025-10-14 15:28:03.054331+00:00,39.905499718591194,116.50211688304783,pm25,96.99686213981028,µg/m³,demo,demo,demo
2025-10-14 15:28:03.054331+00:00,39.74423053225919,116.29747863982622,pm25,107.12940665525723,µg/m³,demo,demo,demo
2025-10-14 15:28:03.054331+00:00,39.98059495726368,116.30212531112882,pm25,100.35423201623354,µg/m³,demo,demo,demo
2025-10-14 15:28:03.054331+00:00,39.82064075894462,116.55122785845793,pm25,113.49184085470844,µg/m³,demo,demo,demo
2025-10-14 15:28:03.054331+00:00,39.89046046134094,116.21897568725595,pm25,101.72422399530575,µg/m³,demo,demo,demo
2025-10-14 15:28:03.054331+00:00,39.86507099492521,116.24852015499852,pm25,104.6718231398272,µg/m³,demo,demo,demo
2025-10-14 15:28:03.054331+00:00,39.849376806584665,116.44169095233916,pm25,122.86844431515098,µg/m³,demo,demo,demo
2025-10-14 15:28:03.054331+00:00,40.03557197868379,116.29464191698023,pm25,105.09729156909036,µg/m³,demo,demo,demo
2025-10-14 15:28:03.054331+00:00,39.71571517952361,116.40779271257378,pm25,102.00236898237782,µg/m³,demo,demo,demo
2025-10-14 15:28:03.054331+00:00,40.05110529496497,116.41214540205357,pm25,108.41539331990627,µg/m³,demo,demo,demo
2025-10-14 15:28:03.054331+00:00,39.73664182854641,116.36036949380234,pm25,92.3871418152455,µg/m³,demo,demo,demo
2025-10-14 15:28:03.054331+00:00,39.74959691863227,116.51984845251077,pm25,88.79416140372041,µg/m³,demo,demo,demo
2025-10-14 15:28:03.054331+00:00,39.778169888557656,116.28097575119602,pm25,107.56591074144698,µg/m³,demo,demo,demo
2025-10-14 15:28:03.054331+00:00,40.043771444942365,116.50199762386282,pm25,100.82725154016246,µg/m³,demo,demo,demo
2025-10-14 15:28:03.054331+00:00,40.091366459262765,116.36570848220735,pm25,90.73412304836754,µg/m³,demo,demo,demo
2025-10-14 15:28:03.054331+00:00,39.76376965278536,116.56151486512422,pm25,118.94051340130596,µg/m³,demo,demo,demo
2025-10-14 15:28:03.054331+00:00,39.918457977826954,116.26180042763507,pm25,116.02725487077274,µg/m³,demo,demo,demo
2025-10-14 15:28:03.054331+00:00,39.937717856719026,116.29132302939117,pm25,110.47420904094886,µg/m³,demo,demo,demo
2025-10-14 15:28:03.054331+00:00,39.77808149538769,116.33137404555767,pm25,101.37403883601891,µg/m³,demo,demo,demo
2025-10-14 15:28:03.054331+00:00,39.99036962555389,116.28328456900427,pm25,105.36224280114016,µg/m³,demo,demo,demo
2025-10-14 15:28:03.054331+00:00,39.88390378689873,116.32211786896559,pm25,100.83996032674428,µg/m³,demo,demo,demo
2025-10-14 15:28:03.054331+00:00,39.79722717099177,116.35359648051836,pm25,118.03213858016345,µg/m³,demo,demo,demo
2025-10-14 15:28:03.054331+00:00,39.797501935940915,116.51090811338325,pm25,90.46808646317338,µg/m³,demo,demo,demo
2025-10-14 15:28:03.054331+00:00,39.95002562853497,116.47767587956035,pm25,110.95676173735946,µg/m³,demo,demo,demo
2025-10-14 15:28:03.054331+00:00,39.71396197635483,116.51325210931668,pm25,107.90391241957555,µg/m³,demo,demo,demo
2025-10-14 15:28:03.054331+00:00,40.02549844495178,116.41998369775074,pm25,94.11429847893545,µg/m³,demo,demo,demo
2025-10-14 15:28:03.054331+00:00,40.020883309663766,116.31635169945565,pm25,115.1047216958135,µg/m³,demo,demo,demo
2025-10-14 15:28:03.054331+00:00,39.918495822571074,116.257567705749,pm25,103.60357968507512,µg/m³,demo,demo,demo
2025-10-14 15:28:03.054331+00:00,39.71028840426977,116.5806658812543,pm25,130.10749559914058,µg/m³,demo,demo,demo
2025-10-14 15:28:03.054331+00:00,39.978566973046796,116.4505844499995,pm25,121.76446430445202,µg/m³,demo,demo,demo
2025-10-14 15:28:03.054331+00:00,39.850431247689386,116.28376822255463,pm25,107.0131079359577,µg/m³,demo,demo,demo
2025-10-14 15:28:03.054331+00:00,39.727313518428744,116.32280864102245,pm25,103.16621246024575,µg/m³,demo,demo,demo
2025-10-14 15:28:03.054331+00:00,39.82489099321066,116.42844312961094,pm25,99.4967683302876,µg/m³,demo,demo,demo
2025-10-14 15:28:03.054331+00:00,39.85779598268389,116.38568613360306,pm25,99.028968259333,µg/m³,demo,demo,demo
2025-10-14 15:28:03.054331+00:00,39.749064689270405,116.2177593086647,pm25,111.46229152314838,µg/m³,demo,demo,demo
2025-10-14 15:28:03.054331+00:00,40.0790083051281,116.3234850869076,pm25,90.48135528833973,µg/m³,demo,demo,demo
2025-10-14 15:28:03.054331+00:00,39.87041658347722,116.42804040857878,pm25,119.33094813477547,µg/m³,demo,demo,demo
2025-10-14 15:28:03.054331+00:00,40.02401130721118,116.52455875342605,pm25,116.05677206743846,µg/m³,demo,demo,demo
2025-10-14 15:28:03.054331+00:00,39.93901838014487,116.276950417054,pm25,106.06926011469383,µg/m³,demo,demo,demo
2025-10-14 15:28:03.054331+00:00,39.852679649188644,116.29451681374138,pm25,116.67265328263179,µg/m³,demo,demo,demo
2025-10-14 15:28:03.054331+00:00,39.905056970768015,116.36847090184446,pm25,135.2461623285889,µg/m³,demo,demo,demo
2025-10-14 15:28:03.054331+00:00,39.90244466236503,116.31639934716615,pm25,111.23702839047775,µg/m³,demo,demo,demo
2025-10-14 15:28:03.054331+00:00,39.8515586014772,116.53258838670989,pm25,128.3049982099503,µg/m³,demo,demo,demo
2025-10-14 15:28:03.054331+00:00,39.7451656036451,116.42139313784489,pm25,104.1530774341191,µg/m³,demo,demo,demo
2025-10-14 15:28:03.054331+00:00,40.03451114108059,116.28703265351598,pm25,100.40038892663387,µg/m³,demo,demo,demo
2025-10-14 15:28:03.054331+00:00,39.90120953598544,116.39627030671136,pm25,119.69220881614388,µg/m³,demo,demo,demo
2025-10-14 15:28:03.054331+00:00,39.901876014967996,116.40796009796541,pm25,84.68621944594469,µg/m³,demo,demo,demo
2025-10-14 15:28:03.054331+00:00,39.80685749907762,116.4493781345115,so2,37.09955662824801,µg/m³,demo,demo,demo
2025-10-14 15:28:03.054331+00:00,39.93917946384361,116.56641014807931,so2,32.29740324295233,µg/m³,demo,demo,demo
2025-10-14 15:28:03.054331+00:00,40.008749160965365,116.2904211859026,so2,29.900008033090018,µg/m³,demo,demo,demo
2025-10-14 15:28:03.054331+00:00,39.786597804218474,116.32060542242837,so2,32.731103025957495,µg/m³,demo,demo,demo
2025-10-14 15:28:03.054331+00:00,39.819977399772185,116.39258699873622,so2,32.85821934445426,µg/m³,demo,demo,demo
2025-10-14 15:28:03.054331+00:00,39.761340331559815,116.25447240774785,so2,38.53945902734924,µg/m³,demo,demo,demo
2025-10-14 15:28:03.054331+00:00,39.82781470731478,116.43145432617307,so2,36.51051364606265,µg/m³,demo,demo,demo
2025-10-14 15:28:03.054331+00:00,40.012834014787444,116.35782912206344,so2,33.30606844292666,µg/m³,demo,demo,demo
2025-10-14 15:28:03.054331+00:00,39.99794478397082,116.49561101760729,so2,31.19876914233522,µg/m³,demo,demo,demo
2025-10-14 15:28:03.054331+00:00,40.069958714656465,116.5219984641094,so2,27.578759061401428,µg/m³,demo,demo,demo
2025-10-14 15:28:03.054331+00:00,39.85551510292016,116.23897637488294,so2,33.29700699009979,µg/m³,demo,demo,demo
2025-10-14 15:28:03.054331+00:00,39.73942816670863,116.59833098989995,so2,19.425752056202022,µg/m³,demo,demo,demo
2025-10-14 15:28:03.054331+00:00,39.767017906673026,116.51322376494744,so2,37.1311104440793,µg/m³,demo,demo,demo
2025-10-14 15:28:03.054331+00:00,39.905499718591194,116.50211688304783,so2,32.29601815007082,µg/m³,demo,demo,demo
2025-10-14 15:28:03.054331+00:00,39.74423053225919,116.29747863982622,so2,23.992038328976562,µg/m³,demo,demo,demo
2025-10-14 15:28:03.054331+00:00,39.98059495726368,116.30212531112882,so2,35.12597311710523,µg/m³,demo,demo,demo
2025-10-14 15:28:03.054331+00:00,39.82064075894462,116.55122785845793,so2,27.856993505731474,µg/m³,demo,demo,demo
2025-10-14 15:28:03.054331+00:00,39.89046046134094,116.21897568725595,so2,29.97132664360479,µg/m³,demo,demo,demo
2025-10-14 15:28:03.054331+00:00,39.86507099492521,116.24852015499852,so2,23.37100222738801,µg/m³,demo,demo,demo
2025-10-14 15:28:03.054331+00:00,39.849376806584665,116.44169095233916,so2,28.55688420027133,µg/m³,demo,demo,demo
2025-10-14 15:28:03.054331+00:00,40.03557197868379,116.29464191698023,so2,33.09884220585423,µg/m³,demo,demo,demo
2025-10-14 15:28:03.054331+00:00,39.71571517952361,116.40779271257378,so2,31.87914526170802,µg/m³,demo,demo,demo
2025-10-14 15:28:03.054331+00:00,40.05110529496497,116.41214540205357,so2,33.746222381234034,µg/m³,demo,demo,demo
2025-10-14 15:28:03.054331+00:00,39.73664182854641,116.36036949380234,so2,28.644771016513577,µg/m³,demo,demo,demo
2025-10-14 15:28:03.054331+00:00,39.74959691863227,116.51984845251077,so2,35.10563327451496,µg/m³,demo,demo,demo
2025-10-14 15:28:03.054331+00:00,39.778169888557656,116.28097575119602,so2,24.883141813405945,µg/m³,demo,demo,demo
2025-10-14 15:28:03.054331+00:00,40.043771444942365,116.50199762386282,so2,29.435120064667235,µg/m³,demo,demo,demo
2025-10-14 15:28:03.054331+00:00,40.091366459262765,116.36570848220735,so2,19.026842436142495,µg/m³,demo,demo,demo
2025-10-14 15:28:03.054331+00:00,39.76376965278536,116.56151486512422,so2,30.73116025012075,µg/m³,demo,demo,demo
2025-10-14 15:28:03.054331+00:00,39.918457977826954,116.26180042763507,so2,29.52591047785809,µg/m³,demo,demo,demo
2025-10-14 15:28:03.054331+00:00,39.937717856719026,116.29132302939117,so2,31.284352386620387,µg/m³,demo,demo,demo
2025-10-14 15:28:03.054331+00:00,39.77808149538769,116.33137404555767,so2,35.10302659963474,µg/m³,demo,demo,demo
2025-10-14 15:28:03.054331+00:00,39.99036962555389,116.28328456900427,so2,38.8039088356498,µg/m³,demo,demo,demo
2025-10-14 15:28:03.054331+00:00,39.88390378689873,116.32211786896559,so2,26.354906834092496,µg/m³,demo,demo,demo
2025-10-14 15:28:03.054331+00:00,39.79722717099177,116.35359648051836,so2,31.03536530377866,µg/m³,demo,demo,demo
2025-10-14 15:28:03.054331+00:00,39.797501935940915,116.51090811338325,so2,22.442655646452128,µg/m³,demo,demo,demo
2025-10-14 15:28:03.054331+00:00,39.95002562853497,116.47767587956035,so2,41.37254149818311,µg/m³,demo,demo,demo
2025-10-14 15:28:03.054331+00:00,39.71396197635483,116.51325210931668,so2,38.73356348332206,µg/m³,demo,demo,demo
2025-10-14 15:28:03.054331+00:00,40.02549844495178,116.41998369775074,so2,34.56215086068694,µg/m³,demo,demo,demo
2025-10-14 15:28:03.054331+00:00,40.020883309663766,116.31635169945565,so2,38.299994313414494,µg/m³,demo,demo,demo
2025-10-14 15:28:03.054331+00:00,39.918495822571074,116.257567705749,so2,36.538957681818424,µg/m³,demo,demo,demo
2025-10-14 15:28:03.054331+00:00,39.71028840426977,116.5806658812543,so2,29.077246645268616,µg/m³,demo,demo,demo
2025-10-14 15:28:03.054331+00:00,39.978566973046796,116.4505844499995,so2,35.85650619870251,µg/m³,demo,demo,demo
2025-10-14 15:28:03.054331+00:00,39.850431247689386,116.28376822255463,so2,38.13499652137886,µg/m³,demo,demo,demo
2025-10-14 15:28:03.054331+00:00,39.727313518428744,116.32280864102245,so2,36.30292890893133,µg/m³,demo,demo,demo
2025-10-14 15:28:03.054331+00:00,39.82489099321066,116.42844312961094,so2,31.85196547622708,µg/m³,demo,demo,demo
2025-10-14 15:28:03.054331+00:00,39.85779598268389,116.38568613360306,so2,30.357993820421154,µg/m³,demo,demo,demo
2025-10-14 15:28:03.054331+00:00,39.749064689270405,116.2177593086647,so2,44.16347566746488,µg/m³,demo,demo,demo
2025-10-14 15:28:03.054331+00:00,40.0790083051281,116.3234850869076,so2,33.65527825175104,µg/m³,demo,demo,demo
2025-10-14 15:28:03.054331+00:00,39.87041658347722,116.42804040857878,so2,35.03218759940266,µg/m³,demo,demo,demo
2025-10-14 15:28:03.054331+00:00,40.02401130721118,116.52455875342605,so2,25.28905457200151,µg/m³,demo,demo,demo
2025-10-14 15:28:03.054331+00:00,39.93901838014487,116.276950417054,so2,35.71558960992762,µg/m³,demo,demo,demo
2025-10-14 15:28:03.054331+00:00,39.852679649188644,116.29451681374138,so2,33.536294695160926,µg/m³,demo,demo,demo
2025-10-14 15:28:03.054331+00:00,39.905056970768015,116.36847090184446,so2,27.992561984743705,µg/m³,demo,demo,demo
2025-10-14 15:28:03.054331+00:00,39.90244466236503,116.31639934716615,so2,38.749097530333465,µg/m³,demo,demo,demo
2025-10-14 15:28:03.054331+00:00,39.8515586014772,116.53258838670989,so2,32.28803286265322,µg/m³,demo,demo,demo
2025-10-14 15:28:03.054331+00:00,39.7451656036451,116.42139313784489,so2,35.54248109603175,µg/m³,demo,demo,demo
2025-10-14 15:28:03.054331+00:00,40.03451114108059,116.28703265351598,so2,34.60443764115948,µg/m³,demo,demo,demo
2025-10-14 15:28:03.054331+00:00,39.90120953598544,116.39627030671136,so2,28.805508125082422,µg/m³,demo,demo,demo
2025-10-14 15:28:03.054331+00:00,39.901876014967996,116.40796009796541,so2,33.748477732429,µg/m³,demo,demo,demo
2025-10-14 15:28:03.054331+00:00,39.80685749907762,116.4493781345115,no2,75.67657372337177,µg/m³,demo,demo,demo
2025-10-14 15:28:03.054331+00:00,39.93917946384361,116.56641014807931,no2,55.75750337348125,µg/m³,demo,demo,demo
2025-10-14 15:28:03.054331+00:00,40.008749160965365,116.2904211859026,no2,56.308635408758526,µg/m³,demo,demo,demo
2025-10-14 15:28:03.054331+00:00,39.786597804218474,116.32060542242837,no2,57.30938678161539,µg/m³,demo,demo,demo
2025-10-14 15:28:03.054331+00:00,39.819977399772185,116.39258699873622,no2,70.52619046120783,µg/m³,demo,demo,demo
2025-10-14 15:28:03.054331+00:00,39.761340331559815,116.25447240774785,no2,60.903538947076,µg/m³,demo,demo,demo
2025-10-14 15:28:03.054331+00:00,39.82781470731478,116.43145432617307,no2,66.9543763742962,µg/m³,demo,demo,demo
2025-10-14 15:28:03.054331+00:00,40.012834014787444,116.35782912206344,no2,73.73744102841563,µg/m³,demo,demo,demo
2025-10-14 15:28:03.054331+00:00,39.99794478397082,116.49561101760729,no2,55.59436216150828,µg/m³,demo,demo,demo
2025-10-14 15:28:03.054331+00:00,40.069958714656465,116.5219984641094,no2,76.38509029786786,µg/m³,demo,demo,demo
2025-10-14 15:28:03.054331+00:00,39.85551510292016,116.23897637488294,no2,64.82861532686033,µg/m³,demo,demo,demo
2025-10-14 15:28:03.054331+00:00,39.73942816670863,116.59833098989995,no2,63.19413934348917,µg/m³,demo,demo,demo
2025-10-14 15:28:03.054331+00:00,39.767017906673026,116.51322376494744,no2,76.83218728318954,µg/m³,demo,demo,demo
2025-10-14 15:28:03.054331+00:00,39.905499718591194,116.50211688304783,no2,68.25198317139,µg/m³,demo,demo,demo
2025-10-14 15:28:03.054331+00:00,39.74423053225919,116.29747863982622,no2,54.07189415175643,µg/m³,demo,demo,demo
2025-10-14 15:28:03.054331+00:00,39.98059495726368,116.30212531112882,no2,64.1200355375674,µg/m³,demo,demo,demo
2025-10-14 15:28:03.054331+00:00,39.82064075894462,116.55122785845793,no2,58.42151381006648,µg/m³,demo,demo,demo
2025-10-14 15:28:03.054331+00:00,39.89046046134094,116.21897568725595,no2,66.71890474953328,µg/m³,demo,demo,demo
2025-10-14 15:28:03.054331+00:00,39.86507099492521,116.24852015499852,no2,60.830889876038896,µg/m³,demo,demo,demo
2025-10-14 15:28:03.054331+00:00,39.849376806584665,116.44169095233916,no2,61.87868168023027,µg/m³,demo,demo,demo
2025-10-14 15:28:03.054331+00:00,40.03557197868379,116.29464191698023,no2,72.26230729882309,µg/m³,demo,demo,demo
2025-10-14 15:28:03.054331+00:00,39.71571517952361,116.40779271257378,no2,51.044099308038234,µg/m³,demo,demo,demo
2025-10-14 15:28:03.054331+00:00,40.05110529496497,116.41214540205357,no2,66.83934841307111,µg/m³,demo,demo,demo
2025-10-14 15:28:03.054331+00:00,39.73664182854641,116.36036949380234,no2,62.72117177283203,µg/m³,demo,demo,demo
2025-10-14 15:28:03.054331+00:00,39.74959691863227,116.51984845251077,no2,67.17724327210352,µg/m³,demo,demo,demo
2025-10-14 15:28:03.054331+00:00,39.778169888557656,116.28097575119602,no2,45.61963446793524,µg/m³,demo,demo,demo
2025-10-14 15:28:03.054331+00:00,40.043771444942365,116.50199762386282,no2,56.95541107361768,µg/m³,demo,demo,demo
2025-10-14 15:28:03.054331+00:00,40.091366459262765,116.36570848220735,no2,61.328979889525385,µg/m³,demo,demo,demo
2025-10-14 15:28:03.054331+00:00,39.76376965278536,116.56151486512422,no2,77.81067572320045,µg/m³,demo,demo,demo
2025-10-14 15:28:03.054331+00:00,39.918457977826954,116.26180042763507,no2,54.5422448207938,µg/m³,demo,demo,demo
2025-10-14 15:28:03.054331+00:00,39.937717856719026,116.29132302939117,no2,55.5971131352362,µg/m³,demo,demo,demo
2025-10-14 15:28:03.054331+00:00,39.77808149538769,116.33137404555767,no2,63.05798444160906,µg/m³,demo,demo,demo
2025-10-14 15:28:03.054331+00:00,39.99036962555389,116.28328456900427,no2,67.13153580084206,µg/m³,demo,demo,demo
2025-10-14 15:28:03.054331+00:00,39.88390378689873,116.32211786896559,no2,59.685897190757046,µg/m³,demo,demo,demo
2025-10-14 15:28:03.054331+00:00,39.79722717099177,116.35359648051836,no2,65.27755205704193,µg/m³,demo,demo,demo
2025-10-14 15:28:03.054331+00:00,39.797501935940915,116.51090811338325,no2,51.504385165085836,µg/m³,demo,demo,demo
2025-10-14 15:28:03.054331+00:00,39.95002562853497,116.47767587956035,no2,78.1054771788524,µg/m³,demo,demo,demo
2025-10-14 15:28:03.054331+00:00,39.71396197635483,116.51325210931668,no2,61.88046043105996,µg/m³,demo,demo,demo
2025-10-14 15:28:03.054331+00:00,40.02549844495178,116.41998369775074,no2,65.61334130169395,µg/m³,demo,demo,demo
2025-10-14 15:28:03.054331+00:00,40.020883309663766,116.31635169945565,no2,86.20953597766301,µg/m³,demo,demo,demo
2025-10-14 15:28:03.054331+00:00,39.918495822571074,116.257567705749,no2,60.09336296787692,µg/m³,demo,demo,demo
2025-10-14 15:28:03.054331+00:00,39.71028840426977,116.5806658812543,no2,54.66592922732434,µg/m³,demo,demo,demo
2025-10-14 15:28:03.054331+00:00,39.978566973046796,116.4505844499995,no2,56.67933692330691,µg/m³,demo,demo,demo
2025-10-14 15:28:03.054331+00:00,39.850431247689386,116.28376822255463,no2,77.96174199283641,µg/m³,demo,demo,demo
2025-10-14 15:28:03.054331+00:00,39.727313518428744,116.32280864102245,no2,63.0794761250949,µg/m³,demo,demo,demo
2025-10-14 15:28:03.054331+00:00,39.82489099321066,116.42844312961094,no2,58.33113304012639,µg/m³,demo,demo,demo
2025-10-14 15:28:03.054331+00:00,39.85779598268389,116.38568613360306,no2,64.30640703298542,µg/m³,demo,demo,demo
2025-10-14 15:28:03.054331+00:00,39.749064689270405,116.2177593086647,no2,64.21260315250188,µg/m³,demo,demo,demo
2025-10-14 15:28:03.054331+00:00,40.0790083051281,116.3234850869076,no2,72.65300438736094,µg/m³,demo,demo,demo
2025-10-14 15:28:03.054331+00:00,39.87041658347722,116.42804040857878,no2,70.36516394223395,µg/m³,demo,demo,demo
2025-10-14 15:28:03.054331+00:00,40.02401130721118,116.52455875342605,no2,67.62079181227426,µg/m³,demo,demo,demo
2025-10-14 15:28:03.054331+00:00,39.93901838014487,116.276950417054,no2,68.4672976976909,µg/m³,demo,demo,demo
2025-10-14 15:28:03.054331+00:00,39.852679649188644,116.29451681374138,no2,58.15658748904166,µg/m³,demo,demo,demo
2025-10-14 15:28:03.054331+00:00,39.905056970768015,116.36847090184446,no2,54.53095815403444,µg/m³,demo,demo,demo
2025-10-14 15:28:03.054331+00:00,39.90244466236503,116.31639934716615,no2,67.85385616807125,µg/m³,demo,demo,demo
2025-10-14 15:28:03.054331+00:00,39.8515586014772,116.53258838670989,no2,68.81913874781677,µg/m³,demo,demo,demo
2025-10-14 15:28:03.054331+00:00,39.7451656036451,116.42139313784489,no2,65.97988947798227,µg/m³,demo,demo,demo
2025-10-14 15:28:03.054331+00:00,40.03451114108059,116.28703265351598,no2,66.91189158812504,µg/m³,demo,demo,demo
2025-10-14 15:28:03.054331+00:00,39.90120953598544,116.39627030671136,no2,69.67075764975618,µg/m³,demo,demo,demo
2025-10-14 15:28:03.054331+00:00,39.901876014967996,116.40796009796541,no2,55.49047083797057,µg/m³,demo,demo,demo
2025-10-14 16:28:03.054331+00:00,39.98397517364762,116.25771376897205,pm25,102.33480168931794,µg/m³,demo,demo,demo
2025-10-14 16:28:03.054331+00:00,40.01010961535322,116.47351665570052,pm25,86.58320461006394,µg/m³,demo,demo,demo
2025-10-14 16:28:03.054331+00:00,39.89731272440979,116.54523214629872,pm25,99.76900970760089,µg/m³,demo,demo,demo
2025-10-14 16:28:03.054331+00:00,39.753407690271416,116.21637108481043,pm25,119.70034753225046,µg/m³,demo,demo,demo
2025-10-14 16:28:03.054331+00:00,39.83365610704167,116.50477352602044,pm25,105.45004826588958,µg/m³,demo,demo,demo
2025-10-14 16:28:03.054331+00:00,39.88779209450371,116.32295333523646,pm25,113.79709584183642,µg/m³,demo,demo,demo
2025-10-14 16:28:03.054331+00:00,39.96216503322274,116.36548860348823,pm25,109.95206370112263,µg/m³,demo,demo,demo
2025-10-14 16:28:03.054331+00:00,39.84523802090755,116.58281825154991,pm25,116.39221117449294,µg/m³,demo,demo,demo
2025-10-14 16:28:03.054331+00:00,39.90322521420632,116.34229442814848,pm25,94.7961988390309,µg/m³,demo,demo,demo
2025-10-14 16:28:03.054331+00:00,39.99582536370539,116.278780004658,pm25,111.23924153096138,µg/m³,demo,demo,demo
2025-10-14 16:28:03.054331+00:00,39.9755235625109,116.53248613854835,pm25,112.97695369077351,µg/m³,demo,demo,demo
2025-10-14 16:28:03.054331+00:00,39.80384773236168,116.28710677444394,pm25,118.71086883355642,µg/m³,demo,demo,demo
2025-10-14 16:28:03.054331+00:00,39.782387904927674,116.44937727063949,pm25,121.55393162136134,µg/m³,demo,demo,demo
2025-10-14 16:28:03.054331+00:00,39.92966488998437,116.44215788057197,pm25,98.85662524820853,µg/m³,demo,demo,demo
2025-10-14 16:28:03.054331+00:00,40.04155303000619,116.26406264179629,pm25,87.64311332568923,µg/m³,demo,demo,demo
2025-10-14 16:28:03.054331+00:00,40.08682751381211,116.51708049802093,pm25,97.11684687409938,µg/m³,demo,demo,demo
2025-10-14 16:28:03.054331+00:00,39.748021340187435,116.45706488591806,pm25,120.70347191526224,µg/m³,demo,demo,demo
2025-10-14 16:28:03.054331+00:00,39.99393923881639,116.23802912402516,pm25,92.90205519155165,µg/m³,demo,demo,demo
2025-10-14 16:28:03.054331+00:00,39.8045243992623,116.49588082861746,pm25,88.30396426072878,µg/m³,demo,demo,demo
2025-10-14 16:28:03.054331+00:00,39.805487158872225,116.34769838019572,pm25,89.08848804193589,µg/m³,demo,demo,demo
2025-10-14 16:28:03.054331+00:00,39.91249730258459,116.33742987551992,pm25,89.2163925852362,µg/m³,demo,demo,demo
2025-10-14 16:28:03.054331+00:00,40.07305838722046,116.4979821359228,pm25,113.46888645340358,µg/m³,demo,demo,demo
2025-10-14 16:28:03.054331+00:00,39.816598689278074,116.21549570790314,pm25,95.61091068792706,µg/m³,demo,demo,demo
2025-10-14 16:28:03.054331+00:00,39.74926393987982,116.51068708609638,pm25,97.32603518917486,µg/m³,demo,demo,demo
2025-10-14 16:28:03.054331+00:00,39.82826180854256,116.43237170190527,pm25,118.53672585861067,µg/m³,demo,demo,demo
2025-10-14 16:28:03.054331+00:00,39.823921319647376,116.48464489349296,pm25,116.05141330340862,µg/m³,demo,demo,demo
2025-10-14 16:28:03.054331+00:00,40.056361845034864,116.50764532383869,pm25,115.39765888306817,µg/m³,demo,demo,demo
2025-10-14 16:28:03.054331+00:00,39.96610051587928,116.54424454396685,pm25,95.63629098610059,µg/m³,demo,demo,demo
2025-10-14 16:28:03.054331+00:00,39.98969633567577,116.54236039651542,pm25,84.37862671198498,µg/m³,demo,demo,demo
2025-10-14 16:28:03.054331+00:00,39.87366460904521,116.31311356618492,pm25,109.0448858277209,µg/m³,demo,demo,demo
2025-10-14 16:28:03.054331+00:00,39.92245837653396,116.42243836855033,pm25,125.88544140889853,µg/m³,demo,demo,demo
2025-10-14 16:28:03.054331+00:00,39.9983663430767,116.41145862365673,pm25,100.54728471269043,µg/m³,demo,demo,demo
2025-10-14 16:28:03.054331+00:00,39.71566904368048,116.49107507486785,pm25,101.55849704380694,µg/m³,demo,demo,demo
2025-10-14 16:28:03.054331+00:00,40.03722484766851,116.52758331347299,pm25,65.84212421435284,µg/m³,demo,demo,demo
2025-10-14 16:28:03.054331+00:00,39.98849473956628,116.3482412893067,pm25,125.60931697604879,µg/m³,demo,demo,demo
2025-10-14 16:28:03.054331+00:00,39.71732431853269,116.4210033129565,pm25,102.42995641626243,µg/m³,demo,demo,demo
2025-10-14 16:28:03.054331+00:00,39.97875381610867,116.44410178002484,pm25,83.92690531623363,µg/m³,demo,demo,demo
2025-10-14 16:28:03.054331+00:00,39.84444229466632,116.25617562311687,pm25,104.11062505166957,µg/m³,demo,demo,demo
2025-10-14 16:28:03.054331+00:00,39.72989886056802,116.55765383486036,pm25,97.6740521618865,µg/m³,demo,demo,demo
2025-10-14 16:28:03.054331+00:00,39.982861375312076,116.42754389529259,pm25,112.35584719547457,µg/m³,demo,demo,demo
2025-10-14 16:28:03.054331+00:00,39.97785164244492,116.25164095887784,pm25,130.659476119659,µg/m³,demo,demo,demo
2025-10-14 16:28:03.054331+00:00,39.94919266646428,116.29742445539694,pm25,95.15836557403249,µg/m³,demo,demo,demo
2025-10-14 16:28:03.054331+00:00,39.82509644286925,116.21327462625466,pm25,106.68752537581035,µg/m³,demo,demo,demo
2025-10-14 16:28:03.054331+00:00,39.750660025509305,116.31849622751784,pm25,100.2034558924913,µg/m³,demo,demo,demo
2025-10-14 16:28:03.054331+00:00,39.78160154336365,116.26073983536617,pm25,96.84794940996255,µg/m³,demo,demo,demo
2025-10-14 16:28:03.054331+00:00,39.862296274402695,116.52600805628134,pm25,110.34281572581286,µg/m³,demo,demo,demo
2025-10-14 16:28:03.054331+00:00,39.813735756004355,116.5036521206943,pm25,123.39005007890009,µg/m³,demo,demo,demo
2025-10-14 16:28:03.054331+00:00,39.85481606403302,116.30819192623963,pm25,110.1003299102823,µg/m³,demo,demo,demo
2025-10-14 16:28:03.054331+00:00,39.82542364943765,116.4229767144577,pm25,99.7006912610405,µg/m³,demo,demo,demo
2025-10-14 16:28:03.054331+00:00,40.06982806391483,116.30583340294756,pm25,111.04167930179199,µg/m³,demo,demo,demo
2025-10-14 16:28:03.054331+00:00,39.89903816028328,116.208150272733,pm25,107.66043804924486,µg/m³,demo,demo,demo
2025-10-14 16:28:03.054331+00:00,40.04951813733056,116.35206789042712,pm25,114.60225452967224,µg/m³,demo,demo,demo
2025-10-14 16:28:03.054331+00:00,39.74251065731354,116.46836494123427,pm25,98.20134830415115,µg/m³,demo,demo,demo
2025-10-14 16:28:03.054331+00:00,40.017869651578415,116.43481731596482,pm25,106.47434060044205,µg/m³,demo,demo,demo
2025-10-14 16:28:03.054331+00:00,40.012211982195254,116.42452049988927,pm25,124.58935347941761,µg/m³,demo,demo,demo
2025-10-14 16:28:03.054331+00:00,39.95792494275965,116.37034911218544,pm25,105.04915697815821,µg/m³,demo,demo,demo
2025-10-14 16:28:03.054331+00:00,39.87584357189138,116.51389543799276,pm25,116.5454096868057,µg/m³,demo,demo,demo
2025-10-14 16:28:03.054331+00:00,40.06099253735903,116.5822608899318,pm25,104.69553441849051,µg/m³,demo,demo,demo
2025-10-14 16:28:03.054331+00:00,39.981558505284184,116.23173265979166,pm25,105.66872732329752,µg/m³,demo,demo,demo
2025-10-14 16:28:03.054331+00:00,39.88387957204181,116.24576214822898,pm25,95.90995970972986,µg/m³,demo,demo,demo
2025-10-14 16:28:03.054331+00:00,39.98397517364762,116.25771376897205,so2,45.694930247049896,µg/m³,demo,demo,demo
2025-10-14 16:28:03.054331+00:00,40.01010961535322,116.47351665570052,so2,37.43628715370001,µg/m³,demo,demo,demo
2025-10-14 16:28:03.054331+00:00,39.89731272440979,116.54523214629872,so2,37.34946580639354,µg/m³,demo,demo,demo
2025-10-14 16:28:03.054331+00:00,39.753407690271416,116.21637108481043,so2,37.234702792167056,µg/m³,demo,demo,demo
2025-10-14 16:28:03.054331+00:00,39.83365610704167,116.50477352602044,so2,26.346625156784782,µg/m³,demo,demo,demo
2025-10-14 16:28:03.054331+00:00,39.88779209450371,116.32295333523646,so2,27.654216439014963,µg/m³,demo,demo,demo
2025-10-14 16:28:03.054331+00:00,39.96216503322274,116.36548860348823,so2,30.539544113962908,µg/m³,demo,demo,demo
2025-10-14 16:28:03.054331+00:00,39.84523802090755,116.58281825154991,so2,23.039840855308018,µg/m³,demo,demo,demo
2025-10-14 16:28:03.054331+00:00,39.90322521420632,116.34229442814848,so2,26.928206170037036,µg/m³,demo,demo,demo
2025-10-14 16:28:03.054331+00:00,39.99582536370539,116.278780004658,so2,35.59563893025001,µg/m³,demo,demo,demo
2025-10-14 16:28:03.054331+00:00,39.9755235625109,116.53248613854835,so2,20.770726833445305,µg/m³,demo,demo,demo
2025-10-14 16:28:03.054331+00:00,39.80384773236168,116.28710677444394,so2,26.944178611789045,µg/m³,demo,demo,demo
2025-10-14 16:28:03.054331+00:00,39.782387904927674,116.44937727063949,so2,30.925548526651866,µg/m³,demo,demo,demo
2025-10-14 16:28:03.054331+00:00,39.92966488998437,116.44215788057197,so2,30.959236360171975,µg/m³,demo,demo,demo
2025-10-14 16:28:03.054331+00:00,40.04155303000619,116.26406264179629,so2,31.264340737157163,µg/m³,demo,demo,demo
2025-10-14 16:28:03.054331+00:00,40.08682751381211,116.51708049802093,so2,27.609801570921718,µg/m³,demo,demo,demo
2025-10-14 16:28:03.054331+00:00,39.748021340187435,116.45706488591806,so2,35.97784354595095,µg/m³,demo,demo,demo
2025-10-14 16:28:03.054331+00:00,39.99393923881639,116.23802912402516,so2,19.606867838416832,µg/m³,demo,demo,demo
2025-10-14 16:28:03.054331+00:00,39.8045243992623,116.49588082861746,so2,33.51019769738393,µg/m³,demo,demo,demo
2025-10-14 16:28:03.054331+00:00,39.805487158872225,116.34769838019572,so2,23.858385485977223,µg/m³,demo,demo,demo
2025-10-14 16:28:03.054331+00:00,39.91249730258459,116.33742987551992,so2,27.795264017806105,µg/m³,demo,demo,demo
2025-10-14 16:28:03.054331+00:00,40.07305838722046,116.4979821359228,so2,31.059193999693047,µg/m³,demo,demo,demo
2025-10-14 16:28:03.054331+00:00,39.816598689278074,116.21549570790314,so2,39.47694741957508,µg/m³,demo,demo,demo
2025-10-14 16:28:03.054331+00:00,39.74926393987982,116.51068708609638,so2,26.867636095936845,µg/m³,demo,demo,demo
2025-10-14 16:28:03.054331+00:00,39.82826180854256,116.43237170190527,so2,24.18312842857521,µg/m³,demo,demo,demo
2025-10-14 16:28:03.054331+00:00,39.823921319647376,116.48464489349296,so2,36.308058520904765,µg/m³,demo,demo,demo
2025-10-14 16:28:03.054331+00:00,40.056361845034864,116.50764532383869,so2,31.011199073166996,µg/m³,demo,demo,demo
2025-10-14 16:28:03.054331+00:00,39.96610051587928,116.54424454396685,so2,31.493746176054795,µg/m³,demo,demo,demo
2025-10-14 16:28:03.054331+00:00,39.98969633567577,116.54236039651542,so2,34.239453587631274,µg/m³,demo,demo,demo
2025-10-14 16:28:03.054331+00:00,39.87366460904521,116.31311356618492,so2,36.452915311814124,µg/m³,demo,demo,demo
2025-10-14 16:28:03.054331+00:00,39.92245837653396,116.42243836855033,so2,32.23062157521082,µg/m³,demo,demo,demo
2025-10-14 16:28:03.054331+00:00,39.9983663430767,116.41145862365673,so2,20.866027118435888,µg/m³,demo,demo,demo
2025-10-14 16:28:03.054331+00:00,39.71566904368048,116.49107507486785,so2,30.401758034388568,µg/m³,demo,demo,demo
2025-10-14 16:28:03.054331+00:00,40.03722484766851,116.52758331347299,so2,31.538895221404328,µg/m³,demo,demo,demo
2025-10-14 16:28:03.054331+00:00,39.98849473956628,116.3482412893067,so2,25.63424238099543,µg/m³,demo,demo,demo
2025-10-14 16:28:03.054331+00:00,39.71732431853269,116.4210033129565,so2,26.306056907472488,µg/m³,demo,demo,demo
2025-10-14 16:28:03.054331+00:00,39.97875381610867,116.44410178002484,so2,34.62744467548118,µg/m³,demo,demo,demo
2025-10-14 16:28:03.054331+00:00,39.84444229466632,116.25617562311687,so2,32.66109655977855,µg/m³,demo,demo,demo
2025-10-14 16:28:03.054331+00:00,39.72989886056802,116.55765383486036,so2,26.899830573626755,µg/m³,demo,demo,demo
2025-10-14 16:28:03.054331+00:00,39.982861375312076,116.42754389529259,so2,34.25432404259929,µg/m³,demo,demo,demo
2025-10-14 16:28:03.054331+00:00,39.97785164244492,116.25164095887784,so2,32.10983120386016,µg/m³,demo,demo,demo
2025-10-14 16:28:03.054331+00:00,39.94919266646428,116.29742445539694,so2,24.96270944357591,µg/m³,demo,demo,demo
2025-10-14 16:28:03.054331+00:00,39.82509644286925,116.21327462625466,so2,30.061128208006114,µg/m³,demo,demo,demo
2025-10-14 16:28:03.054331+00:00,39.750660025509305,116.31849622751784,so2,24.85387020406653,µg/m³,demo,demo,demo
2025-10-14 16:28:03.054331+00:00,39.78160154336365,116.26073983536617,so2,27.107092648157185,µg/m³,demo,demo,demo
2025-10-14 16:28:03.054331+00:00,39.862296274402695,116.52600805628134,so2,32.94375264414264,µg/m³,demo,demo,demo
2025-10-14 16:28:03.054331+00:00,39.813735756004355,116.5036521206943,so2,25.30027974438314,µg/m³,demo,demo,demo
2025-10-14 16:28:03.054331+00:00,39.85481606403302,116.30819192623963,so2,25.190070155110686,µg/m³,demo,demo,demo
2025-10-14 16:28:03.054331+00:00,39.82542364943765,116.4229767144577,so2,33.32379849147013,µg/m³,demo,demo,demo
2025-10-14 16:28:03.054331+00:00,40.06982806391483,116.30583340294756,so2,26.383879087580244,µg/m³,demo,demo,demo
2025-10-14 16:28:03.054331+00:00,39.89903816028328,116.208150272733,so2,30.06677852089841,µg/m³,demo,demo,demo
2025-10-14 16:28:03.054331+00:00,40.04951813733056,116.35206789042712,so2,30.172950923550314,µg/m³,demo,demo,demo
2025-10-14 16:28:03.054331+00:00,39.74251065731354,116.46836494123427,so2,30.62568830706458,µg/m³,demo,demo,demo
2025-10-14 16:28:03.054331+00:00,40.017869651578415,116.43481731596482,so2,33.343983554931015,µg/m³,demo,demo,demo
2025-10-14 16:28:03.054331+00:00,40.012211982195254,116.42452049988927,so2,29.267182791541156,µg/m³,demo,demo,demo
2025-10-14 16:28:03.054331+00:00,39.95792494275965,116.37034911218544,so2,27.552696645213715,µg/m³,demo,demo,demo
2025-10-14 16:28:03.054331+00:00,39.87584357189138,116.51389543799276,so2,29.121684093065678,µg/m³,demo,demo,demo
2025-10-14 16:28:03.054331+00:00,40.06099253735903,116.5822608899318,so2,37.27074122734018,µg/m³,demo,demo,demo
2025-10-14 16:28:03.054331+00:00,39.981558505284184,116.23173265979166,so2,36.10790981735225,µg/m³,demo,demo,demo
2025-10-14 16:28:03.054331+00:00,39.88387957204181,116.24576214822898,so2,31.17156600505958,µg/m³,demo,demo,demo
2025-10-14 16:28:03.054331+00:00,39.98397517364762,116.25771376897205,no2,72.75104579476978,µg/m³,demo,demo,demo
2025-10-14 16:28:03.054331+00:00,40.01010961535322,116.47351665570052,no2,68.57818261431751,µg/m³,demo,demo,demo
2025-10-14 16:28:03.054331+00:00,39.89731272440979,116.54523214629872,no2,54.2873593064883,µg/m³,demo,demo,demo
2025-10-14 16:28:03.054331+00:00,39.753407690271416,116.21637108481043,no2,75.01494912428036,µg/m³,demo,demo,demo
2025-10-14 16:28:03.054331+00:00,39.83365610704167,116.50477352602044,no2,85.35014822379263,µg/m³,demo,demo,demo
2025-10-14 16:28:03.054331+00:00,39.88779209450371,116.32295333523646,no2,65.804190576113,µg/m³,demo,demo,demo
2025-10-14 16:28:03.054331+00:00,39.96216503322274,116.36548860348823,no2,49.90251243504454,µg/m³,demo,demo,demo
2025-10-14 16:28:03.054331+00:00,39.84523802090755,116.58281825154991,no2,74.92567626857776,µg/m³,demo,demo,demo
2025-10-14 16:28:03.054331+00:00,39.90322521420632,116.34229442814848,no2,67.78116780583133,µg/m³,demo,demo,demo
2025-10-14 16:28:03.054331+00:00,39.99582536370539,116.278780004658,no2,62.03392229827579,µg/m³,demo,demo,demo
2025-10-14 16:28:03.054331+00:00,39.9755235625109,116.53248613854835,no2,46.58698311823437,µg/m³,demo,demo,demo
2025-10-14 16:28:03.054331+00:00,39.80384773236168,116.28710677444394,no2,62.06043563301961,µg/m³,demo,demo,demo
2025-10-14 16:28:03.054331+00:00,39.782387904927674,116.44937727063949,no2,60.48406785983663,µg/m³,demo,demo,demo
2025-10-14 16:28:03.054331+00:00,39.92966488998437,116.44215788057197,no2,60.358271565539965,µg/m³,demo,demo,demo
2025-10-14 16:28:03.054331+00:00,40.04155303000619,116.26406264179629,no2,59.5125821663161,µg/m³,demo,demo,demo
2025-10-14 16:28:03.054331+00:00,40.08682751381211,116.51708049802093,no2,70.60407366979918,µg/m³,demo,demo,demo
2025-10-14 16:28:03.054331+00:00,39.748021340187435,116.45706488591806,no2,59.51593490086514,µg/m³,demo,demo,demo
2025-10-14 16:28:03.054331+00:00,39.99393923881639,116.23802912402516,no2,66.35386140224269,µg/m³,demo,demo,demo
2025-10-14 16:28:03.054331+00:00,39.8045243992623,116.49588082861746,no2,47.60578734693301,µg/m³,demo,demo,demo
2025-10-14 16:28:03.054331+00:00,39.805487158872225,116.34769838019572,no2,54.96754811217218,µg/m³,demo,demo,demo
2025-10-14 16:28:03.054331+00:00,39.91249730258459,116.33742987551992,no2,62.8372040117666,µg/m³,demo,demo,demo
2025-10-14 16:28:03.054331+00:00,40.07305838722046,116.4979821359228,no2,55.74650038537404,µg/m³,demo,demo,demo
2025-10-14 16:28:03.054331+00:00,39.816598689278074,116.21549570790314,no2,63.204955339809445,µg/m³,demo,demo,demo
2025-10-14 16:28:03.054331+00:00,39.74926393987982,116.51068708609638,no2,62.50304986249833,µg/m³,demo,demo,demo
2025-10-14 16:28:03.054331+00:00,39.82826180854256,116.43237170190527,no2,64.42090499470304,µg/m³,demo,demo,demo
2025-10-14 16:28:03.054331+00:00,39.823921319647376,116.48464489349296,no2,60.25951277355237,µg/m³,demo,demo,demo
2025-10-14 16:28:03.054331+00:00,40.056361845034864,116.50764532383869,no2,68.02698006076899,µg/m³,demo,demo,demo
2025-10-14 16:28:03.054331+00:00,39.96610051587928,116.54424454396685,no2,51.9912556093838,µg/m³,demo,demo,demo
2025-10-14 16:28:03.054331+00:00,39.98969633567577,116.54236039651542,no2,59.70746160195301,µg/m³,demo,demo,demo
2025-10-14 16:28:03.054331+00:00,39.87366460904521,116.31311356618492,no2,75.14915657387766,µg/m³,demo,demo,demo
2025-10-14 16:28:03.054331+00:00,39.92245837653396,116.42243836855033,no2,59.571647228069246,µg/m³,demo,demo,demo
2025-10-14 16:28:03.054331+00:00,39.9983663430767,116.41145862365673,no2,75.21999616806946,µg/m³,demo,demo,demo
2025-10-14 16:28:03.054331+00:00,39.71566904368048,116.49107507486785,no2,65.71999781874382,µg/m³,demo,demo,demo
2025-10-14 16:28:03.054331+00:00,40.03722484766851,116.52758331347299,no2,61.0081018800874,µg/m³,demo,demo,demo
2025-10-14 16:28:03.054331+00:00,39.98849473956628,116.3482412893067,no2,63.64285210751219,µg/m³,demo,demo,demo
2025-10-14 16:28:03.054331+00:00,39.71732431853269,116.4210033129565,no2,75.74101414521697,µg/m³,demo,demo,demo
2025-10-14 16:28:03.054331+00:00,39.97875381610867,116.44410178002484,no2,60.40269568475577,µg/m³,demo,demo,demo
2025-10-14 16:28:03.054331+00:00,39.84444229466632,116.25617562311687,no2,54.00694679259685,µg/m³,demo,demo,demo
2025-10-14 16:28:03.054331+00:00,39.72989886056802,116.55765383486036,no2,66.94251697818645,µg/m³,demo,demo,demo
2025-10-14 16:28:03.054331+00:00,39.982861375312076,116.42754389529259,no2,68.69180640603464,µg/m³,demo,demo,demo
2025-10-14 16:28:03.054331+00:00,39.97785164244492,116.25164095887784,no2,69.79147120949806,µg/m³,demo,demo,demo
2025-10-14 16:28:03.054331+00:00,39.94919266646428,116.29742445539694,no2,50.70814606235716,µg/m³,demo,demo,demo
2025-10-14 16:28:03.054331+00:00,39.82509644286925,116.21327462625466,no2,66.12457243145667,µg/m³,demo,demo,demo
2025-10-14 16:28:03.054331+00:00,39.750660025509305,116.31849622751784,no2,63.47277396582209,µg/m³,demo,demo,demo
2025-10-14 16:28:03.054331+00:00,39.78160154336365,116.26073983536617,no2,60.939603690739,µg/m³,demo,demo,demo
2025-10-14 16:28:03.054331+00:00,39.862296274402695,116.52600805628134,no2,59.131876271100786,µg/m³,demo,demo,demo
2025-10-14 16:28:03.054331+00:00,39.813735756004355,116.5036521206943,no2,66.67015022701807,µg/m³,demo,demo,demo
2025-10-14 16:28:03.054331+00:00,39.85481606403302,116.30819192623963,no2,62.371250407416085,µg/m³,demo,demo,demo
2025-10-14 16:28:03.054331+00:00,39.82542364943765,116.4229767144577,no2,62.539668647168305,µg/m³,demo,demo,demo
2025-10-14 16:28:03.054331+00:00,40.06982806391483,116.30583340294756,no2,78.93395853248487,µg/m³,demo,demo,demo
2025-10-14 16:28:03.054331+00:00,39.89903816028328,116.208150272733,no2,63.365122093469125,µg/m³,demo,demo,demo
2025-10-14 16:28:03.054331+00:00,40.04951813733056,116.35206789042712,no2,53.61905243469234,µg/m³,demo,demo,demo
2025-10-14 16:28:03.054331+00:00,39.74251065731354,116.46836494123427,no2,55.51520303547644,µg/m³,demo,demo,demo
2025-10-14 16:28:03.054331+00:00,40.017869651578415,116.43481731596482,no2,56.78872644270732,µg/m³,demo,demo,demo
2025-10-14 16:28:03.054331+00:00,40.012211982195254,116.42452049988927,no2,49.963166620579635,µg/m³,demo,demo,demo
2025-10-14 16:28:03.054331+00:00,39.95792494275965,116.37034911218544,no2,71.5857916128022,µg/m³,demo,demo,demo
2025-10-14 16:28:03.054331+00:00,39.87584357189138,116.51389543799276,no2,77.78054098195187,µg/m³,demo,demo,demo
2025-10-14 16:28:03.054331+00:00,40.06099253735903,116.5822608899318,no2,57.8240446465489,µg/m³,demo,demo,demo
2025-10-14 16:28:03.054331+00:00,39.981558505284184,116.23173265979166,no2,70.14693385752176,µg/m³,demo,demo,demo
2025-10-14 16:28:03.054331+00:00,39.88387957204181,116.24576214822898,no2,56.85581940003172,µg/m³,demo,demo,demo
2025-10-14 17:28:03.054331+00:00,40.00179159452025,116.27328587025004,pm25,124.14587558570852,µg/m³,demo,demo,demo
2025-10-14 17:28:03.054331+00:00,39.76187952356416,116.24457468905837,pm25,100.55346749667905,µg/m³,demo,demo,demo
2025-10-14 17:28:03.054331+00:00,39.75292688729871,116.35167025977636,pm25,103.2042694547,µg/m³,demo,demo,demo
2025-10-14 17:28:03.054331+00:00,39.98469071204605,116.53205605368431,pm25,98.67240800305719,µg/m³,demo,demo,demo
2025-10-14 17:28:03.054331+00:00,39.92431525641013,116.4302584916203,pm25,100.97024411716171,µg/m³,demo,demo,demo
2025-10-14 17:28:03.054331+00:00,39.72346643366247,116.31918962179684,pm25,101.77459099684607,µg/m³,demo,demo,demo
2025-10-14 17:28:03.054331+00:00,39.81392007352124,116.56277161382259,pm25,97.57522718394462,µg/m³,demo,demo,demo
2025-10-14 17:28:03.054331+00:00,40.00222591404619,116.34649340107119,pm25,116.42515003063535,µg/m³,demo,demo,demo
2025-10-14 17:28:03.054331+00:00,39.91894260900581,116.3787226844615,pm25,74.48451121310997,µg/m³,demo,demo,demo
2025-10-14 17:28:03.054331+00:00,40.077402032229486,116.51423221667362,pm25,86.97960228749622,µg/m³,demo,demo,demo
2025-10-14 17:28:03.054331+00:00,40.00862448893194,116.36500803277636,pm25,97.04510782124832,µg/m³,demo,demo,demo
2025-10-14 17:28:03.054331+00:00,39.99623751970187,116.30194993922633,pm25,99.9441171571138,µg/m³,demo,demo,demo
2025-10-14 17:28:03.054331+00:00,40.02412667031855,116.36084358005654,pm25,118.82165760578282,µg/m³,demo,demo,demo
2025-10-14 17:28:03.054331+00:00,39.73398935337277,116.41946901187255,pm25,108.16364528946218,µg/m³,demo,demo,demo
2025-10-14 17:28:03.054331+00:00,39.84085722975569,116.5655720026297,pm25,101.53043438111159,µg/m³,demo,demo,demo
2025-10-14 17:28:03.054331+00:00,40.02496317225665,116.50259939069754,pm25,91.90221324221082,µg/m³,demo,demo,demo
2025-10-14 17:28:03.054331+00:00,39.81902563620602,116.55848695638073,pm25,125.10864912049657,µg/m³,demo,demo,demo
2025-10-14 17:28:03.054331+00:00,39.87857125205544,116.4039786532492,pm25,111.99002435640664,µg/m³,demo,demo,demo
2025-10-14 17:28:03.054331+00:00,39.9489728699326,116.38943678396335,pm25,132.16423494298306,µg/m³,demo,demo,demo
2025-10-14 17:28:03.054331+00:00,39.74491885227945,116.36332934655768,pm25,83.66661211971609,µg/m³,demo,demo,demo
2025-10-14 17:28:03.054331+00:00,39.97910779149204,116.26725093175432,pm25,122.24226445660264,µg/m³,demo,demo,demo
2025-10-14 17:28:03.054331+00:00,39.85801587319328,116.52861542251935,pm25,100.37781550518966,µg/m³,demo,demo,demo
2025-10-14 17:28:03.054331+00:00,40.05106112855916,116.23881179865066,pm25,91.3365042145235,µg/m³,demo,demo,demo
2025-10-14 17:28:03.054331+00:00,39.89544489008709,116.31591309870723,pm25,103.12320448858098,µg/m³,demo,demo,demo
2025-10-14 17:28:03.054331+00:00,39.71235787760746,116.2892163886635,pm25,103.01431394247794,µg/m³,demo,demo,demo
2025-10-14 17:28:03.054331+00:00,40.00071814449779,116.4258182663104,pm25,97.83007121349597,µg/m³,demo,demo,demo
2025-10-14 17:28:03.054331+00:00,39.97709589827993,116.44147320778312,pm25,84.19152382223442,µg/m³,demo,demo,demo
2025-10-14 17:28:03.054331+00:00,40.07979399389382,116.30793207407334,pm25,97.4051370205643,µg/m³,demo,demo,demo
2025-10-14 17:28:03.054331+00:00,40.02465463619145,116.27152498069837,pm25,86.19457922554824,µg/m³,demo,demo,demo
2025-10-14 17:28:03.054331+00:00,39.92660915572883,116.29430496603376,pm25,102.66818805355972,µg/m³,demo,demo,demo
2025-10-14 17:28:03.054331+00:00,40.01276941589593,116.33344870190447,pm25,85.2559428424688,µg/m³,demo,demo,demo
2025-10-14 17:28:03.054331+00:00,39.77803683408831,116.35566563282757,pm25,104.22157902986041,µg/m³,demo,demo,demo
2025-10-14 17:28:03.054331+00:00,40.06294449880649,116.51445148419175,pm25,96.64515988741157,µg/m³,demo,demo,demo
2025-10-14 17:28:03.054331+00:00,40.006141869502784,116.56248880911365,pm25,113.05041132740939,µg/m³,demo,demo,demo
2025-10-14 17:28:03.054331+00:00,39.897833568260076,116.46160012044689,pm25,92.13387615039461,µg/m³,demo,demo,demo
2025-10-14 17:28:03.054331+00:00,39.716311183869664,116.22211418047998,pm25,85.29879782515454,µg/m³,demo,demo,demo
2025-10-14 17:28:03.054331+00:00,39.86569404933248,116.38544641140494,pm25,84.67110623924007,µg/m³,demo,demo,demo
2025-10-14 17:28:03.054331+00:00,39.84140169939882,116.38756545495139,pm25,104.70886981323615,µg/m³,demo,demo,demo
2025-10-14 17:28:03.054331+00:00,39.96482127981708,116.55680680163441,pm25,148.82218156064954,µg/m³,demo,demo,demo
2025-10-14 17:28:03.054331+00:00,40.09523370071521,116.32838718120175,pm25,84.93421251625983,µg/m³,demo,demo,demo
2025-10-14 17:28:03.054331+00:00,39.825439459755785,116.48748198428346,pm25,93.97213189752487,µg/m³,demo,demo,demo
2025-10-14 17:28:03.054331+00:00,40.07337243665744,116.51555421146982,pm25,119.96443963759555,µg/m³,demo,demo,demo
2025-10-14 17:28:03.054331+00:00,39.97368549677462,116.40486646164949,pm25,109.29249037512751,µg/m³,demo,demo,demo
2025-10-14 17:28:03.054331+00:00,39.76371263411742,116.39674288357097,pm25,116.6786202265716,µg/m³,demo,demo,demo
2025-10-14 17:28:03.054331+00:00,39.97052963750016,116.24795990046772,pm25,105.07947483443542,µg/m³,demo,demo,demo
2025-10-14 17:28:03.054331+00:00,39.92155546444503,116.22466853092337,pm25,107.19104058777225,µg/m³,demo,demo,demo
2025-10-14 17:28:03.054331+00:00,39.80940456909165,116.58883543240165,pm25,101.96767355765442,µg/m³,demo,demo,demo
2025-10-14 17:28:03.054331+00:00,39.753225342415405,116.42543867503451,pm25,87.96490032372598,µg/m³,demo,demo,demo
2025-10-14 17:28:03.054331+00:00,39.76582807844302,116.30682186420644,pm25,103.8461296194345,µg/m³,demo,demo,demo
2025-10-14 17:28:03.054331+00:00,40.04717768138991,116.52141986383303,pm25,89.58515431620107,µg/m³,demo,demo,demo
2025-10-14 17:28:03.054331+00:00,39.88976718961045,116.22187270498289,pm25,108.78371273731676,µg/m³,demo,demo,demo
2025-10-14 17:28:03.054331+00:00,39.92648160037486,116.57737256364389,pm25,68.48570214707111,µg/m³,demo,demo,demo
2025-10-14 17:28:03.054331+00:00,39.99466415913196,116.26800997801023,pm25,76.207586598497,µg/m³,demo,demo,demo
2025-10-14 17:28:03.054331+00:00,39.78343396109637,116.59422569358051,pm25,99.29142450824388,µg/m³,demo,demo,demo
2025-10-14 17:28:03.054331+00:00,39.79939973437097,116.31758159206548,pm25,102.07727989774993,µg/m³,demo,demo,demo
2025-10-14 17:28:03.054331+00:00,40.010885599260256,116.56340433097068,pm25,123.059768204094,µg/m³,demo,demo,demo
2025-10-14 17:28:03.054331+00:00,39.823528712344704,116.21672629971499,pm25,90.98633693788724,µg/m³,demo,demo,demo
2025-10-14 17:28:03.054331+00:00,39.760453015325915,116.25817414234291,pm25,108.33160201745,µg/m³,demo,demo,demo
2025-10-14 17:28:03.054331+00:00,40.0233133664677,116.2152704864393,pm25,79.0372878486941,µg/m³,demo,demo,demo
2025-10-14 17:28:03.054331+00:00,39.82155338034609,116.31465253572881,pm25,129.1810130070219,µg/m³,demo,demo,demo
2025-10-14 17:28:03.054331+00:00,40.00179159452025,116.27328587025004,so2,17.020805313184333,µg/m³,demo,demo,demo
2025-10-14 17:28:03.054331+00:00,39.76187952356416,116.24457468905837,so2,37.59886789090732,µg/m³,demo,demo,demo
2025-10-14 17:28:03.054331+00:00,39.75292688729871,116.35167025977636,so2,28.16740408341879,µg/m³,demo,demo,demo
2025-10-14 17:28:03.054331+00:00,39.98469071204605,116.53205605368431,so2,20.870042189146986,µg/m³,demo,demo,demo
2025-10-14 17:28:03.054331+00:00,39.92431525641013,116.4302584916203,so2,27.09069879134949,µg/m³,demo,demo,demo
2025-10-14 17:28:03.054331+00:00,39.72346643366247,116.31918962179684,so2,34.316182522404354,µg/m³,demo,demo,demo
2025-10-14 17:28:03.054331+00:00,39.81392007352124,116.56277161382259,so2,29.14892404467071,µg/m³,demo,demo,demo
2025-10-14 17:28:03.054331+00:00,40.00222591404619,116.34649340107119,so2,25.62680922243082,µg/m³,demo,demo,demo
2025-10-14 17:28:03.054331+00:00,39.91894260900581,116.3787226844615,so2,30.711208633417964,µg/m³,demo,demo,demo
2025-10-14 17:28:03.054331+00:00,40.077402032229486,116.51423221667362,so2,29.776226939454915,µg/m³,demo,demo,demo
2025-10-14 17:28:03.054331+00:00,40.00862448893194,116.36500803277636,so2,34.37698505358461,µg/m³,demo,demo,demo
2025-10-14 17:28:03.054331+00:00,39.99623751970187,116.30194993922633,so2,33.20930789321427,µg/m³,demo,demo,demo
2025-10-14 17:28:03.054331+00:00,40.02412667031855,116.36084358005654,so2,27.41114168535148,µg/m³,demo,demo,demo
2025-10-14 17:28:03.054331+00:00,39.73398935337277,116.41946901187255,so2,25.894165022492754,µg/m³,demo,demo,demo
2025-10-14 17:28:03.054331+00:00,39.84085722975569,116.5655720026297,so2,29.97011857630301,µg/m³,demo,demo,demo
2025-10-14 17:28:03.054331+00:00,40.02496317225665,116.50259939069754,so2,28.9679530049621,µg/m³,demo,demo,demo
2025-10-14 17:28:03.054331+00:00,39.81902563620602,116.55848695638073,so2,31.062867607287725,µg/m³,demo,demo,demo
2025-10-14 17:28:03.054331+00:00,39.87857125205544,116.4039786532492,so2,24.598918764785285,µg/m³,demo,demo,demo
2025-10-14 17:28:03.054331+00:00,39.9489728699326,116.38943678396335,so2,30.36234539878241,µg/m³,demo,demo,demo
2025-10-14 17:28:03.054331+00:00,39.74491885227945,116.36332934655768,so2,25.628333774646386,µg/m³,demo,demo,demo
2025-10-14 17:28:03.054331+00:00,39.97910779149204,116.26725093175432,so2,32.555615689603805,µg/m³,demo,demo,demo
2025-10-14 17:28:03.054331+00:00,39.85801587319328,116.52861542251935,so2,31.075383396737163,µg/m³,demo,demo,demo
2025-10-14 17:28:03.054331+00:00,40.05106112855916,116.23881179865066,so2,28.49586083092568,µg/m³,demo,demo,demo
2025-10-14 17:28:03.054331+00:00,39.89544489008709,116.31591309870723,so2,21.835525970401697,µg/m³,demo,demo,demo
2025-10-14 17:28:03.054331+00:00,39.71235787760746,116.2892163886635,so2,35.37249969038489,µg/m³,demo,demo,demo
2025-10-14 17:28:03.054331+00:00,40.00071814449779,116.4258182663104,so2,25.472537746522583,µg/m³,demo,demo,demo
2025-10-14 17:28:03.054331+00:00,39.97709589827993,116.44147320778312,so2,27.348474875916217,µg/m³,demo,demo,demo
2025-10-14 17:28:03.054331+00:00,40.07979399389382,116.30793207407334,so2,29.31243093430405,µg/m³,demo,demo,demo
2025-10-14 17:28:03.054331+00:00,40.02465463619145,116.27152498069837,so2,31.792324525196822,µg/m³,demo,demo,demo
2025-10-14 17:28:03.054331+00:00,39.92660915572883,116.29430496603376,so2,27.016165024621124,µg/m³,demo,demo,demo
2025-10-14 17:28:03.054331+00:00,40.01276941589593,116.33344870190447,so2,27.132793912241656,µg/m³,demo,demo,demo
2025-10-14 17:28:03.054331+00:00,39.77803683408831,116.35566563282757,so2,22.609001338628783,µg/m³,demo,demo,demo
2025-10-14 17:28:03.054331+00:00,40.06294449880649,116.51445148419175,so2,34.98640363432344,µg/m³,demo,demo,demo
2025-10-14 17:28:03.054331+00:00,40.006141869502784,116.56248880911365,so2,27.298249580864926,µg/m³,demo,demo,demo
2025-10-14 17:28:03.054331+00:00,39.897833568260076,116.46160012044689,so2,27.420131368652243,µg/m³,demo,demo,demo
2025-10-14 17:28:03.054331+00:00,39.716311183869664,116.22211418047998,so2,19.350341333873587,µg/m³,demo,demo,demo
2025-10-14 17:28:03.054331+00:00,39.86569404933248,116.38544641140494,so2,26.822135265779806,µg/m³,demo,demo,demo
2025-10-14 17:28:03.054331+00:00,39.84140169939882,116.38756545495139,so2,34.17995443505852,µg/m³,demo,demo,demo
2025-10-14 17:28:03.054331+00:00,39.96482127981708,116.55680680163441,so2,35.07557406920271,µg/m³,demo,demo,demo
2025-10-14 17:28:03.054331+00:00,40.09523370071521,116.32838718120175,so2,24.593716036385604,µg/m³,demo,demo,demo
2025-10-14 17:28:03.054331+00:00,39.825439459755785,116.48748198428346,so2,30.08751414435728,µg/m³,demo,demo,demo
2025-10-14 17:28:03.054331+00:00,40.07337243665744,116.51555421146982,so2,32.95304616560623,µg/m³,demo,demo,demo
2025-10-14 17:28:03.054331+00:00,39.97368549677462,116.40486646164949,so2,22.669967883901208,µg/m³,demo,demo,demo
2025-10-14 17:28:03.054331+00:00,39.76371263411742,116.39674288357097,so2,27.913599080282264,µg/m³,demo,demo,demo
2025-10-14 17:28:03.054331+00:00,39.97052963750016,116.24795990046772,so2,33.35657336491836,µg/m³,demo,demo,demo
2025-10-14 17:28:03.054331+00:00,39.92155546444503,116.22466853092337,so2,35.316999210033,µg/m³,demo,demo,demo
2025-10-14 17:28:03.054331+00:00,39.80940456909165,116.58883543240165,so2,22.585054187246406,µg/m³,demo,demo,demo
2025-10-14 17:28:03.054331+00:00,39.753225342415405,116.42543867503451,so2,24.299372879312763,µg/m³,demo,demo,demo
2025-10-14 17:28:03.054331+00:00,39.76582807844302,116.30682186420644,so2,35.64499418888886,µg/m³,demo,demo,demo
2025-10-14 17:28:03.054331+00:00,40.04717768138991,116.52141986383303,so2,27.807131717644584,µg/m³,demo,demo,demo
2025-10-14 17:28:03.054331+00:00,39.88976718961045,116.22187270498289,so2,31.6291454939091,µg/m³,demo,demo,demo
2025-10-14 17:28:03.054331+00:00,39.92648160037486,116.57737256364389,so2,24.006673863681115,µg/m³,demo,demo,demo
2025-10-14 17:28:03.054331+00:00,39.99466415913196,116.26800997801023,so2,35.666636904337224,µg/m³,demo,demo,demo
2025-10-14 17:28:03.054331+00:00,39.78343396109637,116.59422569358051,so2,31.776676815374408,µg/m³,demo,demo,demo
2025-10-14 17:28:03.054331+00:00,39.79939973437097,116.31758159206548,so2,36.90411669192159,µg/m³,demo,demo,demo
2025-10-14 17:28:03.054331+00:00,40.010885599260256,116.56340433097068,so2,25.10343103383086,µg/m³,demo,demo,demo
2025-10-14 17:28:03.054331+00:00,39.823528712344704,116.21672629971499,so2,27.08311822031317,µg/m³,demo,demo,demo
2025-10-14 17:28:03.054331+00:00,39.760453015325915,116.25817414234291,so2,23.70739029099893,µg/m³,demo,demo,demo
2025-10-14 17:28:03.054331+00:00,40.0233133664677,116.2152704864393,so2,23.612997995666056,µg/m³,demo,demo,demo
2025-10-14 17:28:03.054331+00:00,39.82155338034609,116.31465253572881,so2,23.097342426842886,µg/m³,demo,demo,demo
2025-10-14 17:28:03.054331+00:00,40.00179159452025,116.27328587025004,no2,61.08246195271019,µg/m³,demo,demo,demo
2025-10-14 17:28:03.054331+00:00,39.76187952356416,116.24457468905837,no2,52.22434681355204,µg/m³,demo,demo,demo
2025-10-14 17:28:03.054331+00:00,39.75292688729871,116.35167025977636,no2,59.28241419173729,µg/m³,demo,demo,demo
2025-10-14 17:28:03.054331+00:00,39.98469071204605,116.53205605368431,no2,53.848194544056916,µg/m³,demo,demo,demo
2025-10-14 17:28:03.054331+00:00,39.92431525641013,116.4302584916203,no2,62.20020887484668,µg/m³,demo,demo,demo
2025-10-14 17:28:03.054331+00:00,39.72346643366247,116.31918962179684,no2,65.97689925029945,µg/m³,demo,demo,demo
2025-10-14 17:28:03.054331+00:00,39.81392007352124,116.56277161382259,no2,65.78032143394519,µg/m³,demo,demo,demo
2025-10-14 17:28:03.054331+00:00,40.00222591404619,116.34649340107119,no2,66.30984463110991,µg/m³,demo,demo,demo
2025-10-14 17:28:03.054331+00:00,39.91894260900581,116.3787226844615,no2,58.21667289707094,µg/m³,demo,demo,demo
2025-10-14 17:28:03.054331+00:00,40.077402032229486,116.51423221667362,no2,65.01997590736416,µg/m³,demo,demo,demo
2025-10-14 17:28:03.054331+00:00,40.00862448893194,116.36500803277636,no2,57.273174919882806,µg/m³,demo,demo,demo
2025-10-14 17:28:03.054331+00:00,39.99623751970187,116.30194993922633,no2,52.85465573603647,µg/m³,demo,demo,demo
2025-10-14 17:28:03.054331+00:00,40.02412667031855,116.36084358005654,no2,49.44064307709351,µg/m³,demo,demo,demo
2025-10-14 17:28:03.054331+00:00,39.73398935337277,116.41946901187255,no2,59.03056529244799,µg/m³,demo,demo,demo
2025-10-14 17:28:03.054331+00:00,39.84085722975569,116.5655720026297,no2,61.59878003526857,µg/m³,demo,demo,demo
2025-10-14 17:28:03.054331+00:00,40.02496317225665,116.50259939069754,no2,72.58482035218826,µg/m³,demo,demo,demo
2025-10-14 17:28:03.054331+00:00,39.81902563620602,116.55848695638073,no2,55.67078714530082,µg/m³,demo,demo,demo
2025-10-14 17:28:03.054331+00:00,39.87857125205544,116.4039786532492,no2,71.32698283222255,µg/m³,demo,demo,demo
2025-10-14 17:28:03.054331+00:00,39.9489728699326,116.38943678396335,no2,47.065339783924244,µg/m³,demo,demo,demo
2025-10-14 17:28:03.054331+00:00,39.74491885227945,116.36332934655768,no2,58.867433558643334,µg/m³,demo,demo,demo
2025-10-14 17:28:03.054331+00:00,39.97910779149204,116.26725093175432,no2,78.41998877719612,µg/m³,demo,demo,demo
2025-10-14 17:28:03.054331+00:00,39.85801587319328,116.52861542251935,no2,56.975887043252754,µg/m³,demo,demo,demo
2025-10-14 17:28:03.054331+00:00,40.05106112855916,116.23881179865066,no2,52.48282376589897,µg/m³,demo,demo,demo
2025-10-14 17:28:03.054331+00:00,39.89544489008709,116.31591309870723,no2,51.53856946109106,µg/m³,demo,demo,demo
2025-10-14 17:28:03.054331+00:00,39.71235787760746,116.2892163886635,no2,77.63207736378196,µg/m³,demo,demo,demo
2025-10-14 17:28:03.054331+00:00,40.00071814449779,116.4258182663104,no2,69.78381127109027,µg/m³,demo,demo,demo
2025-10-14 17:28:03.054331+00:00,39.97709589827993,116.44147320778312,no2,55.35425187622684,µg/m³,demo,demo,demo
2025-10-14 17:28:03.054331+00:00,40.07979399389382,116.30793207407334,no2,56.15866998087028,µg/m³,demo,demo,demo
2025-10-14 17:28:03.054331+00:00,40.02465463619145,116.27152498069837,no2,39.89935503645438,µg/m³,demo,demo,demo
2025-10-14 17:28:03.054331+00:00,39.92660915572883,116.29430496603376,no2,58.38712457708524,µg/m³,demo,demo,demo
2025-10-14 17:28:03.054331+00:00,40.01276941589593,116.33344870190447,no2,72.31862917426247,µg/m³,demo,demo,demo
2025-10-14 17:28:03.054331+00:00,39.77803683408831,116.35566563282757,no2,44.37437003528211,µg/m³,demo,demo,demo
2025-10-14 17:28:03.054331+00:00,40.06294449880649,116.51445148419175,no2,68.56287065337145,µg/m³,demo,demo,demo
2025-10-14 17:28:03.054331+00:00,40.006141869502784,116.56248880911365,no2,64.93895383210268,µg/m³,demo,demo,demo
2025-10-14 17:28:03.054331+00:00,39.897833568260076,116.46160012044689,no2,72.6325944375897,µg/m³,demo,demo,demo
2025-10-14 17:28:03.054331+00:00,39.716311183869664,116.22211418047998,no2,55.70662954632269,µg/m³,demo,demo,demo
2025-10-14 17:28:03.054331+00:00,39.86569404933248,116.38544641140494,no2,62.18483429156551,µg/m³,demo,demo,demo
2025-10-14 17:28:03.054331+00:00,39.84140169939882,116.38756545495139,no2,70.98139138628275,µg/m³,demo,demo,demo
2025-10-14 17:28:03.054331+00:00,39.96482127981708,116.55680680163441,no2,64.0683682563428,µg/m³,demo,demo,demo
2025-10-14 17:28:03.054331+00:00,40.09523370071521,116.32838718120175,no2,65.85572042732925,µg/m³,demo,demo,demo
2025-10-14 17:28:03.054331+00:00,39.825439459755785,116.48748198428346,no2,57.651458260302526,µg/m³,demo,demo,demo
2025-10-14 17:28:03.054331+00:00,40.07337243665744,116.51555421146982,no2,58.737829038695764,µg/m³,demo,demo,demo
2025-10-14 17:28:03.054331+00:00,39.97368549677462,116.40486646164949,no2,55.53280572038769,µg/m³,demo,demo,demo
2025-10-14 17:28:03.054331+00:00,39.76371263411742,116.39674288357097,no2,61.17009436234289,µg/m³,demo,demo,demo
2025-10-14 17:28:03.054331+00:00,39.97052963750016,116.24795990046772,no2,60.517574420777144,µg/m³,demo,demo,demo
2025-10-14 17:28:03.054331+00:00,39.92155546444503,116.22466853092337,no2,58.205974291725546,µg/m³,demo,demo,demo
2025-10-14 17:28:03.054331+00:00,39.80940456909165,116.58883543240165,no2,43.09151009154609,µg/m³,demo,demo,demo
2025-10-14 17:28:03.054331+00:00,39.753225342415405,116.42543867503451,no2,48.88069567939006,µg/m³,demo,demo,demo
2025-10-14 17:28:03.054331+00:00,39.76582807844302,116.30682186420644,no2,59.697935352994435,µg/m³,demo,demo,demo
2025-10-14 17:28:03.054331+00:00,40.04717768138991,116.52141986383303,no2,69.64196319980461,µg/m³,demo,demo,demo
2025-10-14 17:28:03.054331+00:00,39.88976718961045,116.22187270498289,no2,53.13807621583863,µg/m³,demo,demo,demo
2025-10-14 17:28:03.054331+00:00,39.92648160037486,116.57737256364389,no2,56.00723742229293,µg/m³,demo,demo,demo
2025-10-14 17:28:03.054331+00:00,39.99466415913196,116.26800997801023,no2,59.90700128905474,µg/m³,demo,demo,demo
2025-10-14 17:28:03.054331+00:00,39.78343396109637,116.59422569358051,no2,68.0417933498758,µg/m³,demo,demo,demo
2025-10-14 17:28:03.054331+00:00,39.79939973437097,116.31758159206548,no2,73.64737915763214,µg/m³,demo,demo,demo
2025-10-14 17:28:03.054331+00:00,40.010885599260256,116.56340433097068,no2,62.51485290522611,µg/m³,demo,demo,demo
2025-10-14 17:28:03.054331+00:00,39.823528712344704,116.21672629971499,no2,60.327194065858734,µg/m³,demo,demo,demo
2025-10-14 17:28:03.054331+00:00,39.760453015325915,116.25817414234291,no2,53.86895342953822,µg/m³,demo,demo,demo
2025-10-14 17:28:03.054331+00:00,40.0233133664677,116.2152704864393,no2,63.41605868553715,µg/m³,demo,demo,demo
2025-10-14 17:28:03.054331+00:00,39.82155338034609,116.31465253572881,no2,57.93304220327154,µg/m³,demo,demo,demo
2025-10-14 18:28:03.054331+00:00,39.931459902845596,116.25278485559652,pm25,82.39374983808213,µg/m³,demo,demo,demo
2025-10-14 18:28:03.054331+00:00,39.7327292159587,116.42555193762479,pm25,100.1178502563551,µg/m³,demo,demo,demo
2025-10-14 18:28:03.054331+00:00,39.85690988640391,116.29703593166843,pm25,98.4948149579047,µg/m³,demo,demo,demo
2025-10-14 18:28:03.054331+00:00,40.01923883240267,116.576260054307,pm25,117.21025705869695,µg/m³,demo,demo,demo
2025-10-14 18:28:03.054331+00:00,39.88999680764088,116.28634239531792,pm25,92.24830529118614,µg/m³,demo,demo,demo
2025-10-14 18:28:03.054331+00:00,39.966427342040376,116.40826189053662,pm25,107.67939870883734,µg/m³,demo,demo,demo
2025-10-14 18:28:03.054331+00:00,39.78942835631765,116.49399490318866,pm25,83.35791352616411,µg/m³,demo,demo,demo
2025-10-14 18:28:03.054331+00:00,39.983009889958716,116.3244519674518,pm25,95.3308866410075,µg/m³,demo,demo,demo
2025-10-14 18:28:03.054331+00:00,40.093721776649744,116.5326957560212,pm25,111.18140068921186,µg/m³,demo,demo,demo
2025-10-14 18:28:03.054331+00:00,39.96037962873061,116.32559158085256,pm25,94.54333234613189,µg/m³,demo,demo,demo
2025-10-14 18:28:03.054331+00:00,40.09220771464618,116.35514402550965,pm25,104.28996586683338,µg/m³,demo,demo,demo
2025-10-14 18:28:03.054331+00:00,40.03354980436326,116.37215531301109,pm25,82.70037646453932,µg/m³,demo,demo,demo
2025-10-14 18:28:03.054331+00:00,40.007285476894594,116.36755764877272,pm25,86.70200977933692,µg/m³,demo,demo,demo
2025-10-14 18:28:03.054331+00:00,39.89167769644456,116.44317746176417,pm25,91.44369271023302,µg/m³,demo,demo,demo
2025-10-14 18:28:03.054331+00:00,39.929630530004395,116.29049824463993,pm25,84.38082689685494,µg/m³,demo,demo,demo
2025-10-14 18:28:03.054331+00:00,39.79885680324543,116.33168564417718,pm25,92.40336298112229,µg/m³,demo,demo,demo
2025-10-14 18:28:03.054331+00:00,40.04982418172806,116.29158881252701,pm25,115.59290317492416,µg/m³,demo,demo,demo
2025-10-14 18:28:03.054331+00:00,39.70536855183296,116.31077809940676,pm25,95.21553973544223,µg/m³,demo,demo,demo
2025-10-14 18:28:03.054331+00:00,40.01896020602178,116.5051129304656,pm25,101.04625338345596,µg/m³,demo,demo,demo
2025-10-14 18:28:03.054331+00:00,40.076015873385124,116.45170670152875,pm25,116.85797935898738,µg/m³,demo,demo,demo
2025-10-14 18:28:03.054331+00:00,39.83273612992702,116.58511572096961,pm25,98.3484545940011,µg/m³,demo,demo,demo
2025-10-14 18:28:03.054331+00:00,40.01998016067079,116.58005201625082,pm25,96.2983485564726,µg/m³,demo,demo,demo
2025-10-14 18:28:03.054331+00:00,39.87171111991782,116.28203417876314,pm25,92.24707898641721,µg/m³,demo,demo,demo
2025-10-14 18:28:03.054331+00:00,40.04277822400963,116.28397841438446,pm25,111.54667584786166,µg/m³,demo,demo,demo
2025-10-14 18:28:03.054331+00:00,39.95160832235985,116.56305918449031,pm25,109.0812693571983,µg/m³,demo,demo,demo
2025-10-14 18:28:03.054331+00:00,39.72230647819513,116.2555839301034,pm25,122.82952638124951,µg/m³,demo,demo,demo
2025-10-14 18:28:03.054331+00:00,39.85026561476005,116.50447401879866,pm25,123.0550820963235,µg/m³,demo,demo,demo
2025-10-14 18:28:03.054331+00:00,39.707697180722604,116.27670390522277,pm25,80.26248572000681,µg/m³,demo,demo,demo
2025-10-14 18:28:03.054331+00:00,39.999727464471825,116.25721466543321,pm25,107.45970196488165,µg/m³,demo,demo,demo
2025-10-14 18:28:03.054331+00:00,40.04833780596422,116.37569755571478,pm25,123.70694928411858,µg/m³,demo,demo,demo
2025-10-14 18:28:03.054331+00:00,40.09844333930246,116.4736238708713,pm25,102.18543983983133,µg/m³,demo,demo,demo
2025-10-14 18:28:03.054331+00:00,39.910538274161674,116.53766747384495,pm25,100.37518939732618,µg/m³,demo,demo,demo
2025-10-14 18:28:03.054331+00:00,39.856517030459926,116.28326041815293,pm25,84.60469252369423,µg/m³,demo,demo,demo
2025-10-14 18:28:03.054331+00:00,39.909824255562114,116.23988157638587,pm25,112.18960189143918,µg/m³,demo,demo,demo
2025-10-14 18:28:03.054331+00:00,39.8773986194612,116.51708516797603,pm25,86.31450441285311,µg/m³,demo,demo,demo
2025-10-14 18:28:03.054331+00:00,39.81725588152444,116.38040689004347,pm25,100.57831607174128,µg/m³,demo,demo,demo
2025-10-14 18:28:03.054331+00:00,40.06410339384349,116.44382786736963,pm25,94.46959242118415,µg/m³,demo,demo,demo
2025-10-14 18:28:03.054331+00:00,39.85767341051259,116.43368060280255,pm25,104.06486067131685,µg/m³,demo,demo,demo
2025-10-14 18:28:03.054331+00:00,40.058264872326454,116.50432699858248,pm25,93.3034669389433,µg/m³,demo,demo,demo
2025-10-14 18:28:03.054331+00:00,39.92660020432204,116.59582356534757,pm25,93.44167041218753,µg/m³,demo,demo,demo
2025-10-14 18:28:03.054331+00:00,40.038766187153264,116.45923659565338,pm25,110.95179728475165,µg/m³,demo,demo,demo
2025-10-14 18:28:03.054331+00:00,39.966243299746786,116.34608461499944,pm25,98.07018102362221,µg/m³,demo,demo,demo
2025-10-14 18:28:03.054331+00:00,39.887697133704215,116.26995593018826,pm25,109.490093890766,µg/m³,demo,demo,demo
2025-10-14 18:28:03.054331+00:00,39.98652479428898,116.24115152758245,pm25,90.51384380006333,µg/m³,demo,demo,demo
2025-10-14 18:28:03.054331+00:00,39.99018597554866,116.47662166333964,pm25,116.36688053692515,µg/m³,demo,demo,demo
2025-10-14 18:28:03.054331+00:00,40.04775001276633,116.30204144335119,pm25,104.85007896696305,µg/m³,demo,demo,demo
2025-10-14 18:28:03.054331+00:00,39.884321333713494,116.31104045586552,pm25,113.2787030703037,µg/m³,demo,demo,demo
2025-10-14 18:28:03.054331+00:00,39.911848773467796,116.37733875037932,pm25,107.88122290196617,µg/m³,demo,demo,demo
2025-10-14 18:28:03.054331+00:00,40.00569517539958,116.41103941533387,pm25,79.61910801158515,µg/m³,demo,demo,demo
2025-10-14 18:28:03.054331+00:00,39.905906337783385,116.36645920806285,pm25,67.57202969907655,µg/m³,demo,demo,demo
2025-10-14 18:28:03.054331+00:00,39.948144413029475,116.58228173989467,pm25,111.27686165914194,µg/m³,demo,demo,demo
2025-10-14 18:28:03.054331+00:00,39.79418252370829,116.31923644299177,pm25,92.71035661473478,µg/m³,demo,demo,demo
2025-10-14 18:28:03.054331+00:00,40.09043957535002,116.44080745087138,pm25,93.61505911484942,µg/m³,demo,demo,demo
2025-10-14 18:28:03.054331+00:00,39.95438873368708,116.20649816999688,pm25,88.41185609198864,µg/m³,demo,demo,demo
2025-10-14 18:28:03.054331+00:00,39.96021894803127,116.22550873666418,pm25,91.76192937259495,µg/m³,demo,demo,demo
2025-10-14 18:28:03.054331+00:00,39.9980757165133,116.27957875250723,pm25,102.06287110387589,µg/m³,demo,demo,demo
2025-10-14 18:28:03.054331+00:00,40.0150872078488,116.31253714949483,pm25,109.088461277187,µg/m³,demo,demo,demo
2025-10-14 18:28:03.054331+00:00,39.73835996494938,116.38652932773,pm25,94.9070558829591,µg/m³,demo,demo,demo
2025-10-14 18:28:03.054331+00:00,39.84802362047294,116.42968296077166,pm25,72.12795582646459,µg/m³,demo,demo,demo
2025-10-14 18:28:03.054331+00:00,39.93945607685861,116.26636844346284,pm25,105.5499637403105,µg/m³,demo,demo,demo
2025-10-14 18:28:03.054331+00:00,39.931459902845596,116.25278485559652,so2,31.00796594212684,µg/m³,demo,demo,demo
2025-10-14 18:28:03.054331+00:00,39.7327292159587,116.42555193762479,so2,26.431134952390213,µg/m³,demo,demo,demo
2025-10-14 18:28:03.054331+00:00,39.85690988640391,116.29703593166843,so2,23.02005003137436,µg/m³,demo,demo,demo
2025-10-14 18:28:03.054331+00:00,40.01923883240267,116.576260054307,so2,22.800884787203913,µg/m³,demo,demo,demo
2025-10-14 18:28:03.054331+00:00,39.88999680764088,116.28634239531792,so2,35.77774640039612,µg/m³,demo,demo,demo
2025-10-14 18:28:03.054331+00:00,39.966427342040376,116.40826189053662,so2,26.420857009892813,µg/m³,demo,demo,demo
2025-10-14 18:28:03.054331+00:00,39.78942835631765,116.49399490318866,so2,35.5375166403511,µg/m³,demo,demo,demo
2025-10-14 18:28:03.054331+00:00,39.983009889958716,116.3244519674518,so2,28.256232170984347,µg/m³,demo,demo,demo
2025-10-14 18:28:03.054331+00:00,40.093721776649744,116.5326957560212,so2,33.899889538805795,µg/m³,demo,demo,demo
2025-10-14 18:28:03.054331+00:00,39.96037962873061,116.32559158085256,so2,24.86465665655347,µg/m³,demo,demo,demo
2025-10-14 18:28:03.054331+00:00,40.09220771464618,116.35514402550965,so2,23.16877744475093,µg/m³,demo,demo,demo
2025-10-14 18:28:03.054331+00:00,40.03354980436326,116.37215531301109,so2,28.491453803942328,µg/m³,demo,demo,demo
2025-10-14 18:28:03.054331+00:00,40.007285476894594,116.36755764877272,so2,20.79732614540846,µg/m³,demo,demo,demo
2025-10-14 18:28:03.054331+00:00,39.89167769644456,116.44317746176417,so2,22.778043896208025,µg/m³,demo,demo,demo
2025-10-14 18:28:03.054331+00:00,39.929630530004395,116.29049824463993,so2,31.839891214916676,µg/m³,demo,demo,demo
2025-10-14 18:28:03.054331+00:00,39.79885680324543,116.33168564417718,so2,37.33402951123803,µg/m³,demo,demo,demo
2025-10-14 18:28:03.054331+00:00,40.04982418172806,116.29158881252701,so2,30.39995526415822,µg/m³,demo,demo,demo
2025-10-14 18:28:03.054331+00:00,39.70536855183296,116.31077809940676,so2,21.217913168316954,µg/m³,demo,demo,demo
2025-10-14 18:28:03.054331+00:00,40.01896020602178,116.5051129304656,so2,24.351349149832625,µg/m³,demo,demo,demo
2025-10-14 18:28:03.054331+00:00,40.076015873385124,116.45170670152875,so2,30.385362906011753,µg/m³,demo,demo,demo
2025-10-14 18:28:03.054331+00:00,39.83273612992702,116.58511572096961,so2,28.785757947571163,µg/m³,demo,demo,demo
2025-10-14 18:28:03.054331+00:00,40.01998016067079,116.58005201625082,so2,41.52089372020313,µg/m³,demo,demo,demo
2025-10-14 18:28:03.054331+00:00,39.87171111991782,116.28203417876314,so2,38.97807459851669,µg/m³,demo,demo,demo
2025-10-14 18:28:03.054331+00:00,40.04277822400963,116.28397841438446,so2,28.010554660830998,µg/m³,demo,demo,demo
2025-10-14 18:28:03.054331+00:00,39.95160832235985,116.56305918449031,so2,40.031067166622094,µg/m³,demo,demo,demo
2025-10-14 18:28:03.054331+00:00,39.72230647819513,116.2555839301034,so2,24.73810096721125,µg/m³,demo,demo,demo
2025-10-14 18:28:03.054331+00:00,39.85026561476005,116.50447401879866,so2,24.74996348424607,µg/m³,demo,demo,demo
2025-10-14 18:28:03.054331+00:00,39.707697180722604,116.27670390522277,so2,36.703917851064666,µg/m³,demo,demo,demo
2025-10-14 18:28:03.054331+00:00,39.999727464471825,116.25721466543321,so2,24.261612274858923,µg/m³,demo,demo,demo
2025-10-14 18:28:03.054331+00:00,40.04833780596422,116.37569755571478,so2,26.704007248645947,µg/m³,demo,demo,demo
2025-10-14 18:28:03.054331+00:00,40.09844333930246,116.4736238708713,so2,37.56330012007716,µg/m³,demo,demo,demo
2025-10-14 18:28:03.054331+00:00,39.910538274161674,116.53766747384495,so2,27.445512473450787,µg/m³,demo,demo,demo
2025-10-14 18:28:03.054331+00:00,39.856517030459926,116.28326041815293,so2,36.377755543909416,µg/m³,demo,demo,demo
2025-10-14 18:28:03.054331+00:00,39.909824255562114,116.23988157638587,so2,33.10504261644041,µg/m³,demo,demo,demo
2025-10-14 18:28:03.054331+00:00,39.8773986194612,116.51708516797603,so2,27.419322249553293,µg/m³,demo,demo,demo
2025-10-14 18:28:03.054331+00:00,39.81725588152444,116.38040689004347,so2,32.78644113551001,µg/m³,demo,demo,demo
2025-10-14 18:28:03.054331+00:00,40.06410339384349,116.44382786736963,so2,35.22682870204041,µg/m³,demo,demo,demo
2025-10-14 18:28:03.054331+00:00,39.85767341051259,116.43368060280255,so2,33.72164565723217,µg/m³,demo,demo,demo
2025-10-14 18:28:03.054331+00:00,40.058264872326454,116.50432699858248,so2,25.321016416315736,µg/m³,demo,demo,demo
2025-10-14 18:28:03.054331+00:00,39.92660020432204,116.59582356534757,so2,34.31122224758769,µg/m³,demo,demo,demo
2025-10-14 18:28:03.054331+00:00,40.038766187153264,116.45923659565338,so2,17.765891234880158,µg/m³,demo,demo,demo
2025-10-14 18:28:03.054331+00:00,39.966243299746786,116.34608461499944,so2,27.961540866859483,µg/m³,demo,demo,demo
2025-10-14 18:28:03.054331+00:00,39.887697133704215,116.26995593018826,so2,29.74935045316548,µg/m³,demo,demo,demo
2025-10-14 18:28:03.054331+00:00,39.98652479428898,116.24115152758245,so2,34.24675386985449,µg/m³,demo,demo,demo
2025-10-14 18:28:03.054331+00:00,39.99018597554866,116.47662166333964,so2,36.41946028621684,µg/m³,demo,demo,demo
2025-10-14 18:28:03.054331+00:00,40.04775001276633,116.30204144335119,so2,22.694943710933238,µg/m³,demo,demo,demo
2025-10-14 18:28:03.054331+00:00,39.884321333713494,116.31104045586552,so2,26.662172249590668,µg/m³,demo,demo,demo
2025-10-14 18:28:03.054331+00:00,39.911848773467796,116.37733875037932,so2,28.82194953106596,µg/m³,demo,demo,demo
2025-10-14 18:28:03.054331+00:00,40.00569517539958,116.41103941533387,so2,27.05231707419604,µg/m³,demo,demo,demo
2025-10-14 18:28:03.054331+00:00,39.905906337783385,116.36645920806285,so2,31.321881901092087,µg/m³,demo,demo,demo
2025-10-14 18:28:03.054331+00:00,39.948144413029475,116.58228173989467,so2,32.69059829026787,µg/m³,demo,demo,demo
2025-10-14 18:28:03.054331+00:00,39.79418252370829,116.31923644299177,so2,32.885646220428306,µg/m³,demo,demo,demo
2025-10-14 18:28:03.054331+00:00,40.09043957535002,116.44080745087138,so2,27.717526308208768,µg/m³,demo,demo,demo
2025-10-14 18:28:03.054331+00:00,39.95438873368708,116.20649816999688,so2,45.54906338012189,µg/m³,demo,demo,demo
2025-10-14 18:28:03.054331+00:00,39.96021894803127,116.22550873666418,so2,23.60235024520963,µg/m³,demo,demo,demo
2025-10-14 18:28:03.054331+00:00,39.9980757165133,116.27957875250723,so2,28.43864793372905,µg/m³,demo,demo,demo
2025-10-14 18:28:03.054331+00:00,40.0150872078488,116.31253714949483,so2,37.33172387050534,µg/m³,demo,demo,demo
2025-10-14 18:28:03.054331+00:00,39.73835996494938,116.38652932773,so2,33.64921540677776,µg/m³,demo,demo,demo
2025-10-14 18:28:03.054331+00:00,39.84802362047294,116.42968296077166,so2,33.52482685855111,µg/m³,demo,demo,demo
2025-10-14 18:28:03.054331+00:00,39.93945607685861,116.26636844346284,so2,35.93649748783707,µg/m³,demo,demo,demo
2025-10-14 18:28:03.054331+00:00,39.931459902845596,116.25278485559652,no2,57.631112824019105,µg/m³,demo,demo,demo
2025-10-14 18:28:03.054331+00:00,39.7327292159587,116.42555193762479,no2,60.032809298508035,µg/m³,demo,demo,demo
2025-10-14 18:28:03.054331+00:00,39.85690988640391,116.29703593166843,no2,68.32063345526282,µg/m³,demo,demo,demo
2025-10-14 18:28:03.054331+00:00,40.01923883240267,116.576260054307,no2,72.32190095730934,µg/m³,demo,demo,demo
2025-10-14 18:28:03.054331+00:00,39.88999680764088,116.28634239531792,no2,48.94084820767123,µg/m³,demo,demo,demo
2025-10-14 18:28:03.054331+00:00,39.966427342040376,116.40826189053662,no2,55.11308404188336,µg/m³,demo,demo,demo
2025-10-14 18:28:03.054331+00:00,39.78942835631765,116.49399490318866,no2,59.40826839457611,µg/m³,demo,demo,demo
2025-10-14 18:28:03.054331+00:00,39.983009889958716,116.3244519674518,no2,66.67294191977837,µg/m³,demo,demo,demo
2025-10-14 18:28:03.054331+00:00,40.093721776649744,116.5326957560212,no2,49.44461973479264,µg/m³,demo,demo,demo
2025-10-14 18:28:03.054331+00:00,39.96037962873061,116.32559158085256,no2,67.00813365729566,µg/m³,demo,demo,demo
2025-10-14 18:28:03.054331+00:00,40.09220771464618,116.35514402550965,no2,53.91994342118655,µg/m³,demo,demo,demo
2025-10-14 18:28:03.054331+00:00,40.03354980436326,116.37215531301109,no2,65.49742280107688,µg/m³,demo,demo,demo
2025-10-14 18:28:03.054331+00:00,40.007285476894594,116.36755764877272,no2,61.51016743693809,µg/m³,demo,demo,demo
2025-10-14 18:28:03.054331+00:00,39.89167769644456,116.44317746176417,no2,71.40954685205107,µg/m³,demo,demo,demo
2025-10-14 18:28:03.054331+00:00,39.929630530004395,116.29049824463993,no2,51.177325988061476,µg/m³,demo,demo,demo
2025-10-14 18:28:03.054331+00:00,39.79885680324543,116.33168564417718,no2,64.06820872319034,µg/m³,demo,demo,demo
2025-10-14 18:28:03.054331+00:00,40.04982418172806,116.29158881252701,no2,57.14203079257729,µg/m³,demo,demo,demo
2025-10-14 18:28:03.054331+00:00,39.70536855183296,116.31077809940676,no2,53.80506827969358,µg/m³,demo,demo,demo
2025-10-14 18:28:03.054331+00:00,40.01896020602178,116.5051129304656,no2,67.07518223390886,µg/m³,demo,demo,demo
2025-10-14 18:28:03.054331+00:00,40.076015873385124,116.45170670152875,no2,51.64387346984878,µg/m³,demo,demo,demo
2025-10-14 18:28:03.054331+00:00,39.83273612992702,116.58511572096961,no2,65.36473782488767,µg/m³,demo,demo,demo
2025-10-14 18:28:03.054331+00:00,40.01998016067079,116.58005201625082,no2,51.08160753450036,µg/m³,demo,demo,demo
2025-10-14 18:28:03.054331+00:00,39.87171111991782,116.28203417876314,no2,49.86223180662294,µg/m³,demo,demo,demo
2025-10-14 18:28:03.054331+00:00,40.04277822400963,116.28397841438446,no2,64.9572821333552,µg/m³,demo,demo,demo
2025-10-14 18:28:03.054331+00:00,39.95160832235985,116.56305918449031,no2,76.69401564742492,µg/m³,demo,demo,demo
2025-10-14 18:28:03.054331+00:00,39.72230647819513,116.2555839301034,no2,63.10602199545069,µg/m³,demo,demo,demo
2025-10-14 18:28:03.054331+00:00,39.85026561476005,116.50447401879866,no2,51.71049216640873,µg/m³,demo,demo,demo
2025-10-14 18:28:03.054331+00:00,39.707697180722604,116.27670390522277,no2,61.99406345036004,µg/m³,demo,demo,demo
2025-10-14 18:28:03.054331+00:00,39.999727464471825,116.25721466543321,no2,56.83315810811156,µg/m³,demo,demo,demo
2025-10-14 18:28:03.054331+00:00,40.04833780596422,116.37569755571478,no2,53.889355531554315,µg/m³,demo,demo,demo
2025-10-14 18:28:03.054331+00:00,40.09844333930246,116.4736238708713,no2,60.951563895935614,µg/m³,demo,demo,demo
2025-10-14 18:28:03.054331+00:00,39.910538274161674,116.53766747384495,no2,63.53896831878479,µg/m³,demo,demo,demo
2025-10-14 18:28:03.054331+00:00,39.856517030459926,116.28326041815293,no2,65.74695480939272,µg/m³,demo,demo,demo
2025-10-14 18:28:03.054331+00:00,39.909824255562114,116.23988157638587,no2,50.934283739968286,µg/m³,demo,demo,demo
2025-10-14 18:28:03.054331+00:00,39.8773986194612,116.51708516797603,no2,72.31005301453365,µg/m³,demo,demo,demo
2025-10-14 18:28:03.054331+00:00,39.81725588152444,116.38040689004347,no2,56.77525912567429,µg/m³,demo,demo,demo
2025-10-14 18:28:03.054331+00:00,40.06410339384349,116.44382786736963,no2,46.2354503759165,µg/m³,demo,demo,demo
2025-10-14 18:28:03.054331+00:00,39.85767341051259,116.43368060280255,no2,52.317212769738205,µg/m³,demo,demo,demo
2025-10-14 18:28:03.054331+00:00,40.058264872326454,116.50432699858248,no2,60.089607234953085,µg/m³,demo,demo,demo
2025-10-14 18:28:03.054331+00:00,39.92660020432204,116.59582356534757,no2,52.20879587549176,µg/m³,demo,demo,demo
2025-10-14 18:28:03.054331+00:00,40.038766187153264,116.45923659565338,no2,60.682510616209214,µg/m³,demo,demo,demo
2025-10-14 18:28:03.054331+00:00,39.966243299746786,116.34608461499944,no2,51.7676188881336,µg/m³,demo,demo,demo
2025-10-14 18:28:03.054331+00:00,39.887697133704215,116.26995593018826,no2,67.27040691141453,µg/m³,demo,demo,demo
2025-10-14 18:28:03.054331+00:00,39.98652479428898,116.24115152758245,no2,60.3938940486995,µg/m³,demo,demo,demo
2025-10-14 18:28:03.054331+00:00,39.99018597554866,116.47662166333964,no2,56.875707962162316,µg/m³,demo,demo,demo
2025-10-14 18:28:03.054331+00:00,40.04775001276633,116.30204144335119,no2,66.84139354707041,µg/m³,demo,demo,demo
2025-10-14 18:28:03.054331+00:00,39.884321333713494,116.31104045586552,no2,51.359855312964655,µg/m³,demo,demo,demo
2025-10-14 18:28:03.054331+00:00,39.911848773467796,116.37733875037932,no2,57.644280085245,µg/m³,demo,demo,demo
2025-10-14 18:28:03.054331+00:00,40.00569517539958,116.41103941533387,no2,63.623479851147756,µg/m³,demo,demo,demo
2025-10-14 18:28:03.054331+00:00,39.905906337783385,116.36645920806285,no2,61.893702860360804,µg/m³,demo,demo,demo
2025-10-14 18:28:03.054331+00:00,39.948144413029475,116.58228173989467,no2,59.3365771820663,µg/m³,demo,demo,demo
2025-10-14 18:28:03.054331+00:00,39.79418252370829,116.31923644299177,no2,65.90240671073883,µg/m³,demo,demo,demo
2025-10-14 18:28:03.054331+00:00,40.09043957535002,116.44080745087138,no2,54.66381159636498,µg/m³,demo,demo,demo
2025-10-14 18:28:03.054331+00:00,39.95438873368708,116.20649816999688,no2,58.69933770521131,µg/m³,demo,demo,demo
2025-10-14 18:28:03.054331+00:00,39.96021894803127,116.22550873666418,no2,51.80133910010442,µg/m³,demo,demo,demo
2025-10-14 18:28:03.054331+00:00,39.9980757165133,116.27957875250723,no2,58.29899090636183,µg/m³,demo,demo,demo
2025-10-14 18:28:03.054331+00:00,40.0150872078488,116.31253714949483,no2,49.465185297137886,µg/m³,demo,demo,demo
2025-10-14 18:28:03.054331+00:00,39.73835996494938,116.38652932773,no2,49.40330545801478,µg/m³,demo,demo,demo
2025-10-14 18:28:03.054331+00:00,39.84802362047294,116.42968296077166,no2,58.68984422767549,µg/m³,demo,demo,demo
2025-10-14 18:28:03.054331+00:00,39.93945607685861,116.26636844346284,no2,50.566414468307286,µg/m³,demo,demo,demo
2025-10-14 19:28:03.054331+00:00,39.76068712372507,116.24636608379154,pm25,94.17089829312039,µg/m³,demo,demo,demo
2025-10-14 19:28:03.054331+00:00,40.05870164937502,116.32859313737276,pm25,103.36087601000611,µg/m³,demo,demo,demo
2025-10-14 19:28:03.054331+00:00,40.06912693314545,116.32270972384346,pm25,77.74283776853518,µg/m³,demo,demo,demo
2025-10-14 19:28:03.054331+00:00,39.75543618122239,116.36545703826401,pm25,83.80384247741247,µg/m³,demo,demo,demo
2025-10-14 19:28:03.054331+00:00,39.89151016914765,116.41539655327956,pm25,89.69466249656142,µg/m³,demo,demo,demo
2025-10-14 19:28:03.054331+00:00,40.09793434222863,116.32906714074946,pm25,94.73264882762055,µg/m³,demo,demo,demo
2025-10-14 19:28:03.054331+00:00,39.982909432288395,116.29200794791643,pm25,104.32543513237479,µg/m³,demo,demo,demo
2025-10-14 19:28:03.054331+00:00,39.86207879612983,116.46495558718436,pm25,79.65520618709002,µg/m³,demo,demo,demo
2025-10-14 19:28:03.054331+00:00,39.76867418767193,116.24404886462982,pm25,111.77139008235578,µg/m³,demo,demo,demo
2025-10-14 19:28:03.054331+00:00,40.094348471193726,116.33804885985838,pm25,103.49736872585987,µg/m³,demo,demo,demo
2025-10-14 19:28:03.054331+00:00,39.94387213957136,116.26186033952591,pm25,102.3432908378926,µg/m³,demo,demo,demo
2025-10-14 19:28:03.054331+00:00,39.855186608368015,116.21019728067473,pm25,71.44135513563582,µg/m³,demo,demo,demo
2025-10-14 19:28:03.054331+00:00,39.80001422406549,116.52916914480103,pm25,98.9815047253681,µg/m³,demo,demo,demo
2025-10-14 19:28:03.054331+00:00,40.07618672237644,116.50018080130103,pm25,85.68805875517054,µg/m³,demo,demo,demo
2025-10-14 19:28:03.054331+00:00,39.96085504288942,116.54303885966681,pm25,103.85265205331838,µg/m³,demo,demo,demo
2025-10-14 19:28:03.054331+00:00,39.703435647544,116.45796951751505,pm25,93.9265918957717,µg/m³,demo,demo,demo
2025-10-14 19:28:03.054331+00:00,39.95454443485588,116.53229170972622,pm25,89.86080402732664,µg/m³,demo,demo,demo
2025-10-14 19:28:03.054331+00:00,40.00903432703891,116.37261893159526,pm25,83.97654299264103,µg/m³,demo,demo,demo
2025-10-14 19:28:03.054331+00:00,39.90072142509302,116.3942626996215,pm25,92.20941979977549,µg/m³,demo,demo,demo
2025-10-14 19:28:03.054331+00:00,39.75090552030635,116.3938201977296,pm25,103.08170988316508,µg/m³,demo,demo,demo
2025-10-14 19:28:03.054331+00:00,39.84931098750524,116.22847320341413,pm25,75.36775818512429,µg/m³,demo,demo,demo
2025-10-14 19:28:03.054331+00:00,39.89175462281029,116.54073373319592,pm25,85.98357704908251,µg/m³,demo,demo,demo
2025-10-14 19:28:03.054331+00:00,39.91628779754039,116.54120688291299,pm25,91.95431309511552,µg/m³,demo,demo,demo
2025-10-14 19:28:03.054331+00:00,39.73950048280298,116.59383726019679,pm25,92.60862107331207,µg/m³,demo,demo,demo
2025-10-14 19:28:03.054331+00:00,39.836308373734035,116.54235686889784,pm25,89.34942455616435,µg/m³,demo,demo,demo
2025-10-14 19:28:03.054331+00:00,39.892063009414215,116.57298011810951,pm25,97.31536770745447,µg/m³,demo,demo,demo
2025-10-14 19:28:03.054331+00:00,39.79319875248467,116.59101224000766,pm25,95.9158556679319,µg/m³,demo,demo,demo
2025-10-14 19:28:03.054331+00:00,39.72110148709798,116.3590165765768,pm25,69.78531349060674,µg/m³,demo,demo,demo
2025-10-14 19:28:03.054331+00:00,39.733012617085336,116.22859650966674,pm25,107.24311515936526,µg/m³,demo,demo,demo
2025-10-14 19:28:03.054331+00:00,39.90368090095165,116.42404011908569,pm25,77.91956649143609,µg/m³,demo,demo,demo
2025-10-14 19:28:03.054331+00:00,39.70622286652222,116.510517885072,pm25,109.00715133727093,µg/m³,demo,demo,demo
2025-10-14 19:28:03.054331+00:00,39.752459147151434,116.58330957962859,pm25,104.28690522939128,µg/m³,demo,demo,demo
2025-10-14 19:28:03.054331+00:00,39.818767693882016,116.3071110620171,pm25,73.84729653458207,µg/m³,demo,demo,demo
2025-10-14 19:28:03.054331+00:00,39.85278998104677,116.33472756979758,pm25,96.28598644483183,µg/m³,demo,demo,demo
2025-10-14 19:28:03.054331+00:00,39.87533742971989,116.58392238392032,pm25,111.36889200738217,µg/m³,demo,demo,demo
2025-10-14 19:28:03.054331+00:00,39.864012286443284,116.52312697973962,pm25,111.68310955724662,µg/m³,demo,demo,demo
2025-10-14 19:28:03.054331+00:00,39.72866518326487,116.26877268428017,pm25,97.22170491189792,µg/m³,demo,demo,demo
2025-10-14 19:28:03.054331+00:00,40.061205685866504,116.58747736518663,pm25,85.7543907034725,µg/m³,demo,demo,demo
2025-10-14 19:28:03.054331+00:00,40.040364978452715,116.21228748771351,pm25,109.5575012993873,µg/m³,demo,demo,demo
2025-10-14 19:28:03.054331+00:00,39.85990408273332,116.20321434477871,pm25,77.00447003519287,µg/m³,demo,demo,demo
2025-10-14 19:28:03.054331+00:00,40.057016692263055,116.27516754043054,pm25,77.12017925127665,µg/m³,demo,demo,demo
2025-10-14 19:28:03.054331+00:00,40.04898379983522,116.27711371170382,pm25,104.3592274544205,µg/m³,demo,demo,demo
2025-10-14 19:28:03.054331+00:00,40.05274825371338,116.3168427266342,pm25,80.47672780504706,µg/m³,demo,demo,demo
2025-10-14 19:28:03.054331+00:00,39.80035399477392,116.4412090411072,pm25,101.68733161389768,µg/m³,demo,demo,demo
2025-10-14 19:28:03.054331+00:00,39.90272842219244,116.56802758026389,pm25,82.19860074674159,µg/m³,demo,demo,demo
2025-10-14 19:28:03.054331+00:00,40.08827213421917,116.3698816960645,pm25,87.47945363085063,µg/m³,demo,demo,demo
2025-10-14 19:28:03.054331+00:00,39.90860213379609,116.2847644711497,pm25,109.01781740513954,µg/m³,demo,demo,demo
2025-10-14 19:28:03.054331+00:00,40.03210239399371,116.38126408947288,pm25,94.16617526914771,µg/m³,demo,demo,demo
2025-10-14 19:28:03.054331+00:00,39.91611946630276,116.2588311619744,pm25,102.7894887989897,µg/m³,demo,demo,demo
2025-10-14 19:28:03.054331+00:00,40.05471830313037,116.55051591471745,pm25,92.82169795964447,µg/m³,demo,demo,demo
2025-10-14 19:28:03.054331+00:00,39.904827291924796,116.33271551532513,pm25,89.61843311723146,µg/m³,demo,demo,demo
2025-10-14 19:28:03.054331+00:00,40.009429252666095,116.43056909500245,pm25,86.79009820311799,µg/m³,demo,demo,demo
2025-10-14 19:28:03.054331+00:00,39.74598461964815,116.56679230267474,pm25,84.00073633368794,µg/m³,demo,demo,demo
2025-10-14 19:28:03.054331+00:00,39.938721051330866,116.400371535389,pm25,99.89532714307971,µg/m³,demo,demo,demo
2025-10-14 19:28:03.054331+00:00,39.711568693879876,116.38740029829198,pm25,100.52185761756407,µg/m³,demo,demo,demo
2025-10-14 19:28:03.054331+00:00,39.9420286942332,116.44754099023922,pm25,115.11114889891766,µg/m³,demo,demo,demo
2025-10-14 19:28:03.054331+00:00,39.95008137050603,116.54765310272448,pm25,98.56349586103896,µg/m³,demo,demo,demo
2025-10-14 19:28:03.054331+00:00,40.071028180822175,116.24050352899721,pm25,91.9988038914356,µg/m³,demo,demo,demo
2025-10-14 19:28:03.054331+00:00,39.765321487450265,116.47256860264118,pm25,101.13656047010963,µg/m³,demo,demo,demo
2025-10-14 19:28:03.054331+00:00,40.0731801836841,116.33519460431391,pm25,112.45900364693085,µg/m³,demo,demo,demo
2025-10-14 19:28:03.054331+00:00,39.76068712372507,116.24636608379154,so2,21.333574937525185,µg/m³,demo,demo,demo
2025-10-14 19:28:03.054331+00:00,40.05870164937502,116.32859313737276,so2,36.88154731413475,µg/m³,demo,demo,demo
2025-10-14 19:28:03.054331+00:00,40.06912693314545,116.32270972384346,so2,24.473817055598552,µg/m³,demo,demo,demo
2025-10-14 19:28:03.054331+00:00,39.75543618122239,116.36545703826401,so2,24.51297850236878,µg/m³,demo,demo,demo
2025-10-14 19:28:03.054331+00:00,39.89151016914765,116.41539655327956,so2,41.409585714672716,µg/m³,demo,demo,demo
2025-10-14 19:28:03.054331+00:00,40.09793434222863,116.32906714074946,so2,34.00957869972125,µg/m³,demo,demo,demo
2025-10-14 19:28:03.054331+00:00,39.982909432288395,116.29200794791643,so2,25.821337304291383,µg/m³,demo,demo,demo
2025-10-14 19:28:03.054331+00:00,39.86207879612983,116.46495558718436,so2,32.841713837563205,µg/m³,demo,demo,demo
2025-10-14 19:28:03.054331+00:00,39.76867418767193,116.24404886462982,so2,35.34686555183264,µg/m³,demo,demo,demo
2025-10-14 19:28:03.054331+00:00,40.094348471193726,116.33804885985838,so2,31.983955719528154,µg/m³,demo,demo,demo
2025-10-14 19:28:03.054331+00:00,39.94387213957136,116.26186033952591,so2,34.042411624734804,µg/m³,demo,demo,demo
2025-10-14 19:28:03.054331+00:00,39.855186608368015,116.21019728067473,so2,30.354900018322184,µg/m³,demo,demo,demo
2025-10-14 19:28:03.054331+00:00,39.80001422406549,116.52916914480103,so2,31.148677073569136,µg/m³,demo,demo,demo
2025-10-14 19:28:03.054331+00:00,40.07618672237644,116.50018080130103,so2,22.840088029268625,µg/m³,demo,demo,demo
2025-10-14 19:28:03.054331+00:00,39.96085504288942,116.54303885966681,so2,23.406353689683566,µg/m³,demo,demo,demo
2025-10-14 19:28:03.054331+00:00,39.703435647544,116.45796951751505,so2,29.507317925360557,µg/m³,demo,demo,demo
2025-10-14 19:28:03.054331+00:00,39.95454443485588,116.53229170972622,so2,21.83166687770537,µg/m³,demo,demo,demo
2025-10-14 19:28:03.054331+00:00,40.00903432703891,116.37261893159526,so2,31.910578755343778,µg/m³,demo,demo,demo
2025-10-14 19:28:03.054331+00:00,39.90072142509302,116.3942626996215,so2,28.134699646853385,µg/m³,demo,demo,demo
2025-10-14 19:28:03.054331+00:00,39.75090552030635,116.3938201977296,so2,34.46401936765241,µg/m³,demo,demo,demo
2025-10-14 19:28:03.054331+00:00,39.84931098750524,116.22847320341413,so2,33.02082910830018,µg/m³,demo,demo,demo
2025-10-14 19:28:03.054331+00:00,39.89175462281029,116.54073373319592,so2,26.500058538560776,µg/m³,demo,demo,demo
2025-10-14 19:28:03.054331+00:00,39.91628779754039,116.54120688291299,so2,15.083084655902846,µg/m³,demo,demo,demo
2025-10-14 19:28:03.054331+00:00,39.73950048280298,116.59383726019679,so2,21.317567082582855,µg/m³,demo,demo,demo
2025-10-14 19:28:03.054331+00:00,39.836308373734035,116.54235686889784,so2,28.554047662003544,µg/m³,demo,demo,demo
2025-10-14 19:28:03.054331+00:00,39.892063009414215,116.57298011810951,so2,38.792275092500574,µg/m³,demo,demo,demo
2025-10-14 19:28:03.054331+00:00,39.79319875248467,116.59101224000766,so2,28.637822548649826,µg/m³,demo,demo,demo
2025-10-14 19:28:03.054331+00:00,39.72110148709798,116.3590165765768,so2,31.4764583072053,µg/m³,demo,demo,demo
2025-10-14 19:28:03.054331+00:00,39.733012617085336,116.22859650966674,so2,28.44359998309795,µg/m³,demo,demo,demo
2025-10-14 19:28:03.054331+00:00,39.90368090095165,116.42404011908569,so2,15.229565299815647,µg/m³,demo,demo,demo
2025-10-14 19:28:03.054331+00:00,39.70622286652222,116.510517885072,so2,31.5751251147151,µg/m³,demo,demo,demo
2025-10-14 19:28:03.054331+00:00,39.752459147151434,116.58330957962859,so2,27.29663004778806,µg/m³,demo,demo,demo
2025-10-14 19:28:03.054331+00:00,39.818767693882016,116.3071110620171,so2,21.033823529168178,µg/m³,demo,demo,demo
2025-10-14 19:28:03.054331+00:00,39.85278998104677,116.33472756979758,so2,32.030599414305904,µg/m³,demo,demo,demo
2025-10-14 19:28:03.054331+00:00,39.87533742971989,116.58392238392032,so2,28.304549841263576,µg/m³,demo,demo,demo
2025-10-14 19:28:03.054331+00:00,39.864012286443284,116.52312697973962,so2,43.30265685409295,µg/m³,demo,demo,demo
2025-10-14 19:28:03.054331+00:00,39.72866518326487,116.26877268428017,so2,17.44623665634596,µg/m³,demo,demo,demo
2025-10-14 19:28:03.054331+00:00,40.061205685866504,116.58747736518663,so2,24.535961642136524,µg/m³,demo,demo,demo
2025-10-14 19:28:03.054331+00:00,40.040364978452715,116.21228748771351,so2,28.7994281912517,µg/m³,demo,demo,demo
2025-10-14 19:28:03.054331+00:00,39.85990408273332,116.20321434477871,so2,26.63539513864364,µg/m³,demo,demo,demo
2025-10-14 19:28:03.054331+00:00,40.057016692263055,116.27516754043054,so2,31.80708570597855,µg/m³,demo,demo,demo
2025-10-14 19:28:03.054331+00:00,40.04898379983522,116.27711371170382,so2,33.00373327826526,µg/m³,demo,demo,demo
2025-10-14 19:28:03.054331+00:00,40.05274825371338,116.3168427266342,so2,30.953944094333025,µg/m³,demo,demo,demo
2025-10-14 19:28:03.054331+00:00,39.80035399477392,116.4412090411072,so2,28.884967271425886,µg/m³,demo,demo,demo
2025-10-14 19:28:03.054331+00:00,39.90272842219244,116.56802758026389,so2,25.082369328457315,µg/m³,demo,demo,demo
2025-10-14 19:28:03.054331+00:00,40.08827213421917,116.3698816960645,so2,29.46795590582964,µg/m³,demo,demo,demo
2025-10-14 19:28:03.054331+00:00,39.90860213379609,116.2847644711497,so2,33.029538057994046,µg/m³,demo,demo,demo
2025-10-14 19:28:03.054331+00:00,40.03210239399371,116.38126408947288,so2,29.163406425134713,µg/m³,demo,demo,demo
2025-10-14 19:28:03.054331+00:00,39.91611946630276,116.2588311619744,so2,18.06171820563744,µg/m³,demo,demo,demo
2025-10-14 19:28:03.054331+00:00,40.05471830313037,116.55051591471745,so2,36.992371206644926,µg/m³,demo,demo,demo
2025-10-14 19:28:03.054331+00:00,39.904827291924796,116.33271551532513,so2,26.081761488292827,µg/m³,demo,demo,demo
2025-10-14 19:28:03.054331+00:00,40.009429252666095,116.43056909500245,so2,32.96829594650763,µg/m³,demo,demo,demo
2025-10-14 19:28:03.054331+00:00,39.74598461964815,116.56679230267474,so2,26.075208049063228,µg/m³,demo,demo,demo
2025-10-14 19:28:03.054331+00:00,39.938721051330866,116.400371535389,so2,33.97586346538168,µg/m³,demo,demo,demo
2025-10-14 19:28:03.054331+00:00,39.711568693879876,116.38740029829198,so2,26.92705326567438,µg/m³,demo,demo,demo
2025-10-14 19:28:03.054331+00:00,39.9420286942332,116.44754099023922,so2,36.03227740219251,µg/m³,demo,demo,demo
2025-10-14 19:28:03.054331+00:00,39.95008137050603,116.54765310272448,so2,35.11108997692017,µg/m³,demo,demo,demo
2025-10-14 19:28:03.054331+00:00,40.071028180822175,116.24050352899721,so2,25.347868573723343,µg/m³,demo,demo,demo
2025-10-14 19:28:03.054331+00:00,39.765321487450265,116.47256860264118,so2,13.979482312340112,µg/m³,demo,demo,demo
2025-10-14 19:28:03.054331+00:00,40.0731801836841,116.33519460431391,so2,30.306548540138074,µg/m³,demo,demo,demo
2025-10-14 19:28:03.054331+00:00,39.76068712372507,116.24636608379154,no2,49.228694418587416,µg/m³,demo,demo,demo
2025-10-14 19:28:03.054331+00:00,40.05870164937502,116.32859313737276,no2,64.99499143446376,µg/m³,demo,demo,demo
2025-10-14 19:28:03.054331+00:00,40.06912693314545,116.32270972384346,no2,60.160607188123954,µg/m³,demo,demo,demo
2025-10-14 19:28:03.054331+00:00,39.75543618122239,116.36545703826401,no2,54.153091012048804,µg/m³,demo,demo,demo
2025-10-14 19:28:03.054331+00:00,39.89151016914765,116.41539655327956,no2,49.54890001867767,µg/m³,demo,demo,demo
2025-10-14 19:28:03.054331+00:00,40.09793434222863,116.32906714074946,no2,50.335274541704564,µg/m³,demo,demo,demo
2025-10-14 19:28:03.054331+00:00,39.982909432288395,116.29200794791643,no2,68.88741493451863,µg/m³,demo,demo,demo
2025-10-14 19:28:03.054331+00:00,39.86207879612983,116.46495558718436,no2,64.8550515938424,µg/m³,demo,demo,demo
2025-10-14 19:28:03.054331+00:00,39.76867418767193,116.24404886462982,no2,55.40940345524649,µg/m³,demo,demo,demo
2025-10-14 19:28:03.054331+00:00,40.094348471193726,116.33804885985838,no2,59.72854348461217,µg/m³,demo,demo,demo
2025-10-14 19:28:03.054331+00:00,39.94387213957136,116.26186033952591,no2,64.50156155980963,µg/m³,demo,demo,demo
2025-10-14 19:28:03.054331+00:00,39.855186608368015,116.21019728067473,no2,55.6640345365891,µg/m³,demo,demo,demo
2025-10-14 19:28:03.054331+00:00,39.80001422406549,116.52916914480103,no2,42.68527396043012,µg/m³,demo,demo,demo
2025-10-14 19:28:03.054331+00:00,40.07618672237644,116.50018080130103,no2,70.44054984173852,µg/m³,demo,demo,demo
2025-10-14 19:28:03.054331+00:00,39.96085504288942,116.54303885966681,no2,54.56289333183599,µg/m³,demo,demo,demo
2025-10-14 19:28:03.054331+00:00,39.703435647544,116.45796951751505,no2,52.24228278664175,µg/m³,demo,demo,demo
2025-10-14 19:28:03.054331+00:00,39.95454443485588,116.53229170972622,no2,57.37136886657149,µg/m³,demo,demo,demo
2025-10-14 19:28:03.054331+00:00,40.00903432703891,116.37261893159526,no2,49.50124846741676,µg/m³,demo,demo,demo
2025-10-14 19:28:03.054331+00:00,39.90072142509302,116.3942626996215,no2,48.47617677196028,µg/m³,demo,demo,demo
2025-10-14 19:28:03.054331+00:00,39.75090552030635,116.3938201977296,no2,58.947225272933636,µg/m³,demo,demo,demo
2025-10-14 19:28:03.054331+00:00,39.84931098750524,116.22847320341413,no2,51.4854726949369,µg/m³,demo,demo,demo
2025-10-14 19:28:03.054331+00:00,39.89175462281029,116.54073373319592,no2,60.59349099240204,µg/m³,demo,demo,demo
2025-10-14 19:28:03.054331+00:00,39.91628779754039,116.54120688291299,no2,60.407196607866126,µg/m³,demo,demo,demo
2025-10-14 19:28:03.054331+00:00,39.73950048280298,116.59383726019679,no2,73.0220004102213,µg/m³,demo,demo,demo
2025-10-14 19:28:03.054331+00:00,39.836308373734035,116.54235686889784,no2,55.05331102607588,µg/m³,demo,demo,demo
2025-10-14 19:28:03.054331+00:00,39.892063009414215,116.57298011810951,no2,57.922813095414035,µg/m³,demo,demo,demo
2025-10-14 19:28:03.054331+00:00,39.79319875248467,116.59101224000766,no2,52.861669222864734,µg/m³,demo,demo,demo
2025-10-14 19:28:03.054331+00:00,39.72110148709798,116.3590165765768,no2,66.75845056568032,µg/m³,demo,demo,demo
2025-10-14 19:28:03.054331+00:00,39.733012617085336,116.22859650966674,no2,61.12429624113991,µg/m³,demo,demo,demo
2025-10-14 19:28:03.054331+00:00,39.90368090095165,116.42404011908569,no2,60.294159966432034,µg/m³,demo,demo,demo
2025-10-14 19:28:03.054331+00:00,39.70622286652222,116.510517885072,no2,72.3681721711442,µg/m³,demo,demo,demo
2025-10-14 19:28:03.054331+00:00,39.752459147151434,116.58330957962859,no2,59.550238461044174,µg/m³,demo,demo,demo
2025-10-14 19:28:03.054331+00:00,39.818767693882016,116.3071110620171,no2,59.41044455429835,µg/m³,demo,demo,demo
2025-10-14 19:28:03.054331+00:00,39.85278998104677,116.33472756979758,no2,46.74767093420476,µg/m³,demo,demo,demo
2025-10-14 19:28:03.054331+00:00,39.87533742971989,116.58392238392032,no2,43.26407699931816,µg/m³,demo,demo,demo
2025-10-14 19:28:03.054331+00:00,39.864012286443284,116.52312697973962,no2,53.13702199982681,µg/m³,demo,demo,demo
2025-10-14 19:28:03.054331+00:00,39.72866518326487,116.26877268428017,no2,58.0576011289624,µg/m³,demo,demo,demo
2025-10-14 19:28:03.054331+00:00,40.061205685866504,116.58747736518663,no2,48.49978541606694,µg/m³,demo,demo,demo
2025-10-14 19:28:03.054331+00:00,40.040364978452715,116.21228748771351,no2,49.59868700850638,µg/m³,demo,demo,demo
2025-10-14 19:28:03.054331+00:00,39.85990408273332,116.20321434477871,no2,63.319595245427706,µg/m³,demo,demo,demo
2025-10-14 19:28:03.054331+00:00,40.057016692263055,116.27516754043054,no2,52.718613547661995,µg/m³,demo,demo,demo
2025-10-14 19:28:03.054331+00:00,40.04898379983522,116.27711371170382,no2,52.5786793177206,µg/m³,demo,demo,demo
2025-10-14 19:28:03.054331+00:00,40.05274825371338,116.3168427266342,no2,54.5305230544024,µg/m³,demo,demo,demo
2025-10-14 19:28:03.054331+00:00,39.80035399477392,116.4412090411072,no2,48.50329854980039,µg/m³,demo,demo,demo
2025-10-14 19:28:03.054331+00:00,39.90272842219244,116.56802758026389,no2,64.1712766019989,µg/m³,demo,demo,demo
2025-10-14 19:28:03.054331+00:00,40.08827213421917,116.3698816960645,no2,68.72705956834783,µg/m³,demo,demo,demo
2025-10-14 19:28:03.054331+00:00,39.90860213379609,116.2847644711497,no2,65.60424033292531,µg/m³,demo,demo,demo
2025-10-14 19:28:03.054331+00:00,40.03210239399371,116.38126408947288,no2,69.59738393265933,µg/m³,demo,demo,demo
2025-10-14 19:28:03.054331+00:00,39.91611946630276,116.2588311619744,no2,41.491082521275516,µg/m³,demo,demo,demo
2025-10-14 19:28:03.054331+00:00,40.05471830313037,116.55051591471745,no2,64.5419496510508,µg/m³,demo,demo,demo
2025-10-14 19:28:03.054331+00:00,39.904827291924796,116.33271551532513,no2,56.235424790636124,µg/m³,demo,demo,demo
2025-10-14 19:28:03.054331+00:00,40.009429252666095,116.43056909500245,no2,68.34128844205266,µg/m³,demo,demo,demo
2025-10-14 19:28:03.054331+00:00,39.74598461964815,116.56679230267474,no2,52.13747799981575,µg/m³,demo,demo,demo
2025-10-14 19:28:03.054331+00:00,39.938721051330866,116.400371535389,no2,63.8468019683231,µg/m³,demo,demo,demo
2025-10-14 19:28:03.054331+00:00,39.711568693879876,116.38740029829198,no2,71.61927083121012,µg/m³,demo,demo,demo
2025-10-14 19:28:03.054331+00:00,39.9420286942332,116.44754099023922,no2,62.30471441363815,µg/m³,demo,demo,demo
2025-10-14 19:28:03.054331+00:00,39.95008137050603,116.54765310272448,no2,58.48322407653933,µg/m³,demo,demo,demo
2025-10-14 19:28:03.054331+00:00,40.071028180822175,116.24050352899721,no2,56.16850651256122,µg/m³,demo,demo,demo
2025-10-14 19:28:03.054331+00:00,39.765321487450265,116.47256860264118,no2,61.70828031194363,µg/m³,demo,demo,demo
2025-10-14 19:28:03.054331+00:00,40.0731801836841,116.33519460431391,no2,55.9986551625987,µg/m³,demo,demo,demo
2025-10-14 20:28:03.054331+00:00,39.818068070416196,116.48092392783145,pm25,102.00025648756042,µg/m³,demo,demo,demo
2025-10-14 20:28:03.054331+00:00,40.07654816456561,116.2640927256909,pm25,98.23848936341273,µg/m³,demo,demo,demo
2025-10-14 20:28:03.054331+00:00,39.94577271941484,116.39157671622885,pm25,85.18923650041634,µg/m³,demo,demo,demo
2025-10-14 20:28:03.054331+00:00,40.04158041242778,116.37078271854318,pm25,88.61024306172501,µg/m³,demo,demo,demo
2025-10-14 20:28:03.054331+00:00,39.92039678581271,116.57260825778195,pm25,103.84719253464499,µg/m³,demo,demo,demo
2025-10-14 20:28:03.054331+00:00,39.80787349103434,116.47447550156436,pm25,95.16620031097489,µg/m³,demo,demo,demo
2025-10-14 20:28:03.054331+00:00,40.01999893759903,116.55591883996482,pm25,108.9450588044715,µg/m³,demo,demo,demo
2025-10-14 20:28:03.054331+00:00,40.08956663871641,116.55013915900618,pm25,85.63354862280146,µg/m³,demo,demo,demo
2025-10-14 20:28:03.054331+00:00,39.84478316840539,116.47109384724804,pm25,104.6047928888399,µg/m³,demo,demo,demo
2025-10-14 20:28:03.054331+00:00,40.01330181403828,116.56127809837415,pm25,90.9207048605559,µg/m³,demo,demo,demo
2025-10-14 20:28:03.054331+00:00,39.85187245877915,116.2796871352124,pm25,98.15095869492191,µg/m³,demo,demo,demo
2025-10-14 20:28:03.054331+00:00,40.020207363159905,116.51374629206305,pm25,72.52418026864753,µg/m³,demo,demo,demo
2025-10-14 20:28:03.054331+00:00,39.77951907451646,116.45939496252917,pm25,101.33023448656226,µg/m³,demo,demo,demo
2025-10-14 20:28:03.054331+00:00,39.98944646759426,116.57658383980733,pm25,82.28893235368862,µg/m³,demo,demo,demo
2025-10-14 20:28:03.054331+00:00,40.06788969087237,116.46454743000565,pm25,107.30265712297611,µg/m³,demo,demo,demo
2025-10-14 20:28:03.054331+00:00,39.83146147075596,116.47843194476566,pm25,103.39929496390214,µg/m³,demo,demo,demo
2025-10-14 20:28:03.054331+00:00,39.71488080882859,116.41123124990101,pm25,85.54110663821487,µg/m³,demo,demo,demo
2025-10-14 20:28:03.054331+00:00,40.07595028265506,116.46248921224367,pm25,110.78598919688736,µg/m³,demo,demo,demo
2025-10-14 20:28:03.054331+00:00,39.924651861294954,116.42688812214831,pm25,111.26392643516286,µg/m³,demo,demo,demo
2025-10-14 20:28:03.054331+00:00,39.79614903009415,116.27167128235703,pm25,114.05511356243782,µg/m³,demo,demo,demo
2025-10-14 20:28:03.054331+00:00,39.71671610782477,116.25121335312228,pm25,108.01766992747804,µg/m³,demo,demo,demo
2025-10-14 20:28:03.054331+00:00,39.8378536093164,116.41712065365225,pm25,88.97242144361695,µg/m³,demo,demo,demo
2025-10-14 20:28:03.054331+00:00,39.92722837411889,116.42555617000492,pm25,110.62708440834494,µg/m³,demo,demo,demo
2025-10-14 20:28:03.054331+00:00,39.90607352502509,116.52905779464862,pm25,78.46104095685118,µg/m³,demo,demo,demo
2025-10-14 20:28:03.054331+00:00,39.82605657108559,116.51581291442535,pm25,89.5146851286181,µg/m³,demo,demo,demo
2025-10-14 20:28:03.054331+00:00,39.946066978950505,116.51300619183827,pm25,97.42425361080933,µg/m³,demo,demo,demo
2025-10-14 20:28:03.054331+00:00,40.00869956805377,116.46067098150779,pm25,74.17162279453251,µg/m³,demo,demo,demo
2025-10-14 20:28:03.054331+00:00,39.86183239032881,116.3392921046082,pm25,107.78081320240477,µg/m³,demo,demo,demo
2025-10-14 20:28:03.054331+00:00,39.99013977910789,116.20105374653359,pm25,100.88043754986286,µg/m³,demo,demo,demo
2025-10-14 20:28:03.054331+00:00,40.075641444727395,116.5558223333784,pm25,91.86398209736535,µg/m³,demo,demo,demo
2025-10-14 20:28:03.054331+00:00,39.739437061156465,116.48705420521064,pm25,67.86293450134455,µg/m³,demo,demo,demo
2025-10-14 20:28:03.054331+00:00,39.784324675546216,116.57210313375778,pm25,85.42309336440098,µg/m³,demo,demo,demo
2025-10-14 20:28:03.054331+00:00,39.95477939848374,116.4840759283955,pm25,103.01477834209628,µg/m³,demo,demo,demo
2025-10-14 20:28:03.054331+00:00,39.9902110697528,116.20410509510964,pm25,101.16664201179233,µg/m³,demo,demo,demo
2025-10-14 20:28:03.054331+00:00,40.05069195875245,116.24696623482389,pm25,82.6260898657839,µg/m³,demo,demo,demo
2025-10-14 20:28:03.054331+00:00,39.82668917955168,116.27181521090237,pm25,77.87074024655061,µg/m³,demo,demo,demo
2025-10-14 20:28:03.054331+00:00,40.028211743431534,116.33763649922972,pm25,93.67536159528338,µg/m³,demo,demo,demo
2025-10-14 20:28:03.054331+00:00,40.09309711119681,116.39941400585366,pm25,79.4523361819168,µg/m³,demo,demo,demo
2025-10-14 20:28:03.054331+00:00,39.75631738118325,116.29383909298876,pm25,73.94396619956797,µg/m³,demo,demo,demo
2025-10-14 20:28:03.054331+00:00,40.07616250539355,116.59869790204918,pm25,110.60766225925613,µg/m³,demo,demo,demo
2025-10-14 20:28:03.054331+00:00,40.049747636551956,116.21146116496645,pm25,93.35645089243452,µg/m³,demo,demo,demo
2025-10-14 20:28:03.054331+00:00,39.821939706805246,116.373170799585,pm25,97.65494618226113,µg/m³,demo,demo,demo
2025-10-14 20:28:03.054331+00:00,39.945835848813275,116.35751994624604,pm25,90.29924190368489,µg/m³,demo,demo,demo
2025-10-14 20:28:03.054331+00:00,39.94629481376854,116.50181628976266,pm25,104.69205778064959,µg/m³,demo,demo,demo
2025-10-14 20:28:03.054331+00:00,39.749215364860504,116.38014771570887,pm25,104.80517140415441,µg/m³,demo,demo,demo
2025-10-14 20:28:03.054331+00:00,39.84962330417806,116.23976550543455,pm25,91.33918069028813,µg/m³,demo,demo,demo
2025-10-14 20:28:03.054331+00:00,39.83570140569474,116.33667424404382,pm25,88.05296219522921,µg/m³,demo,demo,demo
2025-10-14 20:28:03.054331+00:00,40.01210729098512,116.4723173056102,pm25,88.3918145530853,µg/m³,demo,demo,demo
2025-10-14 20:28:03.054331+00:00,40.08514928410887,116.54480669345763,pm25,103.96948334285433,µg/m³,demo,demo,demo
2025-10-14 20:28:03.054331+00:00,39.720114855754254,116.55713364390604,pm25,94.82032628582822,µg/m³,demo,demo,demo
2025-10-14 20:28:03.054331+00:00,40.03235378164601,116.30568150217546,pm25,78.94578716826194,µg/m³,demo,demo,demo
2025-10-14 20:28:03.054331+00:00,39.9396845982995,116.55607214552718,pm25,109.10985612780527,µg/m³,demo,demo,demo
2025-10-14 20:28:03.054331+00:00,39.99535613289039,116.56925676209883,pm25,93.51298542649863,µg/m³,demo,demo,demo
2025-10-14 20:28:03.054331+00:00,39.98535172742038,116.38389691429921,pm25,99.14460385935094,µg/m³,demo,demo,demo
2025-10-14 20:28:03.054331+00:00,40.012053184632144,116.37124929605636,pm25,110.24058500409848,µg/m³,demo,demo,demo
2025-10-14 20:28:03.054331+00:00,39.99566531877821,116.35304696933997,pm25,99.27674634625421,µg/m³,demo,demo,demo
2025-10-14 20:28:03.054331+00:00,39.86329460642564,116.46677557802923,pm25,102.99670412246483,µg/m³,demo,demo,demo
2025-10-14 20:28:03.054331+00:00,40.06906616483712,116.59194186182089,pm25,92.20713111852788,µg/m³,demo,demo,demo
2025-10-14 20:28:03.054331+00:00,39.811438191450755,116.48252675756234,pm25,100.37133510728223,µg/m³,demo,demo,demo
2025-10-14 20:28:03.054331+00:00,40.03808209280447,116.40483219297381,pm25,103.99802445508905,µg/m³,demo,demo,demo
2025-10-14 20:28:03.054331+00:00,39.818068070416196,116.48092392783145,so2,30.03369813764906,µg/m³,demo,demo,demo
2025-10-14 20:28:03.054331+00:00,40.07654816456561,116.2640927256909,so2,27.6215212278206,µg/m³,demo,demo,demo
2025-10-14 20:28:03.054331+00:00,39.94577271941484,116.39157671622885,so2,27.21357237907117,µg/m³,demo,demo,demo
2025-10-14 20:28:03.054331+00:00,40.04158041242778,116.37078271854318,so2,26.717351755825185,µg/m³,demo,demo,demo
2025-10-14 20:28:03.054331+00:00,39.92039678581271,116.57260825778195,so2,29.30170265000009,µg/m³,demo,demo,demo
2025-10-14 20:28:03.054331+00:00,39.80787349103434,116.47447550156436,so2,25.666304621044123,µg/m³,demo,demo,demo
2025-10-14 20:28:03.054331+00:00,40.01999893759903,116.55591883996482,so2,30.820372195721713,µg/m³,demo,demo,demo
2025-10-14 20:28:03.054331+00:00,40.08956663871641,116.55013915900618,so2,25.771311347784355,µg/m³,demo,demo,demo
2025-10-14 20:28:03.054331+00:00,39.84478316840539,116.47109384724804,so2,32.98798776261156,µg/m³,demo,demo,demo
2025-10-14 20:28:03.054331+00:00,40.01330181403828,116.56127809837415,so2,28.62396863071636,µg/m³,demo,demo,demo
2025-10-14 20:28:03.054331+00:00,39.85187245877915,116.2796871352124,so2,24.833563769318243,µg/m³,demo,demo,demo
2025-10-14 20:28:03.054331+00:00,40.020207363159905,116.51374629206305,so2,30.170685174749615,µg/m³,demo,demo,demo
2025-10-14 20:28:03.054331+00:00,39.77951907451646,116.45939496252917,so2,22.65821347015237,µg/m³,demo,demo,demo
2025-10-14 20:28:03.054331+00:00,39.98944646759426,116.57658383980733,so2,42.865274892720464,µg/m³,demo,demo,demo
2025-10-14 20:28:03.054331+00:00,40.06788969087237,116.46454743000565,so2,24.598111319202403,µg/m³,demo,demo,demo
2025-10-14 20:28:03.054331+00:00,39.83146147075596,116.47843194476566,so2,27.332124973917313,µg/m³,demo,demo,demo
2025-10-14 20:28:03.054331+00:00,39.71488080882859,116.41123124990101,so2,34.97267252919269,µg/m³,demo,demo,demo
2025-10-14 20:28:03.054331+00:00,40.07595028265506,116.46248921224367,so2,25.257950281765414,µg/m³,demo,demo,demo
2025-10-14 20:28:03.054331+00:00,39.924651861294954,116.42688812214831,so2,23.46991867459514,µg/m³,demo,demo,demo
2025-10-14 20:28:03.054331+00:00,39.79614903009415,116.27167128235703,so2,23.1744662334377,µg/m³,demo,demo,demo
2025-10-14 20:28:03.054331+00:00,39.71671610782477,116.25121335312228,so2,33.5824921344484,µg/m³,demo,demo,demo
2025-10-14 20:28:03.054331+00:00,39.8378536093164,116.41712065365225,so2,22.420449710103668,µg/m³,demo,demo,demo
2025-10-14 20:28:03.054331+00:00,39.92722837411889,116.42555617000492,so2,36.33372081932219,µg/m³,demo,demo,demo
2025-10-14 20:28:03.054331+00:00,39.90607352502509,116.52905779464862,so2,31.04568495266288,µg/m³,demo,demo,demo
2025-10-14 20:28:03.054331+00:00,39.82605657108559,116.51581291442535,so2,27.368328424734475,µg/m³,demo,demo,demo
2025-10-14 20:28:03.054331+00:00,39.946066978950505,116.51300619183827,so2,33.58526918841012,µg/m³,demo,demo,demo
2025-10-14 20:28:03.054331+00:00,40.00869956805377,116.46067098150779,so2,27.96823106852204,µg/m³,demo,demo,demo
2025-10-14 20:28:03.054331+00:00,39.86183239032881,116.3392921046082,so2,26.5869567548466,µg/m³,demo,demo,demo
2025-10-14 20:28:03.054331+00:00,39.99013977910789,116.20105374653359,so2,21.73078754354931,µg/m³,demo,demo,demo
2025-10-14 20:28:03.054331+00:00,40.075641444727395,116.5558223333784,so2,20.87092861763809,µg/m³,demo,demo,demo
2025-10-14 20:28:03.054331+00:00,39.739437061156465,116.48705420521064,so2,29.144767343272328,µg/m³,demo,demo,demo
2025-10-14 20:28:03.054331+00:00,39.784324675546216,116.57210313375778,so2,17.92761835064615,µg/m³,demo,demo,demo
2025-10-14 20:28:03.054331+00:00,39.95477939848374,116.4840759283955,so2,20.175794965321533,µg/m³,demo,demo,demo
2025-10-14 20:28:03.054331+00:00,39.9902110697528,116.20410509510964,so2,20.285564759502584,µg/m³,demo,demo,demo
2025-10-14 20:28:03.054331+00:00,40.05069195875245,116.24696623482389,so2,27.52737397926634,µg/m³,demo,demo,demo
2025-10-14 20:28:03.054331+00:00,39.82668917955168,116.27181521090237,so2,20.96137429072084,µg/m³,demo,demo,demo
2025-10-14 20:28:03.054331+00:00,40.028211743431534,116.33763649922972,so2,26.85489881942437,µg/m³,demo,demo,demo
2025-10-14 20:28:03.054331+00:00,40.09309711119681,116.39941400585366,so2,40.22093153616111,µg/m³,demo,demo,demo
2025-10-14 20:28:03.054331+00:00,39.75631738118325,116.29383909298876,so2,27.829077411891625,µg/m³,demo,demo,demo
2025-10-14 20:28:03.054331+00:00,40.07616250539355,116.59869790204918,so2,36.36436927755216,µg/m³,demo,demo,demo
2025-10-14 20:28:03.054331+00:00,40.049747636551956,116.21146116496645,so2,28.412411979669386,µg/m³,demo,demo,demo
2025-10-14 20:28:03.054331+00:00,39.821939706805246,116.373170799585,so2,22.192262087347398,µg/m³,demo,demo,demo
2025-10-14 20:28:03.054331+00:00,39.945835848813275,116.35751994624604,so2,24.831158997713434,µg/m³,demo,demo,demo
2025-10-14 20:28:03.054331+00:00,39.94629481376854,116.50181628976266,so2,24.336061846076365,µg/m³,demo,demo,demo
2025-10-14 20:28:03.054331+00:00,39.749215364860504,116.38014771570887,so2,29.72536461090354,µg/m³,demo,demo,demo
2025-10-14 20:28:03.054331+00:00,39.84962330417806,116.23976550543455,so2,30.92720401660175,µg/m³,demo,demo,demo
2025-10-14 20:28:03.054331+00:00,39.83570140569474,116.33667424404382,so2,28.405385174810053,µg/m³,demo,demo,demo
2025-10-14 20:28:03.054331+00:00,40.01210729098512,116.4723173056102,so2,25.55567829020431,µg/m³,demo,demo,demo
2025-10-14 20:28:03.054331+00:00,40.08514928410887,116.54480669345763,so2,23.631571481948903,µg/m³,demo,demo,demo
2025-10-14 20:28:03.054331+00:00,39.720114855754254,116.55713364390604,so2,25.462345857323694,µg/m³,demo,demo,demo
2025-10-14 20:28:03.054331+00:00,40.03235378164601,116.30568150217546,so2,23.09331146466329,µg/m³,demo,demo,demo
2025-10-14 20:28:03.054331+00:00,39.9396845982995,116.55607214552718,so2,23.562687425099078,µg/m³,demo,demo,demo
2025-10-14 20:28:03.054331+00:00,39.99535613289039,116.56925676209883,so2,39.7454573047115,µg/m³,demo,demo,demo
2025-10-14 20:28:03.054331+00:00,39.98535172742038,116.38389691429921,so2,31.88477048050313,µg/m³,demo,demo,demo
2025-10-14 20:28:03.054331+00:00,40.012053184632144,116.37124929605636,so2,22.274597687269896,µg/m³,demo,demo,demo
2025-10-14 20:28:03.054331+00:00,39.99566531877821,116.35304696933997,so2,27.53125122611077,µg/m³,demo,demo,demo
2025-10-14 20:28:03.054331+00:00,39.86329460642564,116.46677557802923,so2,29.1043971429834,µg/m³,demo,demo,demo
2025-10-14 20:28:03.054331+00:00,40.06906616483712,116.59194186182089,so2,27.230475327164594,µg/m³,demo,demo,demo
2025-10-14 20:28:03.054331+00:00,39.811438191450755,116.48252675756234,so2,24.068000311938384,µg/m³,demo,demo,demo
2025-10-14 20:28:03.054331+00:00,40.03808209280447,116.40483219297381,so2,29.182485738806495,µg/m³,demo,demo,demo
2025-10-14 20:28:03.054331+00:00,39.818068070416196,116.48092392783145,no2,55.989862940317586,µg/m³,demo,demo,demo
2025-10-14 20:28:03.054331+00:00,40.07654816456561,116.2640927256909,no2,58.77525943009036,µg/m³,demo,demo,demo
2025-10-14 20:28:03.054331+00:00,39.94577271941484,116.39157671622885,no2,63.79908882566825,µg/m³,demo,demo,demo
2025-10-14 20:28:03.054331+00:00,40.04158041242778,116.37078271854318,no2,50.57058143169219,µg/m³,demo,demo,demo
2025-10-14 20:28:03.054331+00:00,39.92039678581271,116.57260825778195,no2,56.459247592488914,µg/m³,demo,demo,demo
2025-10-14 20:28:03.054331+00:00,39.80787349103434,116.47447550156436,no2,51.116920323790076,µg/m³,demo,demo,demo
2025-10-14 20:28:03.054331+00:00,40.01999893759903,116.55591883996482,no2,48.07906039944104,µg/m³,demo,demo,demo
2025-10-14 20:28:03.054331+00:00,40.08956663871641,116.55013915900618,no2,50.63808491079168,µg/m³,demo,demo,demo
2025-10-14 20:28:03.054331+00:00,39.84478316840539,116.47109384724804,no2,56.55928554651724,µg/m³,demo,demo,demo
2025-10-14 20:28:03.054331+00:00,40.01330181403828,116.56127809837415,no2,50.42692795447011,µg/m³,demo,demo,demo
2025-10-14 20:28:03.054331+00:00,39.85187245877915,116.2796871352124,no2,47.32564287475108,µg/m³,demo,demo,demo
2025-10-14 20:28:03.054331+00:00,40.020207363159905,116.51374629206305,no2,49.13171752804762,µg/m³,demo,demo,demo
2025-10-14 20:28:03.054331+00:00,39.77951907451646,116.45939496252917,no2,56.08634425084419,µg/m³,demo,demo,demo
2025-10-14 20:28:03.054331+00:00,39.98944646759426,116.57658383980733,no2,66.19986419226758,µg/m³,demo,demo,demo
2025-10-14 20:28:03.054331+00:00,40.06788969087237,116.46454743000565,no2,65.1777014407197,µg/m³,demo,demo,demo
2025-10-14 20:28:03.054331+00:00,39.83146147075596,116.47843194476566,no2,42.50993002305718,µg/m³,demo,demo,demo
2025-10-14 20:28:03.054331+00:00,39.71488080882859,116.41123124990101,no2,52.55888666954459,µg/m³,demo,demo,demo
2025-10-14 20:28:03.054331+00:00,40.07595028265506,116.46248921224367,no2,59.61646246840663,µg/m³,demo,demo,demo
2025-10-14 20:28:03.054331+00:00,39.924651861294954,116.42688812214831,no2,51.750059703246166,µg/m³,demo,demo,demo
2025-10-14 20:28:03.054331+00:00,39.79614903009415,116.27167128235703,no2,53.83594198283266,µg/m³,demo,demo,demo
2025-10-14 20:28:03.054331+00:00,39.71671610782477,116.25121335312228,no2,47.63023390621376,µg/m³,demo,demo,demo
2025-10-14 20:28:03.054331+00:00,39.8378536093164,116.41712065365225,no2,56.302480280334194,µg/m³,demo,demo,demo
2025-10-14 20:28:03.054331+00:00,39.92722837411889,116.42555617000492,no2,53.99756938841267,µg/m³,demo,demo,demo
2025-10-14 20:28:03.054331+00:00,39.90607352502509,116.52905779464862,no2,48.23509839132986,µg/m³,demo,demo,demo
2025-10-14 20:28:03.054331+00:00,39.82605657108559,116.51581291442535,no2,59.200650195826796,µg/m³,demo,demo,demo
2025-10-14 20:28:03.054331+00:00,39.946066978950505,116.51300619183827,no2,63.25579213261119,µg/m³,demo,demo,demo
2025-10-14 20:28:03.054331+00:00,40.00869956805377,116.46067098150779,no2,58.91681741349111,µg/m³,demo,demo,demo
2025-10-14 20:28:03.054331+00:00,39.86183239032881,116.3392921046082,no2,46.06920986876576,µg/m³,demo,demo,demo
2025-10-14 20:28:03.054331+00:00,39.99013977910789,116.20105374653359,no2,57.22933902879429,µg/m³,demo,demo,demo
2025-10-14 20:28:03.054331+00:00,40.075641444727395,116.5558223333784,no2,61.280137715047786,µg/m³,demo,demo,demo
2025-10-14 20:28:03.054331+00:00,39.739437061156465,116.48705420521064,no2,63.912380684983845,µg/m³,demo,demo,demo
2025-10-14 20:28:03.054331+00:00,39.784324675546216,116.57210313375778,no2,64.61666911531647,µg/m³,demo,demo,demo
2025-10-14 20:28:03.054331+00:00,39.95477939848374,116.4840759283955,no2,62.560798879189385,µg/m³,demo,demo,demo
2025-10-14 20:28:03.054331+00:00,39.9902110697528,116.20410509510964,no2,53.69946527140984,µg/m³,demo,demo,demo
2025-10-14 20:28:03.054331+00:00,40.05069195875245,116.24696623482389,no2,59.20343143257053,µg/m³,demo,demo,demo
2025-10-14 20:28:03.054331+00:00,39.82668917955168,116.27181521090237,no2,60.66259611398237,µg/m³,demo,demo,demo
2025-10-14 20:28:03.054331+00:00,40.028211743431534,116.33763649922972,no2,56.06687360763372,µg/m³,demo,demo,demo
2025-10-14 20:28:03.054331+00:00,40.09309711119681,116.39941400585366,no2,57.752568078081005,µg/m³,demo,demo,demo
2025-10-14 20:28:03.054331+00:00,39.75631738118325,116.29383909298876,no2,47.088271625964225,µg/m³,demo,demo,demo
2025-10-14 20:28:03.054331+00:00,40.07616250539355,116.59869790204918,no2,57.56039582846447,µg/m³,demo,demo,demo
2025-10-14 20:28:03.054331+00:00,40.049747636551956,116.21146116496645,no2,51.68604632239846,µg/m³,demo,demo,demo
2025-10-14 20:28:03.054331+00:00,39.821939706805246,116.373170799585,no2,54.00222131155021,µg/m³,demo,demo,demo
2025-10-14 20:28:03.054331+00:00,39.945835848813275,116.35751994624604,no2,68.63519786224893,µg/m³,demo,demo,demo
2025-10-14 20:28:03.054331+00:00,39.94629481376854,116.50181628976266,no2,56.950621571154166,µg/m³,demo,demo,demo
2025-10-14 20:28:03.054331+00:00,39.749215364860504,116.38014771570887,no2,57.629357137148766,µg/m³,demo,demo,demo
2025-10-14 20:28:03.054331+00:00,39.84962330417806,116.23976550543455,no2,50.2301827058951,µg/m³,demo,demo,demo
2025-10-14 20:28:03.054331+00:00,39.83570140569474,116.33667424404382,no2,43.47981976318441,µg/m³,demo,demo,demo
2025-10-14 20:28:03.054331+00:00,40.01210729098512,116.4723173056102,no2,45.65277684032398,µg/m³,demo,demo,demo
2025-10-14 20:28:03.054331+00:00,40.08514928410887,116.54480669345763,no2,52.53396380991484,µg/m³,demo,demo,demo
2025-10-14 20:28:03.054331+00:00,39.720114855754254,116.55713364390604,no2,53.37101855977525,µg/m³,demo,demo,demo
2025-10-14 20:28:03.054331+00:00,40.03235378164601,116.30568150217546,no2,40.972001475232545,µg/m³,demo,demo,demo
2025-10-14 20:28:03.054331+00:00,39.9396845982995,116.55607214552718,no2,49.87571481464454,µg/m³,demo,demo,demo
2025-10-14 20:28:03.054331+00:00,39.99535613289039,116.56925676209883,no2,55.167943738149276,µg/m³,demo,demo,demo
2025-10-14 20:28:03.054331+00:00,39.98535172742038,116.38389691429921,no2,48.717000089366046,µg/m³,demo,demo,demo
2025-10-14 20:28:03.054331+00:00,40.012053184632144,116.37124929605636,no2,52.1723596837171,µg/m³,demo,demo,demo
2025-10-14 20:28:03.054331+00:00,39.99566531877821,116.35304696933997,no2,56.065642995168965,µg/m³,demo,demo,demo
2025-10-14 20:28:03.054331+00:00,39.86329460642564,116.46677557802923,no2,64.7464935982755,µg/m³,demo,demo,demo
2025-10-14 20:28:03.054331+00:00,40.06906616483712,116.59194186182089,no2,57.79764843163162,µg/m³,demo,demo,demo
2025-10-14 20:28:03.054331+00:00,39.811438191450755,116.48252675756234,no2,67.11753346904223,µg/m³,demo,demo,demo
2025-10-14 20:28:03.054331+00:00,40.03808209280447,116.40483219297381,no2,44.2802027033154,µg/m³,demo,demo,demo
2025-10-14 21:28:03.054331+00:00,39.86612685515714,116.49365672195934,pm25,72.25619958881711,µg/m³,demo,demo,demo
2025-10-14 21:28:03.054331+00:00,39.948597972650816,116.55837801898276,pm25,92.71607760351475,µg/m³,demo,demo,demo
2025-10-14 21:28:03.054331+00:00,39.828196069507015,116.58241090706395,pm25,90.22524928293703,µg/m³,demo,demo,demo
2025-10-14 21:28:03.054331+00:00,39.94894472995954,116.44826621533433,pm25,90.67405488397186,µg/m³,demo,demo,demo
2025-10-14 21:28:03.054331+00:00,39.9908376748988,116.3641257436293,pm25,66.94414213792366,µg/m³,demo,demo,demo
2025-10-14 21:28:03.054331+00:00,40.09108401553109,116.24802657186441,pm25,91.71811952073638,µg/m³,demo,demo,demo
2025-10-14 21:28:03.054331+00:00,39.721437019390216,116.27740501030316,pm25,83.87291843068166,µg/m³,demo,demo,demo
2025-10-14 21:28:03.054331+00:00,40.077782006278156,116.34720436434125,pm25,98.95719682161315,µg/m³,demo,demo,demo
2025-10-14 21:28:03.054331+00:00,39.92257380673594,116.2913427124353,pm25,77.5278114057878,µg/m³,demo,demo,demo
2025-10-14 21:28:03.054331+00:00,39.75960075436765,116.59004913728812,pm25,110.59514727060893,µg/m³,demo,demo,demo
2025-10-14 21:28:03.054331+00:00,40.08665124599564,116.28415883360496,pm25,89.83358357947661,µg/m³,demo,demo,demo
2025-10-14 21:28:03.054331+00:00,40.012620906741894,116.21551292168948,pm25,84.5313341022046,µg/m³,demo,demo,demo
2025-10-14 21:28:03.054331+00:00,39.780064458891374,116.26254920316929,pm25,93.98120182948307,µg/m³,demo,demo,demo
2025-10-14 21:28:03.054331+00:00,39.97907117325027,116.21232455206047,pm25,73.0574679997346,µg/m³,demo,demo,demo
2025-10-14 21:28:03.054331+00:00,40.05030163492554,116.2114851484043,pm25,77.85778164901949,µg/m³,demo,demo,demo
2025-10-14 21:28:03.054331+00:00,39.85764575933921,116.25074350676431,pm25,97.03991565076096,µg/m³,demo,demo,demo
2025-10-14 21:28:03.054331+00:00,39.721009809040815,116.51312669597942,pm25,86.39953273772285,µg/m³,demo,demo,demo
2025-10-14 21:28:03.054331+00:00,39.713755486684605,116.47625726165418,pm25,90.99691804732558,µg/m³,demo,demo,demo
2025-10-14 21:28:03.054331+00:00,39.712700731074875,116.23007093952624,pm25,63.2937641741116,µg/m³,demo,demo,demo
2025-10-14 21:28:03.054331+00:00,40.088059537521296,116.40548550609934,pm25,73.68639617856633,µg/m³,demo,demo,demo
2025-10-14 21:28:03.054331+00:00,39.90696871640754,116.42209495036984,pm25,69.61105609509968,µg/m³,demo,demo,demo
2025-10-14 21:28:03.054331+00:00,39.71102482240491,116.53373847258601,pm25,109.25098482592985,µg/m³,demo,demo,demo
2025-10-14 21:28:03.054331+00:00,39.71713575151129,116.41959310632645,pm25,87.68428319144246,µg/m³,demo,demo,demo
2025-10-14 21:28:03.054331+00:00,39.95220914740088,116.58537407102523,pm25,104.69859989578062,µg/m³,demo,demo,demo
2025-10-14 21:28:03.054331+00:00,40.010031318984716,116.5768273310637,pm25,86.22412572438938,µg/m³,demo,demo,demo
2025-10-14 21:28:03.054331+00:00,40.05149318675005,116.46739248292394,pm25,101.75618576704272,µg/m³,demo,demo,demo
2025-10-14 21:28:03.054331+00:00,39.74983737149838,116.49403591132376,pm25,82.9108228575554,µg/m³,demo,demo,demo
2025-10-14 21:28:03.054331+00:00,39.89558614933116,116.50462056200016,pm25,83.78884205336047,µg/m³,demo,demo,demo
2025-10-14 21:28:03.054331+00:00,39.80805158524995,116.59438316881,pm25,87.54843147048308,µg/m³,demo,demo,demo
2025-10-14 21:28:03.054331+00:00,40.062588939238985,116.43186576495043,pm25,90.21711235286212,µg/m³,demo,demo,demo
2025-10-14 21:28:03.054331+00:00,40.05796918862937,116.26658790840038,pm25,65.34328833664915,µg/m³,demo,demo,demo
2025-10-14 21:28:03.054331+00:00,39.7650002375252,116.36531914087267,pm25,88.93817917773858,µg/m³,demo,demo,demo
2025-10-14 21:28:03.054331+00:00,40.097836892706525,116.43396936689113,pm25,77.79567621720881,µg/m³,demo,demo,demo
2025-10-14 21:28:03.054331+00:00,39.9111343687945,116.31835226287171,pm25,80.90002025608345,µg/m³,demo,demo,demo
2025-10-14 21:28:03.054331+00:00,40.05647772865295,116.28782345781941,pm25,85.58595560710566,µg/m³,demo,demo,demo
2025-10-14 21:28:03.054331+00:00,39.755372383643625,116.49144317205234,pm25,84.1768699405346,µg/m³,demo,demo,demo
2025-10-14 21:28:03.054331+00:00,39.8087514328273,116.57156090622361,pm25,88.13228101320914,µg/m³,demo,demo,demo
2025-10-14 21:28:03.054331+00:00,39.75249733070494,116.44782450287369,pm25,101.6792733979659,µg/m³,demo,demo,demo
2025-10-14 21:28:03.054331+00:00,39.859260079956535,116.35427455758692,pm25,102.1396634409001,µg/m³,demo,demo,demo
2025-10-14 21:28:03.054331+00:00,39.948330215599036,116.58929798421153,pm25,109.66699195067304,µg/m³,demo,demo,demo
2025-10-14 21:28:03.054331+00:00,39.83468661263688,116.48312676533897,pm25,81.1795043560098,µg/m³,demo,demo,demo
2025-10-14 21:28:03.054331+00:00,39.80680587140631,116.5908572707475,pm25,87.74013220036392,µg/m³,demo,demo,demo
2025-10-14 21:28:03.054331+00:00,40.01466970381423,116.57635056157736,pm25,85.52725911568736,µg/m³,demo,demo,demo
2025-10-14 21:28:03.054331+00:00,40.005948308540304,116.38472507322112,pm25,83.87698998888244,µg/m³,demo,demo,demo
2025-10-14 21:28:03.054331+00:00,39.96778453470271,116.43528646471525,pm25,96.4549102692819,µg/m³,demo,demo,demo
2025-10-14 21:28:03.054331+00:00,39.95807150052099,116.35930683412735,pm25,98.10993061000927,µg/m³,demo,demo,demo
2025-10-14 21:28:03.054331+00:00,40.08912113540969,116.40604508785977,pm25,88.1896033966809,µg/m³,demo,demo,demo
2025-10-14 21:28:03.054331+00:00,40.08282469490392,116.44720793868926,pm25,91.2629995829592,µg/m³,demo,demo,demo
2025-10-14 21:28:03.054331+00:00,39.966618257265615,116.3186452624447,pm25,104.3039814419931,µg/m³,demo,demo,demo
2025-10-14 21:28:03.054331+00:00,39.83961637688761,116.37079190904319,pm25,88.02698605942507,µg/m³,demo,demo,demo
2025-10-14 21:28:03.054331+00:00,39.88394793980918,116.53168771200811,pm25,102.7784775395722,µg/m³,demo,demo,demo
2025-10-14 21:28:03.054331+00:00,39.96921567736919,116.49105505290821,pm25,90.00324502748246,µg/m³,demo,demo,demo
2025-10-14 21:28:03.054331+00:00,40.026203304090025,116.26240708696642,pm25,95.55824145746249,µg/m³,demo,demo,demo
2025-10-14 21:28:03.054331+00:00,39.851379816395124,116.24856264744461,pm25,111.97415282245188,µg/m³,demo,demo,demo
2025-10-14 21:28:03.054331+00:00,39.98323167755616,116.53227826331492,pm25,83.78937472571359,µg/m³,demo,demo,demo
2025-10-14 21:28:03.054331+00:00,39.98788826781258,116.33961272745324,pm25,94.52518094654772,µg/m³,demo,demo,demo
2025-10-14 21:28:03.054331+00:00,39.91270140866622,116.57153873495949,pm25,105.1699948891711,µg/m³,demo,demo,demo
2025-10-14 21:28:03.054331+00:00,39.94483362859234,116.32574649285755,pm25,92.06401022530693,µg/m³,demo,demo,demo
2025-10-14 21:28:03.054331+00:00,40.079471498757,116.24367229320985,pm25,106.16793251267438,µg/m³,demo,demo,demo
2025-10-14 21:28:03.054331+00:00,39.79713364162158,116.5590895771668,pm25,120.75947025562402,µg/m³,demo,demo,demo
2025-10-14 21:28:03.054331+00:00,39.86612685515714,116.49365672195934,so2,34.274495229878276,µg/m³,demo,demo,demo
2025-10-14 21:28:03.054331+00:00,39.948597972650816,116.55837801898276,so2,27.0198135985873,µg/m³,demo,demo,demo
2025-10-14 21:28:03.054331+00:00,39.828196069507015,116.58241090706395,so2,23.382730201796324,µg/m³,demo,demo,demo
2025-10-14 21:28:03.054331+00:00,39.94894472995954,116.44826621533433,so2,28.38093767512984,µg/m³,demo,demo,demo
2025-10-14 21:28:03.054331+00:00,39.9908376748988,116.3641257436293,so2,24.660157244767735,µg/m³,demo,demo,demo
2025-10-14 21:28:03.054331+00:00,40.09108401553109,116.24802657186441,so2,23.602659187871097,µg/m³,demo,demo,demo
2025-10-14 21:28:03.054331+00:00,39.721437019390216,116.27740501030316,so2,30.976092219501417,µg/m³,demo,demo,demo
2025-10-14 21:28:03.054331+00:00,40.077782006278156,116.34720436434125,so2,30.62666338530933,µg/m³,demo,demo,demo
2025-10-14 21:28:03.054331+00:00,39.92257380673594,116.2913427124353,so2,19.291668515784604,µg/m³,demo,demo,demo
2025-10-14 21:28:03.054331+00:00,39.75960075436765,116.59004913728812,so2,24.841345243833878,µg/m³,demo,demo,demo
2025-10-14 21:28:03.054331+00:00,40.08665124599564,116.28415883360496,so2,22.33530223314676,µg/m³,demo,demo,demo
2025-10-14 21:28:03.054331+00:00,40.012620906741894,116.21551292168948,so2,30.63316536491865,µg/m³,demo,demo,demo
2025-10-14 21:28:03.054331+00:00,39.780064458891374,116.26254920316929,so2,29.281034216456593,µg/m³,demo,demo,demo
2025-10-14 21:28:03.054331+00:00,39.97907117325027,116.21232455206047,so2,32.06413384550251,µg/m³,demo,demo,demo
2025-10-14 21:28:03.054331+00:00,40.05030163492554,116.2114851484043,so2,27.293084762298577,µg/m³,demo,demo,demo
2025-10-14 21:28:03.054331+00:00,39.85764575933921,116.25074350676431,so2,30.00235420858786,µg/m³,demo,demo,demo
2025-10-14 21:28:03.054331+00:00,39.721009809040815,116.51312669597942,so2,30.876789444011308,µg/m³,demo,demo,demo
2025-10-14 21:28:03.054331+00:00,39.713755486684605,116.47625726165418,so2,27.196867094459133,µg/m³,demo,demo,demo
2025-10-14 21:28:03.054331+00:00,39.712700731074875,116.23007093952624,so2,31.77713192394428,µg/m³,demo,demo,demo
2025-10-14 21:28:03.054331+00:00,40.088059537521296,116.40548550609934,so2,18.55636796189649,µg/m³,demo,demo,demo
2025-10-14 21:28:03.054331+00:00,39.90696871640754,116.42209495036984,so2,32.4215895651895,µg/m³,demo,demo,demo
2025-10-14 21:28:03.054331+00:00,39.71102482240491,116.53373847258601,so2,20.807564252043353,µg/m³,demo,demo,demo
2025-10-14 21:28:03.054331+00:00,39.71713575151129,116.41959310632645,so2,25.606238886133927,µg/m³,demo,demo,demo
2025-10-14 21:28:03.054331+00:00,39.95220914740088,116.58537407102523,so2,28.570843627138746,µg/m³,demo,demo,demo
2025-10-14 21:28:03.054331+00:00,40.010031318984716,116.5768273310637,so2,28.007134874520922,µg/m³,demo,demo,demo
2025-10-14 21:28:03.054331+00:00,40.05149318675005,116.46739248292394,so2,20.535280953207504,µg/m³,demo,demo,demo
2025-10-14 21:28:03.054331+00:00,39.74983737149838,116.49403591132376,so2,27.47877968562845,µg/m³,demo,demo,demo
2025-10-14 21:28:03.054331+00:00,39.89558614933116,116.50462056200016,so2,16.443205334769896,µg/m³,demo,demo,demo
2025-10-14 21:28:03.054331+00:00,39.80805158524995,116.59438316881,so2,26.056041120103583,µg/m³,demo,demo,demo
2025-10-14 21:28:03.054331+00:00,40.062588939238985,116.43186576495043,so2,24.87257515469128,µg/m³,demo,demo,demo
2025-10-14 21:28:03.054331+00:00,40.05796918862937,116.26658790840038,so2,34.55643284505095,µg/m³,demo,demo,demo
2025-10-14 21:28:03.054331+00:00,39.7650002375252,116.36531914087267,so2,25.65040595453087,µg/m³,demo,demo,demo
2025-10-14 21:28:03.054331+00:00,40.097836892706525,116.43396936689113,so2,23.458422005855052,µg/m³,demo,demo,demo
2025-10-14 21:28:03.054331+00:00,39.9111343687945,116.31835226287171,so2,23.596229696130216,µg/m³,demo,demo,demo
2025-10-14 21:28:03.054331+00:00,40.05647772865295,116.28782345781941,so2,22.88403065518106,µg/m³,demo,demo,demo
2025-10-14 21:28:03.054331+00:00,39.755372383643625,116.49144317205234,so2,26.995690591649318,µg/m³,demo,demo,demo
2025-10-14 21:28:03.054331+00:00,39.8087514328273,116.57156090622361,so2,28.079373154052128,µg/m³,demo,demo,demo
2025-10-14 21:28:03.054331+00:00,39.75249733070494,116.44782450287369,so2,35.001686147552846,µg/m³,demo,demo,demo
2025-10-14 21:28:03.054331+00:00,39.859260079956535,116.35427455758692,so2,20.685278056099413,µg/m³,demo,demo,demo
2025-10-14 21:28:03.054331+00:00,39.948330215599036,116.58929798421153,so2,29.87866824857045,µg/m³,demo,demo,demo
2025-10-14 21:28:03.054331+00:00,39.83468661263688,116.48312676533897,so2,20.10395453694303,µg/m³,demo,demo,demo
2025-10-14 21:28:03.054331+00:00,39.80680587140631,116.5908572707475,so2,25.56144092465273,µg/m³,demo,demo,demo
2025-10-14 21:28:03.054331+00:00,40.01466970381423,116.57635056157736,so2,32.529143910468115,µg/m³,demo,demo,demo
2025-10-14 21:28:03.054331+00:00,40.005948308540304,116.38472507322112,so2,32.99241973139078,µg/m³,demo,demo,demo
2025-10-14 21:28:03.054331+00:00,39.96778453470271,116.43528646471525,so2,31.21326591189318,µg/m³,demo,demo,demo
2025-10-14 21:28:03.054331+00:00,39.95807150052099,116.35930683412735,so2,24.230007261593357,µg/m³,demo,demo,demo
2025-10-14 21:28:03.054331+00:00,40.08912113540969,116.40604508785977,so2,31.73400227610638,µg/m³,demo,demo,demo
2025-10-14 21:28:03.054331+00:00,40.08282469490392,116.44720793868926,so2,34.492170203355734,µg/m³,demo,demo,demo
2025-10-14 21:28:03.054331+00:00,39.966618257265615,116.3186452624447,so2,20.257593855069963,µg/m³,demo,demo,demo
2025-10-14 21:28:03.054331+00:00,39.83961637688761,116.37079190904319,so2,24.352459827050858,µg/m³,demo,demo,demo
2025-10-14 21:28:03.054331+00:00,39.88394793980918,116.53168771200811,so2,27.507323550979173,µg/m³,demo,demo,demo
2025-10-14 21:28:03.054331+00:00,39.96921567736919,116.49105505290821,so2,28.307161371744744,µg/m³,demo,demo,demo
2025-10-14 21:28:03.054331+00:00,40.026203304090025,116.26240708696642,so2,28.6520979153732,µg/m³,demo,demo,demo
2025-10-14 21:28:03.054331+00:00,39.851379816395124,116.24856264744461,so2,26.094998427038643,µg/m³,demo,demo,demo
2025-10-14 21:28:03.054331+00:00,39.98323167755616,116.53227826331492,so2,23.861111295042377,µg/m³,demo,demo,demo
2025-10-14 21:28:03.054331+00:00,39.98788826781258,116.33961272745324,so2,29.69355129468978,µg/m³,demo,demo,demo
2025-10-14 21:28:03.054331+00:00,39.91270140866622,116.57153873495949,so2,23.518944665734054,µg/m³,demo,demo,demo
2025-10-14 21:28:03.054331+00:00,39.94483362859234,116.32574649285755,so2,26.286311189681804,µg/m³,demo,demo,demo
2025-10-14 21:28:03.054331+00:00,40.079471498757,116.24367229320985,so2,29.434037217463214,µg/m³,demo,demo,demo
2025-10-14 21:28:03.054331+00:00,39.79713364162158,116.5590895771668,so2,29.351537293946485,µg/m³,demo,demo,demo
2025-10-14 21:28:03.054331+00:00,39.86612685515714,116.49365672195934,no2,61.117750854090694,µg/m³,demo,demo,demo
2025-10-14 21:28:03.054331+00:00,39.948597972650816,116.55837801898276,no2,61.499912436165964,µg/m³,demo,demo,demo
2025-10-14 21:28:03.054331+00:00,39.828196069507015,116.58241090706395,no2,59.781249803186924,µg/m³,demo,demo,demo
2025-10-14 21:28:03.054331+00:00,39.94894472995954,116.44826621533433,no2,66.26797462084977,µg/m³,demo,demo,demo
2025-10-14 21:28:03.054331+00:00,39.9908376748988,116.3641257436293,no2,43.829081748798465,µg/m³,demo,demo,demo
2025-10-14 21:28:03.054331+00:00,40.09108401553109,116.24802657186441,no2,56.02629293778627,µg/m³,demo,demo,demo
2025-10-14 21:28:03.054331+00:00,39.721437019390216,116.27740501030316,no2,56.02349127170061,µg/m³,demo,demo,demo
2025-10-14 21:28:03.054331+00:00,40.077782006278156,116.34720436434125,no2,52.63323124841634,µg/m³,demo,demo,demo
2025-10-14 21:28:03.054331+00:00,39.92257380673594,116.2913427124353,no2,54.388401859085015,µg/m³,demo,demo,demo
2025-10-14 21:28:03.054331+00:00,39.75960075436765,116.59004913728812,no2,57.37531004459007,µg/m³,demo,demo,demo
2025-10-14 21:28:03.054331+00:00,40.08665124599564,116.28415883360496,no2,51.77441786271817,µg/m³,demo,demo,demo
2025-10-14 21:28:03.054331+00:00,40.012620906741894,116.21551292168948,no2,70.50448662027182,µg/m³,demo,demo,demo
2025-10-14 21:28:03.054331+00:00,39.780064458891374,116.26254920316929,no2,70.22323324908658,µg/m³,demo,demo,demo
2025-10-14 21:28:03.054331+00:00,39.97907117325027,116.21232455206047,no2,50.797423030962996,µg/m³,demo,demo,demo
2025-10-14 21:28:03.054331+00:00,40.05030163492554,116.2114851484043,no2,62.73323806166255,µg/m³,demo,demo,demo
2025-10-14 21:28:03.054331+00:00,39.85764575933921,116.25074350676431,no2,61.22537626050763,µg/m³,demo,demo,demo
2025-10-14 21:28:03.054331+00:00,39.721009809040815,116.51312669597942,no2,56.457792927517836,µg/m³,demo,demo,demo
2025-10-14 21:28:03.054331+00:00,39.713755486684605,116.47625726165418,no2,53.1478650159204,µg/m³,demo,demo,demo
2025-10-14 21:28:03.054331+00:00,39.712700731074875,116.23007093952624,no2,58.673957523319196,µg/m³,demo,demo,demo
2025-10-14 21:28:03.054331+00:00,40.088059537521296,116.40548550609934,no2,55.8761701810857,µg/m³,demo,demo,demo
2025-10-14 21:28:03.054331+00:00,39.90696871640754,116.42209495036984,no2,50.42901802860786,µg/m³,demo,demo,demo
2025-10-14 21:28:03.054331+00:00,39.71102482240491,116.53373847258601,no2,61.562900306468954,µg/m³,demo,demo,demo
2025-10-14 21:28:03.054331+00:00,39.71713575151129,116.41959310632645,no2,55.988363255218296,µg/m³,demo,demo,demo
2025-10-14 21:28:03.054331+00:00,39.95220914740088,116.58537407102523,no2,63.43009527482747,µg/m³,demo,demo,demo
2025-10-14 21:28:03.054331+00:00,40.010031318984716,116.5768273310637,no2,44.42703836707494,µg/m³,demo,demo,demo
2025-10-14 21:28:03.054331+00:00,40.05149318675005,116.46739248292394,no2,48.47223653125229,µg/m³,demo,demo,demo
2025-10-14 21:28:03.054331+00:00,39.74983737149838,116.49403591132376,no2,30.089574324611288,µg/m³,demo,demo,demo
2025-10-14 21:28:03.054331+00:00,39.89558614933116,116.50462056200016,no2,51.2908254527747,µg/m³,demo,demo,demo
2025-10-14 21:28:03.054331+00:00,39.80805158524995,116.59438316881,no2,45.47794769952404,µg/m³,demo,demo,demo
2025-10-14 21:28:03.054331+00:00,40.062588939238985,116.43186576495043,no2,59.01565726150538,µg/m³,demo,demo,demo
2025-10-14 21:28:03.054331+00:00,40.05796918862937,116.26658790840038,no2,62.3786719844893,µg/m³,demo,demo,demo
2025-10-14 21:28:03.054331+00:00,39.7650002375252,116.36531914087267,no2,55.22623983815618,µg/m³,demo,demo,demo
2025-10-14 21:28:03.054331+00:00,40.097836892706525,116.43396936689113,no2,61.53820898602463,µg/m³,demo,demo,demo
2025-10-14 21:28:03.054331+00:00,39.9111343687945,116.31835226287171,no2,48.907395411201456,µg/m³,demo,demo,demo
2025-10-14 21:28:03.054331+00:00,40.05647772865295,116.28782345781941,no2,44.674562049532526,µg/m³,demo,demo,demo
2025-10-14 21:28:03.054331+00:00,39.755372383643625,116.49144317205234,no2,65.221032469675,µg/m³,demo,demo,demo
2025-10-14 21:28:03.054331+00:00,39.8087514328273,116.57156090622361,no2,62.210246236177646,µg/m³,demo,demo,demo
2025-10-14 21:28:03.054331+00:00,39.75249733070494,116.44782450287369,no2,60.1454072014306,µg/m³,demo,demo,demo
2025-10-14 21:28:03.054331+00:00,39.859260079956535,116.35427455758692,no2,51.73133406098251,µg/m³,demo,demo,demo
2025-10-14 21:28:03.054331+00:00,39.948330215599036,116.58929798421153,no2,62.429002914575186,µg/m³,demo,demo,demo
2025-10-14 21:28:03.054331+00:00,39.83468661263688,116.48312676533897,no2,59.204369720945934,µg/m³,demo,demo,demo
2025-10-14 21:28:03.054331+00:00,39.80680587140631,116.5908572707475,no2,75.05938049587377,µg/m³,demo,demo,demo
2025-10-14 21:28:03.054331+00:00,40.01466970381423,116.57635056157736,no2,33.415618831468905,µg/m³,demo,demo,demo
2025-10-14 21:28:03.054331+00:00,40.005948308540304,116.38472507322112,no2,44.76461407723931,µg/m³,demo,demo,demo
2025-10-14 21:28:03.054331+00:00,39.96778453470271,116.43528646471525,no2,61.08021183400178,µg/m³,demo,demo,demo
2025-10-14 21:28:03.054331+00:00,39.95807150052099,116.35930683412735,no2,60.24427991303497,µg/m³,demo,demo,demo
2025-10-14 21:28:03.054331+00:00,40.08912113540969,116.40604508785977,no2,56.93405973116942,µg/m³,demo,demo,demo
2025-10-14 21:28:03.054331+00:00,40.08282469490392,116.44720793868926,no2,52.93116239230366,µg/m³,demo,demo,demo
2025-10-14 21:28:03.054331+00:00,39.966618257265615,116.3186452624447,no2,49.17609507622743,µg/m³,demo,demo,demo
2025-10-14 21:28:03.054331+00:00,39.83961637688761,116.37079190904319,no2,67.30819212712134,µg/m³,demo,demo,demo
2025-10-14 21:28:03.054331+00:00,39.88394793980918,116.53168771200811,no2,63.328558862400314,µg/m³,demo,demo,demo
2025-10-14 21:28:03.054331+00:00,39.96921567736919,116.49105505290821,no2,57.06422146001421,µg/m³,demo,demo,demo
2025-10-14 21:28:03.054331+00:00,40.026203304090025,116.26240708696642,no2,57.65075891612621,µg/m³,demo,demo,demo
2025-10-14 21:28:03.054331+00:00,39.851379816395124,116.24856264744461,no2,67.77445051425775,µg/m³,demo,demo,demo
2025-10-14 21:28:03.054331+00:00,39.98323167755616,116.53227826331492,no2,46.50611314648957,µg/m³,demo,demo,demo
2025-10-14 21:28:03.054331+00:00,39.98788826781258,116.33961272745324,no2,45.29059844819543,µg/m³,demo,demo,demo
2025-10-14 21:28:03.054331+00:00,39.91270140866622,116.57153873495949,no2,53.45937645445692,µg/m³,demo,demo,demo
2025-10-14 21:28:03.054331+00:00,39.94483362859234,116.32574649285755,no2,46.21273088330635,µg/m³,demo,demo,demo
2025-10-14 21:28:03.054331+00:00,40.079471498757,116.24367229320985,no2,61.26988434172574,µg/m³,demo,demo,demo
2025-10-14 21:28:03.054331+00:00,39.79713364162158,116.5590895771668,no2,59.9627412814443,µg/m³,demo,demo,demo
2025-10-14 22:28:03.054331+00:00,39.79655751179195,116.5785823169823,pm25,90.49385041108032,µg/m³,demo,demo,demo
2025-10-14 22:28:03.054331+00:00,39.80245914829649,116.36209678531326,pm25,77.10142362398558,µg/m³,demo,demo,demo
2025-10-14 22:28:03.054331+00:00,39.783655114400915,116.37465446786167,pm25,85.31987032704636,µg/m³,demo,demo,demo
2025-10-14 22:28:03.054331+00:00,40.09674280858881,116.5814299403326,pm25,102.44291245719977,µg/m³,demo,demo,demo
2025-10-14 22:28:03.054331+00:00,39.84791602639813,116.29361226510419,pm25,86.58151449986678,µg/m³,demo,demo,demo
2025-10-14 22:28:03.054331+00:00,39.827007826874436,116.23870301705003,pm25,106.98399812449331,µg/m³,demo,demo,demo
2025-10-14 22:28:03.054331+00:00,39.71932357882752,116.48030565116846,pm25,91.03878575868089,µg/m³,demo,demo,demo
2025-10-14 22:28:03.054331+00:00,39.87561736235893,116.53613120136394,pm25,94.79963203739263,µg/m³,demo,demo,demo
2025-10-14 22:28:03.054331+00:00,39.99891660025855,116.30227350958098,pm25,90.1090820902321,µg/m³,demo,demo,demo
2025-10-14 22:28:03.054331+00:00,39.78201919575789,116.22338216929211,pm25,78.03147488362973,µg/m³,demo,demo,demo
2025-10-14 22:28:03.054331+00:00,40.07938415173079,116.4705178840094,pm25,101.47861297455822,µg/m³,demo,demo,demo
2025-10-14 22:28:03.054331+00:00,39.98954433197101,116.55269559279223,pm25,105.61930511273965,µg/m³,demo,demo,demo
2025-10-14 22:28:03.054331+00:00,40.019731193805065,116.54736516567883,pm25,92.325326863671,µg/m³,demo,demo,demo
2025-10-14 22:28:03.054331+00:00,39.93088636387383,116.24847717076669,pm25,88.76471705277199,µg/m³,demo,demo,demo
2025-10-14 22:28:03.054331+00:00,40.03170945801544,116.34716193187883,pm25,85.74627604522533,µg/m³,demo,demo,demo
2025-10-14 22:28:03.054331+00:00,39.77298317542334,116.41262062464106,pm25,94.65473849338274,µg/m³,demo,demo,demo
2025-10-14 22:28:03.054331+00:00,39.89799017663694,116.23029781993246,pm25,101.52595159001109,µg/m³,demo,demo,demo
2025-10-14 22:28:03.054331+00:00,39.712284081289255,116.3203809600809,pm25,99.54119248192518,µg/m³,demo,demo,demo
2025-10-14 22:28:03.054331+00:00,39.922370472464955,116.34426544870497,pm25,91.86089600063869,µg/m³,demo,demo,demo
2025-10-14 22:28:03.054331+00:00,39.83691455284091,116.29657896809994,pm25,88.98941161403201,µg/m³,demo,demo,demo
2025-10-14 22:28:03.054331+00:00,39.92440696522649,116.3928989510627,pm25,90.37597204869517,µg/m³,demo,demo,demo
2025-10-14 22:28:03.054331+00:00,40.051877351499115,116.4136674015527,pm25,86.83085748816764,µg/m³,demo,demo,demo
2025-10-14 22:28:03.054331+00:00,39.86425957056459,116.45012640580673,pm25,75.82183185159735,µg/m³,demo,demo,demo
2025-10-14 22:28:03.054331+00:00,39.91999183439113,116.53178309814612,pm25,112.93649951689102,µg/m³,demo,demo,demo
2025-10-14 22:28:03.054331+00:00,40.08757895591407,116.3230372453201,pm25,78.87893158124824,µg/m³,demo,demo,demo
2025-10-14 22:28:03.054331+00:00,39.93817491914992,116.42317913766695,pm25,77.24946155327902,µg/m³,demo,demo,demo
2025-10-14 22:28:03.054331+00:00,40.03149623448928,116.25975973865263,pm25,105.7380758041096,µg/m³,demo,demo,demo
2025-10-14 22:28:03.054331+00:00,39.97689507434221,116.43342542332356,pm25,94.59109633681119,µg/m³,demo,demo,demo
2025-10-14 22:28:03.054331+00:00,39.783794215933085,116.25076347147541,pm25,95.13924928766139,µg/m³,demo,demo,demo
2025-10-14 22:28:03.054331+00:00,40.064858864757824,116.47972104414893,pm25,82.2736035398591,µg/m³,demo,demo,demo
2025-10-14 22:28:03.054331+00:00,39.84273048710642,116.28227490181521,pm25,88.44979912247126,µg/m³,demo,demo,demo
2025-10-14 22:28:03.054331+00:00,40.044209523788936,116.37675079228222,pm25,97.93864604664282,µg/m³,demo,demo,demo
2025-10-14 22:28:03.054331+00:00,39.87700391229642,116.5624649437573,pm25,121.81128638987826,µg/m³,demo,demo,demo
2025-10-14 22:28:03.054331+00:00,39.79232615557592,116.27800582880975,pm25,95.05672478186877,µg/m³,demo,demo,demo
2025-10-14 22:28:03.054331+00:00,39.9553531222338,116.25036265912752,pm25,90.26921605537139,µg/m³,demo,demo,demo
2025-10-14 22:28:03.054331+00:00,39.78597463682705,116.49310655566437,pm25,96.63314439765793,µg/m³,demo,demo,demo
2025-10-14 22:28:03.054331+00:00,39.98683718173937,116.4362764042153,pm25,89.18846868413098,µg/m³,demo,demo,demo
2025-10-14 22:28:03.054331+00:00,39.71530886259724,116.55077579603531,pm25,79.22659193031552,µg/m³,demo,demo,demo
2025-10-14 22:28:03.054331+00:00,39.944421096364,116.26065205535163,pm25,67.17256705219286,µg/m³,demo,demo,demo
2025-10-14 22:28:03.054331+00:00,39.98638078019947,116.58460391281608,pm25,94.54938364542228,µg/m³,demo,demo,demo
2025-10-14 22:28:03.054331+00:00,39.78475354556512,116.45270122348722,pm25,71.10943570972937,µg/m³,demo,demo,demo
2025-10-14 22:28:03.054331+00:00,39.724793081382444,116.57703629266845,pm25,102.8497997819022,µg/m³,demo,demo,demo
2025-10-14 22:28:03.054331+00:00,39.94869700367327,116.27515113781166,pm25,82.08664457065643,µg/m³,demo,demo,demo
2025-10-14 22:28:03.054331+00:00,40.072390858092184,116.54464847660512,pm25,82.78588496365394,µg/m³,demo,demo,demo
2025-10-14 22:28:03.054331+00:00,40.07367846247771,116.45499289347241,pm25,73.92715064285728,µg/m³,demo,demo,demo
2025-10-14 22:28:03.054331+00:00,39.79037173121027,116.42798632265708,pm25,75.33661410807998,µg/m³,demo,demo,demo
2025-10-14 22:28:03.054331+00:00,40.08864295349133,116.56062218746344,pm25,80.24347376388977,µg/m³,demo,demo,demo
2025-10-14 22:28:03.054331+00:00,39.77221039728374,116.55680443037015,pm25,91.65314463432205,µg/m³,demo,demo,demo
2025-10-14 22:28:03.054331+00:00,39.90475811231047,116.57336758535578,pm25,82.08031212194257,µg/m³,demo,demo,demo
2025-10-14 22:28:03.054331+00:00,39.764906958696194,116.56660336643378,pm25,85.99322791553618,µg/m³,demo,demo,demo
2025-10-14 22:28:03.054331+00:00,40.01374162359027,116.3688642989654,pm25,81.33514079964522,µg/m³,demo,demo,demo
2025-10-14 22:28:03.054331+00:00,40.06997935985352,116.42759584465104,pm25,93.90910947960595,µg/m³,demo,demo,demo
2025-10-14 22:28:03.054331+00:00,39.83003725545791,116.5571083552862,pm25,92.48528966788089,µg/m³,demo,demo,demo
2025-10-14 22:28:03.054331+00:00,40.08283759779185,116.26392366830612,pm25,93.40391428363158,µg/m³,demo,demo,demo
2025-10-14 22:28:03.054331+00:00,39.96540499997753,116.21422782390708,pm25,75.49975341625608,µg/m³,demo,demo,demo
2025-10-14 22:28:03.054331+00:00,39.99791775144939,116.26877877932263,pm25,78.2124090259888,µg/m³,demo,demo,demo
2025-10-14 22:28:03.054331+00:00,40.01330581390409,116.39279664992539,pm25,71.99896563505419,µg/m³,demo,demo,demo
2025-10-14 22:28:03.054331+00:00,40.081241812956435,116.29566710973548,pm25,96.13386271027001,µg/m³,demo,demo,demo
2025-10-14 22:28:03.054331+00:00,39.96609366721316,116.41982159225392,pm25,56.03658952967052,µg/m³,demo,demo,demo
2025-10-14 22:28:03.054331+00:00,39.96941288443001,116.31530053502665,pm25,105.90745410334233,µg/m³,demo,demo,demo
2025-10-14 22:28:03.054331+00:00,39.79655751179195,116.5785823169823,so2,24.695471697175588,µg/m³,demo,demo,demo
2025-10-14 22:28:03.054331+00:00,39.80245914829649,116.36209678531326,so2,22.952146426695485,µg/m³,demo,demo,demo
2025-10-14 22:28:03.054331+00:00,39.783655114400915,116.37465446786167,so2,27.11016350553287,µg/m³,demo,demo,demo
2025-10-14 22:28:03.054331+00:00,40.09674280858881,116.5814299403326,so2,24.86147722127976,µg/m³,demo,demo,demo
2025-10-14 22:28:03.054331+00:00,39.84791602639813,116.29361226510419,so2,24.400150789105417,µg/m³,demo,demo,demo
2025-10-14 22:28:03.054331+00:00,39.827007826874436,116.23870301705003,so2,28.11912232441843,µg/m³,demo,demo,demo
2025-10-14 22:28:03.054331+00:00,39.71932357882752,116.48030565116846,so2,29.15085902633635,µg/m³,demo,demo,demo
2025-10-14 22:28:03.054331+00:00,39.87561736235893,116.53613120136394,so2,23.597370375881408,µg/m³,demo,demo,demo
2025-10-14 22:28:03.054331+00:00,39.99891660025855,116.30227350958098,so2,34.22466449267694,µg/m³,demo,demo,demo
2025-10-14 22:28:03.054331+00:00,39.78201919575789,116.22338216929211,so2,19.64756514732532,µg/m³,demo,demo,demo
2025-10-14 22:28:03.054331+00:00,40.07938415173079,116.4705178840094,so2,30.498125980092432,µg/m³,demo,demo,demo
2025-10-14 22:28:03.054331+00:00,39.98954433197101,116.55269559279223,so2,27.511426670456537,µg/m³,demo,demo,demo
2025-10-14 22:28:03.054331+00:00,40.019731193805065,116.54736516567883,so2,21.102219249312938,µg/m³,demo,demo,demo
2025-10-14 22:28:03.054331+00:00,39.93088636387383,116.24847717076669,so2,30.531172707672315,µg/m³,demo,demo,demo
2025-10-14 22:28:03.054331+00:00,40.03170945801544,116.34716193187883,so2,32.81675255658253,µg/m³,demo,demo,demo
2025-10-14 22:28:03.054331+00:00,39.77298317542334,116.41262062464106,so2,18.37657073583663,µg/m³,demo,demo,demo
2025-10-14 22:28:03.054331+00:00,39.89799017663694,116.23029781993246,so2,29.21470418456146,µg/m³,demo,demo,demo
2025-10-14 22:28:03.054331+00:00,39.712284081289255,116.3203809600809,so2,25.769004095469313,µg/m³,demo,demo,demo
2025-10-14 22:28:03.054331+00:00,39.922370472464955,116.34426544870497,so2,27.38787231948054,µg/m³,demo,demo,demo
2025-10-14 22:28:03.054331+00:00,39.83691455284091,116.29657896809994,so2,17.900641412708538,µg/m³,demo,demo,demo
2025-10-14 22:28:03.054331+00:00,39.92440696522649,116.3928989510627,so2,29.326715215815568,µg/m³,demo,demo,demo
2025-10-14 22:28:03.054331+00:00,40.051877351499115,116.4136674015527,so2,32.12546958343192,µg/m³,demo,demo,demo
2025-10-14 22:28:03.054331+00:00,39.86425957056459,116.45012640580673,so2,27.67767144240969,µg/m³,demo,demo,demo
2025-10-14 22:28:03.054331+00:00,39.91999183439113,116.53178309814612,so2,22.861336404396468,µg/m³,demo,demo,demo
2025-10-14 22:28:03.054331+00:00,40.08757895591407,116.3230372453201,so2,24.552768803030453,µg/m³,demo,demo,demo
2025-10-14 22:28:03.054331+00:00,39.93817491914992,116.42317913766695,so2,27.873507980764742,µg/m³,demo,demo,demo
2025-10-14 22:28:03.054331+00:00,40.03149623448928,116.25975973865263,so2,25.270170206874013,µg/m³,demo,demo,demo
2025-10-14 22:28:03.054331+00:00,39.97689507434221,116.43342542332356,so2,19.45615059506133,µg/m³,demo,demo,demo
2025-10-14 22:28:03.054331+00:00,39.783794215933085,116.25076347147541,so2,20.362584760589442,µg/m³,demo,demo,demo
2025-10-14 22:28:03.054331+00:00,40.064858864757824,116.47972104414893,so2,18.811240854471567,µg/m³,demo,demo,demo
2025-10-14 22:28:03.054331+00:00,39.84273048710642,116.28227490181521,so2,26.443282434796924,µg/m³,demo,demo,demo
2025-10-14 22:28:03.054331+00:00,40.044209523788936,116.37675079228222,so2,35.451111339595705,µg/m³,demo,demo,demo
2025-10-14 22:28:03.054331+00:00,39.87700391229642,116.5624649437573,so2,32.89461778108869,µg/m³,demo,demo,demo
2025-10-14 22:28:03.054331+00:00,39.79232615557592,116.27800582880975,so2,25.101443547372693,µg/m³,demo,demo,demo
2025-10-14 22:28:03.054331+00:00,39.9553531222338,116.25036265912752,so2,25.24362603901848,µg/m³,demo,demo,demo
2025-10-14 22:28:03.054331+00:00,39.78597463682705,116.49310655566437,so2,30.943136753545694,µg/m³,demo,demo,demo
2025-10-14 22:28:03.054331+00:00,39.98683718173937,116.4362764042153,so2,29.674917268219147,µg/m³,demo,demo,demo
2025-10-14 22:28:03.054331+00:00,39.71530886259724,116.55077579603531,so2,32.586384823509505,µg/m³,demo,demo,demo
2025-10-14 22:28:03.054331+00:00,39.944421096364,116.26065205535163,so2,28.481388429672506,µg/m³,demo,demo,demo
2025-10-14 22:28:03.054331+00:00,39.98638078019947,116.58460391281608,so2,24.32367157531587,µg/m³,demo,demo,demo
2025-10-14 22:28:03.054331+00:00,39.78475354556512,116.45270122348722,so2,29.25184995230341,µg/m³,demo,demo,demo
2025-10-14 22:28:03.054331+00:00,39.724793081382444,116.57703629266845,so2,35.07524195426006,µg/m³,demo,demo,demo
2025-10-14 22:28:03.054331+00:00,39.94869700367327,116.27515113781166,so2,27.682883857803954,µg/m³,demo,demo,demo
2025-10-14 22:28:03.054331+00:00,40.072390858092184,116.54464847660512,so2,36.63831906109101,µg/m³,demo,demo,demo
2025-10-14 22:28:03.054331+00:00,40.07367846247771,116.45499289347241,so2,21.97943229660701,µg/m³,demo,demo,demo
2025-10-14 22:28:03.054331+00:00,39.79037173121027,116.42798632265708,so2,24.827082454233498,µg/m³,demo,demo,demo
2025-10-14 22:28:03.054331+00:00,40.08864295349133,116.56062218746344,so2,27.514831716688164,µg/m³,demo,demo,demo
2025-10-14 22:28:03.054331+00:00,39.77221039728374,116.55680443037015,so2,25.84009262803209,µg/m³,demo,demo,demo
2025-10-14 22:28:03.054331+00:00,39.90475811231047,116.57336758535578,so2,30.97153969207597,µg/m³,demo,demo,demo
2025-10-14 22:28:03.054331+00:00,39.764906958696194,116.56660336643378,so2,27.9696139358124,µg/m³,demo,demo,demo
2025-10-14 22:28:03.054331+00:00,40.01374162359027,116.3688642989654,so2,29.67877077191238,µg/m³,demo,demo,demo
2025-10-14 22:28:03.054331+00:00,40.06997935985352,116.42759584465104,so2,33.89407949174969,µg/m³,demo,demo,demo
2025-10-14 22:28:03.054331+00:00,39.83003725545791,116.5571083552862,so2,20.44285735287416,µg/m³,demo,demo,demo
2025-10-14 22:28:03.054331+00:00,40.08283759779185,116.26392366830612,so2,24.9683930022614,µg/m³,demo,demo,demo
2025-10-14 22:28:03.054331+00:00,39.96540499997753,116.21422782390708,so2,36.340249502926795,µg/m³,demo,demo,demo
2025-10-14 22:28:03.054331+00:00,39.99791775144939,116.26877877932263,so2,24.709493712056343,µg/m³,demo,demo,demo
2025-10-14 22:28:03.054331+00:00,40.01330581390409,116.39279664992539,so2,21.04913505304516,µg/m³,demo,demo,demo
2025-10-14 22:28:03.054331+00:00,40.081241812956435,116.29566710973548,so2,22.178120460236954,µg/m³,demo,demo,demo
2025-10-14 22:28:03.054331+00:00,39.96609366721316,116.41982159225392,so2,20.603373628566683,µg/m³,demo,demo,demo
2025-10-14 22:28:03.054331+00:00,39.96941288443001,116.31530053502665,so2,25.592494678250183,µg/m³,demo,demo,demo
2025-10-14 22:28:03.054331+00:00,39.79655751179195,116.5785823169823,no2,54.83682198548904,µg/m³,demo,demo,demo
2025-10-14 22:28:03.054331+00:00,39.80245914829649,116.36209678531326,no2,55.44983710464845,µg/m³,demo,demo,demo
2025-10-14 22:28:03.054331+00:00,39.783655114400915,116.37465446786167,no2,58.81804979809529,µg/m³,demo,demo,demo
2025-10-14 22:28:03.054331+00:00,40.09674280858881,116.5814299403326,no2,51.53770443728271,µg/m³,demo,demo,demo
2025-10-14 22:28:03.054331+00:00,39.84791602639813,116.29361226510419,no2,59.272547690680966,µg/m³,demo,demo,demo
2025-10-14 22:28:03.054331+00:00,39.827007826874436,116.23870301705003,no2,61.65601169899006,µg/m³,demo,demo,demo
2025-10-14 22:28:03.054331+00:00,39.71932357882752,116.48030565116846,no2,41.59694357582601,µg/m³,demo,demo,demo
2025-10-14 22:28:03.054331+00:00,39.87561736235893,116.53613120136394,no2,44.83430349369063,µg/m³,demo,demo,demo
2025-10-14 22:28:03.054331+00:00,39.99891660025855,116.30227350958098,no2,56.49648693436158,µg/m³,demo,demo,demo
2025-10-14 22:28:03.054331+00:00,39.78201919575789,116.22338216929211,no2,43.37027980786307,µg/m³,demo,demo,demo
2025-10-14 22:28:03.054331+00:00,40.07938415173079,116.4705178840094,no2,61.362993280193685,µg/m³,demo,demo,demo
2025-10-14 22:28:03.054331+00:00,39.98954433197101,116.55269559279223,no2,47.9596198567665,µg/m³,demo,demo,demo
2025-10-14 22:28:03.054331+00:00,40.019731193805065,116.54736516567883,no2,47.707225919653396,µg/m³,demo,demo,demo
2025-10-14 22:28:03.054331+00:00,39.93088636387383,116.24847717076669,no2,53.85604749362301,µg/m³,demo,demo,demo
2025-10-14 22:28:03.054331+00:00,40.03170945801544,116.34716193187883,no2,71.36783461503464,µg/m³,demo,demo,demo
2025-10-14 22:28:03.054331+00:00,39.77298317542334,116.41262062464106,no2,43.72946838325244,µg/m³,demo,demo,demo
2025-10-14 22:28:03.054331+00:00,39.89799017663694,116.23029781993246,no2,52.37004858439262,µg/m³,demo,demo,demo
2025-10-14 22:28:03.054331+00:00,39.712284081289255,116.3203809600809,no2,46.752405881908444,µg/m³,demo,demo,demo
2025-10-14 22:28:03.054331+00:00,39.922370472464955,116.34426544870497,no2,57.27739048009126,µg/m³,demo,demo,demo
2025-10-14 22:28:03.054331+00:00,39.83691455284091,116.29657896809994,no2,51.554454956090666,µg/m³,demo,demo,demo
2025-10-14 22:28:03.054331+00:00,39.92440696522649,116.3928989510627,no2,52.210762034990715,µg/m³,demo,demo,demo
2025-10-14 22:28:03.054331+00:00,40.051877351499115,116.4136674015527,no2,56.39122937451085,µg/m³,demo,demo,demo
2025-10-14 22:28:03.054331+00:00,39.86425957056459,116.45012640580673,no2,50.81712839700013,µg/m³,demo,demo,demo
2025-10-14 22:28:03.054331+00:00,39.91999183439113,116.53178309814612,no2,52.95359934941799,µg/m³,demo,demo,demo
2025-10-14 22:28:03.054331+00:00,40.08757895591407,116.3230372453201,no2,56.845691684453925,µg/m³,demo,demo,demo
2025-10-14 22:28:03.054331+00:00,39.93817491914992,116.42317913766695,no2,52.40738865281045,µg/m³,demo,demo,demo
2025-10-14 22:28:03.054331+00:00,40.03149623448928,116.25975973865263,no2,50.65663245164032,µg/m³,demo,demo,demo
2025-10-14 22:28:03.054331+00:00,39.97689507434221,116.43342542332356,no2,45.69153006220387,µg/m³,demo,demo,demo
2025-10-14 22:28:03.054331+00:00,39.783794215933085,116.25076347147541,no2,56.05920332224699,µg/m³,demo,demo,demo
2025-10-14 22:28:03.054331+00:00,40.064858864757824,116.47972104414893,no2,53.73758941513218,µg/m³,demo,demo,demo
2025-10-14 22:28:03.054331+00:00,39.84273048710642,116.28227490181521,no2,51.575761512299614,µg/m³,demo,demo,demo
2025-10-14 22:28:03.054331+00:00,40.044209523788936,116.37675079228222,no2,47.65267656067364,µg/m³,demo,demo,demo
2025-10-14 22:28:03.054331+00:00,39.87700391229642,116.5624649437573,no2,48.8222272003647,µg/m³,demo,demo,demo
2025-10-14 22:28:03.054331+00:00,39.79232615557592,116.27800582880975,no2,44.9559775909149,µg/m³,demo,demo,demo
2025-10-14 22:28:03.054331+00:00,39.9553531222338,116.25036265912752,no2,66.80916264177166,µg/m³,demo,demo,demo
2025-10-14 22:28:03.054331+00:00,39.78597463682705,116.49310655566437,no2,57.688591033181694,µg/m³,demo,demo,demo
2025-10-14 22:28:03.054331+00:00,39.98683718173937,116.4362764042153,no2,68.73413692286869,µg/m³,demo,demo,demo
2025-10-14 22:28:03.054331+00:00,39.71530886259724,116.55077579603531,no2,38.96350011680092,µg/m³,demo,demo,demo
2025-10-14 22:28:03.054331+00:00,39.944421096364,116.26065205535163,no2,39.994933651933806,µg/m³,demo,demo,demo
2025-10-14 22:28:03.054331+00:00,39.98638078019947,116.58460391281608,no2,55.033086982137014,µg/m³,demo,demo,demo
2025-10-14 22:28:03.054331+00:00,39.78475354556512,116.45270122348722,no2,51.22087156788248,µg/m³,demo,demo,demo
2025-10-14 22:28:03.054331+00:00,39.724793081382444,116.57703629266845,no2,48.974397767880866,µg/m³,demo,demo,demo
2025-10-14 22:28:03.054331+00:00,39.94869700367327,116.27515113781166,no2,47.83834863440141,µg/m³,demo,demo,demo
2025-10-14 22:28:03.054331+00:00,40.072390858092184,116.54464847660512,no2,50.64752656099495,µg/m³,demo,demo,demo
2025-10-14 22:28:03.054331+00:00,40.07367846247771,116.45499289347241,no2,32.11434954700366,µg/m³,demo,demo,demo
2025-10-14 22:28:03.054331+00:00,39.79037173121027,116.42798632265708,no2,72.22440635341134,µg/m³,demo,demo,demo
2025-10-14 22:28:03.054331+00:00,40.08864295349133,116.56062218746344,no2,50.055976210404474,µg/m³,demo,demo,demo
2025-10-14 22:28:03.054331+00:00,39.77221039728374,116.55680443037015,no2,51.06114936001445,µg/m³,demo,demo,demo
2025-10-14 22:28:03.054331+00:00,39.90475811231047,116.57336758535578,no2,60.29374398319132,µg/m³,demo,demo,demo
2025-10-14 22:28:03.054331+00:00,39.764906958696194,116.56660336643378,no2,51.37130512574468,µg/m³,demo,demo,demo
2025-10-14 22:28:03.054331+00:00,40.01374162359027,116.3688642989654,no2,55.44074634853481,µg/m³,demo,demo,demo
2025-10-14 22:28:03.054331+00:00,40.06997935985352,116.42759584465104,no2,58.49157025623417,µg/m³,demo,demo,demo
2025-10-14 22:28:03.054331+00:00,39.83003725545791,116.5571083552862,no2,59.03743240603459,µg/m³,demo,demo,demo
2025-10-14 22:28:03.054331+00:00,40.08283759779185,116.26392366830612,no2,57.18536465517431,µg/m³,demo,demo,demo
2025-10-14 22:28:03.054331+00:00,39.96540499997753,116.21422782390708,no2,61.74130512334108,µg/m³,demo,demo,demo
2025-10-14 22:28:03.054331+00:00,39.99791775144939,116.26877877932263,no2,61.92941597331843,µg/m³,demo,demo,demo
2025-10-14 22:28:03.054331+00:00,40.01330581390409,116.39279664992539,no2,54.19500827550139,µg/m³,demo,demo,demo
2025-10-14 22:28:03.054331+00:00,40.081241812956435,116.29566710973548,no2,57.61364488320102,µg/m³,demo,demo,demo
2025-10-14 22:28:03.054331+00:00,39.96609366721316,116.41982159225392,no2,49.13810315865941,µg/m³,demo,demo,demo
2025-10-14 22:28:03.054331+00:00,39.96941288443001,116.31530053502665,no2,59.77051827865274,µg/m³,demo,demo,demo
2025-10-14 23:28:03.054331+00:00,39.72906993319043,116.32825780159547,pm25,94.17351760180574,µg/m³,demo,demo,demo
2025-10-14 23:28:03.054331+00:00,39.84351357282252,116.3472179590158,pm25,88.880805020228,µg/m³,demo,demo,demo
2025-10-14 23:28:03.054331+00:00,39.87761508080347,116.22280411193175,pm25,117.93844082957067,µg/m³,demo,demo,demo
2025-10-14 23:28:03.054331+00:00,39.7889467784116,116.56471274038081,pm25,70.36443274914288,µg/m³,demo,demo,demo
2025-10-14 23:28:03.054331+00:00,39.776335456085164,116.46712408511114,pm25,90.75024156818803,µg/m³,demo,demo,demo
2025-10-14 23:28:03.054331+00:00,39.787200507069855,116.57029215688064,pm25,96.02763722912584,µg/m³,demo,demo,demo
2025-10-14 23:28:03.054331+00:00,39.770546079146214,116.59868365462977,pm25,89.55393378766824,µg/m³,demo,demo,demo
2025-10-14 23:28:03.054331+00:00,39.71110926874163,116.49106296344601,pm25,88.34080200598905,µg/m³,demo,demo,demo
2025-10-14 23:28:03.054331+00:00,39.72006576367338,116.44306217764367,pm25,83.62835311811695,µg/m³,demo,demo,demo
2025-10-14 23:28:03.054331+00:00,39.73453352526084,116.4357512096063,pm25,101.38264642816549,µg/m³,demo,demo,demo
2025-10-14 23:28:03.054331+00:00,39.950856764433375,116.26593412411216,pm25,66.91673212052959,µg/m³,demo,demo,demo
2025-10-14 23:28:03.054331+00:00,39.73502001577944,116.38519564356527,pm25,74.67652022833133,µg/m³,demo,demo,demo
2025-10-14 23:28:03.054331+00:00,39.74705283006098,116.43344725947077,pm25,71.52015228778606,µg/m³,demo,demo,demo
2025-10-14 23:28:03.054331+00:00,39.85117811585674,116.37422802541171,pm25,79.80669814892596,µg/m³,demo,demo,demo
2025-10-14 23:28:03.054331+00:00,39.9379290562189,116.55006965203317,pm25,81.52089467940826,µg/m³,demo,demo,demo
2025-10-14 23:28:03.054331+00:00,40.02144552008242,116.38538484815685,pm25,92.3116927234851,µg/m³,demo,demo,demo
2025-10-14 23:28:03.054331+00:00,39.99410426583437,116.22087345084562,pm25,99.82582969081983,µg/m³,demo,demo,demo
2025-10-14 23:28:03.054331+00:00,39.897377580819345,116.28622379319695,pm25,78.11725305079192,µg/m³,demo,demo,demo
2025-10-14 23:28:03.054331+00:00,39.757242597474765,116.42031369895155,pm25,88.46559413866588,µg/m³,demo,demo,demo
2025-10-14 23:28:03.054331+00:00,39.76243266269087,116.49524845711815,pm25,112.8695248279545,µg/m³,demo,demo,demo
2025-10-14 23:28:03.054331+00:00,40.09258241279718,116.5601544426524,pm25,97.38162822855259,µg/m³,demo,demo,demo
2025-10-14 23:28:03.054331+00:00,39.82182659828413,116.36877155480734,pm25,69.12203281981311,µg/m³,demo,demo,demo
2025-10-14 23:28:03.054331+00:00,39.85957758769377,116.47422185071528,pm25,96.98220023261977,µg/m³,demo,demo,demo
2025-10-14 23:28:03.054331+00:00,40.02309827075038,116.24516307571386,pm25,89.18812965023639,µg/m³,demo,demo,demo
2025-10-14 23:28:03.054331+00:00,39.777089368904896,116.36417958710608,pm25,88.76560908044986,µg/m³,demo,demo,demo
2025-10-14 23:28:03.054331+00:00,39.717421626552586,116.33615680791037,pm25,92.38450396080069,µg/m³,demo,demo,demo
2025-10-14 23:28:03.054331+00:00,39.95881984122323,116.59824526548037,pm25,98.16890728089118,µg/m³,demo,demo,demo
2025-10-14 23:28:03.054331+00:00,40.07937484947764,116.25895574132252,pm25,91.67762006770636,µg/m³,demo,demo,demo
2025-10-14 23:28:03.054331+00:00,40.079256107742005,116.44880725711297,pm25,100.1174931028617,µg/m³,demo,demo,demo
2025-10-14 23:28:03.054331+00:00,39.96914670306648,116.49200008258157,pm25,92.46664076742097,µg/m³,demo,demo,demo
2025-10-14 23:28:03.054331+00:00,39.819615301802465,116.20380212968638,pm25,98.88091935602478,µg/m³,demo,demo,demo
2025-10-14 23:28:03.054331+00:00,39.77673459095897,116.4020684982049,pm25,94.93615766814297,µg/m³,demo,demo,demo
2025-10-14 23:28:03.054331+00:00,40.014146613355365,116.54318289946848,pm25,77.85332436076439,µg/m³,demo,demo,demo
2025-10-14 23:28:03.054331+00:00,39.873745331504836,116.31670205352258,pm25,70.39648952179641,µg/m³,demo,demo,demo
2025-10-14 23:28:03.054331+00:00,39.93018077499357,116.45415675660448,pm25,110.67887323310971,µg/m³,demo,demo,demo
2025-10-14 23:28:03.054331+00:00,40.09917183515686,116.4380402907811,pm25,77.8761282922614,µg/m³,demo,demo,demo
2025-10-14 23:28:03.054331+00:00,39.827987189463954,116.57874273399032,pm25,75.17212111318254,µg/m³,demo,demo,demo
2025-10-14 23:28:03.054331+00:00,40.02905317811502,116.54534366458758,pm25,100.52303446703446,µg/m³,demo,demo,demo
2025-10-14 23:28:03.054331+00:00,39.851385772895455,116.29863664731471,pm25,101.45358328844543,µg/m³,demo,demo,demo
2025-10-14 23:28:03.054331+00:00,39.86236219102212,116.3078120349561,pm25,85.9739889474249,µg/m³,demo,demo,demo
2025-10-14 23:28:03.054331+00:00,40.05405001226091,116.4824126643412,pm25,103.51096815528943,µg/m³,demo,demo,demo
2025-10-14 23:28:03.054331+00:00,39.77812325408908,116.58570036815135,pm25,81.76668170188164,µg/m³,demo,demo,demo
2025-10-14 23:28:03.054331+00:00,40.06470506609036,116.27080396332454,pm25,83.55371523285254,µg/m³,demo,demo,demo
2025-10-14 23:28:03.054331+00:00,39.86531039034061,116.57912958746124,pm25,71.78392727913862,µg/m³,demo,demo,demo
2025-10-14 23:28:03.054331+00:00,40.032175106884786,116.52672552886261,pm25,112.55444758853807,µg/m³,demo,demo,demo
2025-10-14 23:28:03.054331+00:00,39.97994943404062,116.31000694112949,pm25,89.5615347531031,µg/m³,demo,demo,demo
2025-10-14 23:28:03.054331+00:00,40.01675114820826,116.41904975825791,pm25,96.81456002282516,µg/m³,demo,demo,demo
2025-10-14 23:28:03.054331+00:00,39.824073995033956,116.34148830325348,pm25,69.09195238993098,µg/m³,demo,demo,demo
2025-10-14 23:28:03.054331+00:00,39.846681240973574,116.28526582233104,pm25,94.1120806371224,µg/m³,demo,demo,demo
2025-10-14 23:28:03.054331+00:00,40.02647952881032,116.3798757164009,pm25,66.78288438865668,µg/m³,demo,demo,demo
2025-10-14 23:28:03.054331+00:00,39.81554244659377,116.27766560654541,pm25,80.26641108531254,µg/m³,demo,demo,demo
2025-10-14 23:28:03.054331+00:00,40.01079789531867,116.27912252229567,pm25,96.41534400311753,µg/m³,demo,demo,demo
2025-10-14 23:28:03.054331+00:00,40.069306649755426,116.42092958895688,pm25,105.57735748856774,µg/m³,demo,demo,demo
2025-10-14 23:28:03.054331+00:00,39.99399772868013,116.47475744537111,pm25,107.62353058183258,µg/m³,demo,demo,demo
2025-10-14 23:28:03.054331+00:00,40.02648670479198,116.24674715186998,pm25,88.02739326414634,µg/m³,demo,demo,demo
2025-10-14 23:28:03.054331+00:00,39.85723776091596,116.45221364035602,pm25,72.88389816702764,µg/m³,demo,demo,demo
2025-10-14 23:28:03.054331+00:00,39.989030842366105,116.57771121941708,pm25,93.01738260637428,µg/m³,demo,demo,demo
2025-10-14 23:28:03.054331+00:00,39.72548746282256,116.5281166623376,pm25,83.16035434829568,µg/m³,demo,demo,demo
2025-10-14 23:28:03.054331+00:00,39.920233422787106,116.51456118163001,pm25,97.22981450754621,µg/m³,demo,demo,demo
2025-10-14 23:28:03.054331+00:00,40.03346239240043,116.28546558475409,pm25,94.35306628472902,µg/m³,demo,demo,demo
2025-10-14 23:28:03.054331+00:00,39.72906993319043,116.32825780159547,so2,35.424681943137145,µg/m³,demo,demo,demo
2025-10-14 23:28:03.054331+00:00,39.84351357282252,116.3472179590158,so2,29.913266229663986,µg/m³,demo,demo,demo
2025-10-14 23:28:03.054331+00:00,39.87761508080347,116.22280411193175,so2,26.028656707093642,µg/m³,demo,demo,demo
2025-10-14 23:28:03.054331+00:00,39.7889467784116,116.56471274038081,so2,29.048751408877106,µg/m³,demo,demo,demo
2025-10-14 23:28:03.054331+00:00,39.776335456085164,116.46712408511114,so2,25.240151200717538,µg/m³,demo,demo,demo
2025-10-14 23:28:03.054331+00:00,39.787200507069855,116.57029215688064,so2,24.409518337279227,µg/m³,demo,demo,demo
2025-10-14 23:28:03.054331+00:00,39.770546079146214,116.59868365462977,so2,23.810439368031236,µg/m³,demo,demo,demo
2025-10-14 23:28:03.054331+00:00,39.71110926874163,116.49106296344601,so2,25.511695559211514,µg/m³,demo,demo,demo
2025-10-14 23:28:03.054331+00:00,39.72006576367338,116.44306217764367,so2,23.6127619601671,µg/m³,demo,demo,demo
2025-10-14 23:28:03.054331+00:00,39.73453352526084,116.4357512096063,so2,26.88162456844547,µg/m³,demo,demo,demo
2025-10-14 23:28:03.054331+00:00,39.950856764433375,116.26593412411216,so2,19.248752593392012,µg/m³,demo,demo,demo
2025-10-14 23:28:03.054331+00:00,39.73502001577944,116.38519564356527,so2,24.31347137988964,µg/m³,demo,demo,demo
2025-10-14 23:28:03.054331+00:00,39.74705283006098,116.43344725947077,so2,29.567313291905883,µg/m³,demo,demo,demo
2025-10-14 23:28:03.054331+00:00,39.85117811585674,116.37422802541171,so2,22.759929624468683,µg/m³,demo,demo,demo
2025-10-14 23:28:03.054331+00:00,39.9379290562189,116.55006965203317,so2,21.52019984354333,µg/m³,demo,demo,demo
2025-10-14 23:28:03.054331+00:00,40.02144552008242,116.38538484815685,so2,35.541285538701764,µg/m³,demo,demo,demo
2025-10-14 23:28:03.054331+00:00,39.99410426583437,116.22087345084562,so2,23.998844751565937,µg/m³,demo,demo,demo
2025-10-14 23:28:03.054331+00:00,39.897377580819345,116.28622379319695,so2,35.324624687653454,µg/m³,demo,demo,demo
2025-10-14 23:28:03.054331+00:00,39.757242597474765,116.42031369895155,so2,26.224417938996464,µg/m³,demo,demo,demo
2025-10-14 23:28:03.054331+00:00,39.76243266269087,116.49524845711815,so2,29.078956847195183,µg/m³,demo,demo,demo
2025-10-14 23:28:03.054331+00:00,40.09258241279718,116.5601544426524,so2,30.982099547593076,µg/m³,demo,demo,demo
2025-10-14 23:28:03.054331+00:00,39.82182659828413,116.36877155480734,so2,23.391193670299405,µg/m³,demo,demo,demo
2025-10-14 23:28:03.054331+00:00,39.85957758769377,116.47422185071528,so2,22.652529873515753,µg/m³,demo,demo,demo
2025-10-14 23:28:03.054331+00:00,40.02309827075038,116.24516307571386,so2,26.998163411973223,µg/m³,demo,demo,demo
2025-10-14 23:28:03.054331+00:00,39.777089368904896,116.36417958710608,so2,26.273580614590166,µg/m³,demo,demo,demo
2025-10-14 23:28:03.054331+00:00,39.717421626552586,116.33615680791037,so2,30.345246935516247,µg/m³,demo,demo,demo
2025-10-14 23:28:03.054331+00:00,39.95881984122323,116.59824526548037,so2,24.206320905326866,µg/m³,demo,demo,demo
2025-10-14 23:28:03.054331+00:00,40.07937484947764,116.25895574132252,so2,23.275143511157708,µg/m³,demo,demo,demo
2025-10-14 23:28:03.054331+00:00,40.079256107742005,116.44880725711297,so2,27.72918435248082,µg/m³,demo,demo,demo
2025-10-14 23:28:03.054331+00:00,39.96914670306648,116.49200008258157,so2,22.857478798675206,µg/m³,demo,demo,demo
2025-10-14 23:28:03.054331+00:00,39.819615301802465,116.20380212968638,so2,21.969797080761502,µg/m³,demo,demo,demo
2025-10-14 23:28:03.054331+00:00,39.77673459095897,116.4020684982049,so2,27.999484533037755,µg/m³,demo,demo,demo
2025-10-14 23:28:03.054331+00:00,40.014146613355365,116.54318289946848,so2,24.547923107682706,µg/m³,demo,demo,demo
2025-10-14 23:28:03.054331+00:00,39.873745331504836,116.31670205352258,so2,19.883372222874904,µg/m³,demo,demo,demo
2025-10-14 23:28:03.054331+00:00,39.93018077499357,116.45415675660448,so2,30.824745113481935,µg/m³,demo,demo,demo
2025-10-14 23:28:03.054331+00:00,40.09917183515686,116.4380402907811,so2,25.362487802431147,µg/m³,demo,demo,demo
2025-10-14 23:28:03.054331+00:00,39.827987189463954,116.57874273399032,so2,15.31193275004707,µg/m³,demo,demo,demo
2025-10-14 23:28:03.054331+00:00,40.02905317811502,116.54534366458758,so2,22.658168540977343,µg/m³,demo,demo,demo
2025-10-14 23:28:03.054331+00:00,39.851385772895455,116.29863664731471,so2,31.42861631335334,µg/m³,demo,demo,demo
2025-10-14 23:28:03.054331+00:00,39.86236219102212,116.3078120349561,so2,26.461580975817114,µg/m³,demo,demo,demo
2025-10-14 23:28:03.054331+00:00,40.05405001226091,116.4824126643412,so2,23.06531475192916,µg/m³,demo,demo,demo
2025-10-14 23:28:03.054331+00:00,39.77812325408908,116.58570036815135,so2,27.50778572055074,µg/m³,demo,demo,demo
2025-10-14 23:28:03.054331+00:00,40.06470506609036,116.27080396332454,so2,23.074310475623037,µg/m³,demo,demo,demo
2025-10-14 23:28:03.054331+00:00,39.86531039034061,116.57912958746124,so2,24.639290224762238,µg/m³,demo,demo,demo
2025-10-14 23:28:03.054331+00:00,40.032175106884786,116.52672552886261,so2,28.291041175152795,µg/m³,demo,demo,demo
2025-10-14 23:28:03.054331+00:00,39.97994943404062,116.31000694112949,so2,21.623323091990812,µg/m³,demo,demo,demo
2025-10-14 23:28:03.054331+00:00,40.01675114820826,116.41904975825791,so2,35.41741109261838,µg/m³,demo,demo,demo
2025-10-14 23:28:03.054331+00:00,39.824073995033956,116.34148830325348,so2,13.432792232006065,µg/m³,demo,demo,demo
2025-10-14 23:28:03.054331+00:00,39.846681240973574,116.28526582233104,so2,18.636376872888363,µg/m³,demo,demo,demo
2025-10-14 23:28:03.054331+00:00,40.02647952881032,116.3798757164009,so2,30.829309138839754,µg/m³,demo,demo,demo
2025-10-14 23:28:03.054331+00:00,39.81554244659377,116.27766560654541,so2,28.048384434090835,µg/m³,demo,demo,demo
2025-10-14 23:28:03.054331+00:00,40.01079789531867,116.27912252229567,so2,35.758266308247435,µg/m³,demo,demo,demo
2025-10-14 23:28:03.054331+00:00,40.069306649755426,116.42092958895688,so2,29.655018482341593,µg/m³,demo,demo,demo
2025-10-14 23:28:03.054331+00:00,39.99399772868013,116.47475744537111,so2,32.04966021582264,µg/m³,demo,demo,demo
2025-10-14 23:28:03.054331+00:00,40.02648670479198,116.24674715186998,so2,29.814676492627008,µg/m³,demo,demo,demo
2025-10-14 23:28:03.054331+00:00,39.85723776091596,116.45221364035602,so2,25.49507913543659,µg/m³,demo,demo,demo
2025-10-14 23:28:03.054331+00:00,39.989030842366105,116.57771121941708,so2,17.494413391802844,µg/m³,demo,demo,demo
2025-10-14 23:28:03.054331+00:00,39.72548746282256,116.5281166623376,so2,25.026696289555993,µg/m³,demo,demo,demo
2025-10-14 23:28:03.054331+00:00,39.920233422787106,116.51456118163001,so2,28.611846641380378,µg/m³,demo,demo,demo
2025-10-14 23:28:03.054331+00:00,40.03346239240043,116.28546558475409,so2,27.712662436342704,µg/m³,demo,demo,demo
2025-10-14 23:28:03.054331+00:00,39.72906993319043,116.32825780159547,no2,45.48269329491092,µg/m³,demo,demo,demo
2025-10-14 23:28:03.054331+00:00,39.84351357282252,116.3472179590158,no2,60.42360283507511,µg/m³,demo,demo,demo
2025-10-14 23:28:03.054331+00:00,39.87761508080347,116.22280411193175,no2,49.48064369861677,µg/m³,demo,demo,demo
2025-10-14 23:28:03.054331+00:00,39.7889467784116,116.56471274038081,no2,44.93193391927922,µg/m³,demo,demo,demo
2025-10-14 23:28:03.054331+00:00,39.776335456085164,116.46712408511114,no2,53.403105899565105,µg/m³,demo,demo,demo
2025-10-14 23:28:03.054331+00:00,39.787200507069855,116.57029215688064,no2,52.339459604808376,µg/m³,demo,demo,demo
2025-10-14 23:28:03.054331+00:00,39.770546079146214,116.59868365462977,no2,43.438447581865674,µg/m³,demo,demo,demo
2025-10-14 23:28:03.054331+00:00,39.71110926874163,116.49106296344601,no2,45.10671420275425,µg/m³,demo,demo,demo
2025-10-14 23:28:03.054331+00:00,39.72006576367338,116.44306217764367,no2,54.158214150701085,µg/m³,demo,demo,demo
2025-10-14 23:28:03.054331+00:00,39.73453352526084,116.4357512096063,no2,66.88930558758548,µg/m³,demo,demo,demo
2025-10-14 23:28:03.054331+00:00,39.950856764433375,116.26593412411216,no2,33.01335237251528,µg/m³,demo,demo,demo
2025-10-14 23:28:03.054331+00:00,39.73502001577944,116.38519564356527,no2,33.59224014663526,µg/m³,demo,demo,demo
2025-10-14 23:28:03.054331+00:00,39.74705283006098,116.43344725947077,no2,47.12833719610877,µg/m³,demo,demo,demo
2025-10-14 23:28:03.054331+00:00,39.85117811585674,116.37422802541171,no2,49.28421268565811,µg/m³,demo,demo,demo
2025-10-14 23:28:03.054331+00:00,39.9379290562189,116.55006965203317,no2,59.174292575150226,µg/m³,demo,demo,demo
2025-10-14 23:28:03.054331+00:00,40.02144552008242,116.38538484815685,no2,39.831488777044754,µg/m³,demo,demo,demo
2025-10-14 23:28:03.054331+00:00,39.99410426583437,116.22087345084562,no2,54.9619819570609,µg/m³,demo,demo,demo
2025-10-14 23:28:03.054331+00:00,39.897377580819345,116.28622379319695,no2,55.48437904767923,µg/m³,demo,demo,demo
2025-10-14 23:28:03.054331+00:00,39.757242597474765,116.42031369895155,no2,59.99319215548381,µg/m³,demo,demo,demo
2025-10-14 23:28:03.054331+00:00,39.76243266269087,116.49524845711815,no2,47.86239186409548,µg/m³,demo,demo,demo
2025-10-14 23:28:03.054331+00:00,40.09258241279718,116.5601544426524,no2,46.420967303463215,µg/m³,demo,demo,demo
2025-10-14 23:28:03.054331+00:00,39.82182659828413,116.36877155480734,no2,50.955764116047355,µg/m³,demo,demo,demo
2025-10-14 23:28:03.054331+00:00,39.85957758769377,116.47422185071528,no2,48.67841953904575,µg/m³,demo,demo,demo
2025-10-14 23:28:03.054331+00:00,40.02309827075038,116.24516307571386,no2,48.83934852772599,µg/m³,demo,demo,demo
2025-10-14 23:28:03.054331+00:00,39.777089368904896,116.36417958710608,no2,48.918369612128316,µg/m³,demo,demo,demo
2025-10-14 23:28:03.054331+00:00,39.717421626552586,116.33615680791037,no2,58.6554560320887,µg/m³,demo,demo,demo
2025-10-14 23:28:03.054331+00:00,39.95881984122323,116.59824526548037,no2,50.93523403168979,µg/m³,demo,demo,demo
2025-10-14 23:28:03.054331+00:00,40.07937484947764,116.25895574132252,no2,51.400168452172345,µg/m³,demo,demo,demo
2025-10-14 23:28:03.054331+00:00,40.079256107742005,116.44880725711297,no2,57.77773994610053,µg/m³,demo,demo,demo
2025-10-14 23:28:03.054331+00:00,39.96914670306648,116.49200008258157,no2,50.84428258448667,µg/m³,demo,demo,demo
2025-10-14 23:28:03.054331+00:00,39.819615301802465,116.20380212968638,no2,54.84676087747636,µg/m³,demo,demo,demo
2025-10-14 23:28:03.054331+00:00,39.77673459095897,116.4020684982049,no2,41.275905988911774,µg/m³,demo,demo,demo
2025-10-14 23:28:03.054331+00:00,40.014146613355365,116.54318289946848,no2,53.72460398006346,µg/m³,demo,demo,demo
2025-10-14 23:28:03.054331+00:00,39.873745331504836,116.31670205352258,no2,53.39807715490569,µg/m³,demo,demo,demo
2025-10-14 23:28:03.054331+00:00,39.93018077499357,116.45415675660448,no2,48.03650533911612,µg/m³,demo,demo,demo
2025-10-14 23:28:03.054331+00:00,40.09917183515686,116.4380402907811,no2,48.71997196869702,µg/m³,demo,demo,demo
2025-10-14 23:28:03.054331+00:00,39.827987189463954,116.57874273399032,no2,46.46006895891305,µg/m³,demo,demo,demo
2025-10-14 23:28:03.054331+00:00,40.02905317811502,116.54534366458758,no2,62.35922808617768,µg/m³,demo,demo,demo
2025-10-14 23:28:03.054331+00:00,39.851385772895455,116.29863664731471,no2,51.98504737092154,µg/m³,demo,demo,demo
2025-10-14 23:28:03.054331+00:00,39.86236219102212,116.3078120349561,no2,47.51402315992111,µg/m³,demo,demo,demo
2025-10-14 23:28:03.054331+00:00,40.05405001226091,116.4824126643412,no2,47.94138451037664,µg/m³,demo,demo,demo
2025-10-14 23:28:03.054331+00:00,39.77812325408908,116.58570036815135,no2,45.45394873412932,µg/m³,demo,demo,demo
2025-10-14 23:28:03.054331+00:00,40.06470506609036,116.27080396332454,no2,54.71371562489065,µg/m³,demo,demo,demo
2025-10-14 23:28:03.054331+00:00,39.86531039034061,116.57912958746124,no2,54.11942649026661,µg/m³,demo,demo,demo
2025-10-14 23:28:03.054331+00:00,40.032175106884786,116.52672552886261,no2,46.542584004334145,µg/m³,demo,demo,demo
2025-10-14 23:28:03.054331+00:00,39.97994943404062,116.31000694112949,no2,47.153947868722845,µg/m³,demo,demo,demo
2025-10-14 23:28:03.054331+00:00,40.01675114820826,116.41904975825791,no2,55.02076232887572,µg/m³,demo,demo,demo
2025-10-14 23:28:03.054331+00:00,39.824073995033956,116.34148830325348,no2,43.8250809244111,µg/m³,demo,demo,demo
2025-10-14 23:28:03.054331+00:00,39.846681240973574,116.28526582233104,no2,64.42809206737749,µg/m³,demo,demo,demo
2025-10-14 23:28:03.054331+00:00,40.02647952881032,116.3798757164009,no2,53.88686600711444,µg/m³,demo,demo,demo
2025-10-14 23:28:03.054331+00:00,39.81554244659377,116.27766560654541,no2,48.55719700080803,µg/m³,demo,demo,demo
2025-10-14 23:28:03.054331+00:00,40.01079789531867,116.27912252229567,no2,54.79557312428313,µg/m³,demo,demo,demo
2025-10-14 23:28:03.054331+00:00,40.069306649755426,116.42092958895688,no2,38.44346425713404,µg/m³,demo,demo,demo
2025-10-14 23:28:03.054331+00:00,39.99399772868013,116.47475744537111,no2,57.17101305088115,µg/m³,demo,demo,demo
2025-10-14 23:28:03.054331+00:00,40.02648670479198,116.24674715186998,no2,48.08178246793353,µg/m³,demo,demo,demo
2025-10-14 23:28:03.054331+00:00,39.85723776091596,116.45221364035602,no2,60.33493960985039,µg/m³,demo,demo,demo
2025-10-14 23:28:03.054331+00:00,39.989030842366105,116.57771121941708,no2,59.764335752080875,µg/m³,demo,demo,demo
2025-10-14 23:28:03.054331+00:00,39.72548746282256,116.5281166623376,no2,46.6051091854209,µg/m³,demo,demo,demo
2025-10-14 23:28:03.054331+00:00,39.920233422787106,116.51456118163001,no2,64.37592474674048,µg/m³,demo,demo,demo
2025-10-14 23:28:03.054331+00:00,40.03346239240043,116.28546558475409,no2,50.45893088315499,µg/m³,demo,demo,demo
2025-10-15 00:28:03.054331+00:00,40.09659839810726,116.23175856072218,pm25,96.16077725610987,µg/m³,demo,demo,demo
2025-10-15 00:28:03.054331+00:00,39.97963911221769,116.56819206250155,pm25,113.72053495601907,µg/m³,demo,demo,demo
2025-10-15 00:28:03.054331+00:00,39.77593884476744,116.47749392721677,pm25,92.9602145076779,µg/m³,demo,demo,demo
2025-10-15 00:28:03.054331+00:00,40.02426310547519,116.41105897594015,pm25,60.77766219432005,µg/m³,demo,demo,demo
2025-10-15 00:28:03.054331+00:00,40.03459973356768,116.40559116435516,pm25,80.34403636471791,µg/m³,demo,demo,demo
2025-10-15 00:28:03.054331+00:00,39.854296999531435,116.26321271731291,pm25,92.10850746744697,µg/m³,demo,demo,demo
2025-10-15 00:28:03.054331+00:00,40.02458377273396,116.27507770301156,pm25,83.17503802418156,µg/m³,demo,demo,demo
2025-10-15 00:28:03.054331+00:00,39.91064603660702,116.51890384672443,pm25,101.2754518528078,µg/m³,demo,demo,demo
2025-10-15 00:28:03.054331+00:00,40.0443403123659,116.21670162340072,pm25,84.13424628660083,µg/m³,demo,demo,demo
2025-10-15 00:28:03.054331+00:00,40.063864010187515,116.347392395479,pm25,93.63880110015073,µg/m³,demo,demo,demo
2025-10-15 00:28:03.054331+00:00,39.764241313067664,116.58255031071113,pm25,93.04805149697357,µg/m³,demo,demo,demo
2025-10-15 00:28:03.054331+00:00,39.87522723412603,116.27972532680799,pm25,81.80212348923412,µg/m³,demo,demo,demo
2025-10-15 00:28:03.054331+00:00,40.07730565372753,116.26310980865652,pm25,81.02161344250906,µg/m³,demo,demo,demo
2025-10-15 00:28:03.054331+00:00,39.81790936373574,116.2868797745715,pm25,82.97662296471269,µg/m³,demo,demo,demo
2025-10-15 00:28:03.054331+00:00,39.760674315666115,116.28403712669436,pm25,74.21620680477939,µg/m³,demo,demo,demo
2025-10-15 00:28:03.054331+00:00,40.048574938919586,116.45943232775151,pm25,87.75225902194649,µg/m³,demo,demo,demo
2025-10-15 00:28:03.054331+00:00,39.70154126989285,116.29798360263713,pm25,79.04585137368423,µg/m³,demo,demo,demo
2025-10-15 00:28:03.054331+00:00,40.05806669395763,116.38943741511139,pm25,87.23523320887857,µg/m³,demo,demo,demo
2025-10-15 00:28:03.054331+00:00,39.771069171711666,116.55157939223615,pm25,74.48186961206515,µg/m³,demo,demo,demo
2025-10-15 00:28:03.054331+00:00,39.86478023058742,116.24724332626931,pm25,106.36136369192963,µg/m³,demo,demo,demo
2025-10-15 00:28:03.054331+00:00,40.04551499629686,116.27479853239048,pm25,93.48033347534836,µg/m³,demo,demo,demo
2025-10-15 00:28:03.054331+00:00,39.703029253263495,116.27487240061438,pm25,103.68749064196305,µg/m³,demo,demo,demo
2025-10-15 00:28:03.054331+00:00,40.015075869739555,116.41718056372726,pm25,79.67410442971465,µg/m³,demo,demo,demo
2025-10-15 00:28:03.054331+00:00,39.73807463410954,116.38837181448578,pm25,82.8486601507497,µg/m³,demo,demo,demo
2025-10-15 00:28:03.054331+00:00,39.95618778112575,116.28345680709872,pm25,93.05729669970287,µg/m³,demo,demo,demo
2025-10-15 00:28:03.054331+00:00,39.85041614207043,116.4411186520885,pm25,91.3962436656953,µg/m³,demo,demo,demo
2025-10-15 00:28:03.054331+00:00,39.87151215759982,116.4352784684077,pm25,90.98338752736474,µg/m³,demo,demo,demo
2025-10-15 00:28:03.054331+00:00,40.046087172228624,116.26013702125329,pm25,96.91962071613358,µg/m³,demo,demo,demo
2025-10-15 00:28:03.054331+00:00,39.95025351629652,116.38677804762278,pm25,93.24286212133806,µg/m³,demo,demo,demo
2025-10-15 00:28:03.054331+00:00,39.776067468479994,116.42813509534466,pm25,100.95837577396873,µg/m³,demo,demo,demo
2025-10-15 00:28:03.054331+00:00,39.76833225951396,116.43684142695095,pm25,81.0316878190867,µg/m³,demo,demo,demo
2025-10-15 00:28:03.054331+00:00,39.8584828751959,116.30839352970135,pm25,99.25762685130776,µg/m³,demo,demo,demo
2025-10-15 00:28:03.054331+00:00,39.87132572124887,116.32393729384148,pm25,45.427829628556424,µg/m³,demo,demo,demo
2025-10-15 00:28:03.054331+00:00,39.82672949930214,116.25994388774768,pm25,91.16805061549155,µg/m³,demo,demo,demo
2025-10-15 00:28:03.054331+00:00,39.89683701012105,116.33887106045698,pm25,84.30155007706199,µg/m³,demo,demo,demo
2025-10-15 00:28:03.054331+00:00,39.82490163539747,116.2331610656909,pm25,81.48820944869637,µg/m³,demo,demo,demo
2025-10-15 00:28:03.054331+00:00,39.73965117890389,116.32392466997186,pm25,87.08659198777487,µg/m³,demo,demo,demo
2025-10-15 00:28:03.054331+00:00,40.01066970594823,116.26710124637631,pm25,86.12434254340153,µg/m³,demo,demo,demo
2025-10-15 00:28:03.054331+00:00,39.952025956413,116.491875627481,pm25,91.85058095545335,µg/m³,demo,demo,demo
2025-10-15 00:28:03.054331+00:00,40.05354987424438,116.29319072609186,pm25,75.23514312261553,µg/m³,demo,demo,demo
2025-10-15 00:28:03.054331+00:00,39.949158240788535,116.23783428528782,pm25,80.1469143984062,µg/m³,demo,demo,demo
2025-10-15 00:28:03.054331+00:00,39.73928345310733,116.36597103123171,pm25,91.76121682575187,µg/m³,demo,demo,demo
2025-10-15 00:28:03.054331+00:00,39.823312369906134,116.31928123834788,pm25,81.13522470230542,µg/m³,demo,demo,demo
2025-10-15 00:28:03.054331+00:00,39.748817023414325,116.22758795806557,pm25,82.25854531806945,µg/m³,demo,demo,demo
2025-10-15 00:28:03.054331+00:00,39.993946379717045,116.49180746634046,pm25,93.50690695518749,µg/m³,demo,demo,demo
2025-10-15 00:28:03.054331+00:00,39.730579716280246,116.58792543953729,pm25,89.69922960640635,µg/m³,demo,demo,demo
2025-10-15 00:28:03.054331+00:00,39.86022899195602,116.37118931687401,pm25,80.67022271638345,µg/m³,demo,demo,demo
2025-10-15 00:28:03.054331+00:00,39.737281738453206,116.27169531989118,pm25,77.97707268700088,µg/m³,demo,demo,demo
2025-10-15 00:28:03.054331+00:00,39.99111873431456,116.32990217060444,pm25,93.67864415282521,µg/m³,demo,demo,demo
2025-10-15 00:28:03.054331+00:00,39.785393606725144,116.56260209657663,pm25,96.33474237608539,µg/m³,demo,demo,demo
2025-10-15 00:28:03.054331+00:00,39.910328920155685,116.56109391783117,pm25,94.67711849248015,µg/m³,demo,demo,demo
2025-10-15 00:28:03.054331+00:00,39.80502200973588,116.52252101811028,pm25,93.4474398088295,µg/m³,demo,demo,demo
2025-10-15 00:28:03.054331+00:00,39.83782178726073,116.30658069265492,pm25,83.93325515808411,µg/m³,demo,demo,demo
2025-10-15 00:28:03.054331+00:00,39.90760191728948,116.46089277185067,pm25,77.61517702940762,µg/m³,demo,demo,demo
2025-10-15 00:28:03.054331+00:00,39.90831622870098,116.40712810655387,pm25,86.45309446974862,µg/m³,demo,demo,demo
2025-10-15 00:28:03.054331+00:00,39.714591339854366,116.28896990818478,pm25,85.39622216512085,µg/m³,demo,demo,demo
2025-10-15 00:28:03.054331+00:00,39.90788565781082,116.50474759170659,pm25,79.80267038134846,µg/m³,demo,demo,demo
2025-10-15 00:28:03.054331+00:00,39.82738983481303,116.46907426735059,pm25,90.11873819073169,µg/m³,demo,demo,demo
2025-10-15 00:28:03.054331+00:00,39.789242572231664,116.58643154696824,pm25,121.51029553443894,µg/m³,demo,demo,demo
2025-10-15 00:28:03.054331+00:00,39.7157357844063,116.21455526081893,pm25,81.22691326161846,µg/m³,demo,demo,demo
2025-10-15 00:28:03.054331+00:00,40.09659839810726,116.23175856072218,so2,24.412356965619562,µg/m³,demo,demo,demo
2025-10-15 00:28:03.054331+00:00,39.97963911221769,116.56819206250155,so2,29.627579681541032,µg/m³,demo,demo,demo
2025-10-15 00:28:03.054331+00:00,39.77593884476744,116.47749392721677,so2,22.537375106920933,µg/m³,demo,demo,demo
2025-10-15 00:28:03.054331+00:00,40.02426310547519,116.41105897594015,so2,24.043304794298823,µg/m³,demo,demo,demo
2025-10-15 00:28:03.054331+00:00,40.03459973356768,116.40559116435516,so2,23.96319187728532,µg/m³,demo,demo,demo
2025-10-15 00:28:03.054331+00:00,39.854296999531435,116.26321271731291,so2,25.79854049240727,µg/m³,demo,demo,demo
2025-10-15 00:28:03.054331+00:00,40.02458377273396,116.27507770301156,so2,30.149913257005707,µg/m³,demo,demo,demo
2025-10-15 00:28:03.054331+00:00,39.91064603660702,116.51890384672443,so2,28.722007785868083,µg/m³,demo,demo,demo
2025-10-15 00:28:03.054331+00:00,40.0443403123659,116.21670162340072,so2,19.05808170236825,µg/m³,demo,demo,demo
2025-10-15 00:28:03.054331+00:00,40.063864010187515,116.347392395479,so2,24.521867807542282,µg/m³,demo,demo,demo
2025-10-15 00:28:03.054331+00:00,39.764241313067664,116.58255031071113,so2,21.185919765991105,µg/m³,demo,demo,demo
2025-10-15 00:28:03.054331+00:00,39.87522723412603,116.27972532680799,so2,27.652834759962538,µg/m³,demo,demo,demo
2025-10-15 00:28:03.054331+00:00,40.07730565372753,116.26310980865652,so2,23.66815039973851,µg/m³,demo,demo,demo
2025-10-15 00:28:03.054331+00:00,39.81790936373574,116.2868797745715,so2,31.373926788039007,µg/m³,demo,demo,demo
2025-10-15 00:28:03.054331+00:00,39.760674315666115,116.28403712669436,so2,35.61072992355992,µg/m³,demo,demo,demo
2025-10-15 00:28:03.054331+00:00,40.048574938919586,116.45943232775151,so2,24.604312802296924,µg/m³,demo,demo,demo
2025-10-15 00:28:03.054331+00:00,39.70154126989285,116.29798360263713,so2,27.02568280210182,µg/m³,demo,demo,demo
2025-10-15 00:28:03.054331+00:00,40.05806669395763,116.38943741511139,so2,29.87382962161146,µg/m³,demo,demo,demo
2025-10-15 00:28:03.054331+00:00,39.771069171711666,116.55157939223615,so2,22.713888865917305,µg/m³,demo,demo,demo
2025-10-15 00:28:03.054331+00:00,39.86478023058742,116.24724332626931,so2,18.86126276774347,µg/m³,demo,demo,demo
2025-10-15 00:28:03.054331+00:00,40.04551499629686,116.27479853239048,so2,28.432120591321908,µg/m³,demo,demo,demo
2025-10-15 00:28:03.054331+00:00,39.703029253263495,116.27487240061438,so2,27.606379251199442,µg/m³,demo,demo,demo
2025-10-15 00:28:03.054331+00:00,40.015075869739555,116.41718056372726,so2,16.811976768254574,µg/m³,demo,demo,demo
2025-10-15 00:28:03.054331+00:00,39.73807463410954,116.38837181448578,so2,25.625496568633555,µg/m³,demo,demo,demo
2025-10-15 00:28:03.054331+00:00,39.95618778112575,116.28345680709872,so2,23.507526531511143,µg/m³,demo,demo,demo
2025-10-15 00:28:03.054331+00:00,39.85041614207043,116.4411186520885,so2,22.848744549339685,µg/m³,demo,demo,demo
2025-10-15 00:28:03.054331+00:00,39.87151215759982,116.4352784684077,so2,26.135921647936353,µg/m³,demo,demo,demo
2025-10-15 00:28:03.054331+00:00,40.046087172228624,116.26013702125329,so2,18.85898528375908,µg/m³,demo,demo,demo
2025-10-15 00:28:03.054331+00:00,39.95025351629652,116.38677804762278,so2,19.111192840814926,µg/m³,demo,demo,demo
2025-10-15 00:28:03.054331+00:00,39.776067468479994,116.42813509534466,so2,32.10109409285729,µg/m³,demo,demo,demo
2025-10-15 00:28:03.054331+00:00,39.76833225951396,116.43684142695095,so2,29.065570805803524,µg/m³,demo,demo,demo
2025-10-15 00:28:03.054331+00:00,39.8584828751959,116.30839352970135,so2,25.5516360019483,µg/m³,demo,demo,demo
2025-10-15 00:28:03.054331+00:00,39.87132572124887,116.32393729384148,so2,26.497781864679993,µg/m³,demo,demo,demo
2025-10-15 00:28:03.054331+00:00,39.82672949930214,116.25994388774768,so2,27.474606801200018,µg/m³,demo,demo,demo
2025-10-15 00:28:03.054331+00:00,39.89683701012105,116.33887106045698,so2,26.14616862813721,µg/m³,demo,demo,demo
2025-10-15 00:28:03.054331+00:00,39.82490163539747,116.2331610656909,so2,37.53016269394744,µg/m³,demo,demo,demo
2025-10-15 00:28:03.054331+00:00,39.73965117890389,116.32392466997186,so2,23.143037968032097,µg/m³,demo,demo,demo
2025-10-15 00:28:03.054331+00:00,40.01066970594823,116.26710124637631,so2,28.954562522190592,µg/m³,demo,demo,demo
2025-10-15 00:28:03.054331+00:00,39.952025956413,116.491875627481,so2,20.36173357732649,µg/m³,demo,demo,demo
2025-10-15 00:28:03.054331+00:00,40.05354987424438,116.29319072609186,so2,29.068689496690645,µg/m³,demo,demo,demo
2025-10-15 00:28:03.054331+00:00,39.949158240788535,116.23783428528782,so2,34.64883710793085,µg/m³,demo,demo,demo
2025-10-15 00:28:03.054331+00:00,39.73928345310733,116.36597103123171,so2,25.74157769471571,µg/m³,demo,demo,demo
2025-10-15 00:28:03.054331+00:00,39.823312369906134,116.31928123834788,so2,22.242170975201265,µg/m³,demo,demo,demo
2025-10-15 00:28:03.054331+00:00,39.748817023414325,116.22758795806557,so2,18.070740783733388,µg/m³,demo,demo,demo
2025-10-15 00:28:03.054331+00:00,39.993946379717045,116.49180746634046,so2,31.53408748543619,µg/m³,demo,demo,demo
2025-10-15 00:28:03.054331+00:00,39.730579716280246,116.58792543953729,so2,22.645778164374605,µg/m³,demo,demo,demo
2025-10-15 00:28:03.054331+00:00,39.86022899195602,116.37118931687401,so2,27.117342672192006,µg/m³,demo,demo,demo
2025-10-15 00:28:03.054331+00:00,39.737281738453206,116.27169531989118,so2,29.499450909827527,µg/m³,demo,demo,demo
2025-10-15 00:28:03.054331+00:00,39.99111873431456,116.32990217060444,so2,21.421638668674763,µg/m³,demo,demo,demo
2025-10-15 00:28:03.054331+00:00,39.785393606725144,116.56260209657663,so2,26.390197751376093,µg/m³,demo,demo,demo
2025-10-15 00:28:03.054331+00:00,39.910328920155685,116.56109391783117,so2,32.70799470473225,µg/m³,demo,demo,demo
2025-10-15 00:28:03.054331+00:00,39.80502200973588,116.52252101811028,so2,21.96239013461546,µg/m³,demo,demo,demo
2025-10-15 00:28:03.054331+00:00,39.83782178726073,116.30658069265492,so2,24.67202493678713,µg/m³,demo,demo,demo
2025-10-15 00:28:03.054331+00:00,39.90760191728948,116.46089277185067,so2,26.227942557745095,µg/m³,demo,demo,demo
2025-10-15 00:28:03.054331+00:00,39.90831622870098,116.40712810655387,so2,18.15496350400622,µg/m³,demo,demo,demo
2025-10-15 00:28:03.054331+00:00,39.714591339854366,116.28896990818478,so2,23.983380614415427,µg/m³,demo,demo,demo
2025-10-15 00:28:03.054331+00:00,39.90788565781082,116.50474759170659,so2,30.52195666130373,µg/m³,demo,demo,demo
2025-10-15 00:28:03.054331+00:00,39.82738983481303,116.46907426735059,so2,36.05546333411909,µg/m³,demo,demo,demo
2025-10-15 00:28:03.054331+00:00,39.789242572231664,116.58643154696824,so2,21.522947948560603,µg/m³,demo,demo,demo
2025-10-15 00:28:03.054331+00:00,39.7157357844063,116.21455526081893,so2,26.43911032098948,µg/m³,demo,demo,demo
2025-10-15 00:28:03.054331+00:00,40.09659839810726,116.23175856072218,no2,55.15257476786206,µg/m³,demo,demo,demo
2025-10-15 00:28:03.054331+00:00,39.97963911221769,116.56819206250155,no2,50.05657393678084,µg/m³,demo,demo,demo
2025-10-15 00:28:03.054331+00:00,39.77593884476744,116.47749392721677,no2,47.558337130775186,µg/m³,demo,demo,demo
2025-10-15 00:28:03.054331+00:00,40.02426310547519,116.41105897594015,no2,50.67553560695099,µg/m³,demo,demo,demo
2025-10-15 00:28:03.054331+00:00,40.03459973356768,116.40559116435516,no2,48.873665933759746,µg/m³,demo,demo,demo
2025-10-15 00:28:03.054331+00:00,39.854296999531435,116.26321271731291,no2,45.80692661112652,µg/m³,demo,demo,demo
2025-10-15 00:28:03.054331+00:00,40.02458377273396,116.27507770301156,no2,50.481998953448965,µg/m³,demo,demo,demo
2025-10-15 00:28:03.054331+00:00,39.91064603660702,116.51890384672443,no2,51.28889179313328,µg/m³,demo,demo,demo
2025-10-15 00:28:03.054331+00:00,40.0443403123659,116.21670162340072,no2,34.5113488121779,µg/m³,demo,demo,demo
2025-10-15 00:28:03.054331+00:00,40.063864010187515,116.347392395479,no2,53.410980926205326,µg/m³,demo,demo,demo
2025-10-15 00:28:03.054331+00:00,39.764241313067664,116.58255031071113,no2,50.81793265653913,µg/m³,demo,demo,demo
2025-10-15 00:28:03.054331+00:00,39.87522723412603,116.27972532680799,no2,52.88220004064305,µg/m³,demo,demo,demo
2025-10-15 00:28:03.054331+00:00,40.07730565372753,116.26310980865652,no2,36.65405737063124,µg/m³,demo,demo,demo
2025-10-15 00:28:03.054331+00:00,39.81790936373574,116.2868797745715,no2,67.90533914082611,µg/m³,demo,demo,demo
2025-10-15 00:28:03.054331+00:00,39.760674315666115,116.28403712669436,no2,52.43711442105263,µg/m³,demo,demo,demo
2025-10-15 00:28:03.054331+00:00,40.048574938919586,116.45943232775151,no2,39.635887036027455,µg/m³,demo,demo,demo
2025-10-15 00:28:03.054331+00:00,39.70154126989285,116.29798360263713,no2,60.8389583043517,µg/m³,demo,demo,demo
2025-10-15 00:28:03.054331+00:00,40.05806669395763,116.38943741511139,no2,57.34655248207,µg/m³,demo,demo,demo
2025-10-15 00:28:03.054331+00:00,39.771069171711666,116.55157939223615,no2,48.09711093938751,µg/m³,demo,demo,demo
2025-10-15 00:28:03.054331+00:00,39.86478023058742,116.24724332626931,no2,62.0776837756613,µg/m³,demo,demo,demo
2025-10-15 00:28:03.054331+00:00,40.04551499629686,116.27479853239048,no2,56.75298522350501,µg/m³,demo,demo,demo
2025-10-15 00:28:03.054331+00:00,39.703029253263495,116.27487240061438,no2,44.50632416904158,µg/m³,demo,demo,demo
2025-10-15 00:28:03.054331+00:00,40.015075869739555,116.41718056372726,no2,47.160161262556436,µg/m³,demo,demo,demo
2025-10-15 00:28:03.054331+00:00,39.73807463410954,116.38837181448578,no2,55.69458180229402,µg/m³,demo,demo,demo
2025-10-15 00:28:03.054331+00:00,39.95618778112575,116.28345680709872,no2,65.36022825721653,µg/m³,demo,demo,demo
2025-10-15 00:28:03.054331+00:00,39.85041614207043,116.4411186520885,no2,48.93184579741855,µg/m³,demo,demo,demo
2025-10-15 00:28:03.054331+00:00,39.87151215759982,116.4352784684077,no2,63.48615015884482,µg/m³,demo,demo,demo
2025-10-15 00:28:03.054331+00:00,40.046087172228624,116.26013702125329,no2,53.779715581176816,µg/m³,demo,demo,demo
2025-10-15 00:28:03.054331+00:00,39.95025351629652,116.38677804762278,no2,46.732118847745326,µg/m³,demo,demo,demo
2025-10-15 00:28:03.054331+00:00,39.776067468479994,116.42813509534466,no2,62.91691849216582,µg/m³,demo,demo,demo
2025-10-15 00:28:03.054331+00:00,39.76833225951396,116.43684142695095,no2,45.34380400033834,µg/m³,demo,demo,demo
2025-10-15 00:28:03.054331+00:00,39.8584828751959,116.30839352970135,no2,50.93136866023603,µg/m³,demo,demo,demo
2025-10-15 00:28:03.054331+00:00,39.87132572124887,116.32393729384148,no2,35.72382574503068,µg/m³,demo,demo,demo
2025-10-15 00:28:03.054331+00:00,39.82672949930214,116.25994388774768,no2,49.818889456829936,µg/m³,demo,demo,demo
2025-10-15 00:28:03.054331+00:00,39.89683701012105,116.33887106045698,no2,58.870102744944,µg/m³,demo,demo,demo
2025-10-15 00:28:03.054331+00:00,39.82490163539747,116.2331610656909,no2,42.50720380959963,µg/m³,demo,demo,demo
2025-10-15 00:28:03.054331+00:00,39.73965117890389,116.32392466997186,no2,40.32355362864707,µg/m³,demo,demo,demo
2025-10-15 00:28:03.054331+00:00,40.01066970594823,116.26710124637631,no2,64.74955344919489,µg/m³,demo,demo,demo
2025-10-15 00:28:03.054331+00:00,39.952025956413,116.491875627481,no2,57.56113837962485,µg/m³,demo,demo,demo
2025-10-15 00:28:03.054331+00:00,40.05354987424438,116.29319072609186,no2,46.591465423739045,µg/m³,demo,demo,demo
2025-10-15 00:28:03.054331+00:00,39.949158240788535,116.23783428528782,no2,51.88520797334917,µg/m³,demo,demo,demo
2025-10-15 00:28:03.054331+00:00,39.73928345310733,116.36597103123171,no2,67.67962429343494,µg/m³,demo,demo,demo
2025-10-15 00:28:03.054331+00:00,39.823312369906134,116.31928123834788,no2,43.108042916312165,µg/m³,demo,demo,demo
2025-10-15 00:28:03.054331+00:00,39.748817023414325,116.22758795806557,no2,60.21540686382172,µg/m³,demo,demo,demo
2025-10-15 00:28:03.054331+00:00,39.993946379717045,116.49180746634046,no2,56.791119964462226,µg/m³,demo,demo,demo
2025-10-15 00:28:03.054331+00:00,39.730579716280246,116.58792543953729,no2,55.35016487610276,µg/m³,demo,demo,demo
2025-10-15 00:28:03.054331+00:00,39.86022899195602,116.37118931687401,no2,51.833018665076544,µg/m³,demo,demo,demo
2025-10-15 00:28:03.054331+00:00,39.737281738453206,116.27169531989118,no2,58.67720972415078,µg/m³,demo,demo,demo
2025-10-15 00:28:03.054331+00:00,39.99111873431456,116.32990217060444,no2,45.17889476128395,µg/m³,demo,demo,demo
2025-10-15 00:28:03.054331+00:00,39.785393606725144,116.56260209657663,no2,53.21844833379852,µg/m³,demo,demo,demo
2025-10-15 00:28:03.054331+00:00,39.910328920155685,116.56109391783117,no2,63.32288210383901,µg/m³,demo,demo,demo
2025-10-15 00:28:03.054331+00:00,39.80502200973588,116.52252101811028,no2,51.2070111826427,µg/m³,demo,demo,demo
2025-10-15 00:28:03.054331+00:00,39.83782178726073,116.30658069265492,no2,53.7207756624463,µg/m³,demo,demo,demo
2025-10-15 00:28:03.054331+00:00,39.90760191728948,116.46089277185067,no2,59.60604368537347,µg/m³,demo,demo,demo
2025-10-15 00:28:03.054331+00:00,39.90831622870098,116.40712810655387,no2,39.44557951246684,µg/m³,demo,demo,demo
2025-10-15 00:28:03.054331+00:00,39.714591339854366,116.28896990818478,no2,35.86155795534215,µg/m³,demo,demo,demo
2025-10-15 00:28:03.054331+00:00,39.90788565781082,116.50474759170659,no2,63.54348018430242,µg/m³,demo,demo,demo
2025-10-15 00:28:03.054331+00:00,39.82738983481303,116.46907426735059,no2,55.05339873145331,µg/m³,demo,demo,demo
2025-10-15 00:28:03.054331+00:00,39.789242572231664,116.58643154696824,no2,56.45748456397335,µg/m³,demo,demo,demo
2025-10-15 00:28:03.054331+00:00,39.7157357844063,116.21455526081893,no2,49.06042491957375,µg/m³,demo,demo,demo
2025-10-15 01:28:03.054331+00:00,40.07694216240398,116.40179667997612,pm25,96.89413557038068,µg/m³,demo,demo,demo
2025-10-15 01:28:03.054331+00:00,39.919763920233706,116.38832799128933,pm25,96.91941485392361,µg/m³,demo,demo,demo
2025-10-15 01:28:03.054331+00:00,40.02760728474799,116.35361231166416,pm25,80.04992428410455,µg/m³,demo,demo,demo
2025-10-15 01:28:03.054331+00:00,39.893614253929,116.3223003705601,pm25,90.46364738017989,µg/m³,demo,demo,demo
2025-10-15 01:28:03.054331+00:00,39.84803355434385,116.2735018365366,pm25,77.95592233065182,µg/m³,demo,demo,demo
2025-10-15 01:28:03.054331+00:00,39.858279432231534,116.24221793116627,pm25,76.10915110408982,µg/m³,demo,demo,demo
2025-10-15 01:28:03.054331+00:00,39.79358490121208,116.24861127567667,pm25,94.84934946622047,µg/m³,demo,demo,demo
2025-10-15 01:28:03.054331+00:00,39.752369239520206,116.56197574713116,pm25,72.96566141605726,µg/m³,demo,demo,demo
2025-10-15 01:28:03.054331+00:00,40.08247911889127,116.56237749402432,pm25,107.08321855551422,µg/m³,demo,demo,demo
2025-10-15 01:28:03.054331+00:00,39.780502352505025,116.39163544526853,pm25,91.58584301007942,µg/m³,demo,demo,demo
2025-10-15 01:28:03.054331+00:00,40.056167592775495,116.56869517928979,pm25,72.57977257923933,µg/m³,demo,demo,demo
2025-10-15 01:28:03.054331+00:00,39.77501371982134,116.52873918096827,pm25,81.90360344291226,µg/m³,demo,demo,demo
2025-10-15 01:28:03.054331+00:00,39.765715913887135,116.38806653359573,pm25,75.71073012737597,µg/m³,demo,demo,demo
2025-10-15 01:28:03.054331+00:00,39.86758706304711,116.57732537234818,pm25,100.38109959694967,µg/m³,demo,demo,demo
2025-10-15 01:28:03.054331+00:00,40.015941955160635,116.33284783468403,pm25,95.80553592424512,µg/m³,demo,demo,demo
2025-10-15 01:28:03.054331+00:00,39.78857546927012,116.43557856004226,pm25,89.5651832761735,µg/m³,demo,demo,demo
2025-10-15 01:28:03.054331+00:00,39.722436106537586,116.58485836902422,pm25,109.05306663223351,µg/m³,demo,demo,demo
2025-10-15 01:28:03.054331+00:00,40.072466270550265,116.29331421523095,pm25,89.51172204665268,µg/m³,demo,demo,demo
2025-10-15 01:28:03.054331+00:00,40.08208220784734,116.53357777920537,pm25,85.94997582512522,µg/m³,demo,demo,demo
2025-10-15 01:28:03.054331+00:00,39.867339246465384,116.34875951987169,pm25,77.75734607911922,µg/m³,demo,demo,demo
2025-10-15 01:28:03.054331+00:00,39.89294751814343,116.34758683297939,pm25,74.36537468301071,µg/m³,demo,demo,demo
2025-10-15 01:28:03.054331+00:00,39.982543375860146,116.53517771107053,pm25,93.60479377393287,µg/m³,demo,demo,demo
2025-10-15 01:28:03.054331+00:00,39.99546296519108,116.32319222186071,pm25,98.81650174195177,µg/m³,demo,demo,demo
2025-10-15 01:28:03.054331+00:00,39.95812546860445,116.35925076413295,pm25,87.86462216173743,µg/m³,demo,demo,demo
2025-10-15 01:28:03.054331+00:00,39.956281736062536,116.37795289915032,pm25,92.43658177503062,µg/m³,demo,demo,demo
2025-10-15 01:28:03.054331+00:00,39.912907383146305,116.30894462467224,pm25,89.66118895668227,µg/m³,demo,demo,demo
2025-10-15 01:28:03.054331+00:00,39.81964344148651,116.20669454292664,pm25,109.61349660883644,µg/m³,demo,demo,demo
2025-10-15 01:28:03.054331+00:00,39.78823744284688,116.5920697427121,pm25,91.5826103435415,µg/m³,demo,demo,demo
2025-10-15 01:28:03.054331+00:00,40.015491030725165,116.204840990445,pm25,103.01078714959455,µg/m³,demo,demo,demo
2025-10-15 01:28:03.054331+00:00,39.945725357234586,116.38631635795848,pm25,86.74367362266305,µg/m³,demo,demo,demo
2025-10-15 01:28:03.054331+00:00,39.974884329406215,116.43120616930783,pm25,78.5858617337345,µg/m³,demo,demo,demo
2025-10-15 01:28:03.054331+00:00,39.80364917236115,116.40268746435027,pm25,70.02407866210703,µg/m³,demo,demo,demo
2025-10-15 01:28:03.054331+00:00,40.09574914717778,116.367217420005,pm25,75.62571225703826,µg/m³,demo,demo,demo
2025-10-15 01:28:03.054331+00:00,39.95126424862962,116.21212254288493,pm25,93.79289310397267,µg/m³,demo,demo,demo
2025-10-15 01:28:03.054331+00:00,39.70034183256734,116.46224744671875,pm25,76.57756753777846,µg/m³,demo,demo,demo
2025-10-15 01:28:03.054331+00:00,39.94936470550936,116.22388901844313,pm25,101.88811177734061,µg/m³,demo,demo,demo
2025-10-15 01:28:03.054331+00:00,39.77240030481972,116.33827417371914,pm25,83.87884969921922,µg/m³,demo,demo,demo
2025-10-15 01:28:03.054331+00:00,39.82830390004393,116.23492263453267,pm25,66.06036887823592,µg/m³,demo,demo,demo
2025-10-15 01:28:03.054331+00:00,39.863285807603205,116.38589077755773,pm25,90.62871884029663,µg/m³,demo,demo,demo
2025-10-15 01:28:03.054331+00:00,39.716181824961346,116.58756202428411,pm25,82.511202049962,µg/m³,demo,demo,demo
2025-10-15 01:28:03.054331+00:00,39.715896520592985,116.28965955173811,pm25,111.17348358537654,µg/m³,demo,demo,demo
2025-10-15 01:28:03.054331+00:00,39.88773230089375,116.39769754050688,pm25,96.80338028293531,µg/m³,demo,demo,demo
2025-10-15 01:28:03.054331+00:00,39.98894434539775,116.40312685958963,pm25,76.24522798822511,µg/m³,demo,demo,demo
2025-10-15 01:28:03.054331+00:00,39.90712472952226,116.59207440452921,pm25,89.50452827647898,µg/m³,demo,demo,demo
2025-10-15 01:28:03.054331+00:00,39.77237532106942,116.52726540641882,pm25,71.18583376335914,µg/m³,demo,demo,demo
2025-10-15 01:28:03.054331+00:00,39.719743828786626,116.41551215261855,pm25,69.66492011677924,µg/m³,demo,demo,demo
2025-10-15 01:28:03.054331+00:00,39.94415593018432,116.38712713925723,pm25,87.45550493425935,µg/m³,demo,demo,demo
2025-10-15 01:28:03.054331+00:00,39.94231924456326,116.58891744352536,pm25,94.76222715984915,µg/m³,demo,demo,demo
2025-10-15 01:28:03.054331+00:00,39.76885980471906,116.59868935944786,pm25,82.34912786120509,µg/m³,demo,demo,demo
2025-10-15 01:28:03.054331+00:00,39.9172216179014,116.55063295863859,pm25,102.25496846772366,µg/m³,demo,demo,demo
2025-10-15 01:28:03.054331+00:00,39.9928514273681,116.51870249640778,pm25,66.34464337342067,µg/m³,demo,demo,demo
2025-10-15 01:28:03.054331+00:00,40.093783415227314,116.53064629022961,pm25,95.10440402597284,µg/m³,demo,demo,demo
2025-10-15 01:28:03.054331+00:00,40.04841373195715,116.59321747647604,pm25,91.33527024589188,µg/m³,demo,demo,demo
2025-10-15 01:28:03.054331+00:00,39.74108056750378,116.51582816982439,pm25,70.34371274905669,µg/m³,demo,demo,demo
2025-10-15 01:28:03.054331+00:00,39.726711609539464,116.23013417081093,pm25,93.5828039347609,µg/m³,demo,demo,demo
2025-10-15 01:28:03.054331+00:00,39.81613477572876,116.22300615906354,pm25,84.61460526817062,µg/m³,demo,demo,demo
2025-10-15 01:28:03.054331+00:00,40.02422750968475,116.56123783842678,pm25,102.67599555773438,µg/m³,demo,demo,demo
2025-10-15 01:28:03.054331+00:00,40.06327199576435,116.54060649416334,pm25,69.45825487775,µg/m³,demo,demo,demo
2025-10-15 01:28:03.054331+00:00,40.08260245097461,116.43274632203277,pm25,96.46336361620584,µg/m³,demo,demo,demo
2025-10-15 01:28:03.054331+00:00,39.783893787075954,116.53347903528446,pm25,84.88596504403347,µg/m³,demo,demo,demo
2025-10-15 01:28:03.054331+00:00,40.07694216240398,116.40179667997612,so2,34.18854525135141,µg/m³,demo,demo,demo
2025-10-15 01:28:03.054331+00:00,39.919763920233706,116.38832799128933,so2,39.438162819037316,µg/m³,demo,demo,demo
2025-10-15 01:28:03.054331+00:00,40.02760728474799,116.35361231166416,so2,24.601523414678372,µg/m³,demo,demo,demo
2025-10-15 01:28:03.054331+00:00,39.893614253929,116.3223003705601,so2,25.104516161805332,µg/m³,demo,demo,demo
2025-10-15 01:28:03.054331+00:00,39.84803355434385,116.2735018365366,so2,26.006157997514194,µg/m³,demo,demo,demo
2025-10-15 01:28:03.054331+00:00,39.858279432231534,116.24221793116627,so2,26.087946621125226,µg/m³,demo,demo,demo
2025-10-15 01:28:03.054331+00:00,39.79358490121208,116.24861127567667,so2,31.549216537754376,µg/m³,demo,demo,demo
2025-10-15 01:28:03.054331+00:00,39.752369239520206,116.56197574713116,so2,23.684422829719214,µg/m³,demo,demo,demo
2025-10-15 01:28:03.054331+00:00,40.08247911889127,116.56237749402432,so2,22.663621975971427,µg/m³,demo,demo,demo
2025-10-15 01:28:03.054331+00:00,39.780502352505025,116.39163544526853,so2,26.192961093167394,µg/m³,demo,demo,demo
2025-10-15 01:28:03.054331+00:00,40.056167592775495,116.56869517928979,so2,26.439476049701636,µg/m³,demo,demo,demo
2025-10-15 01:28:03.054331+00:00,39.77501371982134,116.52873918096827,so2,33.72622740311314,µg/m³,demo,demo,demo
2025-10-15 01:28:03.054331+00:00,39.765715913887135,116.38806653359573,so2,23.738090031153043,µg/m³,demo,demo,demo
2025-10-15 01:28:03.054331+00:00,39.86758706304711,116.57732537234818,so2,23.43389094109466,µg/m³,demo,demo,demo
2025-10-15 01:28:03.054331+00:00,40.015941955160635,116.33284783468403,so2,29.391949019493758,µg/m³,demo,demo,demo
2025-10-15 01:28:03.054331+00:00,39.78857546927012,116.43557856004226,so2,29.087548809529405,µg/m³,demo,demo,demo
2025-10-15 01:28:03.054331+00:00,39.722436106537586,116.58485836902422,so2,21.34368174068796,µg/m³,demo,demo,demo
2025-10-15 01:28:03.054331+00:00,40.072466270550265,116.29331421523095,so2,24.627292441648713,µg/m³,demo,demo,demo
2025-10-15 01:28:03.054331+00:00,40.08208220784734,116.53357777920537,so2,19.541164363612264,µg/m³,demo,demo,demo
2025-10-15 01:28:03.054331+00:00,39.867339246465384,116.34875951987169,so2,30.243985638248425,µg/m³,demo,demo,demo
2025-10-15 01:28:03.054331+00:00,39.89294751814343,116.34758683297939,so2,22.226911465359713,µg/m³,demo,demo,demo
2025-10-15 01:28:03.054331+00:00,39.982543375860146,116.53517771107053,so2,22.98776239144921,µg/m³,demo,demo,demo
2025-10-15 01:28:03.054331+00:00,39.99546296519108,116.32319222186071,so2,24.308076271447494,µg/m³,demo,demo,demo
2025-10-15 01:28:03.054331+00:00,39.95812546860445,116.35925076413295,so2,21.749120181748644,µg/m³,demo,demo,demo
2025-10-15 01:28:03.054331+00:00,39.956281736062536,116.37795289915032,so2,26.600598343187837,µg/m³,demo,demo,demo
2025-10-15 01:28:03.054331+00:00,39.912907383146305,116.30894462467224,so2,30.758867499910465,µg/m³,demo,demo,demo
2025-10-15 01:28:03.054331+00:00,39.81964344148651,116.20669454292664,so2,27.764303854160136,µg/m³,demo,demo,demo
2025-10-15 01:28:03.054331+00:00,39.78823744284688,116.5920697427121,so2,37.01563225875115,µg/m³,demo,demo,demo
2025-10-15 01:28:03.054331+00:00,40.015491030725165,116.204840990445,so2,27.042422988854412,µg/m³,demo,demo,demo
2025-10-15 01:28:03.054331+00:00,39.945725357234586,116.38631635795848,so2,17.901236024273445,µg/m³,demo,demo,demo
2025-10-15 01:28:03.054331+00:00,39.974884329406215,116.43120616930783,so2,26.137212583190472,µg/m³,demo,demo,demo
2025-10-15 01:28:03.054331+00:00,39.80364917236115,116.40268746435027,so2,23.294506720138138,µg/m³,demo,demo,demo
2025-10-15 01:28:03.054331+00:00,40.09574914717778,116.367217420005,so2,31.053100903911613,µg/m³,demo,demo,demo
2025-10-15 01:28:03.054331+00:00,39.95126424862962,116.21212254288493,so2,25.237108138414072,µg/m³,demo,demo,demo
2025-10-15 01:28:03.054331+00:00,39.70034183256734,116.46224744671875,so2,28.09718964909975,µg/m³,demo,demo,demo
2025-10-15 01:28:03.054331+00:00,39.94936470550936,116.22388901844313,so2,19.31371720463725,µg/m³,demo,demo,demo
2025-10-15 01:28:03.054331+00:00,39.77240030481972,116.33827417371914,so2,22.74827076928769,µg/m³,demo,demo,demo
2025-10-15 01:28:03.054331+00:00,39.82830390004393,116.23492263453267,so2,27.020573939491495,µg/m³,demo,demo,demo
2025-10-15 01:28:03.054331+00:00,39.863285807603205,116.38589077755773,so2,24.616889704407775,µg/m³,demo,demo,demo
2025-10-15 01:28:03.054331+00:00,39.716181824961346,116.58756202428411,so2,26.400379170265417,µg/m³,demo,demo,demo
2025-10-15 01:28:03.054331+00:00,39.715896520592985,116.28965955173811,so2,34.48904483008021,µg/m³,demo,demo,demo
2025-10-15 01:28:03.054331+00:00,39.88773230089375,116.39769754050688,so2,20.064632566812634,µg/m³,demo,demo,demo
2025-10-15 01:28:03.054331+00:00,39.98894434539775,116.40312685958963,so2,20.232312332169222,µg/m³,demo,demo,demo
2025-10-15 01:28:03.054331+00:00,39.90712472952226,116.59207440452921,so2,32.91886476130303,µg/m³,demo,demo,demo
2025-10-15 01:28:03.054331+00:00,39.77237532106942,116.52726540641882,so2,27.432046883797707,µg/m³,demo,demo,demo
2025-10-15 01:28:03.054331+00:00,39.719743828786626,116.41551215261855,so2,22.84947687964364,µg/m³,demo,demo,demo
2025-10-15 01:28:03.054331+00:00,39.94415593018432,116.38712713925723,so2,28.274435691307005,µg/m³,demo,demo,demo
2025-10-15 01:28:03.054331+00:00,39.94231924456326,116.58891744352536,so2,31.005865465768892,µg/m³,demo,demo,demo
2025-10-15 01:28:03.054331+00:00,39.76885980471906,116.59868935944786,so2,22.68654997207033,µg/m³,demo,demo,demo
2025-10-15 01:28:03.054331+00:00,39.9172216179014,116.55063295863859,so2,31.009157626505218,µg/m³,demo,demo,demo
2025-10-15 01:28:03.054331+00:00,39.9928514273681,116.51870249640778,so2,25.625331238446144,µg/m³,demo,demo,demo
2025-10-15 01:28:03.054331+00:00,40.093783415227314,116.53064629022961,so2,33.43642007784612,µg/m³,demo,demo,demo
2025-10-15 01:28:03.054331+00:00,40.04841373195715,116.59321747647604,so2,15.37859091294114,µg/m³,demo,demo,demo
2025-10-15 01:28:03.054331+00:00,39.74108056750378,116.51582816982439,so2,35.7781462421117,µg/m³,demo,demo,demo
2025-10-15 01:28:03.054331+00:00,39.726711609539464,116.23013417081093,so2,25.905566431922693,µg/m³,demo,demo,demo
2025-10-15 01:28:03.054331+00:00,39.81613477572876,116.22300615906354,so2,32.32343177689843,µg/m³,demo,demo,demo
2025-10-15 01:28:03.054331+00:00,40.02422750968475,116.56123783842678,so2,23.441833315093792,µg/m³,demo,demo,demo
2025-10-15 01:28:03.054331+00:00,40.06327199576435,116.54060649416334,so2,28.949124105776587,µg/m³,demo,demo,demo
2025-10-15 01:28:03.054331+00:00,40.08260245097461,116.43274632203277,so2,32.00945104195928,µg/m³,demo,demo,demo
2025-10-15 01:28:03.054331+00:00,39.783893787075954,116.53347903528446,so2,26.94894617809878,µg/m³,demo,demo,demo
2025-10-15 01:28:03.054331+00:00,40.07694216240398,116.40179667997612,no2,49.732658499457855,µg/m³,demo,demo,demo
2025-10-15 01:28:03.054331+00:00,39.919763920233706,116.38832799128933,no2,47.150264993784106,µg/m³,demo,demo,demo
2025-10-15 01:28:03.054331+00:00,40.02760728474799,116.35361231166416,no2,47.219634916413995,µg/m³,demo,demo,demo
2025-10-15 01:28:03.054331+00:00,39.893614253929,116.3223003705601,no2,59.35506191203128,µg/m³,demo,demo,demo
2025-10-15 01:28:03.054331+00:00,39.84803355434385,116.2735018365366,no2,45.2886906074619,µg/m³,demo,demo,demo
2025-10-15 01:28:03.054331+00:00,39.858279432231534,116.24221793116627,no2,58.656837169624126,µg/m³,demo,demo,demo
2025-10-15 01:28:03.054331+00:00,39.79358490121208,116.24861127567667,no2,53.30730294699202,µg/m³,demo,demo,demo
2025-10-15 01:28:03.054331+00:00,39.752369239520206,116.56197574713116,no2,51.15098854544781,µg/m³,demo,demo,demo
2025-10-15 01:28:03.054331+00:00,40.08247911889127,116.56237749402432,no2,47.42038519687289,µg/m³,demo,demo,demo
2025-10-15 01:28:03.054331+00:00,39.780502352505025,116.39163544526853,no2,49.23656428793444,µg/m³,demo,demo,demo
2025-10-15 01:28:03.054331+00:00,40.056167592775495,116.56869517928979,no2,36.75340314288769,µg/m³,demo,demo,demo
2025-10-15 01:28:03.054331+00:00,39.77501371982134,116.52873918096827,no2,57.95255483045595,µg/m³,demo,demo,demo
2025-10-15 01:28:03.054331+00:00,39.765715913887135,116.38806653359573,no2,49.28070471803464,µg/m³,demo,demo,demo
2025-10-15 01:28:03.054331+00:00,39.86758706304711,116.57732537234818,no2,62.819298333343426,µg/m³,demo,demo,demo
2025-10-15 01:28:03.054331+00:00,40.015941955160635,116.33284783468403,no2,46.70743305211264,µg/m³,demo,demo,demo
2025-10-15 01:28:03.054331+00:00,39.78857546927012,116.43557856004226,no2,46.43094159631079,µg/m³,demo,demo,demo
2025-10-15 01:28:03.054331+00:00,39.722436106537586,116.58485836902422,no2,52.48616533768635,µg/m³,demo,demo,demo
2025-10-15 01:28:03.054331+00:00,40.072466270550265,116.29331421523095,no2,49.752437919479654,µg/m³,demo,demo,demo
2025-10-15 01:28:03.054331+00:00,40.08208220784734,116.53357777920537,no2,43.70121295546873,µg/m³,demo,demo,demo
2025-10-15 01:28:03.054331+00:00,39.867339246465384,116.34875951987169,no2,36.58518435363341,µg/m³,demo,demo,demo
2025-10-15 01:28:03.054331+00:00,39.89294751814343,116.34758683297939,no2,46.11307696168576,µg/m³,demo,demo,demo
2025-10-15 01:28:03.054331+00:00,39.982543375860146,116.53517771107053,no2,47.86310033689427,µg/m³,demo,demo,demo
2025-10-15 01:28:03.054331+00:00,39.99546296519108,116.32319222186071,no2,58.48943997880164,µg/m³,demo,demo,demo
2025-10-15 01:28:03.054331+00:00,39.95812546860445,116.35925076413295,no2,58.86352000924069,µg/m³,demo,demo,demo
2025-10-15 01:28:03.054331+00:00,39.956281736062536,116.37795289915032,no2,44.717248855070764,µg/m³,demo,demo,demo
2025-10-15 01:28:03.054331+00:00,39.912907383146305,116.30894462467224,no2,59.1274393551896,µg/m³,demo,demo,demo
2025-10-15 01:28:03.054331+00:00,39.81964344148651,116.20669454292664,no2,44.675988656661204,µg/m³,demo,demo,demo
2025-10-15 01:28:03.054331+00:00,39.78823744284688,116.5920697427121,no2,47.39162334056435,µg/m³,demo,demo,demo
2025-10-15 01:28:03.054331+00:00,40.015491030725165,116.204840990445,no2,49.43983198328222,µg/m³,demo,demo,demo
2025-10-15 01:28:03.054331+00:00,39.945725357234586,116.38631635795848,no2,45.76041705109051,µg/m³,demo,demo,demo
2025-10-15 01:28:03.054331+00:00,39.974884329406215,116.43120616930783,no2,58.959032474634256,µg/m³,demo,demo,demo
2025-10-15 01:28:03.054331+00:00,39.80364917236115,116.40268746435027,no2,65.35938318232903,µg/m³,demo,demo,demo
2025-10-15 01:28:03.054331+00:00,40.09574914717778,116.367217420005,no2,44.72736281859372,µg/m³,demo,demo,demo
2025-10-15 01:28:03.054331+00:00,39.95126424862962,116.21212254288493,no2,56.04405330482762,µg/m³,demo,demo,demo
2025-10-15 01:28:03.054331+00:00,39.70034183256734,116.46224744671875,no2,52.84851916539639,µg/m³,demo,demo,demo
2025-10-15 01:28:03.054331+00:00,39.94936470550936,116.22388901844313,no2,56.851077691355485,µg/m³,demo,demo,demo
2025-10-15 01:28:03.054331+00:00,39.77240030481972,116.33827417371914,no2,48.37893737537486,µg/m³,demo,demo,demo
2025-10-15 01:28:03.054331+00:00,39.82830390004393,116.23492263453267,no2,63.01937663725125,µg/m³,demo,demo,demo
2025-10-15 01:28:03.054331+00:00,39.863285807603205,116.38589077755773,no2,58.290154096743066,µg/m³,demo,demo,demo
2025-10-15 01:28:03.054331+00:00,39.716181824961346,116.58756202428411,no2,57.34946501007329,µg/m³,demo,demo,demo
2025-10-15 01:28:03.054331+00:00,39.715896520592985,116.28965955173811,no2,69.57996561521946,µg/m³,demo,demo,demo
2025-10-15 01:28:03.054331+00:00,39.88773230089375,116.39769754050688,no2,47.4533702119675,µg/m³,demo,demo,demo
2025-10-15 01:28:03.054331+00:00,39.98894434539775,116.40312685958963,no2,52.607707507573224,µg/m³,demo,demo,demo
2025-10-15 01:28:03.054331+00:00,39.90712472952226,116.59207440452921,no2,58.71401438421589,µg/m³,demo,demo,demo
2025-10-15 01:28:03.054331+00:00,39.77237532106942,116.52726540641882,no2,61.30902875114691,µg/m³,demo,demo,demo
2025-10-15 01:28:03.054331+00:00,39.719743828786626,116.41551215261855,no2,53.72504302905936,µg/m³,demo,demo,demo
2025-10-15 01:28:03.054331+00:00,39.94415593018432,116.38712713925723,no2,58.42974078462419,µg/m³,demo,demo,demo
2025-10-15 01:28:03.054331+00:00,39.94231924456326,116.58891744352536,no2,64.83633581900536,µg/m³,demo,demo,demo
2025-10-15 01:28:03.054331+00:00,39.76885980471906,116.59868935944786,no2,51.626198619387736,µg/m³,demo,demo,demo
2025-10-15 01:28:03.054331+00:00,39.9172216179014,116.55063295863859,no2,51.074947016496694,µg/m³,demo,demo,demo
2025-10-15 01:28:03.054331+00:00,39.9928514273681,116.51870249640778,no2,53.672825746901516,µg/m³,demo,demo,demo
2025-10-15 01:28:03.054331+00:00,40.093783415227314,116.53064629022961,no2,33.35954394100574,µg/m³,demo,demo,demo
2025-10-15 01:28:03.054331+00:00,40.04841373195715,116.59321747647604,no2,57.76218766397388,µg/m³,demo,demo,demo
2025-10-15 01:28:03.054331+00:00,39.74108056750378,116.51582816982439,no2,57.4856076394629,µg/m³,demo,demo,demo
2025-10-15 01:28:03.054331+00:00,39.726711609539464,116.23013417081093,no2,69.00910065402854,µg/m³,demo,demo,demo
2025-10-15 01:28:03.054331+00:00,39.81613477572876,116.22300615906354,no2,42.0260866778318,µg/m³,demo,demo,demo
2025-10-15 01:28:03.054331+00:00,40.02422750968475,116.56123783842678,no2,55.60923933950855,µg/m³,demo,demo,demo
2025-10-15 01:28:03.054331+00:00,40.06327199576435,116.54060649416334,no2,56.50227609262134,µg/m³,demo,demo,demo
2025-10-15 01:28:03.054331+00:00,40.08260245097461,116.43274632203277,no2,58.715126599199436,µg/m³,demo,demo,demo
2025-10-15 01:28:03.054331+00:00,39.783893787075954,116.53347903528446,no2,43.511140196939486,µg/m³,demo,demo,demo
